,Stock_00,Stock_01,Stock_02,Stock_03,Stock_04,Stock_05,Stock_06,Stock_07,Stock_08,Stock_09,Stock_10,Stock_11,Stock_12,Stock_13,Stock_14,Stock_15,Stock_16,Stock_17,Stock_18,Stock_19,Stock_20,Stock_21,Stock_22,Stock_23,Stock_24,Stock_25,Stock_26,Stock_27,Stock_28,Stock_29
2022-01-03,0.03167482241243831,0.03661151275964069,0.032546734825626714,0.03422327801260635,0.031669402472527176,0.029989805253153427,0.032355258062759344,0.03403723803908086,0.04681113178215932,0.031786028569010825,0.02699388836278054,0.03367286848154771,0.029785224811463624,0.03566936196133221,0.03051759159184732,0.02916857525958851,0.043536446071637376,0.04434499345579531,0.031884607612759776,0.03631878604435542,0.03096122368580948,0.031012814987458448,0.027742771208268364,0.03351556124021037,0.030710050741166416,0.026582122845531908,0.033744662462329905,0.040822492406238024,0.0313736046226546,0.029937139958221632
2022-01-04,0.03167482241243831,0.03661151275964069,0.032546734825626714,0.03422327801260635,0.031669402472527176,0.029989805253153427,0.032355258062759344,0.03403723803908086,0.04681113178215932,0.031786028569010825,0.02699388836278054,0.03367286848154771,0.029785224811463624,0.03566936196133221,0.03051759159184732,0.02916857525958851,0.043536446071637376,0.04434499345579531,0.031884607612759776,0.03631878604435542,0.03096122368580948,0.031012814987458448,0.027742771208268364,0.03351556124021037,0.030710050741166416,0.026582122845531908,0.033744662462329905,0.040822492406238024,0.0313736046226546,0.029937139958221632
2022-01-05,0.03167482241243831,0.03661151275964069,0.032546734825626714,0.03422327801260635,0.031669402472527176,0.029989805253153427,0.032355258062759344,0.03403723803908086,0.04681113178215932,0.031786028569010825,0.02699388836278054,0.03367286848154771,0.029785224811463624,0.03566936196133221,0.03051759159184732,0.02916857525958851,0.043536446071637376,0.04434499345579531,0.031884607612759776,0.03631878604435542,0.03096122368580948,0.031012814987458448,0.027742771208268364,0.03351556124021037,0.030710050741166416,0.026582122845531908,0.033744662462329905,0.040822492406238024,0.0313736046226546,0.029937139958221632
2022-01-06,0.03167482241243831,0.03661151275964069,0.032546734825626714,0.03422327801260635,0.031669402472527176,0.029989805253153427,0.032355258062759344,0.03403723803908086,0.04681113178215932,0.031786028569010825,0.02699388836278054,0.03367286848154771,0.029785224811463624,0.03566936196133221,0.03051759159184732,0.02916857525958851,0.043536446071637376,0.04434499345579531,0.031884607612759776,0.03631878604435542,0.03096122368580948,0.031012814987458448,0.027742771208268364,0.03351556124021037,0.030710050741166416,0.026582122845531908,0.033744662462329905,0.040822492406238024,0.0313736046226546,0.029937139958221632
2022-01-07,0.03167482241243831,0.03661151275964069,0.032546734825626714,0.03422327801260635,0.031669402472527176,0.029989805253153427,0.032355258062759344,0.03403723803908086,0.04681113178215932,0.031786028569010825,0.02699388836278054,0.03367286848154771,0.029785224811463624,0.03566936196133221,0.03051759159184732,0.02916857525958851,0.043536446071637376,0.04434499345579531,0.031884607612759776,0.03631878604435542,0.03096122368580948,0.031012814987458448,0.027742771208268364,0.03351556124021037,0.030710050741166416,0.026582122845531908,0.033744662462329905,0.040822492406238024,0.0313736046226546,0.029937139958221632
2022-01-10,0.03167482241243831,0.03661151275964069,0.032546734825626714,0.03422327801260635,0.031669402472527176,0.029989805253153427,0.032355258062759344,0.03403723803908086,0.04681113178215932,0.031786028569010825,0.02699388836278054,0.03367286848154771,0.029785224811463624,0.03566936196133221,0.03051759159184732,0.02916857525958851,0.043536446071637376,0.04434499345579531,0.031884607612759776,0.03631878604435542,0.03096122368580948,0.031012814987458448,0.027742771208268364,0.03351556124021037,0.030710050741166416,0.026582122845531908,0.033744662462329905,0.040822492406238024,0.0313736046226546,0.029937139958221632
2022-01-11,0.03167482241243831,0.03661151275964069,0.032546734825626714,0.03422327801260635,0.031669402472527176,0.029989805253153427,0.032355258062759344,0.03403723803908086,0.04681113178215932,0.031786028569010825,0.02699388836278054,0.03367286848154771,0.029785224811463624,0.03566936196133221,0.03051759159184732,0.02916857525958851,0.043536446071637376,0.04434499345579531,0.031884607612759776,0.03631878604435542,0.03096122368580948,0.031012814987458448,0.027742771208268364,0.03351556124021037,0.030710050741166416,0.026582122845531908,0.033744662462329905,0.040822492406238024,0.0313736046226546,0.029937139958221632
2022-01-12,0.03167482241243831,0.03661151275964069,0.032546734825626714,0.03422327801260635,0.031669402472527176,0.029989805253153427,0.032355258062759344,0.03403723803908086,0.04681113178215932,0.031786028569010825,0.02699388836278054,0.03367286848154771,0.029785224811463624,0.03566936196133221,0.03051759159184732,0.02916857525958851,0.043536446071637376,0.04434499345579531,0.031884607612759776,0.03631878604435542,0.03096122368580948,0.031012814987458448,0.027742771208268364,0.03351556124021037,0.030710050741166416,0.026582122845531908,0.033744662462329905,0.040822492406238024,0.0313736046226546,0.029937139958221632
2022-01-13,0.03167482241243831,0.03661151275964069,0.032546734825626714,0.03422327801260635,0.031669402472527176,0.029989805253153427,0.032355258062759344,0.03403723803908086,0.04681113178215932,0.031786028569010825,0.02699388836278054,0.03367286848154771,0.029785224811463624,0.03566936196133221,0.03051759159184732,0.02916857525958851,0.043536446071637376,0.04434499345579531,0.031884607612759776,0.03631878604435542,0.03096122368580948,0.031012814987458448,0.027742771208268364,0.03351556124021037,0.030710050741166416,0.026582122845531908,0.033744662462329905,0.040822492406238024,0.0313736046226546,0.029937139958221632
2022-01-14,0.03167482241243831,0.03661151275964069,0.032546734825626714,0.03422327801260635,0.031669402472527176,0.029989805253153427,0.032355258062759344,0.03403723803908086,0.04681113178215932,0.031786028569010825,0.02699388836278054,0.03367286848154771,0.029785224811463624,0.03566936196133221,0.03051759159184732,0.02916857525958851,0.043536446071637376,0.04434499345579531,0.031884607612759776,0.03631878604435542,0.03096122368580948,0.031012814987458448,0.027742771208268364,0.03351556124021037,0.030710050741166416,0.026582122845531908,0.033744662462329905,0.040822492406238024,0.0313736046226546,0.029937139958221632
2022-01-17,0.03167482241243831,0.03661151275964069,0.032546734825626714,0.03422327801260635,0.031669402472527176,0.029989805253153427,0.032355258062759344,0.03403723803908086,0.04681113178215932,0.031786028569010825,0.02699388836278054,0.03367286848154771,0.029785224811463624,0.03566936196133221,0.03051759159184732,0.02916857525958851,0.043536446071637376,0.04434499345579531,0.031884607612759776,0.03631878604435542,0.03096122368580948,0.031012814987458448,0.027742771208268364,0.03351556124021037,0.030710050741166416,0.026582122845531908,0.033744662462329905,0.040822492406238024,0.0313736046226546,0.029937139958221632
2022-01-18,0.03167482241243831,0.03661151275964069,0.032546734825626714,0.03422327801260635,0.031669402472527176,0.029989805253153427,0.032355258062759344,0.03403723803908086,0.04681113178215932,0.031786028569010825,0.02699388836278054,0.03367286848154771,0.029785224811463624,0.03566936196133221,0.03051759159184732,0.02916857525958851,0.043536446071637376,0.04434499345579531,0.031884607612759776,0.03631878604435542,0.03096122368580948,0.031012814987458448,0.027742771208268364,0.03351556124021037,0.030710050741166416,0.026582122845531908,0.033744662462329905,0.040822492406238024,0.0313736046226546,0.029937139958221632
2022-01-19,0.03167482241243831,0.03661151275964069,0.032546734825626714,0.03422327801260635,0.031669402472527176,0.029989805253153427,0.032355258062759344,0.03403723803908086,0.04681113178215932,0.031786028569010825,0.02699388836278054,0.03367286848154771,0.029785224811463624,0.03566936196133221,0.03051759159184732,0.02916857525958851,0.043536446071637376,0.04434499345579531,0.031884607612759776,0.03631878604435542,0.03096122368580948,0.031012814987458448,0.027742771208268364,0.03351556124021037,0.030710050741166416,0.026582122845531908,0.033744662462329905,0.040822492406238024,0.0313736046226546,0.029937139958221632
2022-01-20,0.03167482241243831,0.03661151275964069,0.032546734825626714,0.03422327801260635,0.031669402472527176,0.029989805253153427,0.032355258062759344,0.03403723803908086,0.04681113178215932,0.031786028569010825,0.02699388836278054,0.03367286848154771,0.029785224811463624,0.03566936196133221,0.03051759159184732,0.02916857525958851,0.043536446071637376,0.04434499345579531,0.031884607612759776,0.03631878604435542,0.03096122368580948,0.031012814987458448,0.027742771208268364,0.03351556124021037,0.030710050741166416,0.026582122845531908,0.033744662462329905,0.040822492406238024,0.0313736046226546,0.029937139958221632
2022-01-21,0.03167482241243831,0.03661151275964069,0.032546734825626714,0.03422327801260635,0.031669402472527176,0.029989805253153427,0.032355258062759344,0.03403723803908086,0.04681113178215932,0.031786028569010825,0.02699388836278054,0.03367286848154771,0.029785224811463624,0.03566936196133221,0.03051759159184732,0.02916857525958851,0.043536446071637376,0.04434499345579531,0.031884607612759776,0.03631878604435542,0.03096122368580948,0.031012814987458448,0.027742771208268364,0.03351556124021037,0.030710050741166416,0.026582122845531908,0.033744662462329905,0.040822492406238024,0.0313736046226546,0.029937139958221632
2022-01-24,0.03167482241243831,0.03661151275964069,0.032546734825626714,0.03422327801260635,0.031669402472527176,0.029989805253153427,0.032355258062759344,0.03403723803908086,0.04681113178215932,0.031786028569010825,0.02699388836278054,0.03367286848154771,0.029785224811463624,0.03566936196133221,0.03051759159184732,0.02916857525958851,0.043536446071637376,0.04434499345579531,0.031884607612759776,0.03631878604435542,0.03096122368580948,0.031012814987458448,0.027742771208268364,0.03351556124021037,0.030710050741166416,0.026582122845531908,0.033744662462329905,0.040822492406238024,0.0313736046226546,0.029937139958221632
2022-01-25,0.03167482241243831,0.03661151275964069,0.032546734825626714,0.03422327801260635,0.031669402472527176,0.029989805253153427,0.032355258062759344,0.03403723803908086,0.04681113178215932,0.031786028569010825,0.02699388836278054,0.03367286848154771,0.029785224811463624,0.03566936196133221,0.03051759159184732,0.02916857525958851,0.043536446071637376,0.04434499345579531,0.031884607612759776,0.03631878604435542,0.03096122368580948,0.031012814987458448,0.027742771208268364,0.03351556124021037,0.030710050741166416,0.026582122845531908,0.033744662462329905,0.040822492406238024,0.0313736046226546,0.029937139958221632
2022-01-26,0.03167482241243831,0.03661151275964069,0.032546734825626714,0.03422327801260635,0.031669402472527176,0.029989805253153427,0.032355258062759344,0.03403723803908086,0.04681113178215932,0.031786028569010825,0.02699388836278054,0.03367286848154771,0.029785224811463624,0.03566936196133221,0.03051759159184732,0.02916857525958851,0.043536446071637376,0.04434499345579531,0.031884607612759776,0.03631878604435542,0.03096122368580948,0.031012814987458448,0.027742771208268364,0.03351556124021037,0.030710050741166416,0.026582122845531908,0.033744662462329905,0.040822492406238024,0.0313736046226546,0.029937139958221632
2022-01-27,0.03167482241243831,0.03661151275964069,0.032546734825626714,0.03422327801260635,0.031669402472527176,0.029989805253153427,0.032355258062759344,0.03403723803908086,0.04681113178215932,0.031786028569010825,0.02699388836278054,0.03367286848154771,0.029785224811463624,0.03566936196133221,0.03051759159184732,0.02916857525958851,0.043536446071637376,0.04434499345579531,0.031884607612759776,0.03631878604435542,0.03096122368580948,0.031012814987458448,0.027742771208268364,0.03351556124021037,0.030710050741166416,0.026582122845531908,0.033744662462329905,0.040822492406238024,0.0313736046226546,0.029937139958221632
2022-01-28,0.03167482241243831,0.03661151275964069,0.032546734825626714,0.03422327801260635,0.031669402472527176,0.029989805253153427,0.032355258062759344,0.03403723803908086,0.04681113178215932,0.031786028569010825,0.02699388836278054,0.03367286848154771,0.029785224811463624,0.03566936196133221,0.03051759159184732,0.02916857525958851,0.043536446071637376,0.04434499345579531,0.031884607612759776,0.03631878604435542,0.03096122368580948,0.031012814987458448,0.027742771208268364,0.03351556124021037,0.030710050741166416,0.026582122845531908,0.033744662462329905,0.040822492406238024,0.0313736046226546,0.029937139958221632
2022-01-31,0.03167482241243831,0.03661151275964069,0.032546734825626714,0.03422327801260635,0.031669402472527176,0.029989805253153427,0.032355258062759344,0.03403723803908086,0.04681113178215932,0.031786028569010825,0.02699388836278054,0.03367286848154771,0.029785224811463624,0.03566936196133221,0.03051759159184732,0.02916857525958851,0.043536446071637376,0.04434499345579531,0.031884607612759776,0.03631878604435542,0.03096122368580948,0.031012814987458448,0.027742771208268364,0.03351556124021037,0.030710050741166416,0.026582122845531908,0.033744662462329905,0.040822492406238024,0.0313736046226546,0.029937139958221632
2022-02-01,0.03167482241243831,0.03661151275964069,0.032546734825626714,0.03422327801260635,0.031669402472527176,0.029989805253153427,0.032355258062759344,0.03403723803908086,0.04681113178215932,0.031786028569010825,0.02699388836278054,0.03367286848154771,0.029785224811463624,0.03566936196133221,0.03051759159184732,0.02916857525958851,0.043536446071637376,0.04434499345579531,0.031884607612759776,0.03631878604435542,0.03096122368580948,0.031012814987458448,0.027742771208268364,0.03351556124021037,0.030710050741166416,0.026582122845531908,0.033744662462329905,0.040822492406238024,0.0313736046226546,0.029937139958221632
2022-02-02,0.03167482241243831,0.03661151275964069,0.032546734825626714,0.03422327801260635,0.031669402472527176,0.029989805253153427,0.032355258062759344,0.03403723803908086,0.04681113178215932,0.031786028569010825,0.02699388836278054,0.03367286848154771,0.029785224811463624,0.03566936196133221,0.03051759159184732,0.02916857525958851,0.043536446071637376,0.04434499345579531,0.031884607612759776,0.03631878604435542,0.03096122368580948,0.031012814987458448,0.027742771208268364,0.03351556124021037,0.030710050741166416,0.026582122845531908,0.033744662462329905,0.040822492406238024,0.0313736046226546,0.029937139958221632
2022-02-03,0.03167482241243831,0.03661151275964069,0.032546734825626714,0.03422327801260635,0.031669402472527176,0.029989805253153427,0.032355258062759344,0.03403723803908086,0.04681113178215932,0.031786028569010825,0.02699388836278054,0.03367286848154771,0.029785224811463624,0.03566936196133221,0.03051759159184732,0.02916857525958851,0.043536446071637376,0.04434499345579531,0.031884607612759776,0.03631878604435542,0.03096122368580948,0.031012814987458448,0.027742771208268364,0.03351556124021037,0.030710050741166416,0.026582122845531908,0.033744662462329905,0.040822492406238024,0.0313736046226546,0.029937139958221632
2022-02-04,0.03167482241243831,0.03661151275964069,0.032546734825626714,0.03422327801260635,0.031669402472527176,0.029989805253153427,0.032355258062759344,0.03403723803908086,0.04681113178215932,0.031786028569010825,0.02699388836278054,0.03367286848154771,0.029785224811463624,0.03566936196133221,0.03051759159184732,0.02916857525958851,0.043536446071637376,0.04434499345579531,0.031884607612759776,0.03631878604435542,0.03096122368580948,0.031012814987458448,0.027742771208268364,0.03351556124021037,0.030710050741166416,0.026582122845531908,0.033744662462329905,0.040822492406238024,0.0313736046226546,0.029937139958221632
2022-02-07,0.03167482241243831,0.03661151275964069,0.032546734825626714,0.03422327801260635,0.031669402472527176,0.029989805253153427,0.032355258062759344,0.03403723803908086,0.04681113178215932,0.031786028569010825,0.02699388836278054,0.03367286848154771,0.029785224811463624,0.03566936196133221,0.03051759159184732,0.02916857525958851,0.043536446071637376,0.04434499345579531,0.031884607612759776,0.03631878604435542,0.03096122368580948,0.031012814987458448,0.027742771208268364,0.03351556124021037,0.030710050741166416,0.026582122845531908,0.033744662462329905,0.040822492406238024,0.0313736046226546,0.029937139958221632
2022-02-08,0.03167482241243831,0.03661151275964069,0.032546734825626714,0.03422327801260635,0.031669402472527176,0.029989805253153427,0.032355258062759344,0.03403723803908086,0.04681113178215932,0.031786028569010825,0.02699388836278054,0.03367286848154771,0.029785224811463624,0.03566936196133221,0.03051759159184732,0.02916857525958851,0.043536446071637376,0.04434499345579531,0.031884607612759776,0.03631878604435542,0.03096122368580948,0.031012814987458448,0.027742771208268364,0.03351556124021037,0.030710050741166416,0.026582122845531908,0.033744662462329905,0.040822492406238024,0.0313736046226546,0.029937139958221632
2022-02-09,0.03167482241243831,0.03661151275964069,0.032546734825626714,0.03422327801260635,0.031669402472527176,0.029989805253153427,0.032355258062759344,0.03403723803908086,0.04681113178215932,0.031786028569010825,0.02699388836278054,0.03367286848154771,0.029785224811463624,0.03566936196133221,0.03051759159184732,0.02916857525958851,0.043536446071637376,0.04434499345579531,0.031884607612759776,0.03631878604435542,0.03096122368580948,0.031012814987458448,0.027742771208268364,0.03351556124021037,0.030710050741166416,0.026582122845531908,0.033744662462329905,0.040822492406238024,0.0313736046226546,0.029937139958221632
2022-02-10,0.03167482241243831,0.03661151275964069,0.032546734825626714,0.03422327801260635,0.031669402472527176,0.029989805253153427,0.032355258062759344,0.03403723803908086,0.04681113178215932,0.031786028569010825,0.02699388836278054,0.03367286848154771,0.029785224811463624,0.03566936196133221,0.03051759159184732,0.02916857525958851,0.043536446071637376,0.04434499345579531,0.031884607612759776,0.03631878604435542,0.03096122368580948,0.031012814987458448,0.027742771208268364,0.03351556124021037,0.030710050741166416,0.026582122845531908,0.033744662462329905,0.040822492406238024,0.0313736046226546,0.029937139958221632
2022-02-11,0.03167482241243831,0.03661151275964069,0.032546734825626714,0.03422327801260635,0.031669402472527176,0.029989805253153427,0.032355258062759344,0.03403723803908086,0.04681113178215932,0.031786028569010825,0.02699388836278054,0.03367286848154771,0.029785224811463624,0.03566936196133221,0.03051759159184732,0.02916857525958851,0.043536446071637376,0.04434499345579531,0.031884607612759776,0.03631878604435542,0.03096122368580948,0.031012814987458448,0.027742771208268364,0.03351556124021037,0.030710050741166416,0.026582122845531908,0.033744662462329905,0.040822492406238024,0.0313736046226546,0.029937139958221632
2022-02-14,0.03167482241243831,0.03661151275964069,0.032546734825626714,0.03422327801260635,0.031669402472527176,0.029989805253153427,0.032355258062759344,0.03403723803908086,0.04681113178215932,0.031786028569010825,0.02699388836278054,0.03367286848154771,0.029785224811463624,0.03566936196133221,0.03051759159184732,0.02916857525958851,0.043536446071637376,0.04434499345579531,0.031884607612759776,0.03631878604435542,0.03096122368580948,0.031012814987458448,0.027742771208268364,0.03351556124021037,0.030710050741166416,0.026582122845531908,0.033744662462329905,0.040822492406238024,0.0313736046226546,0.029937139958221632
2022-02-15,0.03167482241243831,0.03661151275964069,0.032546734825626714,0.03422327801260635,0.031669402472527176,0.029989805253153427,0.032355258062759344,0.03403723803908086,0.04681113178215932,0.031786028569010825,0.02699388836278054,0.03367286848154771,0.029785224811463624,0.03566936196133221,0.03051759159184732,0.02916857525958851,0.043536446071637376,0.04434499345579531,0.031884607612759776,0.03631878604435542,0.03096122368580948,0.031012814987458448,0.027742771208268364,0.03351556124021037,0.030710050741166416,0.026582122845531908,0.033744662462329905,0.040822492406238024,0.0313736046226546,0.029937139958221632
2022-02-16,0.03167482241243831,0.03661151275964069,0.032546734825626714,0.03422327801260635,0.031669402472527176,0.029989805253153427,0.032355258062759344,0.03403723803908086,0.04681113178215932,0.031786028569010825,0.02699388836278054,0.03367286848154771,0.029785224811463624,0.03566936196133221,0.03051759159184732,0.02916857525958851,0.043536446071637376,0.04434499345579531,0.031884607612759776,0.03631878604435542,0.03096122368580948,0.031012814987458448,0.027742771208268364,0.03351556124021037,0.030710050741166416,0.026582122845531908,0.033744662462329905,0.040822492406238024,0.0313736046226546,0.029937139958221632
2022-02-17,0.03167482241243831,0.03661151275964069,0.032546734825626714,0.03422327801260635,0.031669402472527176,0.029989805253153427,0.032355258062759344,0.03403723803908086,0.04681113178215932,0.031786028569010825,0.02699388836278054,0.03367286848154771,0.029785224811463624,0.03566936196133221,0.03051759159184732,0.02916857525958851,0.043536446071637376,0.04434499345579531,0.031884607612759776,0.03631878604435542,0.03096122368580948,0.031012814987458448,0.027742771208268364,0.03351556124021037,0.030710050741166416,0.026582122845531908,0.033744662462329905,0.040822492406238024,0.0313736046226546,0.029937139958221632
2022-02-18,0.03167482241243831,0.03661151275964069,0.032546734825626714,0.03422327801260635,0.031669402472527176,0.029989805253153427,0.032355258062759344,0.03403723803908086,0.04681113178215932,0.031786028569010825,0.02699388836278054,0.03367286848154771,0.029785224811463624,0.03566936196133221,0.03051759159184732,0.02916857525958851,0.043536446071637376,0.04434499345579531,0.031884607612759776,0.03631878604435542,0.03096122368580948,0.031012814987458448,0.027742771208268364,0.03351556124021037,0.030710050741166416,0.026582122845531908,0.033744662462329905,0.040822492406238024,0.0313736046226546,0.029937139958221632
2022-02-21,0.03167482241243831,0.03661151275964069,0.032546734825626714,0.03422327801260635,0.031669402472527176,0.029989805253153427,0.032355258062759344,0.03403723803908086,0.04681113178215932,0.031786028569010825,0.02699388836278054,0.03367286848154771,0.029785224811463624,0.03566936196133221,0.03051759159184732,0.02916857525958851,0.043536446071637376,0.04434499345579531,0.031884607612759776,0.03631878604435542,0.03096122368580948,0.031012814987458448,0.027742771208268364,0.03351556124021037,0.030710050741166416,0.026582122845531908,0.033744662462329905,0.040822492406238024,0.0313736046226546,0.029937139958221632
2022-02-22,0.03167482241243831,0.03661151275964069,0.032546734825626714,0.03422327801260635,0.031669402472527176,0.029989805253153427,0.032355258062759344,0.03403723803908086,0.04681113178215932,0.031786028569010825,0.02699388836278054,0.03367286848154771,0.029785224811463624,0.03566936196133221,0.03051759159184732,0.02916857525958851,0.043536446071637376,0.04434499345579531,0.031884607612759776,0.03631878604435542,0.03096122368580948,0.031012814987458448,0.027742771208268364,0.03351556124021037,0.030710050741166416,0.026582122845531908,0.033744662462329905,0.040822492406238024,0.0313736046226546,0.029937139958221632
2022-02-23,0.03167482241243831,0.03661151275964069,0.032546734825626714,0.03422327801260635,0.031669402472527176,0.029989805253153427,0.032355258062759344,0.03403723803908086,0.04681113178215932,0.031786028569010825,0.02699388836278054,0.03367286848154771,0.029785224811463624,0.03566936196133221,0.03051759159184732,0.02916857525958851,0.043536446071637376,0.04434499345579531,0.031884607612759776,0.03631878604435542,0.03096122368580948,0.031012814987458448,0.027742771208268364,0.03351556124021037,0.030710050741166416,0.026582122845531908,0.033744662462329905,0.040822492406238024,0.0313736046226546,0.029937139958221632
2022-02-24,0.03167482241243831,0.03661151275964069,0.032546734825626714,0.03422327801260635,0.031669402472527176,0.029989805253153427,0.032355258062759344,0.03403723803908086,0.04681113178215932,0.031786028569010825,0.02699388836278054,0.03367286848154771,0.029785224811463624,0.03566936196133221,0.03051759159184732,0.02916857525958851,0.043536446071637376,0.04434499345579531,0.031884607612759776,0.03631878604435542,0.03096122368580948,0.031012814987458448,0.027742771208268364,0.03351556124021037,0.030710050741166416,0.026582122845531908,0.033744662462329905,0.040822492406238024,0.0313736046226546,0.029937139958221632
2022-02-25,0.03167482241243831,0.03661151275964069,0.032546734825626714,0.03422327801260635,0.031669402472527176,0.029989805253153427,0.032355258062759344,0.03403723803908086,0.04681113178215932,0.031786028569010825,0.02699388836278054,0.03367286848154771,0.029785224811463624,0.03566936196133221,0.03051759159184732,0.02916857525958851,0.043536446071637376,0.04434499345579531,0.031884607612759776,0.03631878604435542,0.03096122368580948,0.031012814987458448,0.027742771208268364,0.03351556124021037,0.030710050741166416,0.026582122845531908,0.033744662462329905,0.040822492406238024,0.0313736046226546,0.029937139958221632
2022-02-28,0.03167482241243831,0.03661151275964069,0.032546734825626714,0.03422327801260635,0.031669402472527176,0.029989805253153427,0.032355258062759344,0.03403723803908086,0.04681113178215932,0.031786028569010825,0.02699388836278054,0.03367286848154771,0.029785224811463624,0.03566936196133221,0.03051759159184732,0.02916857525958851,0.043536446071637376,0.04434499345579531,0.031884607612759776,0.03631878604435542,0.03096122368580948,0.031012814987458448,0.027742771208268364,0.03351556124021037,0.030710050741166416,0.026582122845531908,0.033744662462329905,0.040822492406238024,0.0313736046226546,0.029937139958221632
2022-03-01,0.03167482241243831,0.03661151275964069,0.032546734825626714,0.03422327801260635,0.031669402472527176,0.029989805253153427,0.032355258062759344,0.03403723803908086,0.04681113178215932,0.031786028569010825,0.02699388836278054,0.03367286848154771,0.029785224811463624,0.03566936196133221,0.03051759159184732,0.02916857525958851,0.043536446071637376,0.04434499345579531,0.031884607612759776,0.03631878604435542,0.03096122368580948,0.031012814987458448,0.027742771208268364,0.03351556124021037,0.030710050741166416,0.026582122845531908,0.033744662462329905,0.040822492406238024,0.0313736046226546,0.029937139958221632
2022-03-02,0.03167482241243831,0.03661151275964069,0.032546734825626714,0.03422327801260635,0.031669402472527176,0.029989805253153427,0.032355258062759344,0.03403723803908086,0.04681113178215932,0.031786028569010825,0.02699388836278054,0.03367286848154771,0.029785224811463624,0.03566936196133221,0.03051759159184732,0.02916857525958851,0.043536446071637376,0.04434499345579531,0.031884607612759776,0.03631878604435542,0.03096122368580948,0.031012814987458448,0.027742771208268364,0.03351556124021037,0.030710050741166416,0.026582122845531908,0.033744662462329905,0.040822492406238024,0.0313736046226546,0.029937139958221632
2022-03-03,0.03167482241243831,0.03661151275964069,0.032546734825626714,0.03422327801260635,0.031669402472527176,0.029989805253153427,0.032355258062759344,0.03403723803908086,0.04681113178215932,0.031786028569010825,0.02699388836278054,0.03367286848154771,0.029785224811463624,0.03566936196133221,0.03051759159184732,0.02916857525958851,0.043536446071637376,0.04434499345579531,0.031884607612759776,0.03631878604435542,0.03096122368580948,0.031012814987458448,0.027742771208268364,0.03351556124021037,0.030710050741166416,0.026582122845531908,0.033744662462329905,0.040822492406238024,0.0313736046226546,0.029937139958221632
2022-03-04,0.03167482241243831,0.03661151275964069,0.032546734825626714,0.03422327801260635,0.031669402472527176,0.029989805253153427,0.032355258062759344,0.03403723803908086,0.04681113178215932,0.031786028569010825,0.02699388836278054,0.03367286848154771,0.029785224811463624,0.03566936196133221,0.03051759159184732,0.02916857525958851,0.043536446071637376,0.04434499345579531,0.031884607612759776,0.03631878604435542,0.03096122368580948,0.031012814987458448,0.027742771208268364,0.03351556124021037,0.030710050741166416,0.026582122845531908,0.033744662462329905,0.040822492406238024,0.0313736046226546,0.029937139958221632
2022-03-07,0.03167482241243831,0.03661151275964069,0.032546734825626714,0.03422327801260635,0.031669402472527176,0.029989805253153427,0.032355258062759344,0.03403723803908086,0.04681113178215932,0.031786028569010825,0.02699388836278054,0.03367286848154771,0.029785224811463624,0.03566936196133221,0.03051759159184732,0.02916857525958851,0.043536446071637376,0.04434499345579531,0.031884607612759776,0.03631878604435542,0.03096122368580948,0.031012814987458448,0.027742771208268364,0.03351556124021037,0.030710050741166416,0.026582122845531908,0.033744662462329905,0.040822492406238024,0.0313736046226546,0.029937139958221632
2022-03-08,0.03167482241243831,0.03661151275964069,0.032546734825626714,0.03422327801260635,0.031669402472527176,0.029989805253153427,0.032355258062759344,0.03403723803908086,0.04681113178215932,0.031786028569010825,0.02699388836278054,0.03367286848154771,0.029785224811463624,0.03566936196133221,0.03051759159184732,0.02916857525958851,0.043536446071637376,0.04434499345579531,0.031884607612759776,0.03631878604435542,0.03096122368580948,0.031012814987458448,0.027742771208268364,0.03351556124021037,0.030710050741166416,0.026582122845531908,0.033744662462329905,0.040822492406238024,0.0313736046226546,0.029937139958221632
2022-03-09,0.03167482241243831,0.03661151275964069,0.032546734825626714,0.03422327801260635,0.031669402472527176,0.029989805253153427,0.032355258062759344,0.03403723803908086,0.04681113178215932,0.031786028569010825,0.02699388836278054,0.03367286848154771,0.029785224811463624,0.03566936196133221,0.03051759159184732,0.02916857525958851,0.043536446071637376,0.04434499345579531,0.031884607612759776,0.03631878604435542,0.03096122368580948,0.031012814987458448,0.027742771208268364,0.03351556124021037,0.030710050741166416,0.026582122845531908,0.033744662462329905,0.040822492406238024,0.0313736046226546,0.029937139958221632
2022-03-10,0.03167482241243831,0.03661151275964069,0.032546734825626714,0.03422327801260635,0.031669402472527176,0.029989805253153427,0.032355258062759344,0.03403723803908086,0.04681113178215932,0.031786028569010825,0.02699388836278054,0.03367286848154771,0.029785224811463624,0.03566936196133221,0.03051759159184732,0.02916857525958851,0.043536446071637376,0.04434499345579531,0.031884607612759776,0.03631878604435542,0.03096122368580948,0.031012814987458448,0.027742771208268364,0.03351556124021037,0.030710050741166416,0.026582122845531908,0.033744662462329905,0.040822492406238024,0.0313736046226546,0.029937139958221632
2022-03-11,0.03167482241243831,0.03661151275964069,0.032546734825626714,0.03422327801260635,0.031669402472527176,0.029989805253153427,0.032355258062759344,0.03403723803908086,0.04681113178215932,0.031786028569010825,0.02699388836278054,0.03367286848154771,0.029785224811463624,0.03566936196133221,0.03051759159184732,0.02916857525958851,0.043536446071637376,0.04434499345579531,0.031884607612759776,0.03631878604435542,0.03096122368580948,0.031012814987458448,0.027742771208268364,0.03351556124021037,0.030710050741166416,0.026582122845531908,0.033744662462329905,0.040822492406238024,0.0313736046226546,0.029937139958221632
2022-03-14,0.03167482241243831,0.03661151275964069,0.032546734825626714,0.03422327801260635,0.031669402472527176,0.029989805253153427,0.032355258062759344,0.03403723803908086,0.04681113178215932,0.031786028569010825,0.02699388836278054,0.03367286848154771,0.029785224811463624,0.03566936196133221,0.03051759159184732,0.02916857525958851,0.043536446071637376,0.04434499345579531,0.031884607612759776,0.03631878604435542,0.03096122368580948,0.031012814987458448,0.027742771208268364,0.03351556124021037,0.030710050741166416,0.026582122845531908,0.033744662462329905,0.040822492406238024,0.0313736046226546,0.029937139958221632
2022-03-15,0.03167482241243831,0.03661151275964069,0.032546734825626714,0.03422327801260635,0.031669402472527176,0.029989805253153427,0.032355258062759344,0.03403723803908086,0.04681113178215932,0.031786028569010825,0.02699388836278054,0.03367286848154771,0.029785224811463624,0.03566936196133221,0.03051759159184732,0.02916857525958851,0.043536446071637376,0.04434499345579531,0.031884607612759776,0.03631878604435542,0.03096122368580948,0.031012814987458448,0.027742771208268364,0.03351556124021037,0.030710050741166416,0.026582122845531908,0.033744662462329905,0.040822492406238024,0.0313736046226546,0.029937139958221632
2022-03-16,0.03167482241243831,0.03661151275964069,0.032546734825626714,0.03422327801260635,0.031669402472527176,0.029989805253153427,0.032355258062759344,0.03403723803908086,0.04681113178215932,0.031786028569010825,0.02699388836278054,0.03367286848154771,0.029785224811463624,0.03566936196133221,0.03051759159184732,0.02916857525958851,0.043536446071637376,0.04434499345579531,0.031884607612759776,0.03631878604435542,0.03096122368580948,0.031012814987458448,0.027742771208268364,0.03351556124021037,0.030710050741166416,0.026582122845531908,0.033744662462329905,0.040822492406238024,0.0313736046226546,0.029937139958221632
2022-03-17,0.03167482241243831,0.03661151275964069,0.032546734825626714,0.03422327801260635,0.031669402472527176,0.029989805253153427,0.032355258062759344,0.03403723803908086,0.04681113178215932,0.031786028569010825,0.02699388836278054,0.03367286848154771,0.029785224811463624,0.03566936196133221,0.03051759159184732,0.02916857525958851,0.043536446071637376,0.04434499345579531,0.031884607612759776,0.03631878604435542,0.03096122368580948,0.031012814987458448,0.027742771208268364,0.03351556124021037,0.030710050741166416,0.026582122845531908,0.033744662462329905,0.040822492406238024,0.0313736046226546,0.029937139958221632
2022-03-18,0.03167482241243831,0.03661151275964069,0.032546734825626714,0.03422327801260635,0.031669402472527176,0.029989805253153427,0.032355258062759344,0.03403723803908086,0.04681113178215932,0.031786028569010825,0.02699388836278054,0.03367286848154771,0.029785224811463624,0.03566936196133221,0.03051759159184732,0.02916857525958851,0.043536446071637376,0.04434499345579531,0.031884607612759776,0.03631878604435542,0.03096122368580948,0.031012814987458448,0.027742771208268364,0.03351556124021037,0.030710050741166416,0.026582122845531908,0.033744662462329905,0.040822492406238024,0.0313736046226546,0.029937139958221632
2022-03-21,0.03167482241243831,0.03661151275964069,0.032546734825626714,0.03422327801260635,0.031669402472527176,0.029989805253153427,0.032355258062759344,0.03403723803908086,0.04681113178215932,0.031786028569010825,0.02699388836278054,0.03367286848154771,0.029785224811463624,0.03566936196133221,0.03051759159184732,0.02916857525958851,0.043536446071637376,0.04434499345579531,0.031884607612759776,0.03631878604435542,0.03096122368580948,0.031012814987458448,0.027742771208268364,0.03351556124021037,0.030710050741166416,0.026582122845531908,0.033744662462329905,0.040822492406238024,0.0313736046226546,0.029937139958221632
2022-03-22,0.03167482241243831,0.03661151275964069,0.032546734825626714,0.03422327801260635,0.031669402472527176,0.029989805253153427,0.032355258062759344,0.03403723803908086,0.04681113178215932,0.031786028569010825,0.02699388836278054,0.03367286848154771,0.029785224811463624,0.03566936196133221,0.03051759159184732,0.02916857525958851,0.043536446071637376,0.04434499345579531,0.031884607612759776,0.03631878604435542,0.03096122368580948,0.031012814987458448,0.027742771208268364,0.03351556124021037,0.030710050741166416,0.026582122845531908,0.033744662462329905,0.040822492406238024,0.0313736046226546,0.029937139958221632
2022-03-23,0.03167482241243831,0.03661151275964069,0.032546734825626714,0.03422327801260635,0.031669402472527176,0.029989805253153427,0.032355258062759344,0.03403723803908086,0.04681113178215932,0.031786028569010825,0.02699388836278054,0.03367286848154771,0.029785224811463624,0.03566936196133221,0.03051759159184732,0.02916857525958851,0.043536446071637376,0.04434499345579531,0.031884607612759776,0.03631878604435542,0.03096122368580948,0.031012814987458448,0.027742771208268364,0.03351556124021037,0.030710050741166416,0.026582122845531908,0.033744662462329905,0.040822492406238024,0.0313736046226546,0.029937139958221632
2022-03-24,0.03167482241243831,0.03661151275964069,0.032546734825626714,0.03422327801260635,0.031669402472527176,0.029989805253153427,0.032355258062759344,0.03403723803908086,0.04681113178215932,0.031786028569010825,0.02699388836278054,0.03367286848154771,0.029785224811463624,0.03566936196133221,0.03051759159184732,0.02916857525958851,0.043536446071637376,0.04434499345579531,0.031884607612759776,0.03631878604435542,0.03096122368580948,0.031012814987458448,0.027742771208268364,0.03351556124021037,0.030710050741166416,0.026582122845531908,0.033744662462329905,0.040822492406238024,0.0313736046226546,0.029937139958221632
2022-03-25,0.03167482241243831,0.03661151275964069,0.032546734825626714,0.03422327801260635,0.031669402472527176,0.029989805253153427,0.032355258062759344,0.03403723803908086,0.04681113178215932,0.031786028569010825,0.02699388836278054,0.03367286848154771,0.029785224811463624,0.03566936196133221,0.03051759159184732,0.02916857525958851,0.043536446071637376,0.04434499345579531,0.031884607612759776,0.03631878604435542,0.03096122368580948,0.031012814987458448,0.027742771208268364,0.03351556124021037,0.030710050741166416,0.026582122845531908,0.033744662462329905,0.040822492406238024,0.0313736046226546,0.029937139958221632
2022-03-28,0.03167482241243831,0.03661151275964069,0.032546734825626714,0.03422327801260635,0.031669402472527176,0.029989805253153427,0.032355258062759344,0.03403723803908086,0.04681113178215932,0.031786028569010825,0.02699388836278054,0.03367286848154771,0.029785224811463624,0.03566936196133221,0.03051759159184732,0.02916857525958851,0.043536446071637376,0.04434499345579531,0.031884607612759776,0.03631878604435542,0.03096122368580948,0.031012814987458448,0.027742771208268364,0.03351556124021037,0.030710050741166416,0.026582122845531908,0.033744662462329905,0.040822492406238024,0.0313736046226546,0.029937139958221632
2022-03-29,0.03167482241243831,0.03661151275964069,0.032546734825626714,0.03422327801260635,0.031669402472527176,0.029989805253153427,0.032355258062759344,0.03403723803908086,0.04681113178215932,0.031786028569010825,0.02699388836278054,0.03367286848154771,0.029785224811463624,0.03566936196133221,0.03051759159184732,0.02916857525958851,0.043536446071637376,0.04434499345579531,0.031884607612759776,0.03631878604435542,0.03096122368580948,0.031012814987458448,0.027742771208268364,0.03351556124021037,0.030710050741166416,0.026582122845531908,0.033744662462329905,0.040822492406238024,0.0313736046226546,0.029937139958221632
2022-03-30,0.03167482241243831,0.03661151275964069,0.032546734825626714,0.03422327801260635,0.031669402472527176,0.029989805253153427,0.032355258062759344,0.03403723803908086,0.04681113178215932,0.031786028569010825,0.02699388836278054,0.03367286848154771,0.029785224811463624,0.03566936196133221,0.03051759159184732,0.02916857525958851,0.043536446071637376,0.04434499345579531,0.031884607612759776,0.03631878604435542,0.03096122368580948,0.031012814987458448,0.027742771208268364,0.03351556124021037,0.030710050741166416,0.026582122845531908,0.033744662462329905,0.040822492406238024,0.0313736046226546,0.029937139958221632
2022-03-31,0.03167482241243831,0.03661151275964069,0.032546734825626714,0.03422327801260635,0.031669402472527176,0.029989805253153427,0.032355258062759344,0.03403723803908086,0.04681113178215932,0.031786028569010825,0.02699388836278054,0.03367286848154771,0.029785224811463624,0.03566936196133221,0.03051759159184732,0.02916857525958851,0.043536446071637376,0.04434499345579531,0.031884607612759776,0.03631878604435542,0.03096122368580948,0.031012814987458448,0.027742771208268364,0.03351556124021037,0.030710050741166416,0.026582122845531908,0.033744662462329905,0.040822492406238024,0.0313736046226546,0.029937139958221632
2022-04-01,0.03167482241243831,0.03661151275964069,0.032546734825626714,0.03422327801260635,0.031669402472527176,0.029989805253153427,0.032355258062759344,0.03403723803908086,0.04681113178215932,0.031786028569010825,0.02699388836278054,0.03367286848154771,0.029785224811463624,0.03566936196133221,0.03051759159184732,0.02916857525958851,0.043536446071637376,0.04434499345579531,0.031884607612759776,0.03631878604435542,0.03096122368580948,0.031012814987458448,0.027742771208268364,0.03351556124021037,0.030710050741166416,0.026582122845531908,0.033744662462329905,0.040822492406238024,0.0313736046226546,0.029937139958221632
2022-04-04,0.03167482241243831,0.03661151275964069,0.032546734825626714,0.03422327801260635,0.031669402472527176,0.029989805253153427,0.032355258062759344,0.03403723803908086,0.04681113178215932,0.031786028569010825,0.02699388836278054,0.03367286848154771,0.029785224811463624,0.03566936196133221,0.03051759159184732,0.02916857525958851,0.043536446071637376,0.04434499345579531,0.031884607612759776,0.03631878604435542,0.03096122368580948,0.031012814987458448,0.027742771208268364,0.03351556124021037,0.030710050741166416,0.026582122845531908,0.033744662462329905,0.040822492406238024,0.0313736046226546,0.029937139958221632
2022-04-05,0.03167482241243831,0.03661151275964069,0.032546734825626714,0.03422327801260635,0.031669402472527176,0.029989805253153427,0.032355258062759344,0.03403723803908086,0.04681113178215932,0.031786028569010825,0.02699388836278054,0.03367286848154771,0.029785224811463624,0.03566936196133221,0.03051759159184732,0.02916857525958851,0.043536446071637376,0.04434499345579531,0.031884607612759776,0.03631878604435542,0.03096122368580948,0.031012814987458448,0.027742771208268364,0.03351556124021037,0.030710050741166416,0.026582122845531908,0.033744662462329905,0.040822492406238024,0.0313736046226546,0.029937139958221632
2022-04-06,0.03167482241243831,0.03661151275964069,0.032546734825626714,0.03422327801260635,0.031669402472527176,0.029989805253153427,0.032355258062759344,0.03403723803908086,0.04681113178215932,0.031786028569010825,0.02699388836278054,0.03367286848154771,0.029785224811463624,0.03566936196133221,0.03051759159184732,0.02916857525958851,0.043536446071637376,0.04434499345579531,0.031884607612759776,0.03631878604435542,0.03096122368580948,0.031012814987458448,0.027742771208268364,0.03351556124021037,0.030710050741166416,0.026582122845531908,0.033744662462329905,0.040822492406238024,0.0313736046226546,0.029937139958221632
2022-04-07,0.03167482241243831,0.03661151275964069,0.032546734825626714,0.03422327801260635,0.031669402472527176,0.029989805253153427,0.032355258062759344,0.03403723803908086,0.04681113178215932,0.031786028569010825,0.02699388836278054,0.03367286848154771,0.029785224811463624,0.03566936196133221,0.03051759159184732,0.02916857525958851,0.043536446071637376,0.04434499345579531,0.031884607612759776,0.03631878604435542,0.03096122368580948,0.031012814987458448,0.027742771208268364,0.03351556124021037,0.030710050741166416,0.026582122845531908,0.033744662462329905,0.040822492406238024,0.0313736046226546,0.029937139958221632
2022-04-08,0.03167482241243831,0.03661151275964069,0.032546734825626714,0.03422327801260635,0.031669402472527176,0.029989805253153427,0.032355258062759344,0.03403723803908086,0.04681113178215932,0.031786028569010825,0.02699388836278054,0.03367286848154771,0.029785224811463624,0.03566936196133221,0.03051759159184732,0.02916857525958851,0.043536446071637376,0.04434499345579531,0.031884607612759776,0.03631878604435542,0.03096122368580948,0.031012814987458448,0.027742771208268364,0.03351556124021037,0.030710050741166416,0.026582122845531908,0.033744662462329905,0.040822492406238024,0.0313736046226546,0.029937139958221632
2022-04-11,0.03167482241243831,0.03661151275964069,0.032546734825626714,0.03422327801260635,0.031669402472527176,0.029989805253153427,0.032355258062759344,0.03403723803908086,0.04681113178215932,0.031786028569010825,0.02699388836278054,0.03367286848154771,0.029785224811463624,0.03566936196133221,0.03051759159184732,0.02916857525958851,0.043536446071637376,0.04434499345579531,0.031884607612759776,0.03631878604435542,0.03096122368580948,0.031012814987458448,0.027742771208268364,0.03351556124021037,0.030710050741166416,0.026582122845531908,0.033744662462329905,0.040822492406238024,0.0313736046226546,0.029937139958221632
2022-04-12,0.03167482241243831,0.03661151275964069,0.032546734825626714,0.03422327801260635,0.031669402472527176,0.029989805253153427,0.032355258062759344,0.03403723803908086,0.04681113178215932,0.031786028569010825,0.02699388836278054,0.03367286848154771,0.029785224811463624,0.03566936196133221,0.03051759159184732,0.02916857525958851,0.043536446071637376,0.04434499345579531,0.031884607612759776,0.03631878604435542,0.03096122368580948,0.031012814987458448,0.027742771208268364,0.03351556124021037,0.030710050741166416,0.026582122845531908,0.033744662462329905,0.040822492406238024,0.0313736046226546,0.029937139958221632
2022-04-13,0.03167482241243831,0.03661151275964069,0.032546734825626714,0.03422327801260635,0.031669402472527176,0.029989805253153427,0.032355258062759344,0.03403723803908086,0.04681113178215932,0.031786028569010825,0.02699388836278054,0.03367286848154771,0.029785224811463624,0.03566936196133221,0.03051759159184732,0.02916857525958851,0.043536446071637376,0.04434499345579531,0.031884607612759776,0.03631878604435542,0.03096122368580948,0.031012814987458448,0.027742771208268364,0.03351556124021037,0.030710050741166416,0.026582122845531908,0.033744662462329905,0.040822492406238024,0.0313736046226546,0.029937139958221632
2022-04-14,0.03167482241243831,0.03661151275964069,0.032546734825626714,0.03422327801260635,0.031669402472527176,0.029989805253153427,0.032355258062759344,0.03403723803908086,0.04681113178215932,0.031786028569010825,0.02699388836278054,0.03367286848154771,0.029785224811463624,0.03566936196133221,0.03051759159184732,0.02916857525958851,0.043536446071637376,0.04434499345579531,0.031884607612759776,0.03631878604435542,0.03096122368580948,0.031012814987458448,0.027742771208268364,0.03351556124021037,0.030710050741166416,0.026582122845531908,0.033744662462329905,0.040822492406238024,0.0313736046226546,0.029937139958221632
2022-04-15,0.03167482241243831,0.03661151275964069,0.032546734825626714,0.03422327801260635,0.031669402472527176,0.029989805253153427,0.032355258062759344,0.03403723803908086,0.04681113178215932,0.031786028569010825,0.02699388836278054,0.03367286848154771,0.029785224811463624,0.03566936196133221,0.03051759159184732,0.02916857525958851,0.043536446071637376,0.04434499345579531,0.031884607612759776,0.03631878604435542,0.03096122368580948,0.031012814987458448,0.027742771208268364,0.03351556124021037,0.030710050741166416,0.026582122845531908,0.033744662462329905,0.040822492406238024,0.0313736046226546,0.029937139958221632
2022-04-18,0.03167482241243831,0.03661151275964069,0.032546734825626714,0.03422327801260635,0.031669402472527176,0.029989805253153427,0.032355258062759344,0.03403723803908086,0.04681113178215932,0.031786028569010825,0.02699388836278054,0.03367286848154771,0.029785224811463624,0.03566936196133221,0.03051759159184732,0.02916857525958851,0.043536446071637376,0.04434499345579531,0.031884607612759776,0.03631878604435542,0.03096122368580948,0.031012814987458448,0.027742771208268364,0.03351556124021037,0.030710050741166416,0.026582122845531908,0.033744662462329905,0.040822492406238024,0.0313736046226546,0.029937139958221632
2022-04-19,0.03167482241243831,0.03661151275964069,0.032546734825626714,0.03422327801260635,0.031669402472527176,0.029989805253153427,0.032355258062759344,0.03403723803908086,0.04681113178215932,0.031786028569010825,0.02699388836278054,0.03367286848154771,0.029785224811463624,0.03566936196133221,0.03051759159184732,0.02916857525958851,0.043536446071637376,0.04434499345579531,0.031884607612759776,0.03631878604435542,0.03096122368580948,0.031012814987458448,0.027742771208268364,0.03351556124021037,0.030710050741166416,0.026582122845531908,0.033744662462329905,0.040822492406238024,0.0313736046226546,0.029937139958221632
2022-04-20,0.03167482241243831,0.03661151275964069,0.032546734825626714,0.03422327801260635,0.031669402472527176,0.029989805253153427,0.032355258062759344,0.03403723803908086,0.04681113178215932,0.031786028569010825,0.02699388836278054,0.03367286848154771,0.029785224811463624,0.03566936196133221,0.03051759159184732,0.02916857525958851,0.043536446071637376,0.04434499345579531,0.031884607612759776,0.03631878604435542,0.03096122368580948,0.031012814987458448,0.027742771208268364,0.03351556124021037,0.030710050741166416,0.026582122845531908,0.033744662462329905,0.040822492406238024,0.0313736046226546,0.029937139958221632
2022-04-21,0.03167482241243831,0.03661151275964069,0.032546734825626714,0.03422327801260635,0.031669402472527176,0.029989805253153427,0.032355258062759344,0.03403723803908086,0.04681113178215932,0.031786028569010825,0.02699388836278054,0.03367286848154771,0.029785224811463624,0.03566936196133221,0.03051759159184732,0.02916857525958851,0.043536446071637376,0.04434499345579531,0.031884607612759776,0.03631878604435542,0.03096122368580948,0.031012814987458448,0.027742771208268364,0.03351556124021037,0.030710050741166416,0.026582122845531908,0.033744662462329905,0.040822492406238024,0.0313736046226546,0.029937139958221632
2022-04-22,0.03167482241243831,0.03661151275964069,0.032546734825626714,0.03422327801260635,0.031669402472527176,0.029989805253153427,0.032355258062759344,0.03403723803908086,0.04681113178215932,0.031786028569010825,0.02699388836278054,0.03367286848154771,0.029785224811463624,0.03566936196133221,0.03051759159184732,0.02916857525958851,0.043536446071637376,0.04434499345579531,0.031884607612759776,0.03631878604435542,0.03096122368580948,0.031012814987458448,0.027742771208268364,0.03351556124021037,0.030710050741166416,0.026582122845531908,0.033744662462329905,0.040822492406238024,0.0313736046226546,0.029937139958221632
2022-04-25,0.03167482241243831,0.03661151275964069,0.032546734825626714,0.03422327801260635,0.031669402472527176,0.029989805253153427,0.032355258062759344,0.03403723803908086,0.04681113178215932,0.031786028569010825,0.02699388836278054,0.03367286848154771,0.029785224811463624,0.03566936196133221,0.03051759159184732,0.02916857525958851,0.043536446071637376,0.04434499345579531,0.031884607612759776,0.03631878604435542,0.03096122368580948,0.031012814987458448,0.027742771208268364,0.03351556124021037,0.030710050741166416,0.026582122845531908,0.033744662462329905,0.040822492406238024,0.0313736046226546,0.029937139958221632
2022-04-26,0.03167482241243831,0.03661151275964069,0.032546734825626714,0.03422327801260635,0.031669402472527176,0.029989805253153427,0.032355258062759344,0.03403723803908086,0.04681113178215932,0.031786028569010825,0.02699388836278054,0.03367286848154771,0.029785224811463624,0.03566936196133221,0.03051759159184732,0.02916857525958851,0.043536446071637376,0.04434499345579531,0.031884607612759776,0.03631878604435542,0.03096122368580948,0.031012814987458448,0.027742771208268364,0.03351556124021037,0.030710050741166416,0.026582122845531908,0.033744662462329905,0.040822492406238024,0.0313736046226546,0.029937139958221632
2022-04-27,0.03167482241243831,0.03661151275964069,0.032546734825626714,0.03422327801260635,0.031669402472527176,0.029989805253153427,0.032355258062759344,0.03403723803908086,0.04681113178215932,0.031786028569010825,0.02699388836278054,0.03367286848154771,0.029785224811463624,0.03566936196133221,0.03051759159184732,0.02916857525958851,0.043536446071637376,0.04434499345579531,0.031884607612759776,0.03631878604435542,0.03096122368580948,0.031012814987458448,0.027742771208268364,0.03351556124021037,0.030710050741166416,0.026582122845531908,0.033744662462329905,0.040822492406238024,0.0313736046226546,0.029937139958221632
2022-04-28,0.03167482241243831,0.03661151275964069,0.032546734825626714,0.03422327801260635,0.031669402472527176,0.029989805253153427,0.032355258062759344,0.03403723803908086,0.04681113178215932,0.031786028569010825,0.02699388836278054,0.03367286848154771,0.029785224811463624,0.03566936196133221,0.03051759159184732,0.02916857525958851,0.043536446071637376,0.04434499345579531,0.031884607612759776,0.03631878604435542,0.03096122368580948,0.031012814987458448,0.027742771208268364,0.03351556124021037,0.030710050741166416,0.026582122845531908,0.033744662462329905,0.040822492406238024,0.0313736046226546,0.029937139958221632
2022-04-29,0.03167482241243831,0.03661151275964069,0.032546734825626714,0.03422327801260635,0.031669402472527176,0.029989805253153427,0.032355258062759344,0.03403723803908086,0.04681113178215932,0.031786028569010825,0.02699388836278054,0.03367286848154771,0.029785224811463624,0.03566936196133221,0.03051759159184732,0.02916857525958851,0.043536446071637376,0.04434499345579531,0.031884607612759776,0.03631878604435542,0.03096122368580948,0.031012814987458448,0.027742771208268364,0.03351556124021037,0.030710050741166416,0.026582122845531908,0.033744662462329905,0.040822492406238024,0.0313736046226546,0.029937139958221632
2022-05-02,0.03167482241243831,0.03661151275964069,0.032546734825626714,0.03422327801260635,0.031669402472527176,0.029989805253153427,0.032355258062759344,0.03403723803908086,0.04681113178215932,0.031786028569010825,0.02699388836278054,0.03367286848154771,0.029785224811463624,0.03566936196133221,0.03051759159184732,0.02916857525958851,0.043536446071637376,0.04434499345579531,0.031884607612759776,0.03631878604435542,0.03096122368580948,0.031012814987458448,0.027742771208268364,0.03351556124021037,0.030710050741166416,0.026582122845531908,0.033744662462329905,0.040822492406238024,0.0313736046226546,0.029937139958221632
2022-05-03,0.03167482241243831,0.03661151275964069,0.032546734825626714,0.03422327801260635,0.031669402472527176,0.029989805253153427,0.032355258062759344,0.03403723803908086,0.04681113178215932,0.031786028569010825,0.02699388836278054,0.03367286848154771,0.029785224811463624,0.03566936196133221,0.03051759159184732,0.02916857525958851,0.043536446071637376,0.04434499345579531,0.031884607612759776,0.03631878604435542,0.03096122368580948,0.031012814987458448,0.027742771208268364,0.03351556124021037,0.030710050741166416,0.026582122845531908,0.033744662462329905,0.040822492406238024,0.0313736046226546,0.029937139958221632
2022-05-04,0.03167482241243831,0.03661151275964069,0.032546734825626714,0.03422327801260635,0.031669402472527176,0.029989805253153427,0.032355258062759344,0.03403723803908086,0.04681113178215932,0.031786028569010825,0.02699388836278054,0.03367286848154771,0.029785224811463624,0.03566936196133221,0.03051759159184732,0.02916857525958851,0.043536446071637376,0.04434499345579531,0.031884607612759776,0.03631878604435542,0.03096122368580948,0.031012814987458448,0.027742771208268364,0.03351556124021037,0.030710050741166416,0.026582122845531908,0.033744662462329905,0.040822492406238024,0.0313736046226546,0.029937139958221632
2022-05-05,0.03167482241243831,0.03661151275964069,0.032546734825626714,0.03422327801260635,0.031669402472527176,0.029989805253153427,0.032355258062759344,0.03403723803908086,0.04681113178215932,0.031786028569010825,0.02699388836278054,0.03367286848154771,0.029785224811463624,0.03566936196133221,0.03051759159184732,0.02916857525958851,0.043536446071637376,0.04434499345579531,0.031884607612759776,0.03631878604435542,0.03096122368580948,0.031012814987458448,0.027742771208268364,0.03351556124021037,0.030710050741166416,0.026582122845531908,0.033744662462329905,0.040822492406238024,0.0313736046226546,0.029937139958221632
2022-05-06,0.03167482241243831,0.03661151275964069,0.032546734825626714,0.03422327801260635,0.031669402472527176,0.029989805253153427,0.032355258062759344,0.03403723803908086,0.04681113178215932,0.031786028569010825,0.02699388836278054,0.03367286848154771,0.029785224811463624,0.03566936196133221,0.03051759159184732,0.02916857525958851,0.043536446071637376,0.04434499345579531,0.031884607612759776,0.03631878604435542,0.03096122368580948,0.031012814987458448,0.027742771208268364,0.03351556124021037,0.030710050741166416,0.026582122845531908,0.033744662462329905,0.040822492406238024,0.0313736046226546,0.029937139958221632
2022-05-09,0.03167482241243831,0.03661151275964069,0.032546734825626714,0.03422327801260635,0.031669402472527176,0.029989805253153427,0.032355258062759344,0.03403723803908086,0.04681113178215932,0.031786028569010825,0.02699388836278054,0.03367286848154771,0.029785224811463624,0.03566936196133221,0.03051759159184732,0.02916857525958851,0.043536446071637376,0.04434499345579531,0.031884607612759776,0.03631878604435542,0.03096122368580948,0.031012814987458448,0.027742771208268364,0.03351556124021037,0.030710050741166416,0.026582122845531908,0.033744662462329905,0.040822492406238024,0.0313736046226546,0.029937139958221632
2022-05-10,0.03167482241243831,0.03661151275964069,0.032546734825626714,0.03422327801260635,0.031669402472527176,0.029989805253153427,0.032355258062759344,0.03403723803908086,0.04681113178215932,0.031786028569010825,0.02699388836278054,0.03367286848154771,0.029785224811463624,0.03566936196133221,0.03051759159184732,0.02916857525958851,0.043536446071637376,0.04434499345579531,0.031884607612759776,0.03631878604435542,0.03096122368580948,0.031012814987458448,0.027742771208268364,0.03351556124021037,0.030710050741166416,0.026582122845531908,0.033744662462329905,0.040822492406238024,0.0313736046226546,0.029937139958221632
2022-05-11,0.03167482241243831,0.03661151275964069,0.032546734825626714,0.03422327801260635,0.031669402472527176,0.029989805253153427,0.032355258062759344,0.03403723803908086,0.04681113178215932,0.031786028569010825,0.02699388836278054,0.03367286848154771,0.029785224811463624,0.03566936196133221,0.03051759159184732,0.02916857525958851,0.043536446071637376,0.04434499345579531,0.031884607612759776,0.03631878604435542,0.03096122368580948,0.031012814987458448,0.027742771208268364,0.03351556124021037,0.030710050741166416,0.026582122845531908,0.033744662462329905,0.040822492406238024,0.0313736046226546,0.029937139958221632
2022-05-12,0.03167482241243831,0.03661151275964069,0.032546734825626714,0.03422327801260635,0.031669402472527176,0.029989805253153427,0.032355258062759344,0.03403723803908086,0.04681113178215932,0.031786028569010825,0.02699388836278054,0.03367286848154771,0.029785224811463624,0.03566936196133221,0.03051759159184732,0.02916857525958851,0.043536446071637376,0.04434499345579531,0.031884607612759776,0.03631878604435542,0.03096122368580948,0.031012814987458448,0.027742771208268364,0.03351556124021037,0.030710050741166416,0.026582122845531908,0.033744662462329905,0.040822492406238024,0.0313736046226546,0.029937139958221632
2022-05-13,0.03167482241243831,0.03661151275964069,0.032546734825626714,0.03422327801260635,0.031669402472527176,0.029989805253153427,0.032355258062759344,0.03403723803908086,0.04681113178215932,0.031786028569010825,0.02699388836278054,0.03367286848154771,0.029785224811463624,0.03566936196133221,0.03051759159184732,0.02916857525958851,0.043536446071637376,0.04434499345579531,0.031884607612759776,0.03631878604435542,0.03096122368580948,0.031012814987458448,0.027742771208268364,0.03351556124021037,0.030710050741166416,0.026582122845531908,0.033744662462329905,0.040822492406238024,0.0313736046226546,0.029937139958221632
2022-05-16,0.03167482241243831,0.03661151275964069,0.032546734825626714,0.03422327801260635,0.031669402472527176,0.029989805253153427,0.032355258062759344,0.03403723803908086,0.04681113178215932,0.031786028569010825,0.02699388836278054,0.03367286848154771,0.029785224811463624,0.03566936196133221,0.03051759159184732,0.02916857525958851,0.043536446071637376,0.04434499345579531,0.031884607612759776,0.03631878604435542,0.03096122368580948,0.031012814987458448,0.027742771208268364,0.03351556124021037,0.030710050741166416,0.026582122845531908,0.033744662462329905,0.040822492406238024,0.0313736046226546,0.029937139958221632
2022-05-17,0.03167482241243831,0.03661151275964069,0.032546734825626714,0.03422327801260635,0.031669402472527176,0.029989805253153427,0.032355258062759344,0.03403723803908086,0.04681113178215932,0.031786028569010825,0.02699388836278054,0.03367286848154771,0.029785224811463624,0.03566936196133221,0.03051759159184732,0.02916857525958851,0.043536446071637376,0.04434499345579531,0.031884607612759776,0.03631878604435542,0.03096122368580948,0.031012814987458448,0.027742771208268364,0.03351556124021037,0.030710050741166416,0.026582122845531908,0.033744662462329905,0.040822492406238024,0.0313736046226546,0.029937139958221632
2022-05-18,0.03167482241243831,0.03661151275964069,0.032546734825626714,0.03422327801260635,0.031669402472527176,0.029989805253153427,0.032355258062759344,0.03403723803908086,0.04681113178215932,0.031786028569010825,0.02699388836278054,0.03367286848154771,0.029785224811463624,0.03566936196133221,0.03051759159184732,0.02916857525958851,0.043536446071637376,0.04434499345579531,0.031884607612759776,0.03631878604435542,0.03096122368580948,0.031012814987458448,0.027742771208268364,0.03351556124021037,0.030710050741166416,0.026582122845531908,0.033744662462329905,0.040822492406238024,0.0313736046226546,0.029937139958221632
2022-05-19,0.03167482241243831,0.03661151275964069,0.032546734825626714,0.03422327801260635,0.031669402472527176,0.029989805253153427,0.032355258062759344,0.03403723803908086,0.04681113178215932,0.031786028569010825,0.02699388836278054,0.03367286848154771,0.029785224811463624,0.03566936196133221,0.03051759159184732,0.02916857525958851,0.043536446071637376,0.04434499345579531,0.031884607612759776,0.03631878604435542,0.03096122368580948,0.031012814987458448,0.027742771208268364,0.03351556124021037,0.030710050741166416,0.026582122845531908,0.033744662462329905,0.040822492406238024,0.0313736046226546,0.029937139958221632
2022-05-20,0.03167482241243831,0.03661151275964069,0.032546734825626714,0.03422327801260635,0.031669402472527176,0.029989805253153427,0.032355258062759344,0.03403723803908086,0.04681113178215932,0.031786028569010825,0.02699388836278054,0.03367286848154771,0.029785224811463624,0.03566936196133221,0.03051759159184732,0.02916857525958851,0.043536446071637376,0.04434499345579531,0.031884607612759776,0.03631878604435542,0.03096122368580948,0.031012814987458448,0.027742771208268364,0.03351556124021037,0.030710050741166416,0.026582122845531908,0.033744662462329905,0.040822492406238024,0.0313736046226546,0.029937139958221632
2022-05-23,0.03167482241243831,0.03661151275964069,0.032546734825626714,0.03422327801260635,0.031669402472527176,0.029989805253153427,0.032355258062759344,0.03403723803908086,0.04681113178215932,0.031786028569010825,0.02699388836278054,0.03367286848154771,0.029785224811463624,0.03566936196133221,0.03051759159184732,0.02916857525958851,0.043536446071637376,0.04434499345579531,0.031884607612759776,0.03631878604435542,0.03096122368580948,0.031012814987458448,0.027742771208268364,0.03351556124021037,0.030710050741166416,0.026582122845531908,0.033744662462329905,0.040822492406238024,0.0313736046226546,0.029937139958221632
2022-05-24,0.03167482241243831,0.03661151275964069,0.032546734825626714,0.03422327801260635,0.031669402472527176,0.029989805253153427,0.032355258062759344,0.03403723803908086,0.04681113178215932,0.031786028569010825,0.02699388836278054,0.03367286848154771,0.029785224811463624,0.03566936196133221,0.03051759159184732,0.02916857525958851,0.043536446071637376,0.04434499345579531,0.031884607612759776,0.03631878604435542,0.03096122368580948,0.031012814987458448,0.027742771208268364,0.03351556124021037,0.030710050741166416,0.026582122845531908,0.033744662462329905,0.040822492406238024,0.0313736046226546,0.029937139958221632
2022-05-25,0.03167482241243831,0.03661151275964069,0.032546734825626714,0.03422327801260635,0.031669402472527176,0.029989805253153427,0.032355258062759344,0.03403723803908086,0.04681113178215932,0.031786028569010825,0.02699388836278054,0.03367286848154771,0.029785224811463624,0.03566936196133221,0.03051759159184732,0.02916857525958851,0.043536446071637376,0.04434499345579531,0.031884607612759776,0.03631878604435542,0.03096122368580948,0.031012814987458448,0.027742771208268364,0.03351556124021037,0.030710050741166416,0.026582122845531908,0.033744662462329905,0.040822492406238024,0.0313736046226546,0.029937139958221632
2022-05-26,0.03167482241243831,0.03661151275964069,0.032546734825626714,0.03422327801260635,0.031669402472527176,0.029989805253153427,0.032355258062759344,0.03403723803908086,0.04681113178215932,0.031786028569010825,0.02699388836278054,0.03367286848154771,0.029785224811463624,0.03566936196133221,0.03051759159184732,0.02916857525958851,0.043536446071637376,0.04434499345579531,0.031884607612759776,0.03631878604435542,0.03096122368580948,0.031012814987458448,0.027742771208268364,0.03351556124021037,0.030710050741166416,0.026582122845531908,0.033744662462329905,0.040822492406238024,0.0313736046226546,0.029937139958221632
2022-05-27,0.03167482241243831,0.03661151275964069,0.032546734825626714,0.03422327801260635,0.031669402472527176,0.029989805253153427,0.032355258062759344,0.03403723803908086,0.04681113178215932,0.031786028569010825,0.02699388836278054,0.03367286848154771,0.029785224811463624,0.03566936196133221,0.03051759159184732,0.02916857525958851,0.043536446071637376,0.04434499345579531,0.031884607612759776,0.03631878604435542,0.03096122368580948,0.031012814987458448,0.027742771208268364,0.03351556124021037,0.030710050741166416,0.026582122845531908,0.033744662462329905,0.040822492406238024,0.0313736046226546,0.029937139958221632
2022-05-30,0.03167482241243831,0.03661151275964069,0.032546734825626714,0.03422327801260635,0.031669402472527176,0.029989805253153427,0.032355258062759344,0.03403723803908086,0.04681113178215932,0.031786028569010825,0.02699388836278054,0.03367286848154771,0.029785224811463624,0.03566936196133221,0.03051759159184732,0.02916857525958851,0.043536446071637376,0.04434499345579531,0.031884607612759776,0.03631878604435542,0.03096122368580948,0.031012814987458448,0.027742771208268364,0.03351556124021037,0.030710050741166416,0.026582122845531908,0.033744662462329905,0.040822492406238024,0.0313736046226546,0.029937139958221632
2022-05-31,0.03167482241243831,0.03661151275964069,0.032546734825626714,0.03422327801260635,0.031669402472527176,0.029989805253153427,0.032355258062759344,0.03403723803908086,0.04681113178215932,0.031786028569010825,0.02699388836278054,0.03367286848154771,0.029785224811463624,0.03566936196133221,0.03051759159184732,0.02916857525958851,0.043536446071637376,0.04434499345579531,0.031884607612759776,0.03631878604435542,0.03096122368580948,0.031012814987458448,0.027742771208268364,0.03351556124021037,0.030710050741166416,0.026582122845531908,0.033744662462329905,0.040822492406238024,0.0313736046226546,0.029937139958221632
2022-06-01,0.02746749007814616,0.03298071476426836,0.032967411372457005,0.03219404541360514,0.03172027460116686,0.03058191158316746,0.037239592227027815,0.0328977085731857,0.043881446788676434,0.03203740076879687,0.0318800336524869,0.031248677075568967,0.03832569749192555,0.029016067433479502,0.030423449621931706,0.0327028606017262,0.04017828414938985,0.03385746705013947,0.03740159499061745,0.043349295373305397,0.02837958949457082,0.03083833011506394,0.03261094461951608,0.03481852324631307,0.031319723391144444,0.03157435096972159,0.028105024559834817,0.03363761468982593,0.03452470662887581,0.03183976867406479
2022-06-02,0.02746749007814616,0.03298071476426836,0.032967411372457005,0.03219404541360514,0.03172027460116686,0.03058191158316746,0.037239592227027815,0.0328977085731857,0.043881446788676434,0.03203740076879687,0.0318800336524869,0.031248677075568967,0.03832569749192555,0.029016067433479502,0.030423449621931706,0.0327028606017262,0.04017828414938985,0.03385746705013947,0.03740159499061745,0.043349295373305397,0.02837958949457082,0.03083833011506394,0.03261094461951608,0.03481852324631307,0.031319723391144444,0.03157435096972159,0.028105024559834817,0.03363761468982593,0.03452470662887581,0.03183976867406479
2022-06-03,0.02746749007814616,0.03298071476426836,0.032967411372457005,0.03219404541360514,0.03172027460116686,0.03058191158316746,0.037239592227027815,0.0328977085731857,0.043881446788676434,0.03203740076879687,0.0318800336524869,0.031248677075568967,0.03832569749192555,0.029016067433479502,0.030423449621931706,0.0327028606017262,0.04017828414938985,0.03385746705013947,0.03740159499061745,0.043349295373305397,0.02837958949457082,0.03083833011506394,0.03261094461951608,0.03481852324631307,0.031319723391144444,0.03157435096972159,0.028105024559834817,0.03363761468982593,0.03452470662887581,0.03183976867406479
2022-06-06,0.02746749007814616,0.03298071476426836,0.032967411372457005,0.03219404541360514,0.03172027460116686,0.03058191158316746,0.037239592227027815,0.0328977085731857,0.043881446788676434,0.03203740076879687,0.0318800336524869,0.031248677075568967,0.03832569749192555,0.029016067433479502,0.030423449621931706,0.0327028606017262,0.04017828414938985,0.03385746705013947,0.03740159499061745,0.043349295373305397,0.02837958949457082,0.03083833011506394,0.03261094461951608,0.03481852324631307,0.031319723391144444,0.03157435096972159,0.028105024559834817,0.03363761468982593,0.03452470662887581,0.03183976867406479
2022-06-07,0.02746749007814616,0.03298071476426836,0.032967411372457005,0.03219404541360514,0.03172027460116686,0.03058191158316746,0.037239592227027815,0.0328977085731857,0.043881446788676434,0.03203740076879687,0.0318800336524869,0.031248677075568967,0.03832569749192555,0.029016067433479502,0.030423449621931706,0.0327028606017262,0.04017828414938985,0.03385746705013947,0.03740159499061745,0.043349295373305397,0.02837958949457082,0.03083833011506394,0.03261094461951608,0.03481852324631307,0.031319723391144444,0.03157435096972159,0.028105024559834817,0.03363761468982593,0.03452470662887581,0.03183976867406479
2022-06-08,0.02746749007814616,0.03298071476426836,0.032967411372457005,0.03219404541360514,0.03172027460116686,0.03058191158316746,0.037239592227027815,0.0328977085731857,0.043881446788676434,0.03203740076879687,0.0318800336524869,0.031248677075568967,0.03832569749192555,0.029016067433479502,0.030423449621931706,0.0327028606017262,0.04017828414938985,0.03385746705013947,0.03740159499061745,0.043349295373305397,0.02837958949457082,0.03083833011506394,0.03261094461951608,0.03481852324631307,0.031319723391144444,0.03157435096972159,0.028105024559834817,0.03363761468982593,0.03452470662887581,0.03183976867406479
2022-06-09,0.02746749007814616,0.03298071476426836,0.032967411372457005,0.03219404541360514,0.03172027460116686,0.03058191158316746,0.037239592227027815,0.0328977085731857,0.043881446788676434,0.03203740076879687,0.0318800336524869,0.031248677075568967,0.03832569749192555,0.029016067433479502,0.030423449621931706,0.0327028606017262,0.04017828414938985,0.03385746705013947,0.03740159499061745,0.043349295373305397,0.02837958949457082,0.03083833011506394,0.03261094461951608,0.03481852324631307,0.031319723391144444,0.03157435096972159,0.028105024559834817,0.03363761468982593,0.03452470662887581,0.03183976867406479
2022-06-10,0.02746749007814616,0.03298071476426836,0.032967411372457005,0.03219404541360514,0.03172027460116686,0.03058191158316746,0.037239592227027815,0.0328977085731857,0.043881446788676434,0.03203740076879687,0.0318800336524869,0.031248677075568967,0.03832569749192555,0.029016067433479502,0.030423449621931706,0.0327028606017262,0.04017828414938985,0.03385746705013947,0.03740159499061745,0.043349295373305397,0.02837958949457082,0.03083833011506394,0.03261094461951608,0.03481852324631307,0.031319723391144444,0.03157435096972159,0.028105024559834817,0.03363761468982593,0.03452470662887581,0.03183976867406479
2022-06-13,0.02746749007814616,0.03298071476426836,0.032967411372457005,0.03219404541360514,0.03172027460116686,0.03058191158316746,0.037239592227027815,0.0328977085731857,0.043881446788676434,0.03203740076879687,0.0318800336524869,0.031248677075568967,0.03832569749192555,0.029016067433479502,0.030423449621931706,0.0327028606017262,0.04017828414938985,0.03385746705013947,0.03740159499061745,0.043349295373305397,0.02837958949457082,0.03083833011506394,0.03261094461951608,0.03481852324631307,0.031319723391144444,0.03157435096972159,0.028105024559834817,0.03363761468982593,0.03452470662887581,0.03183976867406479
2022-06-14,0.02746749007814616,0.03298071476426836,0.032967411372457005,0.03219404541360514,0.03172027460116686,0.03058191158316746,0.037239592227027815,0.0328977085731857,0.043881446788676434,0.03203740076879687,0.0318800336524869,0.031248677075568967,0.03832569749192555,0.029016067433479502,0.030423449621931706,0.0327028606017262,0.04017828414938985,0.03385746705013947,0.03740159499061745,0.043349295373305397,0.02837958949457082,0.03083833011506394,0.03261094461951608,0.03481852324631307,0.031319723391144444,0.03157435096972159,0.028105024559834817,0.03363761468982593,0.03452470662887581,0.03183976867406479
2022-06-15,0.02746749007814616,0.03298071476426836,0.032967411372457005,0.03219404541360514,0.03172027460116686,0.03058191158316746,0.037239592227027815,0.0328977085731857,0.043881446788676434,0.03203740076879687,0.0318800336524869,0.031248677075568967,0.03832569749192555,0.029016067433479502,0.030423449621931706,0.0327028606017262,0.04017828414938985,0.03385746705013947,0.03740159499061745,0.043349295373305397,0.02837958949457082,0.03083833011506394,0.03261094461951608,0.03481852324631307,0.031319723391144444,0.03157435096972159,0.028105024559834817,0.03363761468982593,0.03452470662887581,0.03183976867406479
2022-06-16,0.02746749007814616,0.03298071476426836,0.032967411372457005,0.03219404541360514,0.03172027460116686,0.03058191158316746,0.037239592227027815,0.0328977085731857,0.043881446788676434,0.03203740076879687,0.0318800336524869,0.031248677075568967,0.03832569749192555,0.029016067433479502,0.030423449621931706,0.0327028606017262,0.04017828414938985,0.03385746705013947,0.03740159499061745,0.043349295373305397,0.02837958949457082,0.03083833011506394,0.03261094461951608,0.03481852324631307,0.031319723391144444,0.03157435096972159,0.028105024559834817,0.03363761468982593,0.03452470662887581,0.03183976867406479
2022-06-17,0.02746749007814616,0.03298071476426836,0.032967411372457005,0.03219404541360514,0.03172027460116686,0.03058191158316746,0.037239592227027815,0.0328977085731857,0.043881446788676434,0.03203740076879687,0.0318800336524869,0.031248677075568967,0.03832569749192555,0.029016067433479502,0.030423449621931706,0.0327028606017262,0.04017828414938985,0.03385746705013947,0.03740159499061745,0.043349295373305397,0.02837958949457082,0.03083833011506394,0.03261094461951608,0.03481852324631307,0.031319723391144444,0.03157435096972159,0.028105024559834817,0.03363761468982593,0.03452470662887581,0.03183976867406479
2022-06-20,0.02746749007814616,0.03298071476426836,0.032967411372457005,0.03219404541360514,0.03172027460116686,0.03058191158316746,0.037239592227027815,0.0328977085731857,0.043881446788676434,0.03203740076879687,0.0318800336524869,0.031248677075568967,0.03832569749192555,0.029016067433479502,0.030423449621931706,0.0327028606017262,0.04017828414938985,0.03385746705013947,0.03740159499061745,0.043349295373305397,0.02837958949457082,0.03083833011506394,0.03261094461951608,0.03481852324631307,0.031319723391144444,0.03157435096972159,0.028105024559834817,0.03363761468982593,0.03452470662887581,0.03183976867406479
2022-06-21,0.02746749007814616,0.03298071476426836,0.032967411372457005,0.03219404541360514,0.03172027460116686,0.03058191158316746,0.037239592227027815,0.0328977085731857,0.043881446788676434,0.03203740076879687,0.0318800336524869,0.031248677075568967,0.03832569749192555,0.029016067433479502,0.030423449621931706,0.0327028606017262,0.04017828414938985,0.03385746705013947,0.03740159499061745,0.043349295373305397,0.02837958949457082,0.03083833011506394,0.03261094461951608,0.03481852324631307,0.031319723391144444,0.03157435096972159,0.028105024559834817,0.03363761468982593,0.03452470662887581,0.03183976867406479
2022-06-22,0.02746749007814616,0.03298071476426836,0.032967411372457005,0.03219404541360514,0.03172027460116686,0.03058191158316746,0.037239592227027815,0.0328977085731857,0.043881446788676434,0.03203740076879687,0.0318800336524869,0.031248677075568967,0.03832569749192555,0.029016067433479502,0.030423449621931706,0.0327028606017262,0.04017828414938985,0.03385746705013947,0.03740159499061745,0.043349295373305397,0.02837958949457082,0.03083833011506394,0.03261094461951608,0.03481852324631307,0.031319723391144444,0.03157435096972159,0.028105024559834817,0.03363761468982593,0.03452470662887581,0.03183976867406479
2022-06-23,0.02746749007814616,0.03298071476426836,0.032967411372457005,0.03219404541360514,0.03172027460116686,0.03058191158316746,0.037239592227027815,0.0328977085731857,0.043881446788676434,0.03203740076879687,0.0318800336524869,0.031248677075568967,0.03832569749192555,0.029016067433479502,0.030423449621931706,0.0327028606017262,0.04017828414938985,0.03385746705013947,0.03740159499061745,0.043349295373305397,0.02837958949457082,0.03083833011506394,0.03261094461951608,0.03481852324631307,0.031319723391144444,0.03157435096972159,0.028105024559834817,0.03363761468982593,0.03452470662887581,0.03183976867406479
2022-06-24,0.02746749007814616,0.03298071476426836,0.032967411372457005,0.03219404541360514,0.03172027460116686,0.03058191158316746,0.037239592227027815,0.0328977085731857,0.043881446788676434,0.03203740076879687,0.0318800336524869,0.031248677075568967,0.03832569749192555,0.029016067433479502,0.030423449621931706,0.0327028606017262,0.04017828414938985,0.03385746705013947,0.03740159499061745,0.043349295373305397,0.02837958949457082,0.03083833011506394,0.03261094461951608,0.03481852324631307,0.031319723391144444,0.03157435096972159,0.028105024559834817,0.03363761468982593,0.03452470662887581,0.03183976867406479
2022-06-27,0.02746749007814616,0.03298071476426836,0.032967411372457005,0.03219404541360514,0.03172027460116686,0.03058191158316746,0.037239592227027815,0.0328977085731857,0.043881446788676434,0.03203740076879687,0.0318800336524869,0.031248677075568967,0.03832569749192555,0.029016067433479502,0.030423449621931706,0.0327028606017262,0.04017828414938985,0.03385746705013947,0.03740159499061745,0.043349295373305397,0.02837958949457082,0.03083833011506394,0.03261094461951608,0.03481852324631307,0.031319723391144444,0.03157435096972159,0.028105024559834817,0.03363761468982593,0.03452470662887581,0.03183976867406479
2022-06-28,0.02746749007814616,0.03298071476426836,0.032967411372457005,0.03219404541360514,0.03172027460116686,0.03058191158316746,0.037239592227027815,0.0328977085731857,0.043881446788676434,0.03203740076879687,0.0318800336524869,0.031248677075568967,0.03832569749192555,0.029016067433479502,0.030423449621931706,0.0327028606017262,0.04017828414938985,0.03385746705013947,0.03740159499061745,0.043349295373305397,0.02837958949457082,0.03083833011506394,0.03261094461951608,0.03481852324631307,0.031319723391144444,0.03157435096972159,0.028105024559834817,0.03363761468982593,0.03452470662887581,0.03183976867406479
2022-06-29,0.02746749007814616,0.03298071476426836,0.032967411372457005,0.03219404541360514,0.03172027460116686,0.03058191158316746,0.037239592227027815,0.0328977085731857,0.043881446788676434,0.03203740076879687,0.0318800336524869,0.031248677075568967,0.03832569749192555,0.029016067433479502,0.030423449621931706,0.0327028606017262,0.04017828414938985,0.03385746705013947,0.03740159499061745,0.043349295373305397,0.02837958949457082,0.03083833011506394,0.03261094461951608,0.03481852324631307,0.031319723391144444,0.03157435096972159,0.028105024559834817,0.03363761468982593,0.03452470662887581,0.03183976867406479
2022-06-30,0.02746749007814616,0.03298071476426836,0.032967411372457005,0.03219404541360514,0.03172027460116686,0.03058191158316746,0.037239592227027815,0.0328977085731857,0.043881446788676434,0.03203740076879687,0.0318800336524869,0.031248677075568967,0.03832569749192555,0.029016067433479502,0.030423449621931706,0.0327028606017262,0.04017828414938985,0.03385746705013947,0.03740159499061745,0.043349295373305397,0.02837958949457082,0.03083833011506394,0.03261094461951608,0.03481852324631307,0.031319723391144444,0.03157435096972159,0.028105024559834817,0.03363761468982593,0.03452470662887581,0.03183976867406479
2022-07-01,0.027096330985360354,0.033284972888442364,0.029933626771675704,0.04144520699409151,0.03348429386558986,0.03548059026952989,0.042765390701949325,0.03613268925913748,0.037876866676835916,0.03563705675289717,0.030926866825191045,0.034059281401616216,0.03617965131803153,0.03438698186208545,0.027273209255212923,0.029065642294163314,0.038253657609472566,0.030914421083099736,0.03538067442714078,0.03306202653286804,0.03022399485528647,0.02695339508081111,0.029175495113212,0.036444208634354415,0.03350203355183029,0.02899774254320002,0.03077335629320237,0.038590994420672646,0.030276544919706376,0.03242279681333297
2022-07-04,0.027096330985360354,0.033284972888442364,0.029933626771675704,0.04144520699409151,0.03348429386558986,0.03548059026952989,0.042765390701949325,0.03613268925913748,0.037876866676835916,0.03563705675289717,0.030926866825191045,0.034059281401616216,0.03617965131803153,0.03438698186208545,0.027273209255212923,0.029065642294163314,0.038253657609472566,0.030914421083099736,0.03538067442714078,0.03306202653286804,0.03022399485528647,0.02695339508081111,0.029175495113212,0.036444208634354415,0.03350203355183029,0.02899774254320002,0.03077335629320237,0.038590994420672646,0.030276544919706376,0.03242279681333297
2022-07-05,0.027096330985360354,0.033284972888442364,0.029933626771675704,0.04144520699409151,0.03348429386558986,0.03548059026952989,0.042765390701949325,0.03613268925913748,0.037876866676835916,0.03563705675289717,0.030926866825191045,0.034059281401616216,0.03617965131803153,0.03438698186208545,0.027273209255212923,0.029065642294163314,0.038253657609472566,0.030914421083099736,0.03538067442714078,0.03306202653286804,0.03022399485528647,0.02695339508081111,0.029175495113212,0.036444208634354415,0.03350203355183029,0.02899774254320002,0.03077335629320237,0.038590994420672646,0.030276544919706376,0.03242279681333297
2022-07-06,0.027096330985360354,0.033284972888442364,0.029933626771675704,0.04144520699409151,0.03348429386558986,0.03548059026952989,0.042765390701949325,0.03613268925913748,0.037876866676835916,0.03563705675289717,0.030926866825191045,0.034059281401616216,0.03617965131803153,0.03438698186208545,0.027273209255212923,0.029065642294163314,0.038253657609472566,0.030914421083099736,0.03538067442714078,0.03306202653286804,0.03022399485528647,0.02695339508081111,0.029175495113212,0.036444208634354415,0.03350203355183029,0.02899774254320002,0.03077335629320237,0.038590994420672646,0.030276544919706376,0.03242279681333297
2022-07-07,0.027096330985360354,0.033284972888442364,0.029933626771675704,0.04144520699409151,0.03348429386558986,0.03548059026952989,0.042765390701949325,0.03613268925913748,0.037876866676835916,0.03563705675289717,0.030926866825191045,0.034059281401616216,0.03617965131803153,0.03438698186208545,0.027273209255212923,0.029065642294163314,0.038253657609472566,0.030914421083099736,0.03538067442714078,0.03306202653286804,0.03022399485528647,0.02695339508081111,0.029175495113212,0.036444208634354415,0.03350203355183029,0.02899774254320002,0.03077335629320237,0.038590994420672646,0.030276544919706376,0.03242279681333297
2022-07-08,0.027096330985360354,0.033284972888442364,0.029933626771675704,0.04144520699409151,0.03348429386558986,0.03548059026952989,0.042765390701949325,0.03613268925913748,0.037876866676835916,0.03563705675289717,0.030926866825191045,0.034059281401616216,0.03617965131803153,0.03438698186208545,0.027273209255212923,0.029065642294163314,0.038253657609472566,0.030914421083099736,0.03538067442714078,0.03306202653286804,0.03022399485528647,0.02695339508081111,0.029175495113212,0.036444208634354415,0.03350203355183029,0.02899774254320002,0.03077335629320237,0.038590994420672646,0.030276544919706376,0.03242279681333297
2022-07-11,0.027096330985360354,0.033284972888442364,0.029933626771675704,0.04144520699409151,0.03348429386558986,0.03548059026952989,0.042765390701949325,0.03613268925913748,0.037876866676835916,0.03563705675289717,0.030926866825191045,0.034059281401616216,0.03617965131803153,0.03438698186208545,0.027273209255212923,0.029065642294163314,0.038253657609472566,0.030914421083099736,0.03538067442714078,0.03306202653286804,0.03022399485528647,0.02695339508081111,0.029175495113212,0.036444208634354415,0.03350203355183029,0.02899774254320002,0.03077335629320237,0.038590994420672646,0.030276544919706376,0.03242279681333297
2022-07-12,0.027096330985360354,0.033284972888442364,0.029933626771675704,0.04144520699409151,0.03348429386558986,0.03548059026952989,0.042765390701949325,0.03613268925913748,0.037876866676835916,0.03563705675289717,0.030926866825191045,0.034059281401616216,0.03617965131803153,0.03438698186208545,0.027273209255212923,0.029065642294163314,0.038253657609472566,0.030914421083099736,0.03538067442714078,0.03306202653286804,0.03022399485528647,0.02695339508081111,0.029175495113212,0.036444208634354415,0.03350203355183029,0.02899774254320002,0.03077335629320237,0.038590994420672646,0.030276544919706376,0.03242279681333297
2022-07-13,0.027096330985360354,0.033284972888442364,0.029933626771675704,0.04144520699409151,0.03348429386558986,0.03548059026952989,0.042765390701949325,0.03613268925913748,0.037876866676835916,0.03563705675289717,0.030926866825191045,0.034059281401616216,0.03617965131803153,0.03438698186208545,0.027273209255212923,0.029065642294163314,0.038253657609472566,0.030914421083099736,0.03538067442714078,0.03306202653286804,0.03022399485528647,0.02695339508081111,0.029175495113212,0.036444208634354415,0.03350203355183029,0.02899774254320002,0.03077335629320237,0.038590994420672646,0.030276544919706376,0.03242279681333297
2022-07-14,0.027096330985360354,0.033284972888442364,0.029933626771675704,0.04144520699409151,0.03348429386558986,0.03548059026952989,0.042765390701949325,0.03613268925913748,0.037876866676835916,0.03563705675289717,0.030926866825191045,0.034059281401616216,0.03617965131803153,0.03438698186208545,0.027273209255212923,0.029065642294163314,0.038253657609472566,0.030914421083099736,0.03538067442714078,0.03306202653286804,0.03022399485528647,0.02695339508081111,0.029175495113212,0.036444208634354415,0.03350203355183029,0.02899774254320002,0.03077335629320237,0.038590994420672646,0.030276544919706376,0.03242279681333297
2022-07-15,0.027096330985360354,0.033284972888442364,0.029933626771675704,0.04144520699409151,0.03348429386558986,0.03548059026952989,0.042765390701949325,0.03613268925913748,0.037876866676835916,0.03563705675289717,0.030926866825191045,0.034059281401616216,0.03617965131803153,0.03438698186208545,0.027273209255212923,0.029065642294163314,0.038253657609472566,0.030914421083099736,0.03538067442714078,0.03306202653286804,0.03022399485528647,0.02695339508081111,0.029175495113212,0.036444208634354415,0.03350203355183029,0.02899774254320002,0.03077335629320237,0.038590994420672646,0.030276544919706376,0.03242279681333297
2022-07-18,0.027096330985360354,0.033284972888442364,0.029933626771675704,0.04144520699409151,0.03348429386558986,0.03548059026952989,0.042765390701949325,0.03613268925913748,0.037876866676835916,0.03563705675289717,0.030926866825191045,0.034059281401616216,0.03617965131803153,0.03438698186208545,0.027273209255212923,0.029065642294163314,0.038253657609472566,0.030914421083099736,0.03538067442714078,0.03306202653286804,0.03022399485528647,0.02695339508081111,0.029175495113212,0.036444208634354415,0.03350203355183029,0.02899774254320002,0.03077335629320237,0.038590994420672646,0.030276544919706376,0.03242279681333297
2022-07-19,0.027096330985360354,0.033284972888442364,0.029933626771675704,0.04144520699409151,0.03348429386558986,0.03548059026952989,0.042765390701949325,0.03613268925913748,0.037876866676835916,0.03563705675289717,0.030926866825191045,0.034059281401616216,0.03617965131803153,0.03438698186208545,0.027273209255212923,0.029065642294163314,0.038253657609472566,0.030914421083099736,0.03538067442714078,0.03306202653286804,0.03022399485528647,0.02695339508081111,0.029175495113212,0.036444208634354415,0.03350203355183029,0.02899774254320002,0.03077335629320237,0.038590994420672646,0.030276544919706376,0.03242279681333297
2022-07-20,0.027096330985360354,0.033284972888442364,0.029933626771675704,0.04144520699409151,0.03348429386558986,0.03548059026952989,0.042765390701949325,0.03613268925913748,0.037876866676835916,0.03563705675289717,0.030926866825191045,0.034059281401616216,0.03617965131803153,0.03438698186208545,0.027273209255212923,0.029065642294163314,0.038253657609472566,0.030914421083099736,0.03538067442714078,0.03306202653286804,0.03022399485528647,0.02695339508081111,0.029175495113212,0.036444208634354415,0.03350203355183029,0.02899774254320002,0.03077335629320237,0.038590994420672646,0.030276544919706376,0.03242279681333297
2022-07-21,0.027096330985360354,0.033284972888442364,0.029933626771675704,0.04144520699409151,0.03348429386558986,0.03548059026952989,0.042765390701949325,0.03613268925913748,0.037876866676835916,0.03563705675289717,0.030926866825191045,0.034059281401616216,0.03617965131803153,0.03438698186208545,0.027273209255212923,0.029065642294163314,0.038253657609472566,0.030914421083099736,0.03538067442714078,0.03306202653286804,0.03022399485528647,0.02695339508081111,0.029175495113212,0.036444208634354415,0.03350203355183029,0.02899774254320002,0.03077335629320237,0.038590994420672646,0.030276544919706376,0.03242279681333297
2022-07-22,0.027096330985360354,0.033284972888442364,0.029933626771675704,0.04144520699409151,0.03348429386558986,0.03548059026952989,0.042765390701949325,0.03613268925913748,0.037876866676835916,0.03563705675289717,0.030926866825191045,0.034059281401616216,0.03617965131803153,0.03438698186208545,0.027273209255212923,0.029065642294163314,0.038253657609472566,0.030914421083099736,0.03538067442714078,0.03306202653286804,0.03022399485528647,0.02695339508081111,0.029175495113212,0.036444208634354415,0.03350203355183029,0.02899774254320002,0.03077335629320237,0.038590994420672646,0.030276544919706376,0.03242279681333297
2022-07-25,0.027096330985360354,0.033284972888442364,0.029933626771675704,0.04144520699409151,0.03348429386558986,0.03548059026952989,0.042765390701949325,0.03613268925913748,0.037876866676835916,0.03563705675289717,0.030926866825191045,0.034059281401616216,0.03617965131803153,0.03438698186208545,0.027273209255212923,0.029065642294163314,0.038253657609472566,0.030914421083099736,0.03538067442714078,0.03306202653286804,0.03022399485528647,0.02695339508081111,0.029175495113212,0.036444208634354415,0.03350203355183029,0.02899774254320002,0.03077335629320237,0.038590994420672646,0.030276544919706376,0.03242279681333297
2022-07-26,0.027096330985360354,0.033284972888442364,0.029933626771675704,0.04144520699409151,0.03348429386558986,0.03548059026952989,0.042765390701949325,0.03613268925913748,0.037876866676835916,0.03563705675289717,0.030926866825191045,0.034059281401616216,0.03617965131803153,0.03438698186208545,0.027273209255212923,0.029065642294163314,0.038253657609472566,0.030914421083099736,0.03538067442714078,0.03306202653286804,0.03022399485528647,0.02695339508081111,0.029175495113212,0.036444208634354415,0.03350203355183029,0.02899774254320002,0.03077335629320237,0.038590994420672646,0.030276544919706376,0.03242279681333297
2022-07-27,0.027096330985360354,0.033284972888442364,0.029933626771675704,0.04144520699409151,0.03348429386558986,0.03548059026952989,0.042765390701949325,0.03613268925913748,0.037876866676835916,0.03563705675289717,0.030926866825191045,0.034059281401616216,0.03617965131803153,0.03438698186208545,0.027273209255212923,0.029065642294163314,0.038253657609472566,0.030914421083099736,0.03538067442714078,0.03306202653286804,0.03022399485528647,0.02695339508081111,0.029175495113212,0.036444208634354415,0.03350203355183029,0.02899774254320002,0.03077335629320237,0.038590994420672646,0.030276544919706376,0.03242279681333297
2022-07-28,0.027096330985360354,0.033284972888442364,0.029933626771675704,0.04144520699409151,0.03348429386558986,0.03548059026952989,0.042765390701949325,0.03613268925913748,0.037876866676835916,0.03563705675289717,0.030926866825191045,0.034059281401616216,0.03617965131803153,0.03438698186208545,0.027273209255212923,0.029065642294163314,0.038253657609472566,0.030914421083099736,0.03538067442714078,0.03306202653286804,0.03022399485528647,0.02695339508081111,0.029175495113212,0.036444208634354415,0.03350203355183029,0.02899774254320002,0.03077335629320237,0.038590994420672646,0.030276544919706376,0.03242279681333297
2022-07-29,0.027096330985360354,0.033284972888442364,0.029933626771675704,0.04144520699409151,0.03348429386558986,0.03548059026952989,0.042765390701949325,0.03613268925913748,0.037876866676835916,0.03563705675289717,0.030926866825191045,0.034059281401616216,0.03617965131803153,0.03438698186208545,0.027273209255212923,0.029065642294163314,0.038253657609472566,0.030914421083099736,0.03538067442714078,0.03306202653286804,0.03022399485528647,0.02695339508081111,0.029175495113212,0.036444208634354415,0.03350203355183029,0.02899774254320002,0.03077335629320237,0.038590994420672646,0.030276544919706376,0.03242279681333297
2022-08-01,0.028576685000599147,0.03428423649747996,0.030194942140600027,0.03327701772014494,0.03498932895028459,0.03606593025307216,0.04152228665982067,0.03535896091255627,0.035932512658412886,0.029994749110510994,0.03578859922021447,0.030586287099163872,0.03424467586369348,0.0319251083835982,0.029378881480310336,0.03231416083249904,0.03149719486367497,0.028927740790847076,0.03149026226440286,0.041932226113606745,0.028252603642845698,0.030093185544469804,0.028020301683674857,0.037917260729240274,0.03638294506104682,0.028485508135430118,0.031797854225867395,0.03666349369704972,0.03795331665745669,0.036151743807425855
2022-08-02,0.028576685000599147,0.03428423649747996,0.030194942140600027,0.03327701772014494,0.03498932895028459,0.03606593025307216,0.04152228665982067,0.03535896091255627,0.035932512658412886,0.029994749110510994,0.03578859922021447,0.030586287099163872,0.03424467586369348,0.0319251083835982,0.029378881480310336,0.03231416083249904,0.03149719486367497,0.028927740790847076,0.03149026226440286,0.041932226113606745,0.028252603642845698,0.030093185544469804,0.028020301683674857,0.037917260729240274,0.03638294506104682,0.028485508135430118,0.031797854225867395,0.03666349369704972,0.03795331665745669,0.036151743807425855
2022-08-03,0.028576685000599147,0.03428423649747996,0.030194942140600027,0.03327701772014494,0.03498932895028459,0.03606593025307216,0.04152228665982067,0.03535896091255627,0.035932512658412886,0.029994749110510994,0.03578859922021447,0.030586287099163872,0.03424467586369348,0.0319251083835982,0.029378881480310336,0.03231416083249904,0.03149719486367497,0.028927740790847076,0.03149026226440286,0.041932226113606745,0.028252603642845698,0.030093185544469804,0.028020301683674857,0.037917260729240274,0.03638294506104682,0.028485508135430118,0.031797854225867395,0.03666349369704972,0.03795331665745669,0.036151743807425855
2022-08-04,0.028576685000599147,0.03428423649747996,0.030194942140600027,0.03327701772014494,0.03498932895028459,0.03606593025307216,0.04152228665982067,0.03535896091255627,0.035932512658412886,0.029994749110510994,0.03578859922021447,0.030586287099163872,0.03424467586369348,0.0319251083835982,0.029378881480310336,0.03231416083249904,0.03149719486367497,0.028927740790847076,0.03149026226440286,0.041932226113606745,0.028252603642845698,0.030093185544469804,0.028020301683674857,0.037917260729240274,0.03638294506104682,0.028485508135430118,0.031797854225867395,0.03666349369704972,0.03795331665745669,0.036151743807425855
2022-08-05,0.028576685000599147,0.03428423649747996,0.030194942140600027,0.03327701772014494,0.03498932895028459,0.03606593025307216,0.04152228665982067,0.03535896091255627,0.035932512658412886,0.029994749110510994,0.03578859922021447,0.030586287099163872,0.03424467586369348,0.0319251083835982,0.029378881480310336,0.03231416083249904,0.03149719486367497,0.028927740790847076,0.03149026226440286,0.041932226113606745,0.028252603642845698,0.030093185544469804,0.028020301683674857,0.037917260729240274,0.03638294506104682,0.028485508135430118,0.031797854225867395,0.03666349369704972,0.03795331665745669,0.036151743807425855
2022-08-08,0.028576685000599147,0.03428423649747996,0.030194942140600027,0.03327701772014494,0.03498932895028459,0.03606593025307216,0.04152228665982067,0.03535896091255627,0.035932512658412886,0.029994749110510994,0.03578859922021447,0.030586287099163872,0.03424467586369348,0.0319251083835982,0.029378881480310336,0.03231416083249904,0.03149719486367497,0.028927740790847076,0.03149026226440286,0.041932226113606745,0.028252603642845698,0.030093185544469804,0.028020301683674857,0.037917260729240274,0.03638294506104682,0.028485508135430118,0.031797854225867395,0.03666349369704972,0.03795331665745669,0.036151743807425855
2022-08-09,0.028576685000599147,0.03428423649747996,0.030194942140600027,0.03327701772014494,0.03498932895028459,0.03606593025307216,0.04152228665982067,0.03535896091255627,0.035932512658412886,0.029994749110510994,0.03578859922021447,0.030586287099163872,0.03424467586369348,0.0319251083835982,0.029378881480310336,0.03231416083249904,0.03149719486367497,0.028927740790847076,0.03149026226440286,0.041932226113606745,0.028252603642845698,0.030093185544469804,0.028020301683674857,0.037917260729240274,0.03638294506104682,0.028485508135430118,0.031797854225867395,0.03666349369704972,0.03795331665745669,0.036151743807425855
2022-08-10,0.028576685000599147,0.03428423649747996,0.030194942140600027,0.03327701772014494,0.03498932895028459,0.03606593025307216,0.04152228665982067,0.03535896091255627,0.035932512658412886,0.029994749110510994,0.03578859922021447,0.030586287099163872,0.03424467586369348,0.0319251083835982,0.029378881480310336,0.03231416083249904,0.03149719486367497,0.028927740790847076,0.03149026226440286,0.041932226113606745,0.028252603642845698,0.030093185544469804,0.028020301683674857,0.037917260729240274,0.03638294506104682,0.028485508135430118,0.031797854225867395,0.03666349369704972,0.03795331665745669,0.036151743807425855
2022-08-11,0.028576685000599147,0.03428423649747996,0.030194942140600027,0.03327701772014494,0.03498932895028459,0.03606593025307216,0.04152228665982067,0.03535896091255627,0.035932512658412886,0.029994749110510994,0.03578859922021447,0.030586287099163872,0.03424467586369348,0.0319251083835982,0.029378881480310336,0.03231416083249904,0.03149719486367497,0.028927740790847076,0.03149026226440286,0.041932226113606745,0.028252603642845698,0.030093185544469804,0.028020301683674857,0.037917260729240274,0.03638294506104682,0.028485508135430118,0.031797854225867395,0.03666349369704972,0.03795331665745669,0.036151743807425855
2022-08-12,0.028576685000599147,0.03428423649747996,0.030194942140600027,0.03327701772014494,0.03498932895028459,0.03606593025307216,0.04152228665982067,0.03535896091255627,0.035932512658412886,0.029994749110510994,0.03578859922021447,0.030586287099163872,0.03424467586369348,0.0319251083835982,0.029378881480310336,0.03231416083249904,0.03149719486367497,0.028927740790847076,0.03149026226440286,0.041932226113606745,0.028252603642845698,0.030093185544469804,0.028020301683674857,0.037917260729240274,0.03638294506104682,0.028485508135430118,0.031797854225867395,0.03666349369704972,0.03795331665745669,0.036151743807425855
2022-08-15,0.028576685000599147,0.03428423649747996,0.030194942140600027,0.03327701772014494,0.03498932895028459,0.03606593025307216,0.04152228665982067,0.03535896091255627,0.035932512658412886,0.029994749110510994,0.03578859922021447,0.030586287099163872,0.03424467586369348,0.0319251083835982,0.029378881480310336,0.03231416083249904,0.03149719486367497,0.028927740790847076,0.03149026226440286,0.041932226113606745,0.028252603642845698,0.030093185544469804,0.028020301683674857,0.037917260729240274,0.03638294506104682,0.028485508135430118,0.031797854225867395,0.03666349369704972,0.03795331665745669,0.036151743807425855
2022-08-16,0.028576685000599147,0.03428423649747996,0.030194942140600027,0.03327701772014494,0.03498932895028459,0.03606593025307216,0.04152228665982067,0.03535896091255627,0.035932512658412886,0.029994749110510994,0.03578859922021447,0.030586287099163872,0.03424467586369348,0.0319251083835982,0.029378881480310336,0.03231416083249904,0.03149719486367497,0.028927740790847076,0.03149026226440286,0.041932226113606745,0.028252603642845698,0.030093185544469804,0.028020301683674857,0.037917260729240274,0.03638294506104682,0.028485508135430118,0.031797854225867395,0.03666349369704972,0.03795331665745669,0.036151743807425855
2022-08-17,0.028576685000599147,0.03428423649747996,0.030194942140600027,0.03327701772014494,0.03498932895028459,0.03606593025307216,0.04152228665982067,0.03535896091255627,0.035932512658412886,0.029994749110510994,0.03578859922021447,0.030586287099163872,0.03424467586369348,0.0319251083835982,0.029378881480310336,0.03231416083249904,0.03149719486367497,0.028927740790847076,0.03149026226440286,0.041932226113606745,0.028252603642845698,0.030093185544469804,0.028020301683674857,0.037917260729240274,0.03638294506104682,0.028485508135430118,0.031797854225867395,0.03666349369704972,0.03795331665745669,0.036151743807425855
2022-08-18,0.028576685000599147,0.03428423649747996,0.030194942140600027,0.03327701772014494,0.03498932895028459,0.03606593025307216,0.04152228665982067,0.03535896091255627,0.035932512658412886,0.029994749110510994,0.03578859922021447,0.030586287099163872,0.03424467586369348,0.0319251083835982,0.029378881480310336,0.03231416083249904,0.03149719486367497,0.028927740790847076,0.03149026226440286,0.041932226113606745,0.028252603642845698,0.030093185544469804,0.028020301683674857,0.037917260729240274,0.03638294506104682,0.028485508135430118,0.031797854225867395,0.03666349369704972,0.03795331665745669,0.036151743807425855
2022-08-19,0.028576685000599147,0.03428423649747996,0.030194942140600027,0.03327701772014494,0.03498932895028459,0.03606593025307216,0.04152228665982067,0.03535896091255627,0.035932512658412886,0.029994749110510994,0.03578859922021447,0.030586287099163872,0.03424467586369348,0.0319251083835982,0.029378881480310336,0.03231416083249904,0.03149719486367497,0.028927740790847076,0.03149026226440286,0.041932226113606745,0.028252603642845698,0.030093185544469804,0.028020301683674857,0.037917260729240274,0.03638294506104682,0.028485508135430118,0.031797854225867395,0.03666349369704972,0.03795331665745669,0.036151743807425855
2022-08-22,0.028576685000599147,0.03428423649747996,0.030194942140600027,0.03327701772014494,0.03498932895028459,0.03606593025307216,0.04152228665982067,0.03535896091255627,0.035932512658412886,0.029994749110510994,0.03578859922021447,0.030586287099163872,0.03424467586369348,0.0319251083835982,0.029378881480310336,0.03231416083249904,0.03149719486367497,0.028927740790847076,0.03149026226440286,0.041932226113606745,0.028252603642845698,0.030093185544469804,0.028020301683674857,0.037917260729240274,0.03638294506104682,0.028485508135430118,0.031797854225867395,0.03666349369704972,0.03795331665745669,0.036151743807425855
2022-08-23,0.028576685000599147,0.03428423649747996,0.030194942140600027,0.03327701772014494,0.03498932895028459,0.03606593025307216,0.04152228665982067,0.03535896091255627,0.035932512658412886,0.029994749110510994,0.03578859922021447,0.030586287099163872,0.03424467586369348,0.0319251083835982,0.029378881480310336,0.03231416083249904,0.03149719486367497,0.028927740790847076,0.03149026226440286,0.041932226113606745,0.028252603642845698,0.030093185544469804,0.028020301683674857,0.037917260729240274,0.03638294506104682,0.028485508135430118,0.031797854225867395,0.03666349369704972,0.03795331665745669,0.036151743807425855
2022-08-24,0.028576685000599147,0.03428423649747996,0.030194942140600027,0.03327701772014494,0.03498932895028459,0.03606593025307216,0.04152228665982067,0.03535896091255627,0.035932512658412886,0.029994749110510994,0.03578859922021447,0.030586287099163872,0.03424467586369348,0.0319251083835982,0.029378881480310336,0.03231416083249904,0.03149719486367497,0.028927740790847076,0.03149026226440286,0.041932226113606745,0.028252603642845698,0.030093185544469804,0.028020301683674857,0.037917260729240274,0.03638294506104682,0.028485508135430118,0.031797854225867395,0.03666349369704972,0.03795331665745669,0.036151743807425855
2022-08-25,0.028576685000599147,0.03428423649747996,0.030194942140600027,0.03327701772014494,0.03498932895028459,0.03606593025307216,0.04152228665982067,0.03535896091255627,0.035932512658412886,0.029994749110510994,0.03578859922021447,0.030586287099163872,0.03424467586369348,0.0319251083835982,0.029378881480310336,0.03231416083249904,0.03149719486367497,0.028927740790847076,0.03149026226440286,0.041932226113606745,0.028252603642845698,0.030093185544469804,0.028020301683674857,0.037917260729240274,0.03638294506104682,0.028485508135430118,0.031797854225867395,0.03666349369704972,0.03795331665745669,0.036151743807425855
2022-08-26,0.028576685000599147,0.03428423649747996,0.030194942140600027,0.03327701772014494,0.03498932895028459,0.03606593025307216,0.04152228665982067,0.03535896091255627,0.035932512658412886,0.029994749110510994,0.03578859922021447,0.030586287099163872,0.03424467586369348,0.0319251083835982,0.029378881480310336,0.03231416083249904,0.03149719486367497,0.028927740790847076,0.03149026226440286,0.041932226113606745,0.028252603642845698,0.030093185544469804,0.028020301683674857,0.037917260729240274,0.03638294506104682,0.028485508135430118,0.031797854225867395,0.03666349369704972,0.03795331665745669,0.036151743807425855
2022-08-29,0.028576685000599147,0.03428423649747996,0.030194942140600027,0.03327701772014494,0.03498932895028459,0.03606593025307216,0.04152228665982067,0.03535896091255627,0.035932512658412886,0.029994749110510994,0.03578859922021447,0.030586287099163872,0.03424467586369348,0.0319251083835982,0.029378881480310336,0.03231416083249904,0.03149719486367497,0.028927740790847076,0.03149026226440286,0.041932226113606745,0.028252603642845698,0.030093185544469804,0.028020301683674857,0.037917260729240274,0.03638294506104682,0.028485508135430118,0.031797854225867395,0.03666349369704972,0.03795331665745669,0.036151743807425855
2022-08-30,0.028576685000599147,0.03428423649747996,0.030194942140600027,0.03327701772014494,0.03498932895028459,0.03606593025307216,0.04152228665982067,0.03535896091255627,0.035932512658412886,0.029994749110510994,0.03578859922021447,0.030586287099163872,0.03424467586369348,0.0319251083835982,0.029378881480310336,0.03231416083249904,0.03149719486367497,0.028927740790847076,0.03149026226440286,0.041932226113606745,0.028252603642845698,0.030093185544469804,0.028020301683674857,0.037917260729240274,0.03638294506104682,0.028485508135430118,0.031797854225867395,0.03666349369704972,0.03795331665745669,0.036151743807425855
2022-08-31,0.028576685000599147,0.03428423649747996,0.030194942140600027,0.03327701772014494,0.03498932895028459,0.03606593025307216,0.04152228665982067,0.03535896091255627,0.035932512658412886,0.029994749110510994,0.03578859922021447,0.030586287099163872,0.03424467586369348,0.0319251083835982,0.029378881480310336,0.03231416083249904,0.03149719486367497,0.028927740790847076,0.03149026226440286,0.041932226113606745,0.028252603642845698,0.030093185544469804,0.028020301683674857,0.037917260729240274,0.03638294506104682,0.028485508135430118,0.031797854225867395,0.03666349369704972,0.03795331665745669,0.036151743807425855
2022-09-01,0.030242616141439367,0.030850611247005028,0.036166784971713974,0.033235952574891245,0.03452896052514792,0.03473785178421371,0.029815419630729985,0.036618990100430536,0.03407340878781187,0.03225251134556132,0.032428207989015356,0.03368220634437191,0.032216370244803054,0.033959171659854286,0.031217132679962022,0.029829520615341575,0.03685406813032749,0.0311729081586228,0.033476453987331664,0.04247005943365249,0.02749564931155181,0.03248200783430948,0.03018503007320156,0.03185495494320517,0.038656395229494024,0.0329861475506372,0.030843316193762304,0.03248554782350451,0.03430549939236838,0.03887624529573778
2022-09-02,0.030242616141439367,0.030850611247005028,0.036166784971713974,0.033235952574891245,0.03452896052514792,0.03473785178421371,0.029815419630729985,0.036618990100430536,0.03407340878781187,0.03225251134556132,0.032428207989015356,0.03368220634437191,0.032216370244803054,0.033959171659854286,0.031217132679962022,0.029829520615341575,0.03685406813032749,0.0311729081586228,0.033476453987331664,0.04247005943365249,0.02749564931155181,0.03248200783430948,0.03018503007320156,0.03185495494320517,0.038656395229494024,0.0329861475506372,0.030843316193762304,0.03248554782350451,0.03430549939236838,0.03887624529573778
2022-09-05,0.030242616141439367,0.030850611247005028,0.036166784971713974,0.033235952574891245,0.03452896052514792,0.03473785178421371,0.029815419630729985,0.036618990100430536,0.03407340878781187,0.03225251134556132,0.032428207989015356,0.03368220634437191,0.032216370244803054,0.033959171659854286,0.031217132679962022,0.029829520615341575,0.03685406813032749,0.0311729081586228,0.033476453987331664,0.04247005943365249,0.02749564931155181,0.03248200783430948,0.03018503007320156,0.03185495494320517,0.038656395229494024,0.0329861475506372,0.030843316193762304,0.03248554782350451,0.03430549939236838,0.03887624529573778
2022-09-06,0.030242616141439367,0.030850611247005028,0.036166784971713974,0.033235952574891245,0.03452896052514792,0.03473785178421371,0.029815419630729985,0.036618990100430536,0.03407340878781187,0.03225251134556132,0.032428207989015356,0.03368220634437191,0.032216370244803054,0.033959171659854286,0.031217132679962022,0.029829520615341575,0.03685406813032749,0.0311729081586228,0.033476453987331664,0.04247005943365249,0.02749564931155181,0.03248200783430948,0.03018503007320156,0.03185495494320517,0.038656395229494024,0.0329861475506372,0.030843316193762304,0.03248554782350451,0.03430549939236838,0.03887624529573778
2022-09-07,0.030242616141439367,0.030850611247005028,0.036166784971713974,0.033235952574891245,0.03452896052514792,0.03473785178421371,0.029815419630729985,0.036618990100430536,0.03407340878781187,0.03225251134556132,0.032428207989015356,0.03368220634437191,0.032216370244803054,0.033959171659854286,0.031217132679962022,0.029829520615341575,0.03685406813032749,0.0311729081586228,0.033476453987331664,0.04247005943365249,0.02749564931155181,0.03248200783430948,0.03018503007320156,0.03185495494320517,0.038656395229494024,0.0329861475506372,0.030843316193762304,0.03248554782350451,0.03430549939236838,0.03887624529573778
2022-09-08,0.030242616141439367,0.030850611247005028,0.036166784971713974,0.033235952574891245,0.03452896052514792,0.03473785178421371,0.029815419630729985,0.036618990100430536,0.03407340878781187,0.03225251134556132,0.032428207989015356,0.03368220634437191,0.032216370244803054,0.033959171659854286,0.031217132679962022,0.029829520615341575,0.03685406813032749,0.0311729081586228,0.033476453987331664,0.04247005943365249,0.02749564931155181,0.03248200783430948,0.03018503007320156,0.03185495494320517,0.038656395229494024,0.0329861475506372,0.030843316193762304,0.03248554782350451,0.03430549939236838,0.03887624529573778
2022-09-09,0.030242616141439367,0.030850611247005028,0.036166784971713974,0.033235952574891245,0.03452896052514792,0.03473785178421371,0.029815419630729985,0.036618990100430536,0.03407340878781187,0.03225251134556132,0.032428207989015356,0.03368220634437191,0.032216370244803054,0.033959171659854286,0.031217132679962022,0.029829520615341575,0.03685406813032749,0.0311729081586228,0.033476453987331664,0.04247005943365249,0.02749564931155181,0.03248200783430948,0.03018503007320156,0.03185495494320517,0.038656395229494024,0.0329861475506372,0.030843316193762304,0.03248554782350451,0.03430549939236838,0.03887624529573778
2022-09-12,0.030242616141439367,0.030850611247005028,0.036166784971713974,0.033235952574891245,0.03452896052514792,0.03473785178421371,0.029815419630729985,0.036618990100430536,0.03407340878781187,0.03225251134556132,0.032428207989015356,0.03368220634437191,0.032216370244803054,0.033959171659854286,0.031217132679962022,0.029829520615341575,0.03685406813032749,0.0311729081586228,0.033476453987331664,0.04247005943365249,0.02749564931155181,0.03248200783430948,0.03018503007320156,0.03185495494320517,0.038656395229494024,0.0329861475506372,0.030843316193762304,0.03248554782350451,0.03430549939236838,0.03887624529573778
2022-09-13,0.030242616141439367,0.030850611247005028,0.036166784971713974,0.033235952574891245,0.03452896052514792,0.03473785178421371,0.029815419630729985,0.036618990100430536,0.03407340878781187,0.03225251134556132,0.032428207989015356,0.03368220634437191,0.032216370244803054,0.033959171659854286,0.031217132679962022,0.029829520615341575,0.03685406813032749,0.0311729081586228,0.033476453987331664,0.04247005943365249,0.02749564931155181,0.03248200783430948,0.03018503007320156,0.03185495494320517,0.038656395229494024,0.0329861475506372,0.030843316193762304,0.03248554782350451,0.03430549939236838,0.03887624529573778
2022-09-14,0.030242616141439367,0.030850611247005028,0.036166784971713974,0.033235952574891245,0.03452896052514792,0.03473785178421371,0.029815419630729985,0.036618990100430536,0.03407340878781187,0.03225251134556132,0.032428207989015356,0.03368220634437191,0.032216370244803054,0.033959171659854286,0.031217132679962022,0.029829520615341575,0.03685406813032749,0.0311729081586228,0.033476453987331664,0.04247005943365249,0.02749564931155181,0.03248200783430948,0.03018503007320156,0.03185495494320517,0.038656395229494024,0.0329861475506372,0.030843316193762304,0.03248554782350451,0.03430549939236838,0.03887624529573778
2022-09-15,0.030242616141439367,0.030850611247005028,0.036166784971713974,0.033235952574891245,0.03452896052514792,0.03473785178421371,0.029815419630729985,0.036618990100430536,0.03407340878781187,0.03225251134556132,0.032428207989015356,0.03368220634437191,0.032216370244803054,0.033959171659854286,0.031217132679962022,0.029829520615341575,0.03685406813032749,0.0311729081586228,0.033476453987331664,0.04247005943365249,0.02749564931155181,0.03248200783430948,0.03018503007320156,0.03185495494320517,0.038656395229494024,0.0329861475506372,0.030843316193762304,0.03248554782350451,0.03430549939236838,0.03887624529573778
2022-09-16,0.030242616141439367,0.030850611247005028,0.036166784971713974,0.033235952574891245,0.03452896052514792,0.03473785178421371,0.029815419630729985,0.036618990100430536,0.03407340878781187,0.03225251134556132,0.032428207989015356,0.03368220634437191,0.032216370244803054,0.033959171659854286,0.031217132679962022,0.029829520615341575,0.03685406813032749,0.0311729081586228,0.033476453987331664,0.04247005943365249,0.02749564931155181,0.03248200783430948,0.03018503007320156,0.03185495494320517,0.038656395229494024,0.0329861475506372,0.030843316193762304,0.03248554782350451,0.03430549939236838,0.03887624529573778
2022-09-19,0.030242616141439367,0.030850611247005028,0.036166784971713974,0.033235952574891245,0.03452896052514792,0.03473785178421371,0.029815419630729985,0.036618990100430536,0.03407340878781187,0.03225251134556132,0.032428207989015356,0.03368220634437191,0.032216370244803054,0.033959171659854286,0.031217132679962022,0.029829520615341575,0.03685406813032749,0.0311729081586228,0.033476453987331664,0.04247005943365249,0.02749564931155181,0.03248200783430948,0.03018503007320156,0.03185495494320517,0.038656395229494024,0.0329861475506372,0.030843316193762304,0.03248554782350451,0.03430549939236838,0.03887624529573778
2022-09-20,0.030242616141439367,0.030850611247005028,0.036166784971713974,0.033235952574891245,0.03452896052514792,0.03473785178421371,0.029815419630729985,0.036618990100430536,0.03407340878781187,0.03225251134556132,0.032428207989015356,0.03368220634437191,0.032216370244803054,0.033959171659854286,0.031217132679962022,0.029829520615341575,0.03685406813032749,0.0311729081586228,0.033476453987331664,0.04247005943365249,0.02749564931155181,0.03248200783430948,0.03018503007320156,0.03185495494320517,0.038656395229494024,0.0329861475506372,0.030843316193762304,0.03248554782350451,0.03430549939236838,0.03887624529573778
2022-09-21,0.030242616141439367,0.030850611247005028,0.036166784971713974,0.033235952574891245,0.03452896052514792,0.03473785178421371,0.029815419630729985,0.036618990100430536,0.03407340878781187,0.03225251134556132,0.032428207989015356,0.03368220634437191,0.032216370244803054,0.033959171659854286,0.031217132679962022,0.029829520615341575,0.03685406813032749,0.0311729081586228,0.033476453987331664,0.04247005943365249,0.02749564931155181,0.03248200783430948,0.03018503007320156,0.03185495494320517,0.038656395229494024,0.0329861475506372,0.030843316193762304,0.03248554782350451,0.03430549939236838,0.03887624529573778
2022-09-22,0.030242616141439367,0.030850611247005028,0.036166784971713974,0.033235952574891245,0.03452896052514792,0.03473785178421371,0.029815419630729985,0.036618990100430536,0.03407340878781187,0.03225251134556132,0.032428207989015356,0.03368220634437191,0.032216370244803054,0.033959171659854286,0.031217132679962022,0.029829520615341575,0.03685406813032749,0.0311729081586228,0.033476453987331664,0.04247005943365249,0.02749564931155181,0.03248200783430948,0.03018503007320156,0.03185495494320517,0.038656395229494024,0.0329861475506372,0.030843316193762304,0.03248554782350451,0.03430549939236838,0.03887624529573778
2022-09-23,0.030242616141439367,0.030850611247005028,0.036166784971713974,0.033235952574891245,0.03452896052514792,0.03473785178421371,0.029815419630729985,0.036618990100430536,0.03407340878781187,0.03225251134556132,0.032428207989015356,0.03368220634437191,0.032216370244803054,0.033959171659854286,0.031217132679962022,0.029829520615341575,0.03685406813032749,0.0311729081586228,0.033476453987331664,0.04247005943365249,0.02749564931155181,0.03248200783430948,0.03018503007320156,0.03185495494320517,0.038656395229494024,0.0329861475506372,0.030843316193762304,0.03248554782350451,0.03430549939236838,0.03887624529573778
2022-09-26,0.030242616141439367,0.030850611247005028,0.036166784971713974,0.033235952574891245,0.03452896052514792,0.03473785178421371,0.029815419630729985,0.036618990100430536,0.03407340878781187,0.03225251134556132,0.032428207989015356,0.03368220634437191,0.032216370244803054,0.033959171659854286,0.031217132679962022,0.029829520615341575,0.03685406813032749,0.0311729081586228,0.033476453987331664,0.04247005943365249,0.02749564931155181,0.03248200783430948,0.03018503007320156,0.03185495494320517,0.038656395229494024,0.0329861475506372,0.030843316193762304,0.03248554782350451,0.03430549939236838,0.03887624529573778
2022-09-27,0.030242616141439367,0.030850611247005028,0.036166784971713974,0.033235952574891245,0.03452896052514792,0.03473785178421371,0.029815419630729985,0.036618990100430536,0.03407340878781187,0.03225251134556132,0.032428207989015356,0.03368220634437191,0.032216370244803054,0.033959171659854286,0.031217132679962022,0.029829520615341575,0.03685406813032749,0.0311729081586228,0.033476453987331664,0.04247005943365249,0.02749564931155181,0.03248200783430948,0.03018503007320156,0.03185495494320517,0.038656395229494024,0.0329861475506372,0.030843316193762304,0.03248554782350451,0.03430549939236838,0.03887624529573778
2022-09-28,0.030242616141439367,0.030850611247005028,0.036166784971713974,0.033235952574891245,0.03452896052514792,0.03473785178421371,0.029815419630729985,0.036618990100430536,0.03407340878781187,0.03225251134556132,0.032428207989015356,0.03368220634437191,0.032216370244803054,0.033959171659854286,0.031217132679962022,0.029829520615341575,0.03685406813032749,0.0311729081586228,0.033476453987331664,0.04247005943365249,0.02749564931155181,0.03248200783430948,0.03018503007320156,0.03185495494320517,0.038656395229494024,0.0329861475506372,0.030843316193762304,0.03248554782350451,0.03430549939236838,0.03887624529573778
2022-09-29,0.030242616141439367,0.030850611247005028,0.036166784971713974,0.033235952574891245,0.03452896052514792,0.03473785178421371,0.029815419630729985,0.036618990100430536,0.03407340878781187,0.03225251134556132,0.032428207989015356,0.03368220634437191,0.032216370244803054,0.033959171659854286,0.031217132679962022,0.029829520615341575,0.03685406813032749,0.0311729081586228,0.033476453987331664,0.04247005943365249,0.02749564931155181,0.03248200783430948,0.03018503007320156,0.03185495494320517,0.038656395229494024,0.0329861475506372,0.030843316193762304,0.03248554782350451,0.03430549939236838,0.03887624529573778
2022-09-30,0.030242616141439367,0.030850611247005028,0.036166784971713974,0.033235952574891245,0.03452896052514792,0.03473785178421371,0.029815419630729985,0.036618990100430536,0.03407340878781187,0.03225251134556132,0.032428207989015356,0.03368220634437191,0.032216370244803054,0.033959171659854286,0.031217132679962022,0.029829520615341575,0.03685406813032749,0.0311729081586228,0.033476453987331664,0.04247005943365249,0.02749564931155181,0.03248200783430948,0.03018503007320156,0.03185495494320517,0.038656395229494024,0.0329861475506372,0.030843316193762304,0.03248554782350451,0.03430549939236838,0.03887624529573778
2022-10-03,0.031606034170063885,0.03311173893231343,0.03735688739378265,0.0318498242311176,0.03502438573390102,0.030634836033110898,0.033485555135699195,0.03326684805223325,0.036935674286776715,0.030457349742409785,0.027769214522868287,0.035107108518512425,0.041953836256240565,0.034279703227124626,0.033524400887628134,0.030356834956968344,0.03405971588590976,0.030193762208869268,0.03225092835970987,0.04677782388147482,0.02936347394590239,0.029986260665737795,0.02861875720986847,0.03331268549204736,0.033249963101021414,0.03638093257474844,0.03022246963104794,0.026989116839000942,0.034923480943307925,0.036950397180602924
2022-10-04,0.031606034170063885,0.03311173893231343,0.03735688739378265,0.0318498242311176,0.03502438573390102,0.030634836033110898,0.033485555135699195,0.03326684805223325,0.036935674286776715,0.030457349742409785,0.027769214522868287,0.035107108518512425,0.041953836256240565,0.034279703227124626,0.033524400887628134,0.030356834956968344,0.03405971588590976,0.030193762208869268,0.03225092835970987,0.04677782388147482,0.02936347394590239,0.029986260665737795,0.02861875720986847,0.03331268549204736,0.033249963101021414,0.03638093257474844,0.03022246963104794,0.026989116839000942,0.034923480943307925,0.036950397180602924
2022-10-05,0.031606034170063885,0.03311173893231343,0.03735688739378265,0.0318498242311176,0.03502438573390102,0.030634836033110898,0.033485555135699195,0.03326684805223325,0.036935674286776715,0.030457349742409785,0.027769214522868287,0.035107108518512425,0.041953836256240565,0.034279703227124626,0.033524400887628134,0.030356834956968344,0.03405971588590976,0.030193762208869268,0.03225092835970987,0.04677782388147482,0.02936347394590239,0.029986260665737795,0.02861875720986847,0.03331268549204736,0.033249963101021414,0.03638093257474844,0.03022246963104794,0.026989116839000942,0.034923480943307925,0.036950397180602924
2022-10-06,0.031606034170063885,0.03311173893231343,0.03735688739378265,0.0318498242311176,0.03502438573390102,0.030634836033110898,0.033485555135699195,0.03326684805223325,0.036935674286776715,0.030457349742409785,0.027769214522868287,0.035107108518512425,0.041953836256240565,0.034279703227124626,0.033524400887628134,0.030356834956968344,0.03405971588590976,0.030193762208869268,0.03225092835970987,0.04677782388147482,0.02936347394590239,0.029986260665737795,0.02861875720986847,0.03331268549204736,0.033249963101021414,0.03638093257474844,0.03022246963104794,0.026989116839000942,0.034923480943307925,0.036950397180602924
2022-10-07,0.031606034170063885,0.03311173893231343,0.03735688739378265,0.0318498242311176,0.03502438573390102,0.030634836033110898,0.033485555135699195,0.03326684805223325,0.036935674286776715,0.030457349742409785,0.027769214522868287,0.035107108518512425,0.041953836256240565,0.034279703227124626,0.033524400887628134,0.030356834956968344,0.03405971588590976,0.030193762208869268,0.03225092835970987,0.04677782388147482,0.02936347394590239,0.029986260665737795,0.02861875720986847,0.03331268549204736,0.033249963101021414,0.03638093257474844,0.03022246963104794,0.026989116839000942,0.034923480943307925,0.036950397180602924
2022-10-10,0.031606034170063885,0.03311173893231343,0.03735688739378265,0.0318498242311176,0.03502438573390102,0.030634836033110898,0.033485555135699195,0.03326684805223325,0.036935674286776715,0.030457349742409785,0.027769214522868287,0.035107108518512425,0.041953836256240565,0.034279703227124626,0.033524400887628134,0.030356834956968344,0.03405971588590976,0.030193762208869268,0.03225092835970987,0.04677782388147482,0.02936347394590239,0.029986260665737795,0.02861875720986847,0.03331268549204736,0.033249963101021414,0.03638093257474844,0.03022246963104794,0.026989116839000942,0.034923480943307925,0.036950397180602924
2022-10-11,0.031606034170063885,0.03311173893231343,0.03735688739378265,0.0318498242311176,0.03502438573390102,0.030634836033110898,0.033485555135699195,0.03326684805223325,0.036935674286776715,0.030457349742409785,0.027769214522868287,0.035107108518512425,0.041953836256240565,0.034279703227124626,0.033524400887628134,0.030356834956968344,0.03405971588590976,0.030193762208869268,0.03225092835970987,0.04677782388147482,0.02936347394590239,0.029986260665737795,0.02861875720986847,0.03331268549204736,0.033249963101021414,0.03638093257474844,0.03022246963104794,0.026989116839000942,0.034923480943307925,0.036950397180602924
2022-10-12,0.031606034170063885,0.03311173893231343,0.03735688739378265,0.0318498242311176,0.03502438573390102,0.030634836033110898,0.033485555135699195,0.03326684805223325,0.036935674286776715,0.030457349742409785,0.027769214522868287,0.035107108518512425,0.041953836256240565,0.034279703227124626,0.033524400887628134,0.030356834956968344,0.03405971588590976,0.030193762208869268,0.03225092835970987,0.04677782388147482,0.02936347394590239,0.029986260665737795,0.02861875720986847,0.03331268549204736,0.033249963101021414,0.03638093257474844,0.03022246963104794,0.026989116839000942,0.034923480943307925,0.036950397180602924
2022-10-13,0.031606034170063885,0.03311173893231343,0.03735688739378265,0.0318498242311176,0.03502438573390102,0.030634836033110898,0.033485555135699195,0.03326684805223325,0.036935674286776715,0.030457349742409785,0.027769214522868287,0.035107108518512425,0.041953836256240565,0.034279703227124626,0.033524400887628134,0.030356834956968344,0.03405971588590976,0.030193762208869268,0.03225092835970987,0.04677782388147482,0.02936347394590239,0.029986260665737795,0.02861875720986847,0.03331268549204736,0.033249963101021414,0.03638093257474844,0.03022246963104794,0.026989116839000942,0.034923480943307925,0.036950397180602924
2022-10-14,0.031606034170063885,0.03311173893231343,0.03735688739378265,0.0318498242311176,0.03502438573390102,0.030634836033110898,0.033485555135699195,0.03326684805223325,0.036935674286776715,0.030457349742409785,0.027769214522868287,0.035107108518512425,0.041953836256240565,0.034279703227124626,0.033524400887628134,0.030356834956968344,0.03405971588590976,0.030193762208869268,0.03225092835970987,0.04677782388147482,0.02936347394590239,0.029986260665737795,0.02861875720986847,0.03331268549204736,0.033249963101021414,0.03638093257474844,0.03022246963104794,0.026989116839000942,0.034923480943307925,0.036950397180602924
2022-10-17,0.031606034170063885,0.03311173893231343,0.03735688739378265,0.0318498242311176,0.03502438573390102,0.030634836033110898,0.033485555135699195,0.03326684805223325,0.036935674286776715,0.030457349742409785,0.027769214522868287,0.035107108518512425,0.041953836256240565,0.034279703227124626,0.033524400887628134,0.030356834956968344,0.03405971588590976,0.030193762208869268,0.03225092835970987,0.04677782388147482,0.02936347394590239,0.029986260665737795,0.02861875720986847,0.03331268549204736,0.033249963101021414,0.03638093257474844,0.03022246963104794,0.026989116839000942,0.034923480943307925,0.036950397180602924
2022-10-18,0.031606034170063885,0.03311173893231343,0.03735688739378265,0.0318498242311176,0.03502438573390102,0.030634836033110898,0.033485555135699195,0.03326684805223325,0.036935674286776715,0.030457349742409785,0.027769214522868287,0.035107108518512425,0.041953836256240565,0.034279703227124626,0.033524400887628134,0.030356834956968344,0.03405971588590976,0.030193762208869268,0.03225092835970987,0.04677782388147482,0.02936347394590239,0.029986260665737795,0.02861875720986847,0.03331268549204736,0.033249963101021414,0.03638093257474844,0.03022246963104794,0.026989116839000942,0.034923480943307925,0.036950397180602924
2022-10-19,0.031606034170063885,0.03311173893231343,0.03735688739378265,0.0318498242311176,0.03502438573390102,0.030634836033110898,0.033485555135699195,0.03326684805223325,0.036935674286776715,0.030457349742409785,0.027769214522868287,0.035107108518512425,0.041953836256240565,0.034279703227124626,0.033524400887628134,0.030356834956968344,0.03405971588590976,0.030193762208869268,0.03225092835970987,0.04677782388147482,0.02936347394590239,0.029986260665737795,0.02861875720986847,0.03331268549204736,0.033249963101021414,0.03638093257474844,0.03022246963104794,0.026989116839000942,0.034923480943307925,0.036950397180602924
2022-10-20,0.031606034170063885,0.03311173893231343,0.03735688739378265,0.0318498242311176,0.03502438573390102,0.030634836033110898,0.033485555135699195,0.03326684805223325,0.036935674286776715,0.030457349742409785,0.027769214522868287,0.035107108518512425,0.041953836256240565,0.034279703227124626,0.033524400887628134,0.030356834956968344,0.03405971588590976,0.030193762208869268,0.03225092835970987,0.04677782388147482,0.02936347394590239,0.029986260665737795,0.02861875720986847,0.03331268549204736,0.033249963101021414,0.03638093257474844,0.03022246963104794,0.026989116839000942,0.034923480943307925,0.036950397180602924
2022-10-21,0.031606034170063885,0.03311173893231343,0.03735688739378265,0.0318498242311176,0.03502438573390102,0.030634836033110898,0.033485555135699195,0.03326684805223325,0.036935674286776715,0.030457349742409785,0.027769214522868287,0.035107108518512425,0.041953836256240565,0.034279703227124626,0.033524400887628134,0.030356834956968344,0.03405971588590976,0.030193762208869268,0.03225092835970987,0.04677782388147482,0.02936347394590239,0.029986260665737795,0.02861875720986847,0.03331268549204736,0.033249963101021414,0.03638093257474844,0.03022246963104794,0.026989116839000942,0.034923480943307925,0.036950397180602924
2022-10-24,0.031606034170063885,0.03311173893231343,0.03735688739378265,0.0318498242311176,0.03502438573390102,0.030634836033110898,0.033485555135699195,0.03326684805223325,0.036935674286776715,0.030457349742409785,0.027769214522868287,0.035107108518512425,0.041953836256240565,0.034279703227124626,0.033524400887628134,0.030356834956968344,0.03405971588590976,0.030193762208869268,0.03225092835970987,0.04677782388147482,0.02936347394590239,0.029986260665737795,0.02861875720986847,0.03331268549204736,0.033249963101021414,0.03638093257474844,0.03022246963104794,0.026989116839000942,0.034923480943307925,0.036950397180602924
2022-10-25,0.031606034170063885,0.03311173893231343,0.03735688739378265,0.0318498242311176,0.03502438573390102,0.030634836033110898,0.033485555135699195,0.03326684805223325,0.036935674286776715,0.030457349742409785,0.027769214522868287,0.035107108518512425,0.041953836256240565,0.034279703227124626,0.033524400887628134,0.030356834956968344,0.03405971588590976,0.030193762208869268,0.03225092835970987,0.04677782388147482,0.02936347394590239,0.029986260665737795,0.02861875720986847,0.03331268549204736,0.033249963101021414,0.03638093257474844,0.03022246963104794,0.026989116839000942,0.034923480943307925,0.036950397180602924
2022-10-26,0.031606034170063885,0.03311173893231343,0.03735688739378265,0.0318498242311176,0.03502438573390102,0.030634836033110898,0.033485555135699195,0.03326684805223325,0.036935674286776715,0.030457349742409785,0.027769214522868287,0.035107108518512425,0.041953836256240565,0.034279703227124626,0.033524400887628134,0.030356834956968344,0.03405971588590976,0.030193762208869268,0.03225092835970987,0.04677782388147482,0.02936347394590239,0.029986260665737795,0.02861875720986847,0.03331268549204736,0.033249963101021414,0.03638093257474844,0.03022246963104794,0.026989116839000942,0.034923480943307925,0.036950397180602924
2022-10-27,0.031606034170063885,0.03311173893231343,0.03735688739378265,0.0318498242311176,0.03502438573390102,0.030634836033110898,0.033485555135699195,0.03326684805223325,0.036935674286776715,0.030457349742409785,0.027769214522868287,0.035107108518512425,0.041953836256240565,0.034279703227124626,0.033524400887628134,0.030356834956968344,0.03405971588590976,0.030193762208869268,0.03225092835970987,0.04677782388147482,0.02936347394590239,0.029986260665737795,0.02861875720986847,0.03331268549204736,0.033249963101021414,0.03638093257474844,0.03022246963104794,0.026989116839000942,0.034923480943307925,0.036950397180602924
2022-10-28,0.031606034170063885,0.03311173893231343,0.03735688739378265,0.0318498242311176,0.03502438573390102,0.030634836033110898,0.033485555135699195,0.03326684805223325,0.036935674286776715,0.030457349742409785,0.027769214522868287,0.035107108518512425,0.041953836256240565,0.034279703227124626,0.033524400887628134,0.030356834956968344,0.03405971588590976,0.030193762208869268,0.03225092835970987,0.04677782388147482,0.02936347394590239,0.029986260665737795,0.02861875720986847,0.03331268549204736,0.033249963101021414,0.03638093257474844,0.03022246963104794,0.026989116839000942,0.034923480943307925,0.036950397180602924
2022-10-31,0.031606034170063885,0.03311173893231343,0.03735688739378265,0.0318498242311176,0.03502438573390102,0.030634836033110898,0.033485555135699195,0.03326684805223325,0.036935674286776715,0.030457349742409785,0.027769214522868287,0.035107108518512425,0.041953836256240565,0.034279703227124626,0.033524400887628134,0.030356834956968344,0.03405971588590976,0.030193762208869268,0.03225092835970987,0.04677782388147482,0.02936347394590239,0.029986260665737795,0.02861875720986847,0.03331268549204736,0.033249963101021414,0.03638093257474844,0.03022246963104794,0.026989116839000942,0.034923480943307925,0.036950397180602924
2022-11-01,0.02944349600086782,0.03232032609434097,0.04090799474386665,0.03374413677078764,0.03094078829223258,0.028947019647190573,0.03398394539552312,0.03515367937635468,0.03172108203734952,0.03600054216849403,0.03547022183384445,0.0326470254396198,0.032553028448038174,0.032873782213284554,0.03068014745943281,0.031326457681119545,0.03818184602779462,0.030511702591354117,0.040955415367078175,0.040937263163512955,0.02783272555040927,0.0307821569562303,0.033507390605302445,0.030351479670146703,0.032759916217745044,0.03496712357883998,0.028444877122644648,0.034081552690044856,0.03184695492931492,0.03612592192723491
2022-11-02,0.02944349600086782,0.03232032609434097,0.04090799474386665,0.03374413677078764,0.03094078829223258,0.028947019647190573,0.03398394539552312,0.03515367937635468,0.03172108203734952,0.03600054216849403,0.03547022183384445,0.0326470254396198,0.032553028448038174,0.032873782213284554,0.03068014745943281,0.031326457681119545,0.03818184602779462,0.030511702591354117,0.040955415367078175,0.040937263163512955,0.02783272555040927,0.0307821569562303,0.033507390605302445,0.030351479670146703,0.032759916217745044,0.03496712357883998,0.028444877122644648,0.034081552690044856,0.03184695492931492,0.03612592192723491
2022-11-03,0.02944349600086782,0.03232032609434097,0.04090799474386665,0.03374413677078764,0.03094078829223258,0.028947019647190573,0.03398394539552312,0.03515367937635468,0.03172108203734952,0.03600054216849403,0.03547022183384445,0.0326470254396198,0.032553028448038174,0.032873782213284554,0.03068014745943281,0.031326457681119545,0.03818184602779462,0.030511702591354117,0.040955415367078175,0.040937263163512955,0.02783272555040927,0.0307821569562303,0.033507390605302445,0.030351479670146703,0.032759916217745044,0.03496712357883998,0.028444877122644648,0.034081552690044856,0.03184695492931492,0.03612592192723491
2022-11-04,0.02944349600086782,0.03232032609434097,0.04090799474386665,0.03374413677078764,0.03094078829223258,0.028947019647190573,0.03398394539552312,0.03515367937635468,0.03172108203734952,0.03600054216849403,0.03547022183384445,0.0326470254396198,0.032553028448038174,0.032873782213284554,0.03068014745943281,0.031326457681119545,0.03818184602779462,0.030511702591354117,0.040955415367078175,0.040937263163512955,0.02783272555040927,0.0307821569562303,0.033507390605302445,0.030351479670146703,0.032759916217745044,0.03496712357883998,0.028444877122644648,0.034081552690044856,0.03184695492931492,0.03612592192723491
2022-11-07,0.02944349600086782,0.03232032609434097,0.04090799474386665,0.03374413677078764,0.03094078829223258,0.028947019647190573,0.03398394539552312,0.03515367937635468,0.03172108203734952,0.03600054216849403,0.03547022183384445,0.0326470254396198,0.032553028448038174,0.032873782213284554,0.03068014745943281,0.031326457681119545,0.03818184602779462,0.030511702591354117,0.040955415367078175,0.040937263163512955,0.02783272555040927,0.0307821569562303,0.033507390605302445,0.030351479670146703,0.032759916217745044,0.03496712357883998,0.028444877122644648,0.034081552690044856,0.03184695492931492,0.03612592192723491
2022-11-08,0.02944349600086782,0.03232032609434097,0.04090799474386665,0.03374413677078764,0.03094078829223258,0.028947019647190573,0.03398394539552312,0.03515367937635468,0.03172108203734952,0.03600054216849403,0.03547022183384445,0.0326470254396198,0.032553028448038174,0.032873782213284554,0.03068014745943281,0.031326457681119545,0.03818184602779462,0.030511702591354117,0.040955415367078175,0.040937263163512955,0.02783272555040927,0.0307821569562303,0.033507390605302445,0.030351479670146703,0.032759916217745044,0.03496712357883998,0.028444877122644648,0.034081552690044856,0.03184695492931492,0.03612592192723491
2022-11-09,0.02944349600086782,0.03232032609434097,0.04090799474386665,0.03374413677078764,0.03094078829223258,0.028947019647190573,0.03398394539552312,0.03515367937635468,0.03172108203734952,0.03600054216849403,0.03547022183384445,0.0326470254396198,0.032553028448038174,0.032873782213284554,0.03068014745943281,0.031326457681119545,0.03818184602779462,0.030511702591354117,0.040955415367078175,0.040937263163512955,0.02783272555040927,0.0307821569562303,0.033507390605302445,0.030351479670146703,0.032759916217745044,0.03496712357883998,0.028444877122644648,0.034081552690044856,0.03184695492931492,0.03612592192723491
2022-11-10,0.02944349600086782,0.03232032609434097,0.04090799474386665,0.03374413677078764,0.03094078829223258,0.028947019647190573,0.03398394539552312,0.03515367937635468,0.03172108203734952,0.03600054216849403,0.03547022183384445,0.0326470254396198,0.032553028448038174,0.032873782213284554,0.03068014745943281,0.031326457681119545,0.03818184602779462,0.030511702591354117,0.040955415367078175,0.040937263163512955,0.02783272555040927,0.0307821569562303,0.033507390605302445,0.030351479670146703,0.032759916217745044,0.03496712357883998,0.028444877122644648,0.034081552690044856,0.03184695492931492,0.03612592192723491
2022-11-11,0.02944349600086782,0.03232032609434097,0.04090799474386665,0.03374413677078764,0.03094078829223258,0.028947019647190573,0.03398394539552312,0.03515367937635468,0.03172108203734952,0.03600054216849403,0.03547022183384445,0.0326470254396198,0.032553028448038174,0.032873782213284554,0.03068014745943281,0.031326457681119545,0.03818184602779462,0.030511702591354117,0.040955415367078175,0.040937263163512955,0.02783272555040927,0.0307821569562303,0.033507390605302445,0.030351479670146703,0.032759916217745044,0.03496712357883998,0.028444877122644648,0.034081552690044856,0.03184695492931492,0.03612592192723491
2022-11-14,0.02944349600086782,0.03232032609434097,0.04090799474386665,0.03374413677078764,0.03094078829223258,0.028947019647190573,0.03398394539552312,0.03515367937635468,0.03172108203734952,0.03600054216849403,0.03547022183384445,0.0326470254396198,0.032553028448038174,0.032873782213284554,0.03068014745943281,0.031326457681119545,0.03818184602779462,0.030511702591354117,0.040955415367078175,0.040937263163512955,0.02783272555040927,0.0307821569562303,0.033507390605302445,0.030351479670146703,0.032759916217745044,0.03496712357883998,0.028444877122644648,0.034081552690044856,0.03184695492931492,0.03612592192723491
2022-11-15,0.02944349600086782,0.03232032609434097,0.04090799474386665,0.03374413677078764,0.03094078829223258,0.028947019647190573,0.03398394539552312,0.03515367937635468,0.03172108203734952,0.03600054216849403,0.03547022183384445,0.0326470254396198,0.032553028448038174,0.032873782213284554,0.03068014745943281,0.031326457681119545,0.03818184602779462,0.030511702591354117,0.040955415367078175,0.040937263163512955,0.02783272555040927,0.0307821569562303,0.033507390605302445,0.030351479670146703,0.032759916217745044,0.03496712357883998,0.028444877122644648,0.034081552690044856,0.03184695492931492,0.03612592192723491
2022-11-16,0.02944349600086782,0.03232032609434097,0.04090799474386665,0.03374413677078764,0.03094078829223258,0.028947019647190573,0.03398394539552312,0.03515367937635468,0.03172108203734952,0.03600054216849403,0.03547022183384445,0.0326470254396198,0.032553028448038174,0.032873782213284554,0.03068014745943281,0.031326457681119545,0.03818184602779462,0.030511702591354117,0.040955415367078175,0.040937263163512955,0.02783272555040927,0.0307821569562303,0.033507390605302445,0.030351479670146703,0.032759916217745044,0.03496712357883998,0.028444877122644648,0.034081552690044856,0.03184695492931492,0.03612592192723491
2022-11-17,0.02944349600086782,0.03232032609434097,0.04090799474386665,0.03374413677078764,0.03094078829223258,0.028947019647190573,0.03398394539552312,0.03515367937635468,0.03172108203734952,0.03600054216849403,0.03547022183384445,0.0326470254396198,0.032553028448038174,0.032873782213284554,0.03068014745943281,0.031326457681119545,0.03818184602779462,0.030511702591354117,0.040955415367078175,0.040937263163512955,0.02783272555040927,0.0307821569562303,0.033507390605302445,0.030351479670146703,0.032759916217745044,0.03496712357883998,0.028444877122644648,0.034081552690044856,0.03184695492931492,0.03612592192723491
2022-11-18,0.02944349600086782,0.03232032609434097,0.04090799474386665,0.03374413677078764,0.03094078829223258,0.028947019647190573,0.03398394539552312,0.03515367937635468,0.03172108203734952,0.03600054216849403,0.03547022183384445,0.0326470254396198,0.032553028448038174,0.032873782213284554,0.03068014745943281,0.031326457681119545,0.03818184602779462,0.030511702591354117,0.040955415367078175,0.040937263163512955,0.02783272555040927,0.0307821569562303,0.033507390605302445,0.030351479670146703,0.032759916217745044,0.03496712357883998,0.028444877122644648,0.034081552690044856,0.03184695492931492,0.03612592192723491
2022-11-21,0.02944349600086782,0.03232032609434097,0.04090799474386665,0.03374413677078764,0.03094078829223258,0.028947019647190573,0.03398394539552312,0.03515367937635468,0.03172108203734952,0.03600054216849403,0.03547022183384445,0.0326470254396198,0.032553028448038174,0.032873782213284554,0.03068014745943281,0.031326457681119545,0.03818184602779462,0.030511702591354117,0.040955415367078175,0.040937263163512955,0.02783272555040927,0.0307821569562303,0.033507390605302445,0.030351479670146703,0.032759916217745044,0.03496712357883998,0.028444877122644648,0.034081552690044856,0.03184695492931492,0.03612592192723491
2022-11-22,0.02944349600086782,0.03232032609434097,0.04090799474386665,0.03374413677078764,0.03094078829223258,0.028947019647190573,0.03398394539552312,0.03515367937635468,0.03172108203734952,0.03600054216849403,0.03547022183384445,0.0326470254396198,0.032553028448038174,0.032873782213284554,0.03068014745943281,0.031326457681119545,0.03818184602779462,0.030511702591354117,0.040955415367078175,0.040937263163512955,0.02783272555040927,0.0307821569562303,0.033507390605302445,0.030351479670146703,0.032759916217745044,0.03496712357883998,0.028444877122644648,0.034081552690044856,0.03184695492931492,0.03612592192723491
2022-11-23,0.02944349600086782,0.03232032609434097,0.04090799474386665,0.03374413677078764,0.03094078829223258,0.028947019647190573,0.03398394539552312,0.03515367937635468,0.03172108203734952,0.03600054216849403,0.03547022183384445,0.0326470254396198,0.032553028448038174,0.032873782213284554,0.03068014745943281,0.031326457681119545,0.03818184602779462,0.030511702591354117,0.040955415367078175,0.040937263163512955,0.02783272555040927,0.0307821569562303,0.033507390605302445,0.030351479670146703,0.032759916217745044,0.03496712357883998,0.028444877122644648,0.034081552690044856,0.03184695492931492,0.03612592192723491
2022-11-24,0.02944349600086782,0.03232032609434097,0.04090799474386665,0.03374413677078764,0.03094078829223258,0.028947019647190573,0.03398394539552312,0.03515367937635468,0.03172108203734952,0.03600054216849403,0.03547022183384445,0.0326470254396198,0.032553028448038174,0.032873782213284554,0.03068014745943281,0.031326457681119545,0.03818184602779462,0.030511702591354117,0.040955415367078175,0.040937263163512955,0.02783272555040927,0.0307821569562303,0.033507390605302445,0.030351479670146703,0.032759916217745044,0.03496712357883998,0.028444877122644648,0.034081552690044856,0.03184695492931492,0.03612592192723491
2022-11-25,0.02944349600086782,0.03232032609434097,0.04090799474386665,0.03374413677078764,0.03094078829223258,0.028947019647190573,0.03398394539552312,0.03515367937635468,0.03172108203734952,0.03600054216849403,0.03547022183384445,0.0326470254396198,0.032553028448038174,0.032873782213284554,0.03068014745943281,0.031326457681119545,0.03818184602779462,0.030511702591354117,0.040955415367078175,0.040937263163512955,0.02783272555040927,0.0307821569562303,0.033507390605302445,0.030351479670146703,0.032759916217745044,0.03496712357883998,0.028444877122644648,0.034081552690044856,0.03184695492931492,0.03612592192723491
2022-11-28,0.02944349600086782,0.03232032609434097,0.04090799474386665,0.03374413677078764,0.03094078829223258,0.028947019647190573,0.03398394539552312,0.03515367937635468,0.03172108203734952,0.03600054216849403,0.03547022183384445,0.0326470254396198,0.032553028448038174,0.032873782213284554,0.03068014745943281,0.031326457681119545,0.03818184602779462,0.030511702591354117,0.040955415367078175,0.040937263163512955,0.02783272555040927,0.0307821569562303,0.033507390605302445,0.030351479670146703,0.032759916217745044,0.03496712357883998,0.028444877122644648,0.034081552690044856,0.03184695492931492,0.03612592192723491
2022-11-29,0.02944349600086782,0.03232032609434097,0.04090799474386665,0.03374413677078764,0.03094078829223258,0.028947019647190573,0.03398394539552312,0.03515367937635468,0.03172108203734952,0.03600054216849403,0.03547022183384445,0.0326470254396198,0.032553028448038174,0.032873782213284554,0.03068014745943281,0.031326457681119545,0.03818184602779462,0.030511702591354117,0.040955415367078175,0.040937263163512955,0.02783272555040927,0.0307821569562303,0.033507390605302445,0.030351479670146703,0.032759916217745044,0.03496712357883998,0.028444877122644648,0.034081552690044856,0.03184695492931492,0.03612592192723491
2022-11-30,0.02944349600086782,0.03232032609434097,0.04090799474386665,0.03374413677078764,0.03094078829223258,0.028947019647190573,0.03398394539552312,0.03515367937635468,0.03172108203734952,0.03600054216849403,0.03547022183384445,0.0326470254396198,0.032553028448038174,0.032873782213284554,0.03068014745943281,0.031326457681119545,0.03818184602779462,0.030511702591354117,0.040955415367078175,0.040937263163512955,0.02783272555040927,0.0307821569562303,0.033507390605302445,0.030351479670146703,0.032759916217745044,0.03496712357883998,0.028444877122644648,0.034081552690044856,0.03184695492931492,0.03612592192723491
2022-12-01,0.030597687265416406,0.03348381934176365,0.03167756727626014,0.026877585638642797,0.03301589197234937,0.03388255766261702,0.030580377462450146,0.03566099622159103,0.034536707433617315,0.035073949096481906,0.035684484541183226,0.048958030344448636,0.03381943594670382,0.03995174720491192,0.03372778738928352,0.029616858720888553,0.03223965360565514,0.02821673199391745,0.030045751213885086,0.03664667509937771,0.02869316912485255,0.03544186328721909,0.026812680656077826,0.03338388286589735,0.03157435187104357,0.028183749459908848,0.028702590963587387,0.03567106566025942,0.04170457766776276,0.03553777301194624
2022-12-02,0.030597687265416406,0.03348381934176365,0.03167756727626014,0.026877585638642797,0.03301589197234937,0.03388255766261702,0.030580377462450146,0.03566099622159103,0.034536707433617315,0.035073949096481906,0.035684484541183226,0.048958030344448636,0.03381943594670382,0.03995174720491192,0.03372778738928352,0.029616858720888553,0.03223965360565514,0.02821673199391745,0.030045751213885086,0.03664667509937771,0.02869316912485255,0.03544186328721909,0.026812680656077826,0.03338388286589735,0.03157435187104357,0.028183749459908848,0.028702590963587387,0.03567106566025942,0.04170457766776276,0.03553777301194624
2022-12-05,0.030597687265416406,0.03348381934176365,0.03167756727626014,0.026877585638642797,0.03301589197234937,0.03388255766261702,0.030580377462450146,0.03566099622159103,0.034536707433617315,0.035073949096481906,0.035684484541183226,0.048958030344448636,0.03381943594670382,0.03995174720491192,0.03372778738928352,0.029616858720888553,0.03223965360565514,0.02821673199391745,0.030045751213885086,0.03664667509937771,0.02869316912485255,0.03544186328721909,0.026812680656077826,0.03338388286589735,0.03157435187104357,0.028183749459908848,0.028702590963587387,0.03567106566025942,0.04170457766776276,0.03553777301194624
2022-12-06,0.030597687265416406,0.03348381934176365,0.03167756727626014,0.026877585638642797,0.03301589197234937,0.03388255766261702,0.030580377462450146,0.03566099622159103,0.034536707433617315,0.035073949096481906,0.035684484541183226,0.048958030344448636,0.03381943594670382,0.03995174720491192,0.03372778738928352,0.029616858720888553,0.03223965360565514,0.02821673199391745,0.030045751213885086,0.03664667509937771,0.02869316912485255,0.03544186328721909,0.026812680656077826,0.03338388286589735,0.03157435187104357,0.028183749459908848,0.028702590963587387,0.03567106566025942,0.04170457766776276,0.03553777301194624
2022-12-07,0.030597687265416406,0.03348381934176365,0.03167756727626014,0.026877585638642797,0.03301589197234937,0.03388255766261702,0.030580377462450146,0.03566099622159103,0.034536707433617315,0.035073949096481906,0.035684484541183226,0.048958030344448636,0.03381943594670382,0.03995174720491192,0.03372778738928352,0.029616858720888553,0.03223965360565514,0.02821673199391745,0.030045751213885086,0.03664667509937771,0.02869316912485255,0.03544186328721909,0.026812680656077826,0.03338388286589735,0.03157435187104357,0.028183749459908848,0.028702590963587387,0.03567106566025942,0.04170457766776276,0.03553777301194624
2022-12-08,0.030597687265416406,0.03348381934176365,0.03167756727626014,0.026877585638642797,0.03301589197234937,0.03388255766261702,0.030580377462450146,0.03566099622159103,0.034536707433617315,0.035073949096481906,0.035684484541183226,0.048958030344448636,0.03381943594670382,0.03995174720491192,0.03372778738928352,0.029616858720888553,0.03223965360565514,0.02821673199391745,0.030045751213885086,0.03664667509937771,0.02869316912485255,0.03544186328721909,0.026812680656077826,0.03338388286589735,0.03157435187104357,0.028183749459908848,0.028702590963587387,0.03567106566025942,0.04170457766776276,0.03553777301194624
2022-12-09,0.030597687265416406,0.03348381934176365,0.03167756727626014,0.026877585638642797,0.03301589197234937,0.03388255766261702,0.030580377462450146,0.03566099622159103,0.034536707433617315,0.035073949096481906,0.035684484541183226,0.048958030344448636,0.03381943594670382,0.03995174720491192,0.03372778738928352,0.029616858720888553,0.03223965360565514,0.02821673199391745,0.030045751213885086,0.03664667509937771,0.02869316912485255,0.03544186328721909,0.026812680656077826,0.03338388286589735,0.03157435187104357,0.028183749459908848,0.028702590963587387,0.03567106566025942,0.04170457766776276,0.03553777301194624
2022-12-12,0.030597687265416406,0.03348381934176365,0.03167756727626014,0.026877585638642797,0.03301589197234937,0.03388255766261702,0.030580377462450146,0.03566099622159103,0.034536707433617315,0.035073949096481906,0.035684484541183226,0.048958030344448636,0.03381943594670382,0.03995174720491192,0.03372778738928352,0.029616858720888553,0.03223965360565514,0.02821673199391745,0.030045751213885086,0.03664667509937771,0.02869316912485255,0.03544186328721909,0.026812680656077826,0.03338388286589735,0.03157435187104357,0.028183749459908848,0.028702590963587387,0.03567106566025942,0.04170457766776276,0.03553777301194624
2022-12-13,0.030597687265416406,0.03348381934176365,0.03167756727626014,0.026877585638642797,0.03301589197234937,0.03388255766261702,0.030580377462450146,0.03566099622159103,0.034536707433617315,0.035073949096481906,0.035684484541183226,0.048958030344448636,0.03381943594670382,0.03995174720491192,0.03372778738928352,0.029616858720888553,0.03223965360565514,0.02821673199391745,0.030045751213885086,0.03664667509937771,0.02869316912485255,0.03544186328721909,0.026812680656077826,0.03338388286589735,0.03157435187104357,0.028183749459908848,0.028702590963587387,0.03567106566025942,0.04170457766776276,0.03553777301194624
2022-12-14,0.030597687265416406,0.03348381934176365,0.03167756727626014,0.026877585638642797,0.03301589197234937,0.03388255766261702,0.030580377462450146,0.03566099622159103,0.034536707433617315,0.035073949096481906,0.035684484541183226,0.048958030344448636,0.03381943594670382,0.03995174720491192,0.03372778738928352,0.029616858720888553,0.03223965360565514,0.02821673199391745,0.030045751213885086,0.03664667509937771,0.02869316912485255,0.03544186328721909,0.026812680656077826,0.03338388286589735,0.03157435187104357,0.028183749459908848,0.028702590963587387,0.03567106566025942,0.04170457766776276,0.03553777301194624
2022-12-15,0.030597687265416406,0.03348381934176365,0.03167756727626014,0.026877585638642797,0.03301589197234937,0.03388255766261702,0.030580377462450146,0.03566099622159103,0.034536707433617315,0.035073949096481906,0.035684484541183226,0.048958030344448636,0.03381943594670382,0.03995174720491192,0.03372778738928352,0.029616858720888553,0.03223965360565514,0.02821673199391745,0.030045751213885086,0.03664667509937771,0.02869316912485255,0.03544186328721909,0.026812680656077826,0.03338388286589735,0.03157435187104357,0.028183749459908848,0.028702590963587387,0.03567106566025942,0.04170457766776276,0.03553777301194624
2022-12-16,0.030597687265416406,0.03348381934176365,0.03167756727626014,0.026877585638642797,0.03301589197234937,0.03388255766261702,0.030580377462450146,0.03566099622159103,0.034536707433617315,0.035073949096481906,0.035684484541183226,0.048958030344448636,0.03381943594670382,0.03995174720491192,0.03372778738928352,0.029616858720888553,0.03223965360565514,0.02821673199391745,0.030045751213885086,0.03664667509937771,0.02869316912485255,0.03544186328721909,0.026812680656077826,0.03338388286589735,0.03157435187104357,0.028183749459908848,0.028702590963587387,0.03567106566025942,0.04170457766776276,0.03553777301194624
2022-12-19,0.030597687265416406,0.03348381934176365,0.03167756727626014,0.026877585638642797,0.03301589197234937,0.03388255766261702,0.030580377462450146,0.03566099622159103,0.034536707433617315,0.035073949096481906,0.035684484541183226,0.048958030344448636,0.03381943594670382,0.03995174720491192,0.03372778738928352,0.029616858720888553,0.03223965360565514,0.02821673199391745,0.030045751213885086,0.03664667509937771,0.02869316912485255,0.03544186328721909,0.026812680656077826,0.03338388286589735,0.03157435187104357,0.028183749459908848,0.028702590963587387,0.03567106566025942,0.04170457766776276,0.03553777301194624
2022-12-20,0.030597687265416406,0.03348381934176365,0.03167756727626014,0.026877585638642797,0.03301589197234937,0.03388255766261702,0.030580377462450146,0.03566099622159103,0.034536707433617315,0.035073949096481906,0.035684484541183226,0.048958030344448636,0.03381943594670382,0.03995174720491192,0.03372778738928352,0.029616858720888553,0.03223965360565514,0.02821673199391745,0.030045751213885086,0.03664667509937771,0.02869316912485255,0.03544186328721909,0.026812680656077826,0.03338388286589735,0.03157435187104357,0.028183749459908848,0.028702590963587387,0.03567106566025942,0.04170457766776276,0.03553777301194624
2022-12-21,0.030597687265416406,0.03348381934176365,0.03167756727626014,0.026877585638642797,0.03301589197234937,0.03388255766261702,0.030580377462450146,0.03566099622159103,0.034536707433617315,0.035073949096481906,0.035684484541183226,0.048958030344448636,0.03381943594670382,0.03995174720491192,0.03372778738928352,0.029616858720888553,0.03223965360565514,0.02821673199391745,0.030045751213885086,0.03664667509937771,0.02869316912485255,0.03544186328721909,0.026812680656077826,0.03338388286589735,0.03157435187104357,0.028183749459908848,0.028702590963587387,0.03567106566025942,0.04170457766776276,0.03553777301194624
2022-12-22,0.030597687265416406,0.03348381934176365,0.03167756727626014,0.026877585638642797,0.03301589197234937,0.03388255766261702,0.030580377462450146,0.03566099622159103,0.034536707433617315,0.035073949096481906,0.035684484541183226,0.048958030344448636,0.03381943594670382,0.03995174720491192,0.03372778738928352,0.029616858720888553,0.03223965360565514,0.02821673199391745,0.030045751213885086,0.03664667509937771,0.02869316912485255,0.03544186328721909,0.026812680656077826,0.03338388286589735,0.03157435187104357,0.028183749459908848,0.028702590963587387,0.03567106566025942,0.04170457766776276,0.03553777301194624
2022-12-23,0.030597687265416406,0.03348381934176365,0.03167756727626014,0.026877585638642797,0.03301589197234937,0.03388255766261702,0.030580377462450146,0.03566099622159103,0.034536707433617315,0.035073949096481906,0.035684484541183226,0.048958030344448636,0.03381943594670382,0.03995174720491192,0.03372778738928352,0.029616858720888553,0.03223965360565514,0.02821673199391745,0.030045751213885086,0.03664667509937771,0.02869316912485255,0.03544186328721909,0.026812680656077826,0.03338388286589735,0.03157435187104357,0.028183749459908848,0.028702590963587387,0.03567106566025942,0.04170457766776276,0.03553777301194624
2022-12-26,0.030597687265416406,0.03348381934176365,0.03167756727626014,0.026877585638642797,0.03301589197234937,0.03388255766261702,0.030580377462450146,0.03566099622159103,0.034536707433617315,0.035073949096481906,0.035684484541183226,0.048958030344448636,0.03381943594670382,0.03995174720491192,0.03372778738928352,0.029616858720888553,0.03223965360565514,0.02821673199391745,0.030045751213885086,0.03664667509937771,0.02869316912485255,0.03544186328721909,0.026812680656077826,0.03338388286589735,0.03157435187104357,0.028183749459908848,0.028702590963587387,0.03567106566025942,0.04170457766776276,0.03553777301194624
2022-12-27,0.030597687265416406,0.03348381934176365,0.03167756727626014,0.026877585638642797,0.03301589197234937,0.03388255766261702,0.030580377462450146,0.03566099622159103,0.034536707433617315,0.035073949096481906,0.035684484541183226,0.048958030344448636,0.03381943594670382,0.03995174720491192,0.03372778738928352,0.029616858720888553,0.03223965360565514,0.02821673199391745,0.030045751213885086,0.03664667509937771,0.02869316912485255,0.03544186328721909,0.026812680656077826,0.03338388286589735,0.03157435187104357,0.028183749459908848,0.028702590963587387,0.03567106566025942,0.04170457766776276,0.03553777301194624
2022-12-28,0.030597687265416406,0.03348381934176365,0.03167756727626014,0.026877585638642797,0.03301589197234937,0.03388255766261702,0.030580377462450146,0.03566099622159103,0.034536707433617315,0.035073949096481906,0.035684484541183226,0.048958030344448636,0.03381943594670382,0.03995174720491192,0.03372778738928352,0.029616858720888553,0.03223965360565514,0.02821673199391745,0.030045751213885086,0.03664667509937771,0.02869316912485255,0.03544186328721909,0.026812680656077826,0.03338388286589735,0.03157435187104357,0.028183749459908848,0.028702590963587387,0.03567106566025942,0.04170457766776276,0.03553777301194624
2022-12-29,0.030597687265416406,0.03348381934176365,0.03167756727626014,0.026877585638642797,0.03301589197234937,0.03388255766261702,0.030580377462450146,0.03566099622159103,0.034536707433617315,0.035073949096481906,0.035684484541183226,0.048958030344448636,0.03381943594670382,0.03995174720491192,0.03372778738928352,0.029616858720888553,0.03223965360565514,0.02821673199391745,0.030045751213885086,0.03664667509937771,0.02869316912485255,0.03544186328721909,0.026812680656077826,0.03338388286589735,0.03157435187104357,0.028183749459908848,0.028702590963587387,0.03567106566025942,0.04170457766776276,0.03553777301194624
2022-12-30,0.030597687265416406,0.03348381934176365,0.03167756727626014,0.026877585638642797,0.03301589197234937,0.03388255766261702,0.030580377462450146,0.03566099622159103,0.034536707433617315,0.035073949096481906,0.035684484541183226,0.048958030344448636,0.03381943594670382,0.03995174720491192,0.03372778738928352,0.029616858720888553,0.03223965360565514,0.02821673199391745,0.030045751213885086,0.03664667509937771,0.02869316912485255,0.03544186328721909,0.026812680656077826,0.03338388286589735,0.03157435187104357,0.028183749459908848,0.028702590963587387,0.03567106566025942,0.04170457766776276,0.03553777301194624
2023-01-02,0.030887623287576393,0.03354963578697887,0.03248513369678315,0.027871365298666743,0.035689458271131735,0.03320966855392355,0.03567587247164376,0.03561759331740728,0.03502479490569443,0.03655103816109824,0.0323468897930217,0.03642779632279626,0.034295418625105725,0.03295397482044667,0.03392921512943892,0.03397335438059396,0.032835449611624073,0.03031852856945965,0.03349159466569834,0.03877928985670212,0.029799899381876393,0.033831146286710204,0.027487687622809134,0.033434173468807796,0.035030468152844774,0.027833037228873193,0.03210608092452963,0.031724106094744964,0.03634079040814461,0.03649891490486775
2023-01-03,0.030887623287576393,0.03354963578697887,0.03248513369678315,0.027871365298666743,0.035689458271131735,0.03320966855392355,0.03567587247164376,0.03561759331740728,0.03502479490569443,0.03655103816109824,0.0323468897930217,0.03642779632279626,0.034295418625105725,0.03295397482044667,0.03392921512943892,0.03397335438059396,0.032835449611624073,0.03031852856945965,0.03349159466569834,0.03877928985670212,0.029799899381876393,0.033831146286710204,0.027487687622809134,0.033434173468807796,0.035030468152844774,0.027833037228873193,0.03210608092452963,0.031724106094744964,0.03634079040814461,0.03649891490486775
2023-01-04,0.030887623287576393,0.03354963578697887,0.03248513369678315,0.027871365298666743,0.035689458271131735,0.03320966855392355,0.03567587247164376,0.03561759331740728,0.03502479490569443,0.03655103816109824,0.0323468897930217,0.03642779632279626,0.034295418625105725,0.03295397482044667,0.03392921512943892,0.03397335438059396,0.032835449611624073,0.03031852856945965,0.03349159466569834,0.03877928985670212,0.029799899381876393,0.033831146286710204,0.027487687622809134,0.033434173468807796,0.035030468152844774,0.027833037228873193,0.03210608092452963,0.031724106094744964,0.03634079040814461,0.03649891490486775
2023-01-05,0.030887623287576393,0.03354963578697887,0.03248513369678315,0.027871365298666743,0.035689458271131735,0.03320966855392355,0.03567587247164376,0.03561759331740728,0.03502479490569443,0.03655103816109824,0.0323468897930217,0.03642779632279626,0.034295418625105725,0.03295397482044667,0.03392921512943892,0.03397335438059396,0.032835449611624073,0.03031852856945965,0.03349159466569834,0.03877928985670212,0.029799899381876393,0.033831146286710204,0.027487687622809134,0.033434173468807796,0.035030468152844774,0.027833037228873193,0.03210608092452963,0.031724106094744964,0.03634079040814461,0.03649891490486775
2023-01-06,0.030887623287576393,0.03354963578697887,0.03248513369678315,0.027871365298666743,0.035689458271131735,0.03320966855392355,0.03567587247164376,0.03561759331740728,0.03502479490569443,0.03655103816109824,0.0323468897930217,0.03642779632279626,0.034295418625105725,0.03295397482044667,0.03392921512943892,0.03397335438059396,0.032835449611624073,0.03031852856945965,0.03349159466569834,0.03877928985670212,0.029799899381876393,0.033831146286710204,0.027487687622809134,0.033434173468807796,0.035030468152844774,0.027833037228873193,0.03210608092452963,0.031724106094744964,0.03634079040814461,0.03649891490486775
2023-01-09,0.030887623287576393,0.03354963578697887,0.03248513369678315,0.027871365298666743,0.035689458271131735,0.03320966855392355,0.03567587247164376,0.03561759331740728,0.03502479490569443,0.03655103816109824,0.0323468897930217,0.03642779632279626,0.034295418625105725,0.03295397482044667,0.03392921512943892,0.03397335438059396,0.032835449611624073,0.03031852856945965,0.03349159466569834,0.03877928985670212,0.029799899381876393,0.033831146286710204,0.027487687622809134,0.033434173468807796,0.035030468152844774,0.027833037228873193,0.03210608092452963,0.031724106094744964,0.03634079040814461,0.03649891490486775
2023-01-10,0.030887623287576393,0.03354963578697887,0.03248513369678315,0.027871365298666743,0.035689458271131735,0.03320966855392355,0.03567587247164376,0.03561759331740728,0.03502479490569443,0.03655103816109824,0.0323468897930217,0.03642779632279626,0.034295418625105725,0.03295397482044667,0.03392921512943892,0.03397335438059396,0.032835449611624073,0.03031852856945965,0.03349159466569834,0.03877928985670212,0.029799899381876393,0.033831146286710204,0.027487687622809134,0.033434173468807796,0.035030468152844774,0.027833037228873193,0.03210608092452963,0.031724106094744964,0.03634079040814461,0.03649891490486775
2023-01-11,0.030887623287576393,0.03354963578697887,0.03248513369678315,0.027871365298666743,0.035689458271131735,0.03320966855392355,0.03567587247164376,0.03561759331740728,0.03502479490569443,0.03655103816109824,0.0323468897930217,0.03642779632279626,0.034295418625105725,0.03295397482044667,0.03392921512943892,0.03397335438059396,0.032835449611624073,0.03031852856945965,0.03349159466569834,0.03877928985670212,0.029799899381876393,0.033831146286710204,0.027487687622809134,0.033434173468807796,0.035030468152844774,0.027833037228873193,0.03210608092452963,0.031724106094744964,0.03634079040814461,0.03649891490486775
2023-01-12,0.030887623287576393,0.03354963578697887,0.03248513369678315,0.027871365298666743,0.035689458271131735,0.03320966855392355,0.03567587247164376,0.03561759331740728,0.03502479490569443,0.03655103816109824,0.0323468897930217,0.03642779632279626,0.034295418625105725,0.03295397482044667,0.03392921512943892,0.03397335438059396,0.032835449611624073,0.03031852856945965,0.03349159466569834,0.03877928985670212,0.029799899381876393,0.033831146286710204,0.027487687622809134,0.033434173468807796,0.035030468152844774,0.027833037228873193,0.03210608092452963,0.031724106094744964,0.03634079040814461,0.03649891490486775
2023-01-13,0.030887623287576393,0.03354963578697887,0.03248513369678315,0.027871365298666743,0.035689458271131735,0.03320966855392355,0.03567587247164376,0.03561759331740728,0.03502479490569443,0.03655103816109824,0.0323468897930217,0.03642779632279626,0.034295418625105725,0.03295397482044667,0.03392921512943892,0.03397335438059396,0.032835449611624073,0.03031852856945965,0.03349159466569834,0.03877928985670212,0.029799899381876393,0.033831146286710204,0.027487687622809134,0.033434173468807796,0.035030468152844774,0.027833037228873193,0.03210608092452963,0.031724106094744964,0.03634079040814461,0.03649891490486775
2023-01-16,0.030887623287576393,0.03354963578697887,0.03248513369678315,0.027871365298666743,0.035689458271131735,0.03320966855392355,0.03567587247164376,0.03561759331740728,0.03502479490569443,0.03655103816109824,0.0323468897930217,0.03642779632279626,0.034295418625105725,0.03295397482044667,0.03392921512943892,0.03397335438059396,0.032835449611624073,0.03031852856945965,0.03349159466569834,0.03877928985670212,0.029799899381876393,0.033831146286710204,0.027487687622809134,0.033434173468807796,0.035030468152844774,0.027833037228873193,0.03210608092452963,0.031724106094744964,0.03634079040814461,0.03649891490486775
2023-01-17,0.030887623287576393,0.03354963578697887,0.03248513369678315,0.027871365298666743,0.035689458271131735,0.03320966855392355,0.03567587247164376,0.03561759331740728,0.03502479490569443,0.03655103816109824,0.0323468897930217,0.03642779632279626,0.034295418625105725,0.03295397482044667,0.03392921512943892,0.03397335438059396,0.032835449611624073,0.03031852856945965,0.03349159466569834,0.03877928985670212,0.029799899381876393,0.033831146286710204,0.027487687622809134,0.033434173468807796,0.035030468152844774,0.027833037228873193,0.03210608092452963,0.031724106094744964,0.03634079040814461,0.03649891490486775
2023-01-18,0.030887623287576393,0.03354963578697887,0.03248513369678315,0.027871365298666743,0.035689458271131735,0.03320966855392355,0.03567587247164376,0.03561759331740728,0.03502479490569443,0.03655103816109824,0.0323468897930217,0.03642779632279626,0.034295418625105725,0.03295397482044667,0.03392921512943892,0.03397335438059396,0.032835449611624073,0.03031852856945965,0.03349159466569834,0.03877928985670212,0.029799899381876393,0.033831146286710204,0.027487687622809134,0.033434173468807796,0.035030468152844774,0.027833037228873193,0.03210608092452963,0.031724106094744964,0.03634079040814461,0.03649891490486775
2023-01-19,0.030887623287576393,0.03354963578697887,0.03248513369678315,0.027871365298666743,0.035689458271131735,0.03320966855392355,0.03567587247164376,0.03561759331740728,0.03502479490569443,0.03655103816109824,0.0323468897930217,0.03642779632279626,0.034295418625105725,0.03295397482044667,0.03392921512943892,0.03397335438059396,0.032835449611624073,0.03031852856945965,0.03349159466569834,0.03877928985670212,0.029799899381876393,0.033831146286710204,0.027487687622809134,0.033434173468807796,0.035030468152844774,0.027833037228873193,0.03210608092452963,0.031724106094744964,0.03634079040814461,0.03649891490486775
2023-01-20,0.030887623287576393,0.03354963578697887,0.03248513369678315,0.027871365298666743,0.035689458271131735,0.03320966855392355,0.03567587247164376,0.03561759331740728,0.03502479490569443,0.03655103816109824,0.0323468897930217,0.03642779632279626,0.034295418625105725,0.03295397482044667,0.03392921512943892,0.03397335438059396,0.032835449611624073,0.03031852856945965,0.03349159466569834,0.03877928985670212,0.029799899381876393,0.033831146286710204,0.027487687622809134,0.033434173468807796,0.035030468152844774,0.027833037228873193,0.03210608092452963,0.031724106094744964,0.03634079040814461,0.03649891490486775
2023-01-23,0.030887623287576393,0.03354963578697887,0.03248513369678315,0.027871365298666743,0.035689458271131735,0.03320966855392355,0.03567587247164376,0.03561759331740728,0.03502479490569443,0.03655103816109824,0.0323468897930217,0.03642779632279626,0.034295418625105725,0.03295397482044667,0.03392921512943892,0.03397335438059396,0.032835449611624073,0.03031852856945965,0.03349159466569834,0.03877928985670212,0.029799899381876393,0.033831146286710204,0.027487687622809134,0.033434173468807796,0.035030468152844774,0.027833037228873193,0.03210608092452963,0.031724106094744964,0.03634079040814461,0.03649891490486775
2023-01-24,0.030887623287576393,0.03354963578697887,0.03248513369678315,0.027871365298666743,0.035689458271131735,0.03320966855392355,0.03567587247164376,0.03561759331740728,0.03502479490569443,0.03655103816109824,0.0323468897930217,0.03642779632279626,0.034295418625105725,0.03295397482044667,0.03392921512943892,0.03397335438059396,0.032835449611624073,0.03031852856945965,0.03349159466569834,0.03877928985670212,0.029799899381876393,0.033831146286710204,0.027487687622809134,0.033434173468807796,0.035030468152844774,0.027833037228873193,0.03210608092452963,0.031724106094744964,0.03634079040814461,0.03649891490486775
2023-01-25,0.030887623287576393,0.03354963578697887,0.03248513369678315,0.027871365298666743,0.035689458271131735,0.03320966855392355,0.03567587247164376,0.03561759331740728,0.03502479490569443,0.03655103816109824,0.0323468897930217,0.03642779632279626,0.034295418625105725,0.03295397482044667,0.03392921512943892,0.03397335438059396,0.032835449611624073,0.03031852856945965,0.03349159466569834,0.03877928985670212,0.029799899381876393,0.033831146286710204,0.027487687622809134,0.033434173468807796,0.035030468152844774,0.027833037228873193,0.03210608092452963,0.031724106094744964,0.03634079040814461,0.03649891490486775
2023-01-26,0.030887623287576393,0.03354963578697887,0.03248513369678315,0.027871365298666743,0.035689458271131735,0.03320966855392355,0.03567587247164376,0.03561759331740728,0.03502479490569443,0.03655103816109824,0.0323468897930217,0.03642779632279626,0.034295418625105725,0.03295397482044667,0.03392921512943892,0.03397335438059396,0.032835449611624073,0.03031852856945965,0.03349159466569834,0.03877928985670212,0.029799899381876393,0.033831146286710204,0.027487687622809134,0.033434173468807796,0.035030468152844774,0.027833037228873193,0.03210608092452963,0.031724106094744964,0.03634079040814461,0.03649891490486775
2023-01-27,0.030887623287576393,0.03354963578697887,0.03248513369678315,0.027871365298666743,0.035689458271131735,0.03320966855392355,0.03567587247164376,0.03561759331740728,0.03502479490569443,0.03655103816109824,0.0323468897930217,0.03642779632279626,0.034295418625105725,0.03295397482044667,0.03392921512943892,0.03397335438059396,0.032835449611624073,0.03031852856945965,0.03349159466569834,0.03877928985670212,0.029799899381876393,0.033831146286710204,0.027487687622809134,0.033434173468807796,0.035030468152844774,0.027833037228873193,0.03210608092452963,0.031724106094744964,0.03634079040814461,0.03649891490486775
2023-01-30,0.030887623287576393,0.03354963578697887,0.03248513369678315,0.027871365298666743,0.035689458271131735,0.03320966855392355,0.03567587247164376,0.03561759331740728,0.03502479490569443,0.03655103816109824,0.0323468897930217,0.03642779632279626,0.034295418625105725,0.03295397482044667,0.03392921512943892,0.03397335438059396,0.032835449611624073,0.03031852856945965,0.03349159466569834,0.03877928985670212,0.029799899381876393,0.033831146286710204,0.027487687622809134,0.033434173468807796,0.035030468152844774,0.027833037228873193,0.03210608092452963,0.031724106094744964,0.03634079040814461,0.03649891490486775
2023-01-31,0.030887623287576393,0.03354963578697887,0.03248513369678315,0.027871365298666743,0.035689458271131735,0.03320966855392355,0.03567587247164376,0.03561759331740728,0.03502479490569443,0.03655103816109824,0.0323468897930217,0.03642779632279626,0.034295418625105725,0.03295397482044667,0.03392921512943892,0.03397335438059396,0.032835449611624073,0.03031852856945965,0.03349159466569834,0.03877928985670212,0.029799899381876393,0.033831146286710204,0.027487687622809134,0.033434173468807796,0.035030468152844774,0.027833037228873193,0.03210608092452963,0.031724106094744964,0.03634079040814461,0.03649891490486775
2023-02-01,0.03075781256485198,0.03536073534092164,0.02949319996753371,0.032614723010823514,0.03553207765837933,0.034178242814187756,0.034523543908373325,0.03494101984948993,0.035982701434059405,0.0427983843007914,0.03060889990732254,0.037782380660487794,0.03756865011667427,0.032026037912403216,0.030952424645064838,0.03101777620511289,0.03065559559033621,0.029568669982099387,0.03346484764481157,0.0344515968372286,0.031878600283459874,0.030971026662611596,0.029890535528973076,0.03185919922361443,0.03080751075268341,0.029102478547511253,0.03306395282810822,0.034366288855831956,0.03605062716085738,0.037730459805395467
2023-02-02,0.03075781256485198,0.03536073534092164,0.02949319996753371,0.032614723010823514,0.03553207765837933,0.034178242814187756,0.034523543908373325,0.03494101984948993,0.035982701434059405,0.0427983843007914,0.03060889990732254,0.037782380660487794,0.03756865011667427,0.032026037912403216,0.030952424645064838,0.03101777620511289,0.03065559559033621,0.029568669982099387,0.03346484764481157,0.0344515968372286,0.031878600283459874,0.030971026662611596,0.029890535528973076,0.03185919922361443,0.03080751075268341,0.029102478547511253,0.03306395282810822,0.034366288855831956,0.03605062716085738,0.037730459805395467
2023-02-03,0.03075781256485198,0.03536073534092164,0.02949319996753371,0.032614723010823514,0.03553207765837933,0.034178242814187756,0.034523543908373325,0.03494101984948993,0.035982701434059405,0.0427983843007914,0.03060889990732254,0.037782380660487794,0.03756865011667427,0.032026037912403216,0.030952424645064838,0.03101777620511289,0.03065559559033621,0.029568669982099387,0.03346484764481157,0.0344515968372286,0.031878600283459874,0.030971026662611596,0.029890535528973076,0.03185919922361443,0.03080751075268341,0.029102478547511253,0.03306395282810822,0.034366288855831956,0.03605062716085738,0.037730459805395467
2023-02-06,0.03075781256485198,0.03536073534092164,0.02949319996753371,0.032614723010823514,0.03553207765837933,0.034178242814187756,0.034523543908373325,0.03494101984948993,0.035982701434059405,0.0427983843007914,0.03060889990732254,0.037782380660487794,0.03756865011667427,0.032026037912403216,0.030952424645064838,0.03101777620511289,0.03065559559033621,0.029568669982099387,0.03346484764481157,0.0344515968372286,0.031878600283459874,0.030971026662611596,0.029890535528973076,0.03185919922361443,0.03080751075268341,0.029102478547511253,0.03306395282810822,0.034366288855831956,0.03605062716085738,0.037730459805395467
2023-02-07,0.03075781256485198,0.03536073534092164,0.02949319996753371,0.032614723010823514,0.03553207765837933,0.034178242814187756,0.034523543908373325,0.03494101984948993,0.035982701434059405,0.0427983843007914,0.03060889990732254,0.037782380660487794,0.03756865011667427,0.032026037912403216,0.030952424645064838,0.03101777620511289,0.03065559559033621,0.029568669982099387,0.03346484764481157,0.0344515968372286,0.031878600283459874,0.030971026662611596,0.029890535528973076,0.03185919922361443,0.03080751075268341,0.029102478547511253,0.03306395282810822,0.034366288855831956,0.03605062716085738,0.037730459805395467
2023-02-08,0.03075781256485198,0.03536073534092164,0.02949319996753371,0.032614723010823514,0.03553207765837933,0.034178242814187756,0.034523543908373325,0.03494101984948993,0.035982701434059405,0.0427983843007914,0.03060889990732254,0.037782380660487794,0.03756865011667427,0.032026037912403216,0.030952424645064838,0.03101777620511289,0.03065559559033621,0.029568669982099387,0.03346484764481157,0.0344515968372286,0.031878600283459874,0.030971026662611596,0.029890535528973076,0.03185919922361443,0.03080751075268341,0.029102478547511253,0.03306395282810822,0.034366288855831956,0.03605062716085738,0.037730459805395467
2023-02-09,0.03075781256485198,0.03536073534092164,0.02949319996753371,0.032614723010823514,0.03553207765837933,0.034178242814187756,0.034523543908373325,0.03494101984948993,0.035982701434059405,0.0427983843007914,0.03060889990732254,0.037782380660487794,0.03756865011667427,0.032026037912403216,0.030952424645064838,0.03101777620511289,0.03065559559033621,0.029568669982099387,0.03346484764481157,0.0344515968372286,0.031878600283459874,0.030971026662611596,0.029890535528973076,0.03185919922361443,0.03080751075268341,0.029102478547511253,0.03306395282810822,0.034366288855831956,0.03605062716085738,0.037730459805395467
2023-02-10,0.03075781256485198,0.03536073534092164,0.02949319996753371,0.032614723010823514,0.03553207765837933,0.034178242814187756,0.034523543908373325,0.03494101984948993,0.035982701434059405,0.0427983843007914,0.03060889990732254,0.037782380660487794,0.03756865011667427,0.032026037912403216,0.030952424645064838,0.03101777620511289,0.03065559559033621,0.029568669982099387,0.03346484764481157,0.0344515968372286,0.031878600283459874,0.030971026662611596,0.029890535528973076,0.03185919922361443,0.03080751075268341,0.029102478547511253,0.03306395282810822,0.034366288855831956,0.03605062716085738,0.037730459805395467
2023-02-13,0.03075781256485198,0.03536073534092164,0.02949319996753371,0.032614723010823514,0.03553207765837933,0.034178242814187756,0.034523543908373325,0.03494101984948993,0.035982701434059405,0.0427983843007914,0.03060889990732254,0.037782380660487794,0.03756865011667427,0.032026037912403216,0.030952424645064838,0.03101777620511289,0.03065559559033621,0.029568669982099387,0.03346484764481157,0.0344515968372286,0.031878600283459874,0.030971026662611596,0.029890535528973076,0.03185919922361443,0.03080751075268341,0.029102478547511253,0.03306395282810822,0.034366288855831956,0.03605062716085738,0.037730459805395467
2023-02-14,0.03075781256485198,0.03536073534092164,0.02949319996753371,0.032614723010823514,0.03553207765837933,0.034178242814187756,0.034523543908373325,0.03494101984948993,0.035982701434059405,0.0427983843007914,0.03060889990732254,0.037782380660487794,0.03756865011667427,0.032026037912403216,0.030952424645064838,0.03101777620511289,0.03065559559033621,0.029568669982099387,0.03346484764481157,0.0344515968372286,0.031878600283459874,0.030971026662611596,0.029890535528973076,0.03185919922361443,0.03080751075268341,0.029102478547511253,0.03306395282810822,0.034366288855831956,0.03605062716085738,0.037730459805395467
2023-02-15,0.03075781256485198,0.03536073534092164,0.02949319996753371,0.032614723010823514,0.03553207765837933,0.034178242814187756,0.034523543908373325,0.03494101984948993,0.035982701434059405,0.0427983843007914,0.03060889990732254,0.037782380660487794,0.03756865011667427,0.032026037912403216,0.030952424645064838,0.03101777620511289,0.03065559559033621,0.029568669982099387,0.03346484764481157,0.0344515968372286,0.031878600283459874,0.030971026662611596,0.029890535528973076,0.03185919922361443,0.03080751075268341,0.029102478547511253,0.03306395282810822,0.034366288855831956,0.03605062716085738,0.037730459805395467
2023-02-16,0.03075781256485198,0.03536073534092164,0.02949319996753371,0.032614723010823514,0.03553207765837933,0.034178242814187756,0.034523543908373325,0.03494101984948993,0.035982701434059405,0.0427983843007914,0.03060889990732254,0.037782380660487794,0.03756865011667427,0.032026037912403216,0.030952424645064838,0.03101777620511289,0.03065559559033621,0.029568669982099387,0.03346484764481157,0.0344515968372286,0.031878600283459874,0.030971026662611596,0.029890535528973076,0.03185919922361443,0.03080751075268341,0.029102478547511253,0.03306395282810822,0.034366288855831956,0.03605062716085738,0.037730459805395467
2023-02-17,0.03075781256485198,0.03536073534092164,0.02949319996753371,0.032614723010823514,0.03553207765837933,0.034178242814187756,0.034523543908373325,0.03494101984948993,0.035982701434059405,0.0427983843007914,0.03060889990732254,0.037782380660487794,0.03756865011667427,0.032026037912403216,0.030952424645064838,0.03101777620511289,0.03065559559033621,0.029568669982099387,0.03346484764481157,0.0344515968372286,0.031878600283459874,0.030971026662611596,0.029890535528973076,0.03185919922361443,0.03080751075268341,0.029102478547511253,0.03306395282810822,0.034366288855831956,0.03605062716085738,0.037730459805395467
2023-02-20,0.03075781256485198,0.03536073534092164,0.02949319996753371,0.032614723010823514,0.03553207765837933,0.034178242814187756,0.034523543908373325,0.03494101984948993,0.035982701434059405,0.0427983843007914,0.03060889990732254,0.037782380660487794,0.03756865011667427,0.032026037912403216,0.030952424645064838,0.03101777620511289,0.03065559559033621,0.029568669982099387,0.03346484764481157,0.0344515968372286,0.031878600283459874,0.030971026662611596,0.029890535528973076,0.03185919922361443,0.03080751075268341,0.029102478547511253,0.03306395282810822,0.034366288855831956,0.03605062716085738,0.037730459805395467
2023-02-21,0.03075781256485198,0.03536073534092164,0.02949319996753371,0.032614723010823514,0.03553207765837933,0.034178242814187756,0.034523543908373325,0.03494101984948993,0.035982701434059405,0.0427983843007914,0.03060889990732254,0.037782380660487794,0.03756865011667427,0.032026037912403216,0.030952424645064838,0.03101777620511289,0.03065559559033621,0.029568669982099387,0.03346484764481157,0.0344515968372286,0.031878600283459874,0.030971026662611596,0.029890535528973076,0.03185919922361443,0.03080751075268341,0.029102478547511253,0.03306395282810822,0.034366288855831956,0.03605062716085738,0.037730459805395467
2023-02-22,0.03075781256485198,0.03536073534092164,0.02949319996753371,0.032614723010823514,0.03553207765837933,0.034178242814187756,0.034523543908373325,0.03494101984948993,0.035982701434059405,0.0427983843007914,0.03060889990732254,0.037782380660487794,0.03756865011667427,0.032026037912403216,0.030952424645064838,0.03101777620511289,0.03065559559033621,0.029568669982099387,0.03346484764481157,0.0344515968372286,0.031878600283459874,0.030971026662611596,0.029890535528973076,0.03185919922361443,0.03080751075268341,0.029102478547511253,0.03306395282810822,0.034366288855831956,0.03605062716085738,0.037730459805395467
2023-02-23,0.03075781256485198,0.03536073534092164,0.02949319996753371,0.032614723010823514,0.03553207765837933,0.034178242814187756,0.034523543908373325,0.03494101984948993,0.035982701434059405,0.0427983843007914,0.03060889990732254,0.037782380660487794,0.03756865011667427,0.032026037912403216,0.030952424645064838,0.03101777620511289,0.03065559559033621,0.029568669982099387,0.03346484764481157,0.0344515968372286,0.031878600283459874,0.030971026662611596,0.029890535528973076,0.03185919922361443,0.03080751075268341,0.029102478547511253,0.03306395282810822,0.034366288855831956,0.03605062716085738,0.037730459805395467
2023-02-24,0.03075781256485198,0.03536073534092164,0.02949319996753371,0.032614723010823514,0.03553207765837933,0.034178242814187756,0.034523543908373325,0.03494101984948993,0.035982701434059405,0.0427983843007914,0.03060889990732254,0.037782380660487794,0.03756865011667427,0.032026037912403216,0.030952424645064838,0.03101777620511289,0.03065559559033621,0.029568669982099387,0.03346484764481157,0.0344515968372286,0.031878600283459874,0.030971026662611596,0.029890535528973076,0.03185919922361443,0.03080751075268341,0.029102478547511253,0.03306395282810822,0.034366288855831956,0.03605062716085738,0.037730459805395467
2023-02-27,0.03075781256485198,0.03536073534092164,0.02949319996753371,0.032614723010823514,0.03553207765837933,0.034178242814187756,0.034523543908373325,0.03494101984948993,0.035982701434059405,0.0427983843007914,0.03060889990732254,0.037782380660487794,0.03756865011667427,0.032026037912403216,0.030952424645064838,0.03101777620511289,0.03065559559033621,0.029568669982099387,0.03346484764481157,0.0344515968372286,0.031878600283459874,0.030971026662611596,0.029890535528973076,0.03185919922361443,0.03080751075268341,0.029102478547511253,0.03306395282810822,0.034366288855831956,0.03605062716085738,0.037730459805395467
2023-02-28,0.03075781256485198,0.03536073534092164,0.02949319996753371,0.032614723010823514,0.03553207765837933,0.034178242814187756,0.034523543908373325,0.03494101984948993,0.035982701434059405,0.0427983843007914,0.03060889990732254,0.037782380660487794,0.03756865011667427,0.032026037912403216,0.030952424645064838,0.03101777620511289,0.03065559559033621,0.029568669982099387,0.03346484764481157,0.0344515968372286,0.031878600283459874,0.030971026662611596,0.029890535528973076,0.03185919922361443,0.03080751075268341,0.029102478547511253,0.03306395282810822,0.034366288855831956,0.03605062716085738,0.037730459805395467
2023-03-01,0.02823964585178202,0.03756576829923961,0.029406732082913063,0.03316793520352716,0.04336089391247756,0.03456859492309264,0.03306423315782953,0.029760482261827915,0.02931610516326305,0.032789085986952814,0.031327805182154236,0.03573005703110295,0.033518071919597076,0.047373115283803384,0.028462928159669765,0.03230369420631556,0.030031194631570838,0.03439808106175881,0.034128873245141224,0.029989729506819763,0.032942707782441294,0.032620877140194515,0.03351430827231529,0.030404413527414364,0.03234058006569895,0.03486591583555325,0.032317370369273714,0.03178712232359632,0.03268212491893122,0.03802155269374212
2023-03-02,0.02823964585178202,0.03756576829923961,0.029406732082913063,0.03316793520352716,0.04336089391247756,0.03456859492309264,0.03306423315782953,0.029760482261827915,0.02931610516326305,0.032789085986952814,0.031327805182154236,0.03573005703110295,0.033518071919597076,0.047373115283803384,0.028462928159669765,0.03230369420631556,0.030031194631570838,0.03439808106175881,0.034128873245141224,0.029989729506819763,0.032942707782441294,0.032620877140194515,0.03351430827231529,0.030404413527414364,0.03234058006569895,0.03486591583555325,0.032317370369273714,0.03178712232359632,0.03268212491893122,0.03802155269374212
2023-03-03,0.02823964585178202,0.03756576829923961,0.029406732082913063,0.03316793520352716,0.04336089391247756,0.03456859492309264,0.03306423315782953,0.029760482261827915,0.02931610516326305,0.032789085986952814,0.031327805182154236,0.03573005703110295,0.033518071919597076,0.047373115283803384,0.028462928159669765,0.03230369420631556,0.030031194631570838,0.03439808106175881,0.034128873245141224,0.029989729506819763,0.032942707782441294,0.032620877140194515,0.03351430827231529,0.030404413527414364,0.03234058006569895,0.03486591583555325,0.032317370369273714,0.03178712232359632,0.03268212491893122,0.03802155269374212
2023-03-06,0.02823964585178202,0.03756576829923961,0.029406732082913063,0.03316793520352716,0.04336089391247756,0.03456859492309264,0.03306423315782953,0.029760482261827915,0.02931610516326305,0.032789085986952814,0.031327805182154236,0.03573005703110295,0.033518071919597076,0.047373115283803384,0.028462928159669765,0.03230369420631556,0.030031194631570838,0.03439808106175881,0.034128873245141224,0.029989729506819763,0.032942707782441294,0.032620877140194515,0.03351430827231529,0.030404413527414364,0.03234058006569895,0.03486591583555325,0.032317370369273714,0.03178712232359632,0.03268212491893122,0.03802155269374212
2023-03-07,0.02823964585178202,0.03756576829923961,0.029406732082913063,0.03316793520352716,0.04336089391247756,0.03456859492309264,0.03306423315782953,0.029760482261827915,0.02931610516326305,0.032789085986952814,0.031327805182154236,0.03573005703110295,0.033518071919597076,0.047373115283803384,0.028462928159669765,0.03230369420631556,0.030031194631570838,0.03439808106175881,0.034128873245141224,0.029989729506819763,0.032942707782441294,0.032620877140194515,0.03351430827231529,0.030404413527414364,0.03234058006569895,0.03486591583555325,0.032317370369273714,0.03178712232359632,0.03268212491893122,0.03802155269374212
2023-03-08,0.02823964585178202,0.03756576829923961,0.029406732082913063,0.03316793520352716,0.04336089391247756,0.03456859492309264,0.03306423315782953,0.029760482261827915,0.02931610516326305,0.032789085986952814,0.031327805182154236,0.03573005703110295,0.033518071919597076,0.047373115283803384,0.028462928159669765,0.03230369420631556,0.030031194631570838,0.03439808106175881,0.034128873245141224,0.029989729506819763,0.032942707782441294,0.032620877140194515,0.03351430827231529,0.030404413527414364,0.03234058006569895,0.03486591583555325,0.032317370369273714,0.03178712232359632,0.03268212491893122,0.03802155269374212
2023-03-09,0.02823964585178202,0.03756576829923961,0.029406732082913063,0.03316793520352716,0.04336089391247756,0.03456859492309264,0.03306423315782953,0.029760482261827915,0.02931610516326305,0.032789085986952814,0.031327805182154236,0.03573005703110295,0.033518071919597076,0.047373115283803384,0.028462928159669765,0.03230369420631556,0.030031194631570838,0.03439808106175881,0.034128873245141224,0.029989729506819763,0.032942707782441294,0.032620877140194515,0.03351430827231529,0.030404413527414364,0.03234058006569895,0.03486591583555325,0.032317370369273714,0.03178712232359632,0.03268212491893122,0.03802155269374212
2023-03-10,0.02823964585178202,0.03756576829923961,0.029406732082913063,0.03316793520352716,0.04336089391247756,0.03456859492309264,0.03306423315782953,0.029760482261827915,0.02931610516326305,0.032789085986952814,0.031327805182154236,0.03573005703110295,0.033518071919597076,0.047373115283803384,0.028462928159669765,0.03230369420631556,0.030031194631570838,0.03439808106175881,0.034128873245141224,0.029989729506819763,0.032942707782441294,0.032620877140194515,0.03351430827231529,0.030404413527414364,0.03234058006569895,0.03486591583555325,0.032317370369273714,0.03178712232359632,0.03268212491893122,0.03802155269374212
2023-03-13,0.02823964585178202,0.03756576829923961,0.029406732082913063,0.03316793520352716,0.04336089391247756,0.03456859492309264,0.03306423315782953,0.029760482261827915,0.02931610516326305,0.032789085986952814,0.031327805182154236,0.03573005703110295,0.033518071919597076,0.047373115283803384,0.028462928159669765,0.03230369420631556,0.030031194631570838,0.03439808106175881,0.034128873245141224,0.029989729506819763,0.032942707782441294,0.032620877140194515,0.03351430827231529,0.030404413527414364,0.03234058006569895,0.03486591583555325,0.032317370369273714,0.03178712232359632,0.03268212491893122,0.03802155269374212
2023-03-14,0.02823964585178202,0.03756576829923961,0.029406732082913063,0.03316793520352716,0.04336089391247756,0.03456859492309264,0.03306423315782953,0.029760482261827915,0.02931610516326305,0.032789085986952814,0.031327805182154236,0.03573005703110295,0.033518071919597076,0.047373115283803384,0.028462928159669765,0.03230369420631556,0.030031194631570838,0.03439808106175881,0.034128873245141224,0.029989729506819763,0.032942707782441294,0.032620877140194515,0.03351430827231529,0.030404413527414364,0.03234058006569895,0.03486591583555325,0.032317370369273714,0.03178712232359632,0.03268212491893122,0.03802155269374212
2023-03-15,0.02823964585178202,0.03756576829923961,0.029406732082913063,0.03316793520352716,0.04336089391247756,0.03456859492309264,0.03306423315782953,0.029760482261827915,0.02931610516326305,0.032789085986952814,0.031327805182154236,0.03573005703110295,0.033518071919597076,0.047373115283803384,0.028462928159669765,0.03230369420631556,0.030031194631570838,0.03439808106175881,0.034128873245141224,0.029989729506819763,0.032942707782441294,0.032620877140194515,0.03351430827231529,0.030404413527414364,0.03234058006569895,0.03486591583555325,0.032317370369273714,0.03178712232359632,0.03268212491893122,0.03802155269374212
2023-03-16,0.02823964585178202,0.03756576829923961,0.029406732082913063,0.03316793520352716,0.04336089391247756,0.03456859492309264,0.03306423315782953,0.029760482261827915,0.02931610516326305,0.032789085986952814,0.031327805182154236,0.03573005703110295,0.033518071919597076,0.047373115283803384,0.028462928159669765,0.03230369420631556,0.030031194631570838,0.03439808106175881,0.034128873245141224,0.029989729506819763,0.032942707782441294,0.032620877140194515,0.03351430827231529,0.030404413527414364,0.03234058006569895,0.03486591583555325,0.032317370369273714,0.03178712232359632,0.03268212491893122,0.03802155269374212
2023-03-17,0.02823964585178202,0.03756576829923961,0.029406732082913063,0.03316793520352716,0.04336089391247756,0.03456859492309264,0.03306423315782953,0.029760482261827915,0.02931610516326305,0.032789085986952814,0.031327805182154236,0.03573005703110295,0.033518071919597076,0.047373115283803384,0.028462928159669765,0.03230369420631556,0.030031194631570838,0.03439808106175881,0.034128873245141224,0.029989729506819763,0.032942707782441294,0.032620877140194515,0.03351430827231529,0.030404413527414364,0.03234058006569895,0.03486591583555325,0.032317370369273714,0.03178712232359632,0.03268212491893122,0.03802155269374212
2023-03-20,0.02823964585178202,0.03756576829923961,0.029406732082913063,0.03316793520352716,0.04336089391247756,0.03456859492309264,0.03306423315782953,0.029760482261827915,0.02931610516326305,0.032789085986952814,0.031327805182154236,0.03573005703110295,0.033518071919597076,0.047373115283803384,0.028462928159669765,0.03230369420631556,0.030031194631570838,0.03439808106175881,0.034128873245141224,0.029989729506819763,0.032942707782441294,0.032620877140194515,0.03351430827231529,0.030404413527414364,0.03234058006569895,0.03486591583555325,0.032317370369273714,0.03178712232359632,0.03268212491893122,0.03802155269374212
2023-03-21,0.02823964585178202,0.03756576829923961,0.029406732082913063,0.03316793520352716,0.04336089391247756,0.03456859492309264,0.03306423315782953,0.029760482261827915,0.02931610516326305,0.032789085986952814,0.031327805182154236,0.03573005703110295,0.033518071919597076,0.047373115283803384,0.028462928159669765,0.03230369420631556,0.030031194631570838,0.03439808106175881,0.034128873245141224,0.029989729506819763,0.032942707782441294,0.032620877140194515,0.03351430827231529,0.030404413527414364,0.03234058006569895,0.03486591583555325,0.032317370369273714,0.03178712232359632,0.03268212491893122,0.03802155269374212
2023-03-22,0.02823964585178202,0.03756576829923961,0.029406732082913063,0.03316793520352716,0.04336089391247756,0.03456859492309264,0.03306423315782953,0.029760482261827915,0.02931610516326305,0.032789085986952814,0.031327805182154236,0.03573005703110295,0.033518071919597076,0.047373115283803384,0.028462928159669765,0.03230369420631556,0.030031194631570838,0.03439808106175881,0.034128873245141224,0.029989729506819763,0.032942707782441294,0.032620877140194515,0.03351430827231529,0.030404413527414364,0.03234058006569895,0.03486591583555325,0.032317370369273714,0.03178712232359632,0.03268212491893122,0.03802155269374212
2023-03-23,0.02823964585178202,0.03756576829923961,0.029406732082913063,0.03316793520352716,0.04336089391247756,0.03456859492309264,0.03306423315782953,0.029760482261827915,0.02931610516326305,0.032789085986952814,0.031327805182154236,0.03573005703110295,0.033518071919597076,0.047373115283803384,0.028462928159669765,0.03230369420631556,0.030031194631570838,0.03439808106175881,0.034128873245141224,0.029989729506819763,0.032942707782441294,0.032620877140194515,0.03351430827231529,0.030404413527414364,0.03234058006569895,0.03486591583555325,0.032317370369273714,0.03178712232359632,0.03268212491893122,0.03802155269374212
2023-03-24,0.02823964585178202,0.03756576829923961,0.029406732082913063,0.03316793520352716,0.04336089391247756,0.03456859492309264,0.03306423315782953,0.029760482261827915,0.02931610516326305,0.032789085986952814,0.031327805182154236,0.03573005703110295,0.033518071919597076,0.047373115283803384,0.028462928159669765,0.03230369420631556,0.030031194631570838,0.03439808106175881,0.034128873245141224,0.029989729506819763,0.032942707782441294,0.032620877140194515,0.03351430827231529,0.030404413527414364,0.03234058006569895,0.03486591583555325,0.032317370369273714,0.03178712232359632,0.03268212491893122,0.03802155269374212
2023-03-27,0.02823964585178202,0.03756576829923961,0.029406732082913063,0.03316793520352716,0.04336089391247756,0.03456859492309264,0.03306423315782953,0.029760482261827915,0.02931610516326305,0.032789085986952814,0.031327805182154236,0.03573005703110295,0.033518071919597076,0.047373115283803384,0.028462928159669765,0.03230369420631556,0.030031194631570838,0.03439808106175881,0.034128873245141224,0.029989729506819763,0.032942707782441294,0.032620877140194515,0.03351430827231529,0.030404413527414364,0.03234058006569895,0.03486591583555325,0.032317370369273714,0.03178712232359632,0.03268212491893122,0.03802155269374212
2023-03-28,0.02823964585178202,0.03756576829923961,0.029406732082913063,0.03316793520352716,0.04336089391247756,0.03456859492309264,0.03306423315782953,0.029760482261827915,0.02931610516326305,0.032789085986952814,0.031327805182154236,0.03573005703110295,0.033518071919597076,0.047373115283803384,0.028462928159669765,0.03230369420631556,0.030031194631570838,0.03439808106175881,0.034128873245141224,0.029989729506819763,0.032942707782441294,0.032620877140194515,0.03351430827231529,0.030404413527414364,0.03234058006569895,0.03486591583555325,0.032317370369273714,0.03178712232359632,0.03268212491893122,0.03802155269374212
2023-03-29,0.02823964585178202,0.03756576829923961,0.029406732082913063,0.03316793520352716,0.04336089391247756,0.03456859492309264,0.03306423315782953,0.029760482261827915,0.02931610516326305,0.032789085986952814,0.031327805182154236,0.03573005703110295,0.033518071919597076,0.047373115283803384,0.028462928159669765,0.03230369420631556,0.030031194631570838,0.03439808106175881,0.034128873245141224,0.029989729506819763,0.032942707782441294,0.032620877140194515,0.03351430827231529,0.030404413527414364,0.03234058006569895,0.03486591583555325,0.032317370369273714,0.03178712232359632,0.03268212491893122,0.03802155269374212
2023-03-30,0.02823964585178202,0.03756576829923961,0.029406732082913063,0.03316793520352716,0.04336089391247756,0.03456859492309264,0.03306423315782953,0.029760482261827915,0.02931610516326305,0.032789085986952814,0.031327805182154236,0.03573005703110295,0.033518071919597076,0.047373115283803384,0.028462928159669765,0.03230369420631556,0.030031194631570838,0.03439808106175881,0.034128873245141224,0.029989729506819763,0.032942707782441294,0.032620877140194515,0.03351430827231529,0.030404413527414364,0.03234058006569895,0.03486591583555325,0.032317370369273714,0.03178712232359632,0.03268212491893122,0.03802155269374212
2023-03-31,0.02823964585178202,0.03756576829923961,0.029406732082913063,0.03316793520352716,0.04336089391247756,0.03456859492309264,0.03306423315782953,0.029760482261827915,0.02931610516326305,0.032789085986952814,0.031327805182154236,0.03573005703110295,0.033518071919597076,0.047373115283803384,0.028462928159669765,0.03230369420631556,0.030031194631570838,0.03439808106175881,0.034128873245141224,0.029989729506819763,0.032942707782441294,0.032620877140194515,0.03351430827231529,0.030404413527414364,0.03234058006569895,0.03486591583555325,0.032317370369273714,0.03178712232359632,0.03268212491893122,0.03802155269374212
2023-04-03,0.028719449297945298,0.03294497127673775,0.028299894673354115,0.03237790359748094,0.03767416810518445,0.033594415277997315,0.03504735576786469,0.03232312347320116,0.037794775566858875,0.03337437243111893,0.0305879978303341,0.032913315741688244,0.04252375289378593,0.03994287107894413,0.030281648328051365,0.039218850689515646,0.02858807299892866,0.03586826355614359,0.034885302192575775,0.03567679455429848,0.032225685639903474,0.033144529365107055,0.030053351102103394,0.02968577049091032,0.026212783847418642,0.029318245169848427,0.0332687080363891,0.02948176106231732,0.03549832533795498,0.03847354061603795
2023-04-04,0.028719449297945298,0.03294497127673775,0.028299894673354115,0.03237790359748094,0.03767416810518445,0.033594415277997315,0.03504735576786469,0.03232312347320116,0.037794775566858875,0.03337437243111893,0.0305879978303341,0.032913315741688244,0.04252375289378593,0.03994287107894413,0.030281648328051365,0.039218850689515646,0.02858807299892866,0.03586826355614359,0.034885302192575775,0.03567679455429848,0.032225685639903474,0.033144529365107055,0.030053351102103394,0.02968577049091032,0.026212783847418642,0.029318245169848427,0.0332687080363891,0.02948176106231732,0.03549832533795498,0.03847354061603795
2023-04-05,0.028719449297945298,0.03294497127673775,0.028299894673354115,0.03237790359748094,0.03767416810518445,0.033594415277997315,0.03504735576786469,0.03232312347320116,0.037794775566858875,0.03337437243111893,0.0305879978303341,0.032913315741688244,0.04252375289378593,0.03994287107894413,0.030281648328051365,0.039218850689515646,0.02858807299892866,0.03586826355614359,0.034885302192575775,0.03567679455429848,0.032225685639903474,0.033144529365107055,0.030053351102103394,0.02968577049091032,0.026212783847418642,0.029318245169848427,0.0332687080363891,0.02948176106231732,0.03549832533795498,0.03847354061603795
2023-04-06,0.028719449297945298,0.03294497127673775,0.028299894673354115,0.03237790359748094,0.03767416810518445,0.033594415277997315,0.03504735576786469,0.03232312347320116,0.037794775566858875,0.03337437243111893,0.0305879978303341,0.032913315741688244,0.04252375289378593,0.03994287107894413,0.030281648328051365,0.039218850689515646,0.02858807299892866,0.03586826355614359,0.034885302192575775,0.03567679455429848,0.032225685639903474,0.033144529365107055,0.030053351102103394,0.02968577049091032,0.026212783847418642,0.029318245169848427,0.0332687080363891,0.02948176106231732,0.03549832533795498,0.03847354061603795
2023-04-07,0.028719449297945298,0.03294497127673775,0.028299894673354115,0.03237790359748094,0.03767416810518445,0.033594415277997315,0.03504735576786469,0.03232312347320116,0.037794775566858875,0.03337437243111893,0.0305879978303341,0.032913315741688244,0.04252375289378593,0.03994287107894413,0.030281648328051365,0.039218850689515646,0.02858807299892866,0.03586826355614359,0.034885302192575775,0.03567679455429848,0.032225685639903474,0.033144529365107055,0.030053351102103394,0.02968577049091032,0.026212783847418642,0.029318245169848427,0.0332687080363891,0.02948176106231732,0.03549832533795498,0.03847354061603795
2023-04-10,0.028719449297945298,0.03294497127673775,0.028299894673354115,0.03237790359748094,0.03767416810518445,0.033594415277997315,0.03504735576786469,0.03232312347320116,0.037794775566858875,0.03337437243111893,0.0305879978303341,0.032913315741688244,0.04252375289378593,0.03994287107894413,0.030281648328051365,0.039218850689515646,0.02858807299892866,0.03586826355614359,0.034885302192575775,0.03567679455429848,0.032225685639903474,0.033144529365107055,0.030053351102103394,0.02968577049091032,0.026212783847418642,0.029318245169848427,0.0332687080363891,0.02948176106231732,0.03549832533795498,0.03847354061603795
2023-04-11,0.028719449297945298,0.03294497127673775,0.028299894673354115,0.03237790359748094,0.03767416810518445,0.033594415277997315,0.03504735576786469,0.03232312347320116,0.037794775566858875,0.03337437243111893,0.0305879978303341,0.032913315741688244,0.04252375289378593,0.03994287107894413,0.030281648328051365,0.039218850689515646,0.02858807299892866,0.03586826355614359,0.034885302192575775,0.03567679455429848,0.032225685639903474,0.033144529365107055,0.030053351102103394,0.02968577049091032,0.026212783847418642,0.029318245169848427,0.0332687080363891,0.02948176106231732,0.03549832533795498,0.03847354061603795
2023-04-12,0.028719449297945298,0.03294497127673775,0.028299894673354115,0.03237790359748094,0.03767416810518445,0.033594415277997315,0.03504735576786469,0.03232312347320116,0.037794775566858875,0.03337437243111893,0.0305879978303341,0.032913315741688244,0.04252375289378593,0.03994287107894413,0.030281648328051365,0.039218850689515646,0.02858807299892866,0.03586826355614359,0.034885302192575775,0.03567679455429848,0.032225685639903474,0.033144529365107055,0.030053351102103394,0.02968577049091032,0.026212783847418642,0.029318245169848427,0.0332687080363891,0.02948176106231732,0.03549832533795498,0.03847354061603795
2023-04-13,0.028719449297945298,0.03294497127673775,0.028299894673354115,0.03237790359748094,0.03767416810518445,0.033594415277997315,0.03504735576786469,0.03232312347320116,0.037794775566858875,0.03337437243111893,0.0305879978303341,0.032913315741688244,0.04252375289378593,0.03994287107894413,0.030281648328051365,0.039218850689515646,0.02858807299892866,0.03586826355614359,0.034885302192575775,0.03567679455429848,0.032225685639903474,0.033144529365107055,0.030053351102103394,0.02968577049091032,0.026212783847418642,0.029318245169848427,0.0332687080363891,0.02948176106231732,0.03549832533795498,0.03847354061603795
2023-04-14,0.028719449297945298,0.03294497127673775,0.028299894673354115,0.03237790359748094,0.03767416810518445,0.033594415277997315,0.03504735576786469,0.03232312347320116,0.037794775566858875,0.03337437243111893,0.0305879978303341,0.032913315741688244,0.04252375289378593,0.03994287107894413,0.030281648328051365,0.039218850689515646,0.02858807299892866,0.03586826355614359,0.034885302192575775,0.03567679455429848,0.032225685639903474,0.033144529365107055,0.030053351102103394,0.02968577049091032,0.026212783847418642,0.029318245169848427,0.0332687080363891,0.02948176106231732,0.03549832533795498,0.03847354061603795
2023-04-17,0.028719449297945298,0.03294497127673775,0.028299894673354115,0.03237790359748094,0.03767416810518445,0.033594415277997315,0.03504735576786469,0.03232312347320116,0.037794775566858875,0.03337437243111893,0.0305879978303341,0.032913315741688244,0.04252375289378593,0.03994287107894413,0.030281648328051365,0.039218850689515646,0.02858807299892866,0.03586826355614359,0.034885302192575775,0.03567679455429848,0.032225685639903474,0.033144529365107055,0.030053351102103394,0.02968577049091032,0.026212783847418642,0.029318245169848427,0.0332687080363891,0.02948176106231732,0.03549832533795498,0.03847354061603795
2023-04-18,0.028719449297945298,0.03294497127673775,0.028299894673354115,0.03237790359748094,0.03767416810518445,0.033594415277997315,0.03504735576786469,0.03232312347320116,0.037794775566858875,0.03337437243111893,0.0305879978303341,0.032913315741688244,0.04252375289378593,0.03994287107894413,0.030281648328051365,0.039218850689515646,0.02858807299892866,0.03586826355614359,0.034885302192575775,0.03567679455429848,0.032225685639903474,0.033144529365107055,0.030053351102103394,0.02968577049091032,0.026212783847418642,0.029318245169848427,0.0332687080363891,0.02948176106231732,0.03549832533795498,0.03847354061603795
2023-04-19,0.028719449297945298,0.03294497127673775,0.028299894673354115,0.03237790359748094,0.03767416810518445,0.033594415277997315,0.03504735576786469,0.03232312347320116,0.037794775566858875,0.03337437243111893,0.0305879978303341,0.032913315741688244,0.04252375289378593,0.03994287107894413,0.030281648328051365,0.039218850689515646,0.02858807299892866,0.03586826355614359,0.034885302192575775,0.03567679455429848,0.032225685639903474,0.033144529365107055,0.030053351102103394,0.02968577049091032,0.026212783847418642,0.029318245169848427,0.0332687080363891,0.02948176106231732,0.03549832533795498,0.03847354061603795
2023-04-20,0.028719449297945298,0.03294497127673775,0.028299894673354115,0.03237790359748094,0.03767416810518445,0.033594415277997315,0.03504735576786469,0.03232312347320116,0.037794775566858875,0.03337437243111893,0.0305879978303341,0.032913315741688244,0.04252375289378593,0.03994287107894413,0.030281648328051365,0.039218850689515646,0.02858807299892866,0.03586826355614359,0.034885302192575775,0.03567679455429848,0.032225685639903474,0.033144529365107055,0.030053351102103394,0.02968577049091032,0.026212783847418642,0.029318245169848427,0.0332687080363891,0.02948176106231732,0.03549832533795498,0.03847354061603795
2023-04-21,0.028719449297945298,0.03294497127673775,0.028299894673354115,0.03237790359748094,0.03767416810518445,0.033594415277997315,0.03504735576786469,0.03232312347320116,0.037794775566858875,0.03337437243111893,0.0305879978303341,0.032913315741688244,0.04252375289378593,0.03994287107894413,0.030281648328051365,0.039218850689515646,0.02858807299892866,0.03586826355614359,0.034885302192575775,0.03567679455429848,0.032225685639903474,0.033144529365107055,0.030053351102103394,0.02968577049091032,0.026212783847418642,0.029318245169848427,0.0332687080363891,0.02948176106231732,0.03549832533795498,0.03847354061603795
2023-04-24,0.028719449297945298,0.03294497127673775,0.028299894673354115,0.03237790359748094,0.03767416810518445,0.033594415277997315,0.03504735576786469,0.03232312347320116,0.037794775566858875,0.03337437243111893,0.0305879978303341,0.032913315741688244,0.04252375289378593,0.03994287107894413,0.030281648328051365,0.039218850689515646,0.02858807299892866,0.03586826355614359,0.034885302192575775,0.03567679455429848,0.032225685639903474,0.033144529365107055,0.030053351102103394,0.02968577049091032,0.026212783847418642,0.029318245169848427,0.0332687080363891,0.02948176106231732,0.03549832533795498,0.03847354061603795
2023-04-25,0.028719449297945298,0.03294497127673775,0.028299894673354115,0.03237790359748094,0.03767416810518445,0.033594415277997315,0.03504735576786469,0.03232312347320116,0.037794775566858875,0.03337437243111893,0.0305879978303341,0.032913315741688244,0.04252375289378593,0.03994287107894413,0.030281648328051365,0.039218850689515646,0.02858807299892866,0.03586826355614359,0.034885302192575775,0.03567679455429848,0.032225685639903474,0.033144529365107055,0.030053351102103394,0.02968577049091032,0.026212783847418642,0.029318245169848427,0.0332687080363891,0.02948176106231732,0.03549832533795498,0.03847354061603795
2023-04-26,0.028719449297945298,0.03294497127673775,0.028299894673354115,0.03237790359748094,0.03767416810518445,0.033594415277997315,0.03504735576786469,0.03232312347320116,0.037794775566858875,0.03337437243111893,0.0305879978303341,0.032913315741688244,0.04252375289378593,0.03994287107894413,0.030281648328051365,0.039218850689515646,0.02858807299892866,0.03586826355614359,0.034885302192575775,0.03567679455429848,0.032225685639903474,0.033144529365107055,0.030053351102103394,0.02968577049091032,0.026212783847418642,0.029318245169848427,0.0332687080363891,0.02948176106231732,0.03549832533795498,0.03847354061603795
2023-04-27,0.028719449297945298,0.03294497127673775,0.028299894673354115,0.03237790359748094,0.03767416810518445,0.033594415277997315,0.03504735576786469,0.03232312347320116,0.037794775566858875,0.03337437243111893,0.0305879978303341,0.032913315741688244,0.04252375289378593,0.03994287107894413,0.030281648328051365,0.039218850689515646,0.02858807299892866,0.03586826355614359,0.034885302192575775,0.03567679455429848,0.032225685639903474,0.033144529365107055,0.030053351102103394,0.02968577049091032,0.026212783847418642,0.029318245169848427,0.0332687080363891,0.02948176106231732,0.03549832533795498,0.03847354061603795
2023-04-28,0.028719449297945298,0.03294497127673775,0.028299894673354115,0.03237790359748094,0.03767416810518445,0.033594415277997315,0.03504735576786469,0.03232312347320116,0.037794775566858875,0.03337437243111893,0.0305879978303341,0.032913315741688244,0.04252375289378593,0.03994287107894413,0.030281648328051365,0.039218850689515646,0.02858807299892866,0.03586826355614359,0.034885302192575775,0.03567679455429848,0.032225685639903474,0.033144529365107055,0.030053351102103394,0.02968577049091032,0.026212783847418642,0.029318245169848427,0.0332687080363891,0.02948176106231732,0.03549832533795498,0.03847354061603795
2023-05-01,0.025697644831383423,0.03202172446628334,0.02850865461842212,0.03131993514965498,0.03249857307337503,0.03303594617392496,0.030263419161438012,0.0483820725052506,0.03575102856097917,0.04102557115816401,0.03233476275187895,0.03063911705229414,0.036372425893652915,0.03214213695592986,0.031727572283113105,0.03127055265455091,0.03136723004351127,0.03558528780051551,0.029381448569094457,0.031601304373665685,0.03054069587106766,0.0308618040940436,0.04224234583941967,0.029686622934980117,0.02935425257865617,0.028701842651627223,0.03485475419164268,0.031528745156115735,0.03538079050627412,0.04592173809909073
2023-05-02,0.025697644831383423,0.03202172446628334,0.02850865461842212,0.03131993514965498,0.03249857307337503,0.03303594617392496,0.030263419161438012,0.0483820725052506,0.03575102856097917,0.04102557115816401,0.03233476275187895,0.03063911705229414,0.036372425893652915,0.03214213695592986,0.031727572283113105,0.03127055265455091,0.03136723004351127,0.03558528780051551,0.029381448569094457,0.031601304373665685,0.03054069587106766,0.0308618040940436,0.04224234583941967,0.029686622934980117,0.02935425257865617,0.028701842651627223,0.03485475419164268,0.031528745156115735,0.03538079050627412,0.04592173809909073
2023-05-03,0.025697644831383423,0.03202172446628334,0.02850865461842212,0.03131993514965498,0.03249857307337503,0.03303594617392496,0.030263419161438012,0.0483820725052506,0.03575102856097917,0.04102557115816401,0.03233476275187895,0.03063911705229414,0.036372425893652915,0.03214213695592986,0.031727572283113105,0.03127055265455091,0.03136723004351127,0.03558528780051551,0.029381448569094457,0.031601304373665685,0.03054069587106766,0.0308618040940436,0.04224234583941967,0.029686622934980117,0.02935425257865617,0.028701842651627223,0.03485475419164268,0.031528745156115735,0.03538079050627412,0.04592173809909073
2023-05-04,0.025697644831383423,0.03202172446628334,0.02850865461842212,0.03131993514965498,0.03249857307337503,0.03303594617392496,0.030263419161438012,0.0483820725052506,0.03575102856097917,0.04102557115816401,0.03233476275187895,0.03063911705229414,0.036372425893652915,0.03214213695592986,0.031727572283113105,0.03127055265455091,0.03136723004351127,0.03558528780051551,0.029381448569094457,0.031601304373665685,0.03054069587106766,0.0308618040940436,0.04224234583941967,0.029686622934980117,0.02935425257865617,0.028701842651627223,0.03485475419164268,0.031528745156115735,0.03538079050627412,0.04592173809909073
2023-05-05,0.025697644831383423,0.03202172446628334,0.02850865461842212,0.03131993514965498,0.03249857307337503,0.03303594617392496,0.030263419161438012,0.0483820725052506,0.03575102856097917,0.04102557115816401,0.03233476275187895,0.03063911705229414,0.036372425893652915,0.03214213695592986,0.031727572283113105,0.03127055265455091,0.03136723004351127,0.03558528780051551,0.029381448569094457,0.031601304373665685,0.03054069587106766,0.0308618040940436,0.04224234583941967,0.029686622934980117,0.02935425257865617,0.028701842651627223,0.03485475419164268,0.031528745156115735,0.03538079050627412,0.04592173809909073
2023-05-08,0.025697644831383423,0.03202172446628334,0.02850865461842212,0.03131993514965498,0.03249857307337503,0.03303594617392496,0.030263419161438012,0.0483820725052506,0.03575102856097917,0.04102557115816401,0.03233476275187895,0.03063911705229414,0.036372425893652915,0.03214213695592986,0.031727572283113105,0.03127055265455091,0.03136723004351127,0.03558528780051551,0.029381448569094457,0.031601304373665685,0.03054069587106766,0.0308618040940436,0.04224234583941967,0.029686622934980117,0.02935425257865617,0.028701842651627223,0.03485475419164268,0.031528745156115735,0.03538079050627412,0.04592173809909073
2023-05-09,0.025697644831383423,0.03202172446628334,0.02850865461842212,0.03131993514965498,0.03249857307337503,0.03303594617392496,0.030263419161438012,0.0483820725052506,0.03575102856097917,0.04102557115816401,0.03233476275187895,0.03063911705229414,0.036372425893652915,0.03214213695592986,0.031727572283113105,0.03127055265455091,0.03136723004351127,0.03558528780051551,0.029381448569094457,0.031601304373665685,0.03054069587106766,0.0308618040940436,0.04224234583941967,0.029686622934980117,0.02935425257865617,0.028701842651627223,0.03485475419164268,0.031528745156115735,0.03538079050627412,0.04592173809909073
2023-05-10,0.025697644831383423,0.03202172446628334,0.02850865461842212,0.03131993514965498,0.03249857307337503,0.03303594617392496,0.030263419161438012,0.0483820725052506,0.03575102856097917,0.04102557115816401,0.03233476275187895,0.03063911705229414,0.036372425893652915,0.03214213695592986,0.031727572283113105,0.03127055265455091,0.03136723004351127,0.03558528780051551,0.029381448569094457,0.031601304373665685,0.03054069587106766,0.0308618040940436,0.04224234583941967,0.029686622934980117,0.02935425257865617,0.028701842651627223,0.03485475419164268,0.031528745156115735,0.03538079050627412,0.04592173809909073
2023-05-11,0.025697644831383423,0.03202172446628334,0.02850865461842212,0.03131993514965498,0.03249857307337503,0.03303594617392496,0.030263419161438012,0.0483820725052506,0.03575102856097917,0.04102557115816401,0.03233476275187895,0.03063911705229414,0.036372425893652915,0.03214213695592986,0.031727572283113105,0.03127055265455091,0.03136723004351127,0.03558528780051551,0.029381448569094457,0.031601304373665685,0.03054069587106766,0.0308618040940436,0.04224234583941967,0.029686622934980117,0.02935425257865617,0.028701842651627223,0.03485475419164268,0.031528745156115735,0.03538079050627412,0.04592173809909073
2023-05-12,0.025697644831383423,0.03202172446628334,0.02850865461842212,0.03131993514965498,0.03249857307337503,0.03303594617392496,0.030263419161438012,0.0483820725052506,0.03575102856097917,0.04102557115816401,0.03233476275187895,0.03063911705229414,0.036372425893652915,0.03214213695592986,0.031727572283113105,0.03127055265455091,0.03136723004351127,0.03558528780051551,0.029381448569094457,0.031601304373665685,0.03054069587106766,0.0308618040940436,0.04224234583941967,0.029686622934980117,0.02935425257865617,0.028701842651627223,0.03485475419164268,0.031528745156115735,0.03538079050627412,0.04592173809909073
2023-05-15,0.025697644831383423,0.03202172446628334,0.02850865461842212,0.03131993514965498,0.03249857307337503,0.03303594617392496,0.030263419161438012,0.0483820725052506,0.03575102856097917,0.04102557115816401,0.03233476275187895,0.03063911705229414,0.036372425893652915,0.03214213695592986,0.031727572283113105,0.03127055265455091,0.03136723004351127,0.03558528780051551,0.029381448569094457,0.031601304373665685,0.03054069587106766,0.0308618040940436,0.04224234583941967,0.029686622934980117,0.02935425257865617,0.028701842651627223,0.03485475419164268,0.031528745156115735,0.03538079050627412,0.04592173809909073
2023-05-16,0.025697644831383423,0.03202172446628334,0.02850865461842212,0.03131993514965498,0.03249857307337503,0.03303594617392496,0.030263419161438012,0.0483820725052506,0.03575102856097917,0.04102557115816401,0.03233476275187895,0.03063911705229414,0.036372425893652915,0.03214213695592986,0.031727572283113105,0.03127055265455091,0.03136723004351127,0.03558528780051551,0.029381448569094457,0.031601304373665685,0.03054069587106766,0.0308618040940436,0.04224234583941967,0.029686622934980117,0.02935425257865617,0.028701842651627223,0.03485475419164268,0.031528745156115735,0.03538079050627412,0.04592173809909073
2023-05-17,0.025697644831383423,0.03202172446628334,0.02850865461842212,0.03131993514965498,0.03249857307337503,0.03303594617392496,0.030263419161438012,0.0483820725052506,0.03575102856097917,0.04102557115816401,0.03233476275187895,0.03063911705229414,0.036372425893652915,0.03214213695592986,0.031727572283113105,0.03127055265455091,0.03136723004351127,0.03558528780051551,0.029381448569094457,0.031601304373665685,0.03054069587106766,0.0308618040940436,0.04224234583941967,0.029686622934980117,0.02935425257865617,0.028701842651627223,0.03485475419164268,0.031528745156115735,0.03538079050627412,0.04592173809909073
2023-05-18,0.025697644831383423,0.03202172446628334,0.02850865461842212,0.03131993514965498,0.03249857307337503,0.03303594617392496,0.030263419161438012,0.0483820725052506,0.03575102856097917,0.04102557115816401,0.03233476275187895,0.03063911705229414,0.036372425893652915,0.03214213695592986,0.031727572283113105,0.03127055265455091,0.03136723004351127,0.03558528780051551,0.029381448569094457,0.031601304373665685,0.03054069587106766,0.0308618040940436,0.04224234583941967,0.029686622934980117,0.02935425257865617,0.028701842651627223,0.03485475419164268,0.031528745156115735,0.03538079050627412,0.04592173809909073
2023-05-19,0.025697644831383423,0.03202172446628334,0.02850865461842212,0.03131993514965498,0.03249857307337503,0.03303594617392496,0.030263419161438012,0.0483820725052506,0.03575102856097917,0.04102557115816401,0.03233476275187895,0.03063911705229414,0.036372425893652915,0.03214213695592986,0.031727572283113105,0.03127055265455091,0.03136723004351127,0.03558528780051551,0.029381448569094457,0.031601304373665685,0.03054069587106766,0.0308618040940436,0.04224234583941967,0.029686622934980117,0.02935425257865617,0.028701842651627223,0.03485475419164268,0.031528745156115735,0.03538079050627412,0.04592173809909073
2023-05-22,0.025697644831383423,0.03202172446628334,0.02850865461842212,0.03131993514965498,0.03249857307337503,0.03303594617392496,0.030263419161438012,0.0483820725052506,0.03575102856097917,0.04102557115816401,0.03233476275187895,0.03063911705229414,0.036372425893652915,0.03214213695592986,0.031727572283113105,0.03127055265455091,0.03136723004351127,0.03558528780051551,0.029381448569094457,0.031601304373665685,0.03054069587106766,0.0308618040940436,0.04224234583941967,0.029686622934980117,0.02935425257865617,0.028701842651627223,0.03485475419164268,0.031528745156115735,0.03538079050627412,0.04592173809909073
2023-05-23,0.025697644831383423,0.03202172446628334,0.02850865461842212,0.03131993514965498,0.03249857307337503,0.03303594617392496,0.030263419161438012,0.0483820725052506,0.03575102856097917,0.04102557115816401,0.03233476275187895,0.03063911705229414,0.036372425893652915,0.03214213695592986,0.031727572283113105,0.03127055265455091,0.03136723004351127,0.03558528780051551,0.029381448569094457,0.031601304373665685,0.03054069587106766,0.0308618040940436,0.04224234583941967,0.029686622934980117,0.02935425257865617,0.028701842651627223,0.03485475419164268,0.031528745156115735,0.03538079050627412,0.04592173809909073
2023-05-24,0.025697644831383423,0.03202172446628334,0.02850865461842212,0.03131993514965498,0.03249857307337503,0.03303594617392496,0.030263419161438012,0.0483820725052506,0.03575102856097917,0.04102557115816401,0.03233476275187895,0.03063911705229414,0.036372425893652915,0.03214213695592986,0.031727572283113105,0.03127055265455091,0.03136723004351127,0.03558528780051551,0.029381448569094457,0.031601304373665685,0.03054069587106766,0.0308618040940436,0.04224234583941967,0.029686622934980117,0.02935425257865617,0.028701842651627223,0.03485475419164268,0.031528745156115735,0.03538079050627412,0.04592173809909073
2023-05-25,0.025697644831383423,0.03202172446628334,0.02850865461842212,0.03131993514965498,0.03249857307337503,0.03303594617392496,0.030263419161438012,0.0483820725052506,0.03575102856097917,0.04102557115816401,0.03233476275187895,0.03063911705229414,0.036372425893652915,0.03214213695592986,0.031727572283113105,0.03127055265455091,0.03136723004351127,0.03558528780051551,0.029381448569094457,0.031601304373665685,0.03054069587106766,0.0308618040940436,0.04224234583941967,0.029686622934980117,0.02935425257865617,0.028701842651627223,0.03485475419164268,0.031528745156115735,0.03538079050627412,0.04592173809909073
2023-05-26,0.025697644831383423,0.03202172446628334,0.02850865461842212,0.03131993514965498,0.03249857307337503,0.03303594617392496,0.030263419161438012,0.0483820725052506,0.03575102856097917,0.04102557115816401,0.03233476275187895,0.03063911705229414,0.036372425893652915,0.03214213695592986,0.031727572283113105,0.03127055265455091,0.03136723004351127,0.03558528780051551,0.029381448569094457,0.031601304373665685,0.03054069587106766,0.0308618040940436,0.04224234583941967,0.029686622934980117,0.02935425257865617,0.028701842651627223,0.03485475419164268,0.031528745156115735,0.03538079050627412,0.04592173809909073
2023-05-29,0.025697644831383423,0.03202172446628334,0.02850865461842212,0.03131993514965498,0.03249857307337503,0.03303594617392496,0.030263419161438012,0.0483820725052506,0.03575102856097917,0.04102557115816401,0.03233476275187895,0.03063911705229414,0.036372425893652915,0.03214213695592986,0.031727572283113105,0.03127055265455091,0.03136723004351127,0.03558528780051551,0.029381448569094457,0.031601304373665685,0.03054069587106766,0.0308618040940436,0.04224234583941967,0.029686622934980117,0.02935425257865617,0.028701842651627223,0.03485475419164268,0.031528745156115735,0.03538079050627412,0.04592173809909073
2023-05-30,0.025697644831383423,0.03202172446628334,0.02850865461842212,0.03131993514965498,0.03249857307337503,0.03303594617392496,0.030263419161438012,0.0483820725052506,0.03575102856097917,0.04102557115816401,0.03233476275187895,0.03063911705229414,0.036372425893652915,0.03214213695592986,0.031727572283113105,0.03127055265455091,0.03136723004351127,0.03558528780051551,0.029381448569094457,0.031601304373665685,0.03054069587106766,0.0308618040940436,0.04224234583941967,0.029686622934980117,0.02935425257865617,0.028701842651627223,0.03485475419164268,0.031528745156115735,0.03538079050627412,0.04592173809909073
2023-05-31,0.025697644831383423,0.03202172446628334,0.02850865461842212,0.03131993514965498,0.03249857307337503,0.03303594617392496,0.030263419161438012,0.0483820725052506,0.03575102856097917,0.04102557115816401,0.03233476275187895,0.03063911705229414,0.036372425893652915,0.03214213695592986,0.031727572283113105,0.03127055265455091,0.03136723004351127,0.03558528780051551,0.029381448569094457,0.031601304373665685,0.03054069587106766,0.0308618040940436,0.04224234583941967,0.029686622934980117,0.02935425257865617,0.028701842651627223,0.03485475419164268,0.031528745156115735,0.03538079050627412,0.04592173809909073
2023-06-01,0.0283990519725658,0.03524907139287428,0.03265727957177063,0.034113994307157926,0.03327036811815089,0.03521955938555238,0.031319310788372,0.040532012173436285,0.03638439904775512,0.035992979346657204,0.03273666103093657,0.030724515557064642,0.030964079416117972,0.03444133118009406,0.03361382899758084,0.02880195255982666,0.029398854166910033,0.03300028052510563,0.03563526041983956,0.029690095699853987,0.034017237555721704,0.029135211942105686,0.039256657585790375,0.035258462100217595,0.03224857893070938,0.029395723232592198,0.03253313457649138,0.030681128526297778,0.0364871723585902,0.03884180753386114
2023-06-02,0.0283990519725658,0.03524907139287428,0.03265727957177063,0.034113994307157926,0.03327036811815089,0.03521955938555238,0.031319310788372,0.040532012173436285,0.03638439904775512,0.035992979346657204,0.03273666103093657,0.030724515557064642,0.030964079416117972,0.03444133118009406,0.03361382899758084,0.02880195255982666,0.029398854166910033,0.03300028052510563,0.03563526041983956,0.029690095699853987,0.034017237555721704,0.029135211942105686,0.039256657585790375,0.035258462100217595,0.03224857893070938,0.029395723232592198,0.03253313457649138,0.030681128526297778,0.0364871723585902,0.03884180753386114
2023-06-05,0.0283990519725658,0.03524907139287428,0.03265727957177063,0.034113994307157926,0.03327036811815089,0.03521955938555238,0.031319310788372,0.040532012173436285,0.03638439904775512,0.035992979346657204,0.03273666103093657,0.030724515557064642,0.030964079416117972,0.03444133118009406,0.03361382899758084,0.02880195255982666,0.029398854166910033,0.03300028052510563,0.03563526041983956,0.029690095699853987,0.034017237555721704,0.029135211942105686,0.039256657585790375,0.035258462100217595,0.03224857893070938,0.029395723232592198,0.03253313457649138,0.030681128526297778,0.0364871723585902,0.03884180753386114
2023-06-06,0.0283990519725658,0.03524907139287428,0.03265727957177063,0.034113994307157926,0.03327036811815089,0.03521955938555238,0.031319310788372,0.040532012173436285,0.03638439904775512,0.035992979346657204,0.03273666103093657,0.030724515557064642,0.030964079416117972,0.03444133118009406,0.03361382899758084,0.02880195255982666,0.029398854166910033,0.03300028052510563,0.03563526041983956,0.029690095699853987,0.034017237555721704,0.029135211942105686,0.039256657585790375,0.035258462100217595,0.03224857893070938,0.029395723232592198,0.03253313457649138,0.030681128526297778,0.0364871723585902,0.03884180753386114
2023-06-07,0.0283990519725658,0.03524907139287428,0.03265727957177063,0.034113994307157926,0.03327036811815089,0.03521955938555238,0.031319310788372,0.040532012173436285,0.03638439904775512,0.035992979346657204,0.03273666103093657,0.030724515557064642,0.030964079416117972,0.03444133118009406,0.03361382899758084,0.02880195255982666,0.029398854166910033,0.03300028052510563,0.03563526041983956,0.029690095699853987,0.034017237555721704,0.029135211942105686,0.039256657585790375,0.035258462100217595,0.03224857893070938,0.029395723232592198,0.03253313457649138,0.030681128526297778,0.0364871723585902,0.03884180753386114
2023-06-08,0.0283990519725658,0.03524907139287428,0.03265727957177063,0.034113994307157926,0.03327036811815089,0.03521955938555238,0.031319310788372,0.040532012173436285,0.03638439904775512,0.035992979346657204,0.03273666103093657,0.030724515557064642,0.030964079416117972,0.03444133118009406,0.03361382899758084,0.02880195255982666,0.029398854166910033,0.03300028052510563,0.03563526041983956,0.029690095699853987,0.034017237555721704,0.029135211942105686,0.039256657585790375,0.035258462100217595,0.03224857893070938,0.029395723232592198,0.03253313457649138,0.030681128526297778,0.0364871723585902,0.03884180753386114
2023-06-09,0.0283990519725658,0.03524907139287428,0.03265727957177063,0.034113994307157926,0.03327036811815089,0.03521955938555238,0.031319310788372,0.040532012173436285,0.03638439904775512,0.035992979346657204,0.03273666103093657,0.030724515557064642,0.030964079416117972,0.03444133118009406,0.03361382899758084,0.02880195255982666,0.029398854166910033,0.03300028052510563,0.03563526041983956,0.029690095699853987,0.034017237555721704,0.029135211942105686,0.039256657585790375,0.035258462100217595,0.03224857893070938,0.029395723232592198,0.03253313457649138,0.030681128526297778,0.0364871723585902,0.03884180753386114
2023-06-12,0.0283990519725658,0.03524907139287428,0.03265727957177063,0.034113994307157926,0.03327036811815089,0.03521955938555238,0.031319310788372,0.040532012173436285,0.03638439904775512,0.035992979346657204,0.03273666103093657,0.030724515557064642,0.030964079416117972,0.03444133118009406,0.03361382899758084,0.02880195255982666,0.029398854166910033,0.03300028052510563,0.03563526041983956,0.029690095699853987,0.034017237555721704,0.029135211942105686,0.039256657585790375,0.035258462100217595,0.03224857893070938,0.029395723232592198,0.03253313457649138,0.030681128526297778,0.0364871723585902,0.03884180753386114
2023-06-13,0.0283990519725658,0.03524907139287428,0.03265727957177063,0.034113994307157926,0.03327036811815089,0.03521955938555238,0.031319310788372,0.040532012173436285,0.03638439904775512,0.035992979346657204,0.03273666103093657,0.030724515557064642,0.030964079416117972,0.03444133118009406,0.03361382899758084,0.02880195255982666,0.029398854166910033,0.03300028052510563,0.03563526041983956,0.029690095699853987,0.034017237555721704,0.029135211942105686,0.039256657585790375,0.035258462100217595,0.03224857893070938,0.029395723232592198,0.03253313457649138,0.030681128526297778,0.0364871723585902,0.03884180753386114
2023-06-14,0.0283990519725658,0.03524907139287428,0.03265727957177063,0.034113994307157926,0.03327036811815089,0.03521955938555238,0.031319310788372,0.040532012173436285,0.03638439904775512,0.035992979346657204,0.03273666103093657,0.030724515557064642,0.030964079416117972,0.03444133118009406,0.03361382899758084,0.02880195255982666,0.029398854166910033,0.03300028052510563,0.03563526041983956,0.029690095699853987,0.034017237555721704,0.029135211942105686,0.039256657585790375,0.035258462100217595,0.03224857893070938,0.029395723232592198,0.03253313457649138,0.030681128526297778,0.0364871723585902,0.03884180753386114
2023-06-15,0.0283990519725658,0.03524907139287428,0.03265727957177063,0.034113994307157926,0.03327036811815089,0.03521955938555238,0.031319310788372,0.040532012173436285,0.03638439904775512,0.035992979346657204,0.03273666103093657,0.030724515557064642,0.030964079416117972,0.03444133118009406,0.03361382899758084,0.02880195255982666,0.029398854166910033,0.03300028052510563,0.03563526041983956,0.029690095699853987,0.034017237555721704,0.029135211942105686,0.039256657585790375,0.035258462100217595,0.03224857893070938,0.029395723232592198,0.03253313457649138,0.030681128526297778,0.0364871723585902,0.03884180753386114
2023-06-16,0.0283990519725658,0.03524907139287428,0.03265727957177063,0.034113994307157926,0.03327036811815089,0.03521955938555238,0.031319310788372,0.040532012173436285,0.03638439904775512,0.035992979346657204,0.03273666103093657,0.030724515557064642,0.030964079416117972,0.03444133118009406,0.03361382899758084,0.02880195255982666,0.029398854166910033,0.03300028052510563,0.03563526041983956,0.029690095699853987,0.034017237555721704,0.029135211942105686,0.039256657585790375,0.035258462100217595,0.03224857893070938,0.029395723232592198,0.03253313457649138,0.030681128526297778,0.0364871723585902,0.03884180753386114
2023-06-19,0.0283990519725658,0.03524907139287428,0.03265727957177063,0.034113994307157926,0.03327036811815089,0.03521955938555238,0.031319310788372,0.040532012173436285,0.03638439904775512,0.035992979346657204,0.03273666103093657,0.030724515557064642,0.030964079416117972,0.03444133118009406,0.03361382899758084,0.02880195255982666,0.029398854166910033,0.03300028052510563,0.03563526041983956,0.029690095699853987,0.034017237555721704,0.029135211942105686,0.039256657585790375,0.035258462100217595,0.03224857893070938,0.029395723232592198,0.03253313457649138,0.030681128526297778,0.0364871723585902,0.03884180753386114
2023-06-20,0.0283990519725658,0.03524907139287428,0.03265727957177063,0.034113994307157926,0.03327036811815089,0.03521955938555238,0.031319310788372,0.040532012173436285,0.03638439904775512,0.035992979346657204,0.03273666103093657,0.030724515557064642,0.030964079416117972,0.03444133118009406,0.03361382899758084,0.02880195255982666,0.029398854166910033,0.03300028052510563,0.03563526041983956,0.029690095699853987,0.034017237555721704,0.029135211942105686,0.039256657585790375,0.035258462100217595,0.03224857893070938,0.029395723232592198,0.03253313457649138,0.030681128526297778,0.0364871723585902,0.03884180753386114
2023-06-21,0.0283990519725658,0.03524907139287428,0.03265727957177063,0.034113994307157926,0.03327036811815089,0.03521955938555238,0.031319310788372,0.040532012173436285,0.03638439904775512,0.035992979346657204,0.03273666103093657,0.030724515557064642,0.030964079416117972,0.03444133118009406,0.03361382899758084,0.02880195255982666,0.029398854166910033,0.03300028052510563,0.03563526041983956,0.029690095699853987,0.034017237555721704,0.029135211942105686,0.039256657585790375,0.035258462100217595,0.03224857893070938,0.029395723232592198,0.03253313457649138,0.030681128526297778,0.0364871723585902,0.03884180753386114
2023-06-22,0.0283990519725658,0.03524907139287428,0.03265727957177063,0.034113994307157926,0.03327036811815089,0.03521955938555238,0.031319310788372,0.040532012173436285,0.03638439904775512,0.035992979346657204,0.03273666103093657,0.030724515557064642,0.030964079416117972,0.03444133118009406,0.03361382899758084,0.02880195255982666,0.029398854166910033,0.03300028052510563,0.03563526041983956,0.029690095699853987,0.034017237555721704,0.029135211942105686,0.039256657585790375,0.035258462100217595,0.03224857893070938,0.029395723232592198,0.03253313457649138,0.030681128526297778,0.0364871723585902,0.03884180753386114
2023-06-23,0.0283990519725658,0.03524907139287428,0.03265727957177063,0.034113994307157926,0.03327036811815089,0.03521955938555238,0.031319310788372,0.040532012173436285,0.03638439904775512,0.035992979346657204,0.03273666103093657,0.030724515557064642,0.030964079416117972,0.03444133118009406,0.03361382899758084,0.02880195255982666,0.029398854166910033,0.03300028052510563,0.03563526041983956,0.029690095699853987,0.034017237555721704,0.029135211942105686,0.039256657585790375,0.035258462100217595,0.03224857893070938,0.029395723232592198,0.03253313457649138,0.030681128526297778,0.0364871723585902,0.03884180753386114
2023-06-26,0.0283990519725658,0.03524907139287428,0.03265727957177063,0.034113994307157926,0.03327036811815089,0.03521955938555238,0.031319310788372,0.040532012173436285,0.03638439904775512,0.035992979346657204,0.03273666103093657,0.030724515557064642,0.030964079416117972,0.03444133118009406,0.03361382899758084,0.02880195255982666,0.029398854166910033,0.03300028052510563,0.03563526041983956,0.029690095699853987,0.034017237555721704,0.029135211942105686,0.039256657585790375,0.035258462100217595,0.03224857893070938,0.029395723232592198,0.03253313457649138,0.030681128526297778,0.0364871723585902,0.03884180753386114
2023-06-27,0.0283990519725658,0.03524907139287428,0.03265727957177063,0.034113994307157926,0.03327036811815089,0.03521955938555238,0.031319310788372,0.040532012173436285,0.03638439904775512,0.035992979346657204,0.03273666103093657,0.030724515557064642,0.030964079416117972,0.03444133118009406,0.03361382899758084,0.02880195255982666,0.029398854166910033,0.03300028052510563,0.03563526041983956,0.029690095699853987,0.034017237555721704,0.029135211942105686,0.039256657585790375,0.035258462100217595,0.03224857893070938,0.029395723232592198,0.03253313457649138,0.030681128526297778,0.0364871723585902,0.03884180753386114
2023-06-28,0.0283990519725658,0.03524907139287428,0.03265727957177063,0.034113994307157926,0.03327036811815089,0.03521955938555238,0.031319310788372,0.040532012173436285,0.03638439904775512,0.035992979346657204,0.03273666103093657,0.030724515557064642,0.030964079416117972,0.03444133118009406,0.03361382899758084,0.02880195255982666,0.029398854166910033,0.03300028052510563,0.03563526041983956,0.029690095699853987,0.034017237555721704,0.029135211942105686,0.039256657585790375,0.035258462100217595,0.03224857893070938,0.029395723232592198,0.03253313457649138,0.030681128526297778,0.0364871723585902,0.03884180753386114
2023-06-29,0.0283990519725658,0.03524907139287428,0.03265727957177063,0.034113994307157926,0.03327036811815089,0.03521955938555238,0.031319310788372,0.040532012173436285,0.03638439904775512,0.035992979346657204,0.03273666103093657,0.030724515557064642,0.030964079416117972,0.03444133118009406,0.03361382899758084,0.02880195255982666,0.029398854166910033,0.03300028052510563,0.03563526041983956,0.029690095699853987,0.034017237555721704,0.029135211942105686,0.039256657585790375,0.035258462100217595,0.03224857893070938,0.029395723232592198,0.03253313457649138,0.030681128526297778,0.0364871723585902,0.03884180753386114
2023-06-30,0.0283990519725658,0.03524907139287428,0.03265727957177063,0.034113994307157926,0.03327036811815089,0.03521955938555238,0.031319310788372,0.040532012173436285,0.03638439904775512,0.035992979346657204,0.03273666103093657,0.030724515557064642,0.030964079416117972,0.03444133118009406,0.03361382899758084,0.02880195255982666,0.029398854166910033,0.03300028052510563,0.03563526041983956,0.029690095699853987,0.034017237555721704,0.029135211942105686,0.039256657585790375,0.035258462100217595,0.03224857893070938,0.029395723232592198,0.03253313457649138,0.030681128526297778,0.0364871723585902,0.03884180753386114
2023-07-03,0.030878813898481697,0.03396618827540798,0.03349075542027621,0.03012604081757217,0.03220993688496586,0.032539672191223855,0.031987669930477816,0.03896007991800693,0.03549657798531246,0.03461749457665587,0.03914704135592503,0.031219132607855225,0.03306581157969669,0.03620269641859059,0.030360902498540596,0.030750631637752296,0.03397871407248224,0.03101448824056762,0.03222086447684767,0.031218058286125783,0.03752322517610209,0.03559030685116646,0.034329476665776786,0.029779895693502874,0.03484684345358131,0.033356452657328714,0.030258007315152963,0.032232011614961406,0.033822227625240946,0.03480998187442213
2023-07-04,0.030878813898481697,0.03396618827540798,0.03349075542027621,0.03012604081757217,0.03220993688496586,0.032539672191223855,0.031987669930477816,0.03896007991800693,0.03549657798531246,0.03461749457665587,0.03914704135592503,0.031219132607855225,0.03306581157969669,0.03620269641859059,0.030360902498540596,0.030750631637752296,0.03397871407248224,0.03101448824056762,0.03222086447684767,0.031218058286125783,0.03752322517610209,0.03559030685116646,0.034329476665776786,0.029779895693502874,0.03484684345358131,0.033356452657328714,0.030258007315152963,0.032232011614961406,0.033822227625240946,0.03480998187442213
2023-07-05,0.030878813898481697,0.03396618827540798,0.03349075542027621,0.03012604081757217,0.03220993688496586,0.032539672191223855,0.031987669930477816,0.03896007991800693,0.03549657798531246,0.03461749457665587,0.03914704135592503,0.031219132607855225,0.03306581157969669,0.03620269641859059,0.030360902498540596,0.030750631637752296,0.03397871407248224,0.03101448824056762,0.03222086447684767,0.031218058286125783,0.03752322517610209,0.03559030685116646,0.034329476665776786,0.029779895693502874,0.03484684345358131,0.033356452657328714,0.030258007315152963,0.032232011614961406,0.033822227625240946,0.03480998187442213
2023-07-06,0.030878813898481697,0.03396618827540798,0.03349075542027621,0.03012604081757217,0.03220993688496586,0.032539672191223855,0.031987669930477816,0.03896007991800693,0.03549657798531246,0.03461749457665587,0.03914704135592503,0.031219132607855225,0.03306581157969669,0.03620269641859059,0.030360902498540596,0.030750631637752296,0.03397871407248224,0.03101448824056762,0.03222086447684767,0.031218058286125783,0.03752322517610209,0.03559030685116646,0.034329476665776786,0.029779895693502874,0.03484684345358131,0.033356452657328714,0.030258007315152963,0.032232011614961406,0.033822227625240946,0.03480998187442213
2023-07-07,0.030878813898481697,0.03396618827540798,0.03349075542027621,0.03012604081757217,0.03220993688496586,0.032539672191223855,0.031987669930477816,0.03896007991800693,0.03549657798531246,0.03461749457665587,0.03914704135592503,0.031219132607855225,0.03306581157969669,0.03620269641859059,0.030360902498540596,0.030750631637752296,0.03397871407248224,0.03101448824056762,0.03222086447684767,0.031218058286125783,0.03752322517610209,0.03559030685116646,0.034329476665776786,0.029779895693502874,0.03484684345358131,0.033356452657328714,0.030258007315152963,0.032232011614961406,0.033822227625240946,0.03480998187442213
2023-07-10,0.030878813898481697,0.03396618827540798,0.03349075542027621,0.03012604081757217,0.03220993688496586,0.032539672191223855,0.031987669930477816,0.03896007991800693,0.03549657798531246,0.03461749457665587,0.03914704135592503,0.031219132607855225,0.03306581157969669,0.03620269641859059,0.030360902498540596,0.030750631637752296,0.03397871407248224,0.03101448824056762,0.03222086447684767,0.031218058286125783,0.03752322517610209,0.03559030685116646,0.034329476665776786,0.029779895693502874,0.03484684345358131,0.033356452657328714,0.030258007315152963,0.032232011614961406,0.033822227625240946,0.03480998187442213
2023-07-11,0.030878813898481697,0.03396618827540798,0.03349075542027621,0.03012604081757217,0.03220993688496586,0.032539672191223855,0.031987669930477816,0.03896007991800693,0.03549657798531246,0.03461749457665587,0.03914704135592503,0.031219132607855225,0.03306581157969669,0.03620269641859059,0.030360902498540596,0.030750631637752296,0.03397871407248224,0.03101448824056762,0.03222086447684767,0.031218058286125783,0.03752322517610209,0.03559030685116646,0.034329476665776786,0.029779895693502874,0.03484684345358131,0.033356452657328714,0.030258007315152963,0.032232011614961406,0.033822227625240946,0.03480998187442213
2023-07-12,0.030878813898481697,0.03396618827540798,0.03349075542027621,0.03012604081757217,0.03220993688496586,0.032539672191223855,0.031987669930477816,0.03896007991800693,0.03549657798531246,0.03461749457665587,0.03914704135592503,0.031219132607855225,0.03306581157969669,0.03620269641859059,0.030360902498540596,0.030750631637752296,0.03397871407248224,0.03101448824056762,0.03222086447684767,0.031218058286125783,0.03752322517610209,0.03559030685116646,0.034329476665776786,0.029779895693502874,0.03484684345358131,0.033356452657328714,0.030258007315152963,0.032232011614961406,0.033822227625240946,0.03480998187442213
2023-07-13,0.030878813898481697,0.03396618827540798,0.03349075542027621,0.03012604081757217,0.03220993688496586,0.032539672191223855,0.031987669930477816,0.03896007991800693,0.03549657798531246,0.03461749457665587,0.03914704135592503,0.031219132607855225,0.03306581157969669,0.03620269641859059,0.030360902498540596,0.030750631637752296,0.03397871407248224,0.03101448824056762,0.03222086447684767,0.031218058286125783,0.03752322517610209,0.03559030685116646,0.034329476665776786,0.029779895693502874,0.03484684345358131,0.033356452657328714,0.030258007315152963,0.032232011614961406,0.033822227625240946,0.03480998187442213
2023-07-14,0.030878813898481697,0.03396618827540798,0.03349075542027621,0.03012604081757217,0.03220993688496586,0.032539672191223855,0.031987669930477816,0.03896007991800693,0.03549657798531246,0.03461749457665587,0.03914704135592503,0.031219132607855225,0.03306581157969669,0.03620269641859059,0.030360902498540596,0.030750631637752296,0.03397871407248224,0.03101448824056762,0.03222086447684767,0.031218058286125783,0.03752322517610209,0.03559030685116646,0.034329476665776786,0.029779895693502874,0.03484684345358131,0.033356452657328714,0.030258007315152963,0.032232011614961406,0.033822227625240946,0.03480998187442213
2023-07-17,0.030878813898481697,0.03396618827540798,0.03349075542027621,0.03012604081757217,0.03220993688496586,0.032539672191223855,0.031987669930477816,0.03896007991800693,0.03549657798531246,0.03461749457665587,0.03914704135592503,0.031219132607855225,0.03306581157969669,0.03620269641859059,0.030360902498540596,0.030750631637752296,0.03397871407248224,0.03101448824056762,0.03222086447684767,0.031218058286125783,0.03752322517610209,0.03559030685116646,0.034329476665776786,0.029779895693502874,0.03484684345358131,0.033356452657328714,0.030258007315152963,0.032232011614961406,0.033822227625240946,0.03480998187442213
2023-07-18,0.030878813898481697,0.03396618827540798,0.03349075542027621,0.03012604081757217,0.03220993688496586,0.032539672191223855,0.031987669930477816,0.03896007991800693,0.03549657798531246,0.03461749457665587,0.03914704135592503,0.031219132607855225,0.03306581157969669,0.03620269641859059,0.030360902498540596,0.030750631637752296,0.03397871407248224,0.03101448824056762,0.03222086447684767,0.031218058286125783,0.03752322517610209,0.03559030685116646,0.034329476665776786,0.029779895693502874,0.03484684345358131,0.033356452657328714,0.030258007315152963,0.032232011614961406,0.033822227625240946,0.03480998187442213
2023-07-19,0.030878813898481697,0.03396618827540798,0.03349075542027621,0.03012604081757217,0.03220993688496586,0.032539672191223855,0.031987669930477816,0.03896007991800693,0.03549657798531246,0.03461749457665587,0.03914704135592503,0.031219132607855225,0.03306581157969669,0.03620269641859059,0.030360902498540596,0.030750631637752296,0.03397871407248224,0.03101448824056762,0.03222086447684767,0.031218058286125783,0.03752322517610209,0.03559030685116646,0.034329476665776786,0.029779895693502874,0.03484684345358131,0.033356452657328714,0.030258007315152963,0.032232011614961406,0.033822227625240946,0.03480998187442213
2023-07-20,0.030878813898481697,0.03396618827540798,0.03349075542027621,0.03012604081757217,0.03220993688496586,0.032539672191223855,0.031987669930477816,0.03896007991800693,0.03549657798531246,0.03461749457665587,0.03914704135592503,0.031219132607855225,0.03306581157969669,0.03620269641859059,0.030360902498540596,0.030750631637752296,0.03397871407248224,0.03101448824056762,0.03222086447684767,0.031218058286125783,0.03752322517610209,0.03559030685116646,0.034329476665776786,0.029779895693502874,0.03484684345358131,0.033356452657328714,0.030258007315152963,0.032232011614961406,0.033822227625240946,0.03480998187442213
2023-07-21,0.030878813898481697,0.03396618827540798,0.03349075542027621,0.03012604081757217,0.03220993688496586,0.032539672191223855,0.031987669930477816,0.03896007991800693,0.03549657798531246,0.03461749457665587,0.03914704135592503,0.031219132607855225,0.03306581157969669,0.03620269641859059,0.030360902498540596,0.030750631637752296,0.03397871407248224,0.03101448824056762,0.03222086447684767,0.031218058286125783,0.03752322517610209,0.03559030685116646,0.034329476665776786,0.029779895693502874,0.03484684345358131,0.033356452657328714,0.030258007315152963,0.032232011614961406,0.033822227625240946,0.03480998187442213
2023-07-24,0.030878813898481697,0.03396618827540798,0.03349075542027621,0.03012604081757217,0.03220993688496586,0.032539672191223855,0.031987669930477816,0.03896007991800693,0.03549657798531246,0.03461749457665587,0.03914704135592503,0.031219132607855225,0.03306581157969669,0.03620269641859059,0.030360902498540596,0.030750631637752296,0.03397871407248224,0.03101448824056762,0.03222086447684767,0.031218058286125783,0.03752322517610209,0.03559030685116646,0.034329476665776786,0.029779895693502874,0.03484684345358131,0.033356452657328714,0.030258007315152963,0.032232011614961406,0.033822227625240946,0.03480998187442213
2023-07-25,0.030878813898481697,0.03396618827540798,0.03349075542027621,0.03012604081757217,0.03220993688496586,0.032539672191223855,0.031987669930477816,0.03896007991800693,0.03549657798531246,0.03461749457665587,0.03914704135592503,0.031219132607855225,0.03306581157969669,0.03620269641859059,0.030360902498540596,0.030750631637752296,0.03397871407248224,0.03101448824056762,0.03222086447684767,0.031218058286125783,0.03752322517610209,0.03559030685116646,0.034329476665776786,0.029779895693502874,0.03484684345358131,0.033356452657328714,0.030258007315152963,0.032232011614961406,0.033822227625240946,0.03480998187442213
2023-07-26,0.030878813898481697,0.03396618827540798,0.03349075542027621,0.03012604081757217,0.03220993688496586,0.032539672191223855,0.031987669930477816,0.03896007991800693,0.03549657798531246,0.03461749457665587,0.03914704135592503,0.031219132607855225,0.03306581157969669,0.03620269641859059,0.030360902498540596,0.030750631637752296,0.03397871407248224,0.03101448824056762,0.03222086447684767,0.031218058286125783,0.03752322517610209,0.03559030685116646,0.034329476665776786,0.029779895693502874,0.03484684345358131,0.033356452657328714,0.030258007315152963,0.032232011614961406,0.033822227625240946,0.03480998187442213
2023-07-27,0.030878813898481697,0.03396618827540798,0.03349075542027621,0.03012604081757217,0.03220993688496586,0.032539672191223855,0.031987669930477816,0.03896007991800693,0.03549657798531246,0.03461749457665587,0.03914704135592503,0.031219132607855225,0.03306581157969669,0.03620269641859059,0.030360902498540596,0.030750631637752296,0.03397871407248224,0.03101448824056762,0.03222086447684767,0.031218058286125783,0.03752322517610209,0.03559030685116646,0.034329476665776786,0.029779895693502874,0.03484684345358131,0.033356452657328714,0.030258007315152963,0.032232011614961406,0.033822227625240946,0.03480998187442213
2023-07-28,0.030878813898481697,0.03396618827540798,0.03349075542027621,0.03012604081757217,0.03220993688496586,0.032539672191223855,0.031987669930477816,0.03896007991800693,0.03549657798531246,0.03461749457665587,0.03914704135592503,0.031219132607855225,0.03306581157969669,0.03620269641859059,0.030360902498540596,0.030750631637752296,0.03397871407248224,0.03101448824056762,0.03222086447684767,0.031218058286125783,0.03752322517610209,0.03559030685116646,0.034329476665776786,0.029779895693502874,0.03484684345358131,0.033356452657328714,0.030258007315152963,0.032232011614961406,0.033822227625240946,0.03480998187442213
2023-07-31,0.030878813898481697,0.03396618827540798,0.03349075542027621,0.03012604081757217,0.03220993688496586,0.032539672191223855,0.031987669930477816,0.03896007991800693,0.03549657798531246,0.03461749457665587,0.03914704135592503,0.031219132607855225,0.03306581157969669,0.03620269641859059,0.030360902498540596,0.030750631637752296,0.03397871407248224,0.03101448824056762,0.03222086447684767,0.031218058286125783,0.03752322517610209,0.03559030685116646,0.034329476665776786,0.029779895693502874,0.03484684345358131,0.033356452657328714,0.030258007315152963,0.032232011614961406,0.033822227625240946,0.03480998187442213
2023-08-01,0.030391646536562927,0.033065898882168036,0.032936552032735794,0.031228902087234604,0.033556340974056666,0.032393852626738995,0.03172751509585697,0.035222136684622346,0.034628759008748594,0.03396606517401459,0.045767244539568,0.02988530916498397,0.03164901329433277,0.03269411488381762,0.0327039727261656,0.039406715101156765,0.03193032994181443,0.03071925406182817,0.037532528823547656,0.03456689308318195,0.03259736215485129,0.032345089650361834,0.030086065527298894,0.03379376780384232,0.03220394343952881,0.03195510088641848,0.030965375619666176,0.03710468487582432,0.03185066708438059,0.03112489823469086
2023-08-02,0.030391646536562927,0.033065898882168036,0.032936552032735794,0.031228902087234604,0.033556340974056666,0.032393852626738995,0.03172751509585697,0.035222136684622346,0.034628759008748594,0.03396606517401459,0.045767244539568,0.02988530916498397,0.03164901329433277,0.03269411488381762,0.0327039727261656,0.039406715101156765,0.03193032994181443,0.03071925406182817,0.037532528823547656,0.03456689308318195,0.03259736215485129,0.032345089650361834,0.030086065527298894,0.03379376780384232,0.03220394343952881,0.03195510088641848,0.030965375619666176,0.03710468487582432,0.03185066708438059,0.03112489823469086
2023-08-03,0.030391646536562927,0.033065898882168036,0.032936552032735794,0.031228902087234604,0.033556340974056666,0.032393852626738995,0.03172751509585697,0.035222136684622346,0.034628759008748594,0.03396606517401459,0.045767244539568,0.02988530916498397,0.03164901329433277,0.03269411488381762,0.0327039727261656,0.039406715101156765,0.03193032994181443,0.03071925406182817,0.037532528823547656,0.03456689308318195,0.03259736215485129,0.032345089650361834,0.030086065527298894,0.03379376780384232,0.03220394343952881,0.03195510088641848,0.030965375619666176,0.03710468487582432,0.03185066708438059,0.03112489823469086
2023-08-04,0.030391646536562927,0.033065898882168036,0.032936552032735794,0.031228902087234604,0.033556340974056666,0.032393852626738995,0.03172751509585697,0.035222136684622346,0.034628759008748594,0.03396606517401459,0.045767244539568,0.02988530916498397,0.03164901329433277,0.03269411488381762,0.0327039727261656,0.039406715101156765,0.03193032994181443,0.03071925406182817,0.037532528823547656,0.03456689308318195,0.03259736215485129,0.032345089650361834,0.030086065527298894,0.03379376780384232,0.03220394343952881,0.03195510088641848,0.030965375619666176,0.03710468487582432,0.03185066708438059,0.03112489823469086
2023-08-07,0.030391646536562927,0.033065898882168036,0.032936552032735794,0.031228902087234604,0.033556340974056666,0.032393852626738995,0.03172751509585697,0.035222136684622346,0.034628759008748594,0.03396606517401459,0.045767244539568,0.02988530916498397,0.03164901329433277,0.03269411488381762,0.0327039727261656,0.039406715101156765,0.03193032994181443,0.03071925406182817,0.037532528823547656,0.03456689308318195,0.03259736215485129,0.032345089650361834,0.030086065527298894,0.03379376780384232,0.03220394343952881,0.03195510088641848,0.030965375619666176,0.03710468487582432,0.03185066708438059,0.03112489823469086
2023-08-08,0.030391646536562927,0.033065898882168036,0.032936552032735794,0.031228902087234604,0.033556340974056666,0.032393852626738995,0.03172751509585697,0.035222136684622346,0.034628759008748594,0.03396606517401459,0.045767244539568,0.02988530916498397,0.03164901329433277,0.03269411488381762,0.0327039727261656,0.039406715101156765,0.03193032994181443,0.03071925406182817,0.037532528823547656,0.03456689308318195,0.03259736215485129,0.032345089650361834,0.030086065527298894,0.03379376780384232,0.03220394343952881,0.03195510088641848,0.030965375619666176,0.03710468487582432,0.03185066708438059,0.03112489823469086
2023-08-09,0.030391646536562927,0.033065898882168036,0.032936552032735794,0.031228902087234604,0.033556340974056666,0.032393852626738995,0.03172751509585697,0.035222136684622346,0.034628759008748594,0.03396606517401459,0.045767244539568,0.02988530916498397,0.03164901329433277,0.03269411488381762,0.0327039727261656,0.039406715101156765,0.03193032994181443,0.03071925406182817,0.037532528823547656,0.03456689308318195,0.03259736215485129,0.032345089650361834,0.030086065527298894,0.03379376780384232,0.03220394343952881,0.03195510088641848,0.030965375619666176,0.03710468487582432,0.03185066708438059,0.03112489823469086
2023-08-10,0.030391646536562927,0.033065898882168036,0.032936552032735794,0.031228902087234604,0.033556340974056666,0.032393852626738995,0.03172751509585697,0.035222136684622346,0.034628759008748594,0.03396606517401459,0.045767244539568,0.02988530916498397,0.03164901329433277,0.03269411488381762,0.0327039727261656,0.039406715101156765,0.03193032994181443,0.03071925406182817,0.037532528823547656,0.03456689308318195,0.03259736215485129,0.032345089650361834,0.030086065527298894,0.03379376780384232,0.03220394343952881,0.03195510088641848,0.030965375619666176,0.03710468487582432,0.03185066708438059,0.03112489823469086
2023-08-11,0.030391646536562927,0.033065898882168036,0.032936552032735794,0.031228902087234604,0.033556340974056666,0.032393852626738995,0.03172751509585697,0.035222136684622346,0.034628759008748594,0.03396606517401459,0.045767244539568,0.02988530916498397,0.03164901329433277,0.03269411488381762,0.0327039727261656,0.039406715101156765,0.03193032994181443,0.03071925406182817,0.037532528823547656,0.03456689308318195,0.03259736215485129,0.032345089650361834,0.030086065527298894,0.03379376780384232,0.03220394343952881,0.03195510088641848,0.030965375619666176,0.03710468487582432,0.03185066708438059,0.03112489823469086
2023-08-14,0.030391646536562927,0.033065898882168036,0.032936552032735794,0.031228902087234604,0.033556340974056666,0.032393852626738995,0.03172751509585697,0.035222136684622346,0.034628759008748594,0.03396606517401459,0.045767244539568,0.02988530916498397,0.03164901329433277,0.03269411488381762,0.0327039727261656,0.039406715101156765,0.03193032994181443,0.03071925406182817,0.037532528823547656,0.03456689308318195,0.03259736215485129,0.032345089650361834,0.030086065527298894,0.03379376780384232,0.03220394343952881,0.03195510088641848,0.030965375619666176,0.03710468487582432,0.03185066708438059,0.03112489823469086
2023-08-15,0.030391646536562927,0.033065898882168036,0.032936552032735794,0.031228902087234604,0.033556340974056666,0.032393852626738995,0.03172751509585697,0.035222136684622346,0.034628759008748594,0.03396606517401459,0.045767244539568,0.02988530916498397,0.03164901329433277,0.03269411488381762,0.0327039727261656,0.039406715101156765,0.03193032994181443,0.03071925406182817,0.037532528823547656,0.03456689308318195,0.03259736215485129,0.032345089650361834,0.030086065527298894,0.03379376780384232,0.03220394343952881,0.03195510088641848,0.030965375619666176,0.03710468487582432,0.03185066708438059,0.03112489823469086
2023-08-16,0.030391646536562927,0.033065898882168036,0.032936552032735794,0.031228902087234604,0.033556340974056666,0.032393852626738995,0.03172751509585697,0.035222136684622346,0.034628759008748594,0.03396606517401459,0.045767244539568,0.02988530916498397,0.03164901329433277,0.03269411488381762,0.0327039727261656,0.039406715101156765,0.03193032994181443,0.03071925406182817,0.037532528823547656,0.03456689308318195,0.03259736215485129,0.032345089650361834,0.030086065527298894,0.03379376780384232,0.03220394343952881,0.03195510088641848,0.030965375619666176,0.03710468487582432,0.03185066708438059,0.03112489823469086
2023-08-17,0.030391646536562927,0.033065898882168036,0.032936552032735794,0.031228902087234604,0.033556340974056666,0.032393852626738995,0.03172751509585697,0.035222136684622346,0.034628759008748594,0.03396606517401459,0.045767244539568,0.02988530916498397,0.03164901329433277,0.03269411488381762,0.0327039727261656,0.039406715101156765,0.03193032994181443,0.03071925406182817,0.037532528823547656,0.03456689308318195,0.03259736215485129,0.032345089650361834,0.030086065527298894,0.03379376780384232,0.03220394343952881,0.03195510088641848,0.030965375619666176,0.03710468487582432,0.03185066708438059,0.03112489823469086
2023-08-18,0.030391646536562927,0.033065898882168036,0.032936552032735794,0.031228902087234604,0.033556340974056666,0.032393852626738995,0.03172751509585697,0.035222136684622346,0.034628759008748594,0.03396606517401459,0.045767244539568,0.02988530916498397,0.03164901329433277,0.03269411488381762,0.0327039727261656,0.039406715101156765,0.03193032994181443,0.03071925406182817,0.037532528823547656,0.03456689308318195,0.03259736215485129,0.032345089650361834,0.030086065527298894,0.03379376780384232,0.03220394343952881,0.03195510088641848,0.030965375619666176,0.03710468487582432,0.03185066708438059,0.03112489823469086
2023-08-21,0.030391646536562927,0.033065898882168036,0.032936552032735794,0.031228902087234604,0.033556340974056666,0.032393852626738995,0.03172751509585697,0.035222136684622346,0.034628759008748594,0.03396606517401459,0.045767244539568,0.02988530916498397,0.03164901329433277,0.03269411488381762,0.0327039727261656,0.039406715101156765,0.03193032994181443,0.03071925406182817,0.037532528823547656,0.03456689308318195,0.03259736215485129,0.032345089650361834,0.030086065527298894,0.03379376780384232,0.03220394343952881,0.03195510088641848,0.030965375619666176,0.03710468487582432,0.03185066708438059,0.03112489823469086
2023-08-22,0.030391646536562927,0.033065898882168036,0.032936552032735794,0.031228902087234604,0.033556340974056666,0.032393852626738995,0.03172751509585697,0.035222136684622346,0.034628759008748594,0.03396606517401459,0.045767244539568,0.02988530916498397,0.03164901329433277,0.03269411488381762,0.0327039727261656,0.039406715101156765,0.03193032994181443,0.03071925406182817,0.037532528823547656,0.03456689308318195,0.03259736215485129,0.032345089650361834,0.030086065527298894,0.03379376780384232,0.03220394343952881,0.03195510088641848,0.030965375619666176,0.03710468487582432,0.03185066708438059,0.03112489823469086
2023-08-23,0.030391646536562927,0.033065898882168036,0.032936552032735794,0.031228902087234604,0.033556340974056666,0.032393852626738995,0.03172751509585697,0.035222136684622346,0.034628759008748594,0.03396606517401459,0.045767244539568,0.02988530916498397,0.03164901329433277,0.03269411488381762,0.0327039727261656,0.039406715101156765,0.03193032994181443,0.03071925406182817,0.037532528823547656,0.03456689308318195,0.03259736215485129,0.032345089650361834,0.030086065527298894,0.03379376780384232,0.03220394343952881,0.03195510088641848,0.030965375619666176,0.03710468487582432,0.03185066708438059,0.03112489823469086
2023-08-24,0.030391646536562927,0.033065898882168036,0.032936552032735794,0.031228902087234604,0.033556340974056666,0.032393852626738995,0.03172751509585697,0.035222136684622346,0.034628759008748594,0.03396606517401459,0.045767244539568,0.02988530916498397,0.03164901329433277,0.03269411488381762,0.0327039727261656,0.039406715101156765,0.03193032994181443,0.03071925406182817,0.037532528823547656,0.03456689308318195,0.03259736215485129,0.032345089650361834,0.030086065527298894,0.03379376780384232,0.03220394343952881,0.03195510088641848,0.030965375619666176,0.03710468487582432,0.03185066708438059,0.03112489823469086
2023-08-25,0.030391646536562927,0.033065898882168036,0.032936552032735794,0.031228902087234604,0.033556340974056666,0.032393852626738995,0.03172751509585697,0.035222136684622346,0.034628759008748594,0.03396606517401459,0.045767244539568,0.02988530916498397,0.03164901329433277,0.03269411488381762,0.0327039727261656,0.039406715101156765,0.03193032994181443,0.03071925406182817,0.037532528823547656,0.03456689308318195,0.03259736215485129,0.032345089650361834,0.030086065527298894,0.03379376780384232,0.03220394343952881,0.03195510088641848,0.030965375619666176,0.03710468487582432,0.03185066708438059,0.03112489823469086
2023-08-28,0.030391646536562927,0.033065898882168036,0.032936552032735794,0.031228902087234604,0.033556340974056666,0.032393852626738995,0.03172751509585697,0.035222136684622346,0.034628759008748594,0.03396606517401459,0.045767244539568,0.02988530916498397,0.03164901329433277,0.03269411488381762,0.0327039727261656,0.039406715101156765,0.03193032994181443,0.03071925406182817,0.037532528823547656,0.03456689308318195,0.03259736215485129,0.032345089650361834,0.030086065527298894,0.03379376780384232,0.03220394343952881,0.03195510088641848,0.030965375619666176,0.03710468487582432,0.03185066708438059,0.03112489823469086
2023-08-29,0.030391646536562927,0.033065898882168036,0.032936552032735794,0.031228902087234604,0.033556340974056666,0.032393852626738995,0.03172751509585697,0.035222136684622346,0.034628759008748594,0.03396606517401459,0.045767244539568,0.02988530916498397,0.03164901329433277,0.03269411488381762,0.0327039727261656,0.039406715101156765,0.03193032994181443,0.03071925406182817,0.037532528823547656,0.03456689308318195,0.03259736215485129,0.032345089650361834,0.030086065527298894,0.03379376780384232,0.03220394343952881,0.03195510088641848,0.030965375619666176,0.03710468487582432,0.03185066708438059,0.03112489823469086
2023-08-30,0.030391646536562927,0.033065898882168036,0.032936552032735794,0.031228902087234604,0.033556340974056666,0.032393852626738995,0.03172751509585697,0.035222136684622346,0.034628759008748594,0.03396606517401459,0.045767244539568,0.02988530916498397,0.03164901329433277,0.03269411488381762,0.0327039727261656,0.039406715101156765,0.03193032994181443,0.03071925406182817,0.037532528823547656,0.03456689308318195,0.03259736215485129,0.032345089650361834,0.030086065527298894,0.03379376780384232,0.03220394343952881,0.03195510088641848,0.030965375619666176,0.03710468487582432,0.03185066708438059,0.03112489823469086
2023-08-31,0.030391646536562927,0.033065898882168036,0.032936552032735794,0.031228902087234604,0.033556340974056666,0.032393852626738995,0.03172751509585697,0.035222136684622346,0.034628759008748594,0.03396606517401459,0.045767244539568,0.02988530916498397,0.03164901329433277,0.03269411488381762,0.0327039727261656,0.039406715101156765,0.03193032994181443,0.03071925406182817,0.037532528823547656,0.03456689308318195,0.03259736215485129,0.032345089650361834,0.030086065527298894,0.03379376780384232,0.03220394343952881,0.03195510088641848,0.030965375619666176,0.03710468487582432,0.03185066708438059,0.03112489823469086
2023-09-01,0.031024503780513666,0.0320823238464788,0.031472178564607954,0.03481367302770592,0.03142465544380037,0.03129465813133399,0.02832132567384057,0.03308084309592753,0.033711250757852404,0.0365858856580594,0.039876625493650085,0.030829254386495305,0.03150918176370692,0.0318438066088044,0.033364991535398486,0.031355811445092856,0.03668783416784242,0.029707302862649415,0.03397678880402258,0.04836710380370577,0.033208441686011225,0.030952134185311626,0.031354824272373225,0.031057177337044953,0.034155317232254144,0.03445729923287559,0.0315042611407812,0.03811099461774142,0.03215328654558962,0.031716264898528315
2023-09-04,0.031024503780513666,0.0320823238464788,0.031472178564607954,0.03481367302770592,0.03142465544380037,0.03129465813133399,0.02832132567384057,0.03308084309592753,0.033711250757852404,0.0365858856580594,0.039876625493650085,0.030829254386495305,0.03150918176370692,0.0318438066088044,0.033364991535398486,0.031355811445092856,0.03668783416784242,0.029707302862649415,0.03397678880402258,0.04836710380370577,0.033208441686011225,0.030952134185311626,0.031354824272373225,0.031057177337044953,0.034155317232254144,0.03445729923287559,0.0315042611407812,0.03811099461774142,0.03215328654558962,0.031716264898528315
2023-09-05,0.031024503780513666,0.0320823238464788,0.031472178564607954,0.03481367302770592,0.03142465544380037,0.03129465813133399,0.02832132567384057,0.03308084309592753,0.033711250757852404,0.0365858856580594,0.039876625493650085,0.030829254386495305,0.03150918176370692,0.0318438066088044,0.033364991535398486,0.031355811445092856,0.03668783416784242,0.029707302862649415,0.03397678880402258,0.04836710380370577,0.033208441686011225,0.030952134185311626,0.031354824272373225,0.031057177337044953,0.034155317232254144,0.03445729923287559,0.0315042611407812,0.03811099461774142,0.03215328654558962,0.031716264898528315
2023-09-06,0.031024503780513666,0.0320823238464788,0.031472178564607954,0.03481367302770592,0.03142465544380037,0.03129465813133399,0.02832132567384057,0.03308084309592753,0.033711250757852404,0.0365858856580594,0.039876625493650085,0.030829254386495305,0.03150918176370692,0.0318438066088044,0.033364991535398486,0.031355811445092856,0.03668783416784242,0.029707302862649415,0.03397678880402258,0.04836710380370577,0.033208441686011225,0.030952134185311626,0.031354824272373225,0.031057177337044953,0.034155317232254144,0.03445729923287559,0.0315042611407812,0.03811099461774142,0.03215328654558962,0.031716264898528315
2023-09-07,0.031024503780513666,0.0320823238464788,0.031472178564607954,0.03481367302770592,0.03142465544380037,0.03129465813133399,0.02832132567384057,0.03308084309592753,0.033711250757852404,0.0365858856580594,0.039876625493650085,0.030829254386495305,0.03150918176370692,0.0318438066088044,0.033364991535398486,0.031355811445092856,0.03668783416784242,0.029707302862649415,0.03397678880402258,0.04836710380370577,0.033208441686011225,0.030952134185311626,0.031354824272373225,0.031057177337044953,0.034155317232254144,0.03445729923287559,0.0315042611407812,0.03811099461774142,0.03215328654558962,0.031716264898528315
2023-09-08,0.031024503780513666,0.0320823238464788,0.031472178564607954,0.03481367302770592,0.03142465544380037,0.03129465813133399,0.02832132567384057,0.03308084309592753,0.033711250757852404,0.0365858856580594,0.039876625493650085,0.030829254386495305,0.03150918176370692,0.0318438066088044,0.033364991535398486,0.031355811445092856,0.03668783416784242,0.029707302862649415,0.03397678880402258,0.04836710380370577,0.033208441686011225,0.030952134185311626,0.031354824272373225,0.031057177337044953,0.034155317232254144,0.03445729923287559,0.0315042611407812,0.03811099461774142,0.03215328654558962,0.031716264898528315
2023-09-11,0.031024503780513666,0.0320823238464788,0.031472178564607954,0.03481367302770592,0.03142465544380037,0.03129465813133399,0.02832132567384057,0.03308084309592753,0.033711250757852404,0.0365858856580594,0.039876625493650085,0.030829254386495305,0.03150918176370692,0.0318438066088044,0.033364991535398486,0.031355811445092856,0.03668783416784242,0.029707302862649415,0.03397678880402258,0.04836710380370577,0.033208441686011225,0.030952134185311626,0.031354824272373225,0.031057177337044953,0.034155317232254144,0.03445729923287559,0.0315042611407812,0.03811099461774142,0.03215328654558962,0.031716264898528315
2023-09-12,0.031024503780513666,0.0320823238464788,0.031472178564607954,0.03481367302770592,0.03142465544380037,0.03129465813133399,0.02832132567384057,0.03308084309592753,0.033711250757852404,0.0365858856580594,0.039876625493650085,0.030829254386495305,0.03150918176370692,0.0318438066088044,0.033364991535398486,0.031355811445092856,0.03668783416784242,0.029707302862649415,0.03397678880402258,0.04836710380370577,0.033208441686011225,0.030952134185311626,0.031354824272373225,0.031057177337044953,0.034155317232254144,0.03445729923287559,0.0315042611407812,0.03811099461774142,0.03215328654558962,0.031716264898528315
2023-09-13,0.031024503780513666,0.0320823238464788,0.031472178564607954,0.03481367302770592,0.03142465544380037,0.03129465813133399,0.02832132567384057,0.03308084309592753,0.033711250757852404,0.0365858856580594,0.039876625493650085,0.030829254386495305,0.03150918176370692,0.0318438066088044,0.033364991535398486,0.031355811445092856,0.03668783416784242,0.029707302862649415,0.03397678880402258,0.04836710380370577,0.033208441686011225,0.030952134185311626,0.031354824272373225,0.031057177337044953,0.034155317232254144,0.03445729923287559,0.0315042611407812,0.03811099461774142,0.03215328654558962,0.031716264898528315
2023-09-14,0.031024503780513666,0.0320823238464788,0.031472178564607954,0.03481367302770592,0.03142465544380037,0.03129465813133399,0.02832132567384057,0.03308084309592753,0.033711250757852404,0.0365858856580594,0.039876625493650085,0.030829254386495305,0.03150918176370692,0.0318438066088044,0.033364991535398486,0.031355811445092856,0.03668783416784242,0.029707302862649415,0.03397678880402258,0.04836710380370577,0.033208441686011225,0.030952134185311626,0.031354824272373225,0.031057177337044953,0.034155317232254144,0.03445729923287559,0.0315042611407812,0.03811099461774142,0.03215328654558962,0.031716264898528315
2023-09-15,0.031024503780513666,0.0320823238464788,0.031472178564607954,0.03481367302770592,0.03142465544380037,0.03129465813133399,0.02832132567384057,0.03308084309592753,0.033711250757852404,0.0365858856580594,0.039876625493650085,0.030829254386495305,0.03150918176370692,0.0318438066088044,0.033364991535398486,0.031355811445092856,0.03668783416784242,0.029707302862649415,0.03397678880402258,0.04836710380370577,0.033208441686011225,0.030952134185311626,0.031354824272373225,0.031057177337044953,0.034155317232254144,0.03445729923287559,0.0315042611407812,0.03811099461774142,0.03215328654558962,0.031716264898528315
2023-09-18,0.031024503780513666,0.0320823238464788,0.031472178564607954,0.03481367302770592,0.03142465544380037,0.03129465813133399,0.02832132567384057,0.03308084309592753,0.033711250757852404,0.0365858856580594,0.039876625493650085,0.030829254386495305,0.03150918176370692,0.0318438066088044,0.033364991535398486,0.031355811445092856,0.03668783416784242,0.029707302862649415,0.03397678880402258,0.04836710380370577,0.033208441686011225,0.030952134185311626,0.031354824272373225,0.031057177337044953,0.034155317232254144,0.03445729923287559,0.0315042611407812,0.03811099461774142,0.03215328654558962,0.031716264898528315
2023-09-19,0.031024503780513666,0.0320823238464788,0.031472178564607954,0.03481367302770592,0.03142465544380037,0.03129465813133399,0.02832132567384057,0.03308084309592753,0.033711250757852404,0.0365858856580594,0.039876625493650085,0.030829254386495305,0.03150918176370692,0.0318438066088044,0.033364991535398486,0.031355811445092856,0.03668783416784242,0.029707302862649415,0.03397678880402258,0.04836710380370577,0.033208441686011225,0.030952134185311626,0.031354824272373225,0.031057177337044953,0.034155317232254144,0.03445729923287559,0.0315042611407812,0.03811099461774142,0.03215328654558962,0.031716264898528315
2023-09-20,0.031024503780513666,0.0320823238464788,0.031472178564607954,0.03481367302770592,0.03142465544380037,0.03129465813133399,0.02832132567384057,0.03308084309592753,0.033711250757852404,0.0365858856580594,0.039876625493650085,0.030829254386495305,0.03150918176370692,0.0318438066088044,0.033364991535398486,0.031355811445092856,0.03668783416784242,0.029707302862649415,0.03397678880402258,0.04836710380370577,0.033208441686011225,0.030952134185311626,0.031354824272373225,0.031057177337044953,0.034155317232254144,0.03445729923287559,0.0315042611407812,0.03811099461774142,0.03215328654558962,0.031716264898528315
2023-09-21,0.031024503780513666,0.0320823238464788,0.031472178564607954,0.03481367302770592,0.03142465544380037,0.03129465813133399,0.02832132567384057,0.03308084309592753,0.033711250757852404,0.0365858856580594,0.039876625493650085,0.030829254386495305,0.03150918176370692,0.0318438066088044,0.033364991535398486,0.031355811445092856,0.03668783416784242,0.029707302862649415,0.03397678880402258,0.04836710380370577,0.033208441686011225,0.030952134185311626,0.031354824272373225,0.031057177337044953,0.034155317232254144,0.03445729923287559,0.0315042611407812,0.03811099461774142,0.03215328654558962,0.031716264898528315
2023-09-22,0.031024503780513666,0.0320823238464788,0.031472178564607954,0.03481367302770592,0.03142465544380037,0.03129465813133399,0.02832132567384057,0.03308084309592753,0.033711250757852404,0.0365858856580594,0.039876625493650085,0.030829254386495305,0.03150918176370692,0.0318438066088044,0.033364991535398486,0.031355811445092856,0.03668783416784242,0.029707302862649415,0.03397678880402258,0.04836710380370577,0.033208441686011225,0.030952134185311626,0.031354824272373225,0.031057177337044953,0.034155317232254144,0.03445729923287559,0.0315042611407812,0.03811099461774142,0.03215328654558962,0.031716264898528315
2023-09-25,0.031024503780513666,0.0320823238464788,0.031472178564607954,0.03481367302770592,0.03142465544380037,0.03129465813133399,0.02832132567384057,0.03308084309592753,0.033711250757852404,0.0365858856580594,0.039876625493650085,0.030829254386495305,0.03150918176370692,0.0318438066088044,0.033364991535398486,0.031355811445092856,0.03668783416784242,0.029707302862649415,0.03397678880402258,0.04836710380370577,0.033208441686011225,0.030952134185311626,0.031354824272373225,0.031057177337044953,0.034155317232254144,0.03445729923287559,0.0315042611407812,0.03811099461774142,0.03215328654558962,0.031716264898528315
2023-09-26,0.031024503780513666,0.0320823238464788,0.031472178564607954,0.03481367302770592,0.03142465544380037,0.03129465813133399,0.02832132567384057,0.03308084309592753,0.033711250757852404,0.0365858856580594,0.039876625493650085,0.030829254386495305,0.03150918176370692,0.0318438066088044,0.033364991535398486,0.031355811445092856,0.03668783416784242,0.029707302862649415,0.03397678880402258,0.04836710380370577,0.033208441686011225,0.030952134185311626,0.031354824272373225,0.031057177337044953,0.034155317232254144,0.03445729923287559,0.0315042611407812,0.03811099461774142,0.03215328654558962,0.031716264898528315
2023-09-27,0.031024503780513666,0.0320823238464788,0.031472178564607954,0.03481367302770592,0.03142465544380037,0.03129465813133399,0.02832132567384057,0.03308084309592753,0.033711250757852404,0.0365858856580594,0.039876625493650085,0.030829254386495305,0.03150918176370692,0.0318438066088044,0.033364991535398486,0.031355811445092856,0.03668783416784242,0.029707302862649415,0.03397678880402258,0.04836710380370577,0.033208441686011225,0.030952134185311626,0.031354824272373225,0.031057177337044953,0.034155317232254144,0.03445729923287559,0.0315042611407812,0.03811099461774142,0.03215328654558962,0.031716264898528315
2023-09-28,0.031024503780513666,0.0320823238464788,0.031472178564607954,0.03481367302770592,0.03142465544380037,0.03129465813133399,0.02832132567384057,0.03308084309592753,0.033711250757852404,0.0365858856580594,0.039876625493650085,0.030829254386495305,0.03150918176370692,0.0318438066088044,0.033364991535398486,0.031355811445092856,0.03668783416784242,0.029707302862649415,0.03397678880402258,0.04836710380370577,0.033208441686011225,0.030952134185311626,0.031354824272373225,0.031057177337044953,0.034155317232254144,0.03445729923287559,0.0315042611407812,0.03811099461774142,0.03215328654558962,0.031716264898528315
2023-09-29,0.031024503780513666,0.0320823238464788,0.031472178564607954,0.03481367302770592,0.03142465544380037,0.03129465813133399,0.02832132567384057,0.03308084309592753,0.033711250757852404,0.0365858856580594,0.039876625493650085,0.030829254386495305,0.03150918176370692,0.0318438066088044,0.033364991535398486,0.031355811445092856,0.03668783416784242,0.029707302862649415,0.03397678880402258,0.04836710380370577,0.033208441686011225,0.030952134185311626,0.031354824272373225,0.031057177337044953,0.034155317232254144,0.03445729923287559,0.0315042611407812,0.03811099461774142,0.03215328654558962,0.031716264898528315
2023-10-02,0.02997290223216571,0.032208650307874044,0.03104732819798309,0.03528018686774531,0.02967126792719277,0.03439185552330324,0.03879570022351182,0.03549947629977352,0.03315689105527665,0.036224967127554866,0.03939384390064756,0.03362207824594038,0.03601857310053792,0.03277966054567216,0.030076248946475002,0.02769355661402327,0.032100103405639464,0.03444372891474304,0.02909842426412538,0.05507144054614831,0.03194165060137375,0.033131874501736706,0.02808607294445071,0.03001523993007725,0.03012498452101426,0.031619660267689455,0.031815090478243595,0.032615866439314814,0.0312022219642021,0.032900454105563755
2023-10-03,0.02997290223216571,0.032208650307874044,0.03104732819798309,0.03528018686774531,0.02967126792719277,0.03439185552330324,0.03879570022351182,0.03549947629977352,0.03315689105527665,0.036224967127554866,0.03939384390064756,0.03362207824594038,0.03601857310053792,0.03277966054567216,0.030076248946475002,0.02769355661402327,0.032100103405639464,0.03444372891474304,0.02909842426412538,0.05507144054614831,0.03194165060137375,0.033131874501736706,0.02808607294445071,0.03001523993007725,0.03012498452101426,0.031619660267689455,0.031815090478243595,0.032615866439314814,0.0312022219642021,0.032900454105563755
2023-10-04,0.02997290223216571,0.032208650307874044,0.03104732819798309,0.03528018686774531,0.02967126792719277,0.03439185552330324,0.03879570022351182,0.03549947629977352,0.03315689105527665,0.036224967127554866,0.03939384390064756,0.03362207824594038,0.03601857310053792,0.03277966054567216,0.030076248946475002,0.02769355661402327,0.032100103405639464,0.03444372891474304,0.02909842426412538,0.05507144054614831,0.03194165060137375,0.033131874501736706,0.02808607294445071,0.03001523993007725,0.03012498452101426,0.031619660267689455,0.031815090478243595,0.032615866439314814,0.0312022219642021,0.032900454105563755
2023-10-05,0.02997290223216571,0.032208650307874044,0.03104732819798309,0.03528018686774531,0.02967126792719277,0.03439185552330324,0.03879570022351182,0.03549947629977352,0.03315689105527665,0.036224967127554866,0.03939384390064756,0.03362207824594038,0.03601857310053792,0.03277966054567216,0.030076248946475002,0.02769355661402327,0.032100103405639464,0.03444372891474304,0.02909842426412538,0.05507144054614831,0.03194165060137375,0.033131874501736706,0.02808607294445071,0.03001523993007725,0.03012498452101426,0.031619660267689455,0.031815090478243595,0.032615866439314814,0.0312022219642021,0.032900454105563755
2023-10-06,0.02997290223216571,0.032208650307874044,0.03104732819798309,0.03528018686774531,0.02967126792719277,0.03439185552330324,0.03879570022351182,0.03549947629977352,0.03315689105527665,0.036224967127554866,0.03939384390064756,0.03362207824594038,0.03601857310053792,0.03277966054567216,0.030076248946475002,0.02769355661402327,0.032100103405639464,0.03444372891474304,0.02909842426412538,0.05507144054614831,0.03194165060137375,0.033131874501736706,0.02808607294445071,0.03001523993007725,0.03012498452101426,0.031619660267689455,0.031815090478243595,0.032615866439314814,0.0312022219642021,0.032900454105563755
2023-10-09,0.02997290223216571,0.032208650307874044,0.03104732819798309,0.03528018686774531,0.02967126792719277,0.03439185552330324,0.03879570022351182,0.03549947629977352,0.03315689105527665,0.036224967127554866,0.03939384390064756,0.03362207824594038,0.03601857310053792,0.03277966054567216,0.030076248946475002,0.02769355661402327,0.032100103405639464,0.03444372891474304,0.02909842426412538,0.05507144054614831,0.03194165060137375,0.033131874501736706,0.02808607294445071,0.03001523993007725,0.03012498452101426,0.031619660267689455,0.031815090478243595,0.032615866439314814,0.0312022219642021,0.032900454105563755
2023-10-10,0.02997290223216571,0.032208650307874044,0.03104732819798309,0.03528018686774531,0.02967126792719277,0.03439185552330324,0.03879570022351182,0.03549947629977352,0.03315689105527665,0.036224967127554866,0.03939384390064756,0.03362207824594038,0.03601857310053792,0.03277966054567216,0.030076248946475002,0.02769355661402327,0.032100103405639464,0.03444372891474304,0.02909842426412538,0.05507144054614831,0.03194165060137375,0.033131874501736706,0.02808607294445071,0.03001523993007725,0.03012498452101426,0.031619660267689455,0.031815090478243595,0.032615866439314814,0.0312022219642021,0.032900454105563755
2023-10-11,0.02997290223216571,0.032208650307874044,0.03104732819798309,0.03528018686774531,0.02967126792719277,0.03439185552330324,0.03879570022351182,0.03549947629977352,0.03315689105527665,0.036224967127554866,0.03939384390064756,0.03362207824594038,0.03601857310053792,0.03277966054567216,0.030076248946475002,0.02769355661402327,0.032100103405639464,0.03444372891474304,0.02909842426412538,0.05507144054614831,0.03194165060137375,0.033131874501736706,0.02808607294445071,0.03001523993007725,0.03012498452101426,0.031619660267689455,0.031815090478243595,0.032615866439314814,0.0312022219642021,0.032900454105563755
2023-10-12,0.02997290223216571,0.032208650307874044,0.03104732819798309,0.03528018686774531,0.02967126792719277,0.03439185552330324,0.03879570022351182,0.03549947629977352,0.03315689105527665,0.036224967127554866,0.03939384390064756,0.03362207824594038,0.03601857310053792,0.03277966054567216,0.030076248946475002,0.02769355661402327,0.032100103405639464,0.03444372891474304,0.02909842426412538,0.05507144054614831,0.03194165060137375,0.033131874501736706,0.02808607294445071,0.03001523993007725,0.03012498452101426,0.031619660267689455,0.031815090478243595,0.032615866439314814,0.0312022219642021,0.032900454105563755
2023-10-13,0.02997290223216571,0.032208650307874044,0.03104732819798309,0.03528018686774531,0.02967126792719277,0.03439185552330324,0.03879570022351182,0.03549947629977352,0.03315689105527665,0.036224967127554866,0.03939384390064756,0.03362207824594038,0.03601857310053792,0.03277966054567216,0.030076248946475002,0.02769355661402327,0.032100103405639464,0.03444372891474304,0.02909842426412538,0.05507144054614831,0.03194165060137375,0.033131874501736706,0.02808607294445071,0.03001523993007725,0.03012498452101426,0.031619660267689455,0.031815090478243595,0.032615866439314814,0.0312022219642021,0.032900454105563755
2023-10-16,0.02997290223216571,0.032208650307874044,0.03104732819798309,0.03528018686774531,0.02967126792719277,0.03439185552330324,0.03879570022351182,0.03549947629977352,0.03315689105527665,0.036224967127554866,0.03939384390064756,0.03362207824594038,0.03601857310053792,0.03277966054567216,0.030076248946475002,0.02769355661402327,0.032100103405639464,0.03444372891474304,0.02909842426412538,0.05507144054614831,0.03194165060137375,0.033131874501736706,0.02808607294445071,0.03001523993007725,0.03012498452101426,0.031619660267689455,0.031815090478243595,0.032615866439314814,0.0312022219642021,0.032900454105563755
2023-10-17,0.02997290223216571,0.032208650307874044,0.03104732819798309,0.03528018686774531,0.02967126792719277,0.03439185552330324,0.03879570022351182,0.03549947629977352,0.03315689105527665,0.036224967127554866,0.03939384390064756,0.03362207824594038,0.03601857310053792,0.03277966054567216,0.030076248946475002,0.02769355661402327,0.032100103405639464,0.03444372891474304,0.02909842426412538,0.05507144054614831,0.03194165060137375,0.033131874501736706,0.02808607294445071,0.03001523993007725,0.03012498452101426,0.031619660267689455,0.031815090478243595,0.032615866439314814,0.0312022219642021,0.032900454105563755
2023-10-18,0.02997290223216571,0.032208650307874044,0.03104732819798309,0.03528018686774531,0.02967126792719277,0.03439185552330324,0.03879570022351182,0.03549947629977352,0.03315689105527665,0.036224967127554866,0.03939384390064756,0.03362207824594038,0.03601857310053792,0.03277966054567216,0.030076248946475002,0.02769355661402327,0.032100103405639464,0.03444372891474304,0.02909842426412538,0.05507144054614831,0.03194165060137375,0.033131874501736706,0.02808607294445071,0.03001523993007725,0.03012498452101426,0.031619660267689455,0.031815090478243595,0.032615866439314814,0.0312022219642021,0.032900454105563755
2023-10-19,0.02997290223216571,0.032208650307874044,0.03104732819798309,0.03528018686774531,0.02967126792719277,0.03439185552330324,0.03879570022351182,0.03549947629977352,0.03315689105527665,0.036224967127554866,0.03939384390064756,0.03362207824594038,0.03601857310053792,0.03277966054567216,0.030076248946475002,0.02769355661402327,0.032100103405639464,0.03444372891474304,0.02909842426412538,0.05507144054614831,0.03194165060137375,0.033131874501736706,0.02808607294445071,0.03001523993007725,0.03012498452101426,0.031619660267689455,0.031815090478243595,0.032615866439314814,0.0312022219642021,0.032900454105563755
2023-10-20,0.02997290223216571,0.032208650307874044,0.03104732819798309,0.03528018686774531,0.02967126792719277,0.03439185552330324,0.03879570022351182,0.03549947629977352,0.03315689105527665,0.036224967127554866,0.03939384390064756,0.03362207824594038,0.03601857310053792,0.03277966054567216,0.030076248946475002,0.02769355661402327,0.032100103405639464,0.03444372891474304,0.02909842426412538,0.05507144054614831,0.03194165060137375,0.033131874501736706,0.02808607294445071,0.03001523993007725,0.03012498452101426,0.031619660267689455,0.031815090478243595,0.032615866439314814,0.0312022219642021,0.032900454105563755
2023-10-23,0.02997290223216571,0.032208650307874044,0.03104732819798309,0.03528018686774531,0.02967126792719277,0.03439185552330324,0.03879570022351182,0.03549947629977352,0.03315689105527665,0.036224967127554866,0.03939384390064756,0.03362207824594038,0.03601857310053792,0.03277966054567216,0.030076248946475002,0.02769355661402327,0.032100103405639464,0.03444372891474304,0.02909842426412538,0.05507144054614831,0.03194165060137375,0.033131874501736706,0.02808607294445071,0.03001523993007725,0.03012498452101426,0.031619660267689455,0.031815090478243595,0.032615866439314814,0.0312022219642021,0.032900454105563755
2023-10-24,0.02997290223216571,0.032208650307874044,0.03104732819798309,0.03528018686774531,0.02967126792719277,0.03439185552330324,0.03879570022351182,0.03549947629977352,0.03315689105527665,0.036224967127554866,0.03939384390064756,0.03362207824594038,0.03601857310053792,0.03277966054567216,0.030076248946475002,0.02769355661402327,0.032100103405639464,0.03444372891474304,0.02909842426412538,0.05507144054614831,0.03194165060137375,0.033131874501736706,0.02808607294445071,0.03001523993007725,0.03012498452101426,0.031619660267689455,0.031815090478243595,0.032615866439314814,0.0312022219642021,0.032900454105563755
2023-10-25,0.02997290223216571,0.032208650307874044,0.03104732819798309,0.03528018686774531,0.02967126792719277,0.03439185552330324,0.03879570022351182,0.03549947629977352,0.03315689105527665,0.036224967127554866,0.03939384390064756,0.03362207824594038,0.03601857310053792,0.03277966054567216,0.030076248946475002,0.02769355661402327,0.032100103405639464,0.03444372891474304,0.02909842426412538,0.05507144054614831,0.03194165060137375,0.033131874501736706,0.02808607294445071,0.03001523993007725,0.03012498452101426,0.031619660267689455,0.031815090478243595,0.032615866439314814,0.0312022219642021,0.032900454105563755
2023-10-26,0.02997290223216571,0.032208650307874044,0.03104732819798309,0.03528018686774531,0.02967126792719277,0.03439185552330324,0.03879570022351182,0.03549947629977352,0.03315689105527665,0.036224967127554866,0.03939384390064756,0.03362207824594038,0.03601857310053792,0.03277966054567216,0.030076248946475002,0.02769355661402327,0.032100103405639464,0.03444372891474304,0.02909842426412538,0.05507144054614831,0.03194165060137375,0.033131874501736706,0.02808607294445071,0.03001523993007725,0.03012498452101426,0.031619660267689455,0.031815090478243595,0.032615866439314814,0.0312022219642021,0.032900454105563755
2023-10-27,0.02997290223216571,0.032208650307874044,0.03104732819798309,0.03528018686774531,0.02967126792719277,0.03439185552330324,0.03879570022351182,0.03549947629977352,0.03315689105527665,0.036224967127554866,0.03939384390064756,0.03362207824594038,0.03601857310053792,0.03277966054567216,0.030076248946475002,0.02769355661402327,0.032100103405639464,0.03444372891474304,0.02909842426412538,0.05507144054614831,0.03194165060137375,0.033131874501736706,0.02808607294445071,0.03001523993007725,0.03012498452101426,0.031619660267689455,0.031815090478243595,0.032615866439314814,0.0312022219642021,0.032900454105563755
2023-10-30,0.02997290223216571,0.032208650307874044,0.03104732819798309,0.03528018686774531,0.02967126792719277,0.03439185552330324,0.03879570022351182,0.03549947629977352,0.03315689105527665,0.036224967127554866,0.03939384390064756,0.03362207824594038,0.03601857310053792,0.03277966054567216,0.030076248946475002,0.02769355661402327,0.032100103405639464,0.03444372891474304,0.02909842426412538,0.05507144054614831,0.03194165060137375,0.033131874501736706,0.02808607294445071,0.03001523993007725,0.03012498452101426,0.031619660267689455,0.031815090478243595,0.032615866439314814,0.0312022219642021,0.032900454105563755
2023-10-31,0.02997290223216571,0.032208650307874044,0.03104732819798309,0.03528018686774531,0.02967126792719277,0.03439185552330324,0.03879570022351182,0.03549947629977352,0.03315689105527665,0.036224967127554866,0.03939384390064756,0.03362207824594038,0.03601857310053792,0.03277966054567216,0.030076248946475002,0.02769355661402327,0.032100103405639464,0.03444372891474304,0.02909842426412538,0.05507144054614831,0.03194165060137375,0.033131874501736706,0.02808607294445071,0.03001523993007725,0.03012498452101426,0.031619660267689455,0.031815090478243595,0.032615866439314814,0.0312022219642021,0.032900454105563755
2023-11-01,0.029383252628917663,0.02997377838521254,0.03648630695932849,0.03125283083928512,0.03215699606067117,0.03745776905569996,0.04124245008391329,0.029259573995997153,0.02772509549016492,0.036400107559767546,0.029440188282256956,0.03923503890223521,0.03627697827511234,0.034217145152861436,0.030089284755408396,0.030450336155777892,0.03125920157386134,0.0308653828427965,0.029978411370874522,0.06449044793637476,0.026926723099391352,0.027849587056589915,0.028296515266963015,0.02990023843428151,0.03323751333646111,0.025771153525995637,0.03142084578789866,0.03164568847878291,0.03208385772612863,0.04522730098099012
2023-11-02,0.029383252628917663,0.02997377838521254,0.03648630695932849,0.03125283083928512,0.03215699606067117,0.03745776905569996,0.04124245008391329,0.029259573995997153,0.02772509549016492,0.036400107559767546,0.029440188282256956,0.03923503890223521,0.03627697827511234,0.034217145152861436,0.030089284755408396,0.030450336155777892,0.03125920157386134,0.0308653828427965,0.029978411370874522,0.06449044793637476,0.026926723099391352,0.027849587056589915,0.028296515266963015,0.02990023843428151,0.03323751333646111,0.025771153525995637,0.03142084578789866,0.03164568847878291,0.03208385772612863,0.04522730098099012
2023-11-03,0.029383252628917663,0.02997377838521254,0.03648630695932849,0.03125283083928512,0.03215699606067117,0.03745776905569996,0.04124245008391329,0.029259573995997153,0.02772509549016492,0.036400107559767546,0.029440188282256956,0.03923503890223521,0.03627697827511234,0.034217145152861436,0.030089284755408396,0.030450336155777892,0.03125920157386134,0.0308653828427965,0.029978411370874522,0.06449044793637476,0.026926723099391352,0.027849587056589915,0.028296515266963015,0.02990023843428151,0.03323751333646111,0.025771153525995637,0.03142084578789866,0.03164568847878291,0.03208385772612863,0.04522730098099012
2023-11-06,0.029383252628917663,0.02997377838521254,0.03648630695932849,0.03125283083928512,0.03215699606067117,0.03745776905569996,0.04124245008391329,0.029259573995997153,0.02772509549016492,0.036400107559767546,0.029440188282256956,0.03923503890223521,0.03627697827511234,0.034217145152861436,0.030089284755408396,0.030450336155777892,0.03125920157386134,0.0308653828427965,0.029978411370874522,0.06449044793637476,0.026926723099391352,0.027849587056589915,0.028296515266963015,0.02990023843428151,0.03323751333646111,0.025771153525995637,0.03142084578789866,0.03164568847878291,0.03208385772612863,0.04522730098099012
2023-11-07,0.029383252628917663,0.02997377838521254,0.03648630695932849,0.03125283083928512,0.03215699606067117,0.03745776905569996,0.04124245008391329,0.029259573995997153,0.02772509549016492,0.036400107559767546,0.029440188282256956,0.03923503890223521,0.03627697827511234,0.034217145152861436,0.030089284755408396,0.030450336155777892,0.03125920157386134,0.0308653828427965,0.029978411370874522,0.06449044793637476,0.026926723099391352,0.027849587056589915,0.028296515266963015,0.02990023843428151,0.03323751333646111,0.025771153525995637,0.03142084578789866,0.03164568847878291,0.03208385772612863,0.04522730098099012
2023-11-08,0.029383252628917663,0.02997377838521254,0.03648630695932849,0.03125283083928512,0.03215699606067117,0.03745776905569996,0.04124245008391329,0.029259573995997153,0.02772509549016492,0.036400107559767546,0.029440188282256956,0.03923503890223521,0.03627697827511234,0.034217145152861436,0.030089284755408396,0.030450336155777892,0.03125920157386134,0.0308653828427965,0.029978411370874522,0.06449044793637476,0.026926723099391352,0.027849587056589915,0.028296515266963015,0.02990023843428151,0.03323751333646111,0.025771153525995637,0.03142084578789866,0.03164568847878291,0.03208385772612863,0.04522730098099012
2023-11-09,0.029383252628917663,0.02997377838521254,0.03648630695932849,0.03125283083928512,0.03215699606067117,0.03745776905569996,0.04124245008391329,0.029259573995997153,0.02772509549016492,0.036400107559767546,0.029440188282256956,0.03923503890223521,0.03627697827511234,0.034217145152861436,0.030089284755408396,0.030450336155777892,0.03125920157386134,0.0308653828427965,0.029978411370874522,0.06449044793637476,0.026926723099391352,0.027849587056589915,0.028296515266963015,0.02990023843428151,0.03323751333646111,0.025771153525995637,0.03142084578789866,0.03164568847878291,0.03208385772612863,0.04522730098099012
2023-11-10,0.029383252628917663,0.02997377838521254,0.03648630695932849,0.03125283083928512,0.03215699606067117,0.03745776905569996,0.04124245008391329,0.029259573995997153,0.02772509549016492,0.036400107559767546,0.029440188282256956,0.03923503890223521,0.03627697827511234,0.034217145152861436,0.030089284755408396,0.030450336155777892,0.03125920157386134,0.0308653828427965,0.029978411370874522,0.06449044793637476,0.026926723099391352,0.027849587056589915,0.028296515266963015,0.02990023843428151,0.03323751333646111,0.025771153525995637,0.03142084578789866,0.03164568847878291,0.03208385772612863,0.04522730098099012
2023-11-13,0.029383252628917663,0.02997377838521254,0.03648630695932849,0.03125283083928512,0.03215699606067117,0.03745776905569996,0.04124245008391329,0.029259573995997153,0.02772509549016492,0.036400107559767546,0.029440188282256956,0.03923503890223521,0.03627697827511234,0.034217145152861436,0.030089284755408396,0.030450336155777892,0.03125920157386134,0.0308653828427965,0.029978411370874522,0.06449044793637476,0.026926723099391352,0.027849587056589915,0.028296515266963015,0.02990023843428151,0.03323751333646111,0.025771153525995637,0.03142084578789866,0.03164568847878291,0.03208385772612863,0.04522730098099012
2023-11-14,0.029383252628917663,0.02997377838521254,0.03648630695932849,0.03125283083928512,0.03215699606067117,0.03745776905569996,0.04124245008391329,0.029259573995997153,0.02772509549016492,0.036400107559767546,0.029440188282256956,0.03923503890223521,0.03627697827511234,0.034217145152861436,0.030089284755408396,0.030450336155777892,0.03125920157386134,0.0308653828427965,0.029978411370874522,0.06449044793637476,0.026926723099391352,0.027849587056589915,0.028296515266963015,0.02990023843428151,0.03323751333646111,0.025771153525995637,0.03142084578789866,0.03164568847878291,0.03208385772612863,0.04522730098099012
2023-11-15,0.029383252628917663,0.02997377838521254,0.03648630695932849,0.03125283083928512,0.03215699606067117,0.03745776905569996,0.04124245008391329,0.029259573995997153,0.02772509549016492,0.036400107559767546,0.029440188282256956,0.03923503890223521,0.03627697827511234,0.034217145152861436,0.030089284755408396,0.030450336155777892,0.03125920157386134,0.0308653828427965,0.029978411370874522,0.06449044793637476,0.026926723099391352,0.027849587056589915,0.028296515266963015,0.02990023843428151,0.03323751333646111,0.025771153525995637,0.03142084578789866,0.03164568847878291,0.03208385772612863,0.04522730098099012
2023-11-16,0.029383252628917663,0.02997377838521254,0.03648630695932849,0.03125283083928512,0.03215699606067117,0.03745776905569996,0.04124245008391329,0.029259573995997153,0.02772509549016492,0.036400107559767546,0.029440188282256956,0.03923503890223521,0.03627697827511234,0.034217145152861436,0.030089284755408396,0.030450336155777892,0.03125920157386134,0.0308653828427965,0.029978411370874522,0.06449044793637476,0.026926723099391352,0.027849587056589915,0.028296515266963015,0.02990023843428151,0.03323751333646111,0.025771153525995637,0.03142084578789866,0.03164568847878291,0.03208385772612863,0.04522730098099012
2023-11-17,0.029383252628917663,0.02997377838521254,0.03648630695932849,0.03125283083928512,0.03215699606067117,0.03745776905569996,0.04124245008391329,0.029259573995997153,0.02772509549016492,0.036400107559767546,0.029440188282256956,0.03923503890223521,0.03627697827511234,0.034217145152861436,0.030089284755408396,0.030450336155777892,0.03125920157386134,0.0308653828427965,0.029978411370874522,0.06449044793637476,0.026926723099391352,0.027849587056589915,0.028296515266963015,0.02990023843428151,0.03323751333646111,0.025771153525995637,0.03142084578789866,0.03164568847878291,0.03208385772612863,0.04522730098099012
2023-11-20,0.029383252628917663,0.02997377838521254,0.03648630695932849,0.03125283083928512,0.03215699606067117,0.03745776905569996,0.04124245008391329,0.029259573995997153,0.02772509549016492,0.036400107559767546,0.029440188282256956,0.03923503890223521,0.03627697827511234,0.034217145152861436,0.030089284755408396,0.030450336155777892,0.03125920157386134,0.0308653828427965,0.029978411370874522,0.06449044793637476,0.026926723099391352,0.027849587056589915,0.028296515266963015,0.02990023843428151,0.03323751333646111,0.025771153525995637,0.03142084578789866,0.03164568847878291,0.03208385772612863,0.04522730098099012
2023-11-21,0.029383252628917663,0.02997377838521254,0.03648630695932849,0.03125283083928512,0.03215699606067117,0.03745776905569996,0.04124245008391329,0.029259573995997153,0.02772509549016492,0.036400107559767546,0.029440188282256956,0.03923503890223521,0.03627697827511234,0.034217145152861436,0.030089284755408396,0.030450336155777892,0.03125920157386134,0.0308653828427965,0.029978411370874522,0.06449044793637476,0.026926723099391352,0.027849587056589915,0.028296515266963015,0.02990023843428151,0.03323751333646111,0.025771153525995637,0.03142084578789866,0.03164568847878291,0.03208385772612863,0.04522730098099012
2023-11-22,0.029383252628917663,0.02997377838521254,0.03648630695932849,0.03125283083928512,0.03215699606067117,0.03745776905569996,0.04124245008391329,0.029259573995997153,0.02772509549016492,0.036400107559767546,0.029440188282256956,0.03923503890223521,0.03627697827511234,0.034217145152861436,0.030089284755408396,0.030450336155777892,0.03125920157386134,0.0308653828427965,0.029978411370874522,0.06449044793637476,0.026926723099391352,0.027849587056589915,0.028296515266963015,0.02990023843428151,0.03323751333646111,0.025771153525995637,0.03142084578789866,0.03164568847878291,0.03208385772612863,0.04522730098099012
2023-11-23,0.029383252628917663,0.02997377838521254,0.03648630695932849,0.03125283083928512,0.03215699606067117,0.03745776905569996,0.04124245008391329,0.029259573995997153,0.02772509549016492,0.036400107559767546,0.029440188282256956,0.03923503890223521,0.03627697827511234,0.034217145152861436,0.030089284755408396,0.030450336155777892,0.03125920157386134,0.0308653828427965,0.029978411370874522,0.06449044793637476,0.026926723099391352,0.027849587056589915,0.028296515266963015,0.02990023843428151,0.03323751333646111,0.025771153525995637,0.03142084578789866,0.03164568847878291,0.03208385772612863,0.04522730098099012
2023-11-24,0.029383252628917663,0.02997377838521254,0.03648630695932849,0.03125283083928512,0.03215699606067117,0.03745776905569996,0.04124245008391329,0.029259573995997153,0.02772509549016492,0.036400107559767546,0.029440188282256956,0.03923503890223521,0.03627697827511234,0.034217145152861436,0.030089284755408396,0.030450336155777892,0.03125920157386134,0.0308653828427965,0.029978411370874522,0.06449044793637476,0.026926723099391352,0.027849587056589915,0.028296515266963015,0.02990023843428151,0.03323751333646111,0.025771153525995637,0.03142084578789866,0.03164568847878291,0.03208385772612863,0.04522730098099012
2023-11-27,0.029383252628917663,0.02997377838521254,0.03648630695932849,0.03125283083928512,0.03215699606067117,0.03745776905569996,0.04124245008391329,0.029259573995997153,0.02772509549016492,0.036400107559767546,0.029440188282256956,0.03923503890223521,0.03627697827511234,0.034217145152861436,0.030089284755408396,0.030450336155777892,0.03125920157386134,0.0308653828427965,0.029978411370874522,0.06449044793637476,0.026926723099391352,0.027849587056589915,0.028296515266963015,0.02990023843428151,0.03323751333646111,0.025771153525995637,0.03142084578789866,0.03164568847878291,0.03208385772612863,0.04522730098099012
2023-11-28,0.029383252628917663,0.02997377838521254,0.03648630695932849,0.03125283083928512,0.03215699606067117,0.03745776905569996,0.04124245008391329,0.029259573995997153,0.02772509549016492,0.036400107559767546,0.029440188282256956,0.03923503890223521,0.03627697827511234,0.034217145152861436,0.030089284755408396,0.030450336155777892,0.03125920157386134,0.0308653828427965,0.029978411370874522,0.06449044793637476,0.026926723099391352,0.027849587056589915,0.028296515266963015,0.02990023843428151,0.03323751333646111,0.025771153525995637,0.03142084578789866,0.03164568847878291,0.03208385772612863,0.04522730098099012
2023-11-29,0.029383252628917663,0.02997377838521254,0.03648630695932849,0.03125283083928512,0.03215699606067117,0.03745776905569996,0.04124245008391329,0.029259573995997153,0.02772509549016492,0.036400107559767546,0.029440188282256956,0.03923503890223521,0.03627697827511234,0.034217145152861436,0.030089284755408396,0.030450336155777892,0.03125920157386134,0.0308653828427965,0.029978411370874522,0.06449044793637476,0.026926723099391352,0.027849587056589915,0.028296515266963015,0.02990023843428151,0.03323751333646111,0.025771153525995637,0.03142084578789866,0.03164568847878291,0.03208385772612863,0.04522730098099012
2023-11-30,0.029383252628917663,0.02997377838521254,0.03648630695932849,0.03125283083928512,0.03215699606067117,0.03745776905569996,0.04124245008391329,0.029259573995997153,0.02772509549016492,0.036400107559767546,0.029440188282256956,0.03923503890223521,0.03627697827511234,0.034217145152861436,0.030089284755408396,0.030450336155777892,0.03125920157386134,0.0308653828427965,0.029978411370874522,0.06449044793637476,0.026926723099391352,0.027849587056589915,0.028296515266963015,0.02990023843428151,0.03323751333646111,0.025771153525995637,0.03142084578789866,0.03164568847878291,0.03208385772612863,0.04522730098099012
2023-12-01,0.027090519175524838,0.030471122408332243,0.03647598977986958,0.03030263372607571,0.0342244241741459,0.036817697465475224,0.03937210181904956,0.03343671868725341,0.03039889028643869,0.03541896618645718,0.029114288680582395,0.043824147892092186,0.03972782351805543,0.03296531537446254,0.038060468199423346,0.028473705377552044,0.030620822586755365,0.029668352426199383,0.029954674591504915,0.045766791956126054,0.02777535813700651,0.02985856665847053,0.031143536621228193,0.028769420329377654,0.04089321782471862,0.025957628781453343,0.026762559322092504,0.029685798836152792,0.03389185496015295,0.04307660421797104
2023-12-04,0.027090519175524838,0.030471122408332243,0.03647598977986958,0.03030263372607571,0.0342244241741459,0.036817697465475224,0.03937210181904956,0.03343671868725341,0.03039889028643869,0.03541896618645718,0.029114288680582395,0.043824147892092186,0.03972782351805543,0.03296531537446254,0.038060468199423346,0.028473705377552044,0.030620822586755365,0.029668352426199383,0.029954674591504915,0.045766791956126054,0.02777535813700651,0.02985856665847053,0.031143536621228193,0.028769420329377654,0.04089321782471862,0.025957628781453343,0.026762559322092504,0.029685798836152792,0.03389185496015295,0.04307660421797104
2023-12-05,0.027090519175524838,0.030471122408332243,0.03647598977986958,0.03030263372607571,0.0342244241741459,0.036817697465475224,0.03937210181904956,0.03343671868725341,0.03039889028643869,0.03541896618645718,0.029114288680582395,0.043824147892092186,0.03972782351805543,0.03296531537446254,0.038060468199423346,0.028473705377552044,0.030620822586755365,0.029668352426199383,0.029954674591504915,0.045766791956126054,0.02777535813700651,0.02985856665847053,0.031143536621228193,0.028769420329377654,0.04089321782471862,0.025957628781453343,0.026762559322092504,0.029685798836152792,0.03389185496015295,0.04307660421797104
2023-12-06,0.027090519175524838,0.030471122408332243,0.03647598977986958,0.03030263372607571,0.0342244241741459,0.036817697465475224,0.03937210181904956,0.03343671868725341,0.03039889028643869,0.03541896618645718,0.029114288680582395,0.043824147892092186,0.03972782351805543,0.03296531537446254,0.038060468199423346,0.028473705377552044,0.030620822586755365,0.029668352426199383,0.029954674591504915,0.045766791956126054,0.02777535813700651,0.02985856665847053,0.031143536621228193,0.028769420329377654,0.04089321782471862,0.025957628781453343,0.026762559322092504,0.029685798836152792,0.03389185496015295,0.04307660421797104
2023-12-07,0.027090519175524838,0.030471122408332243,0.03647598977986958,0.03030263372607571,0.0342244241741459,0.036817697465475224,0.03937210181904956,0.03343671868725341,0.03039889028643869,0.03541896618645718,0.029114288680582395,0.043824147892092186,0.03972782351805543,0.03296531537446254,0.038060468199423346,0.028473705377552044,0.030620822586755365,0.029668352426199383,0.029954674591504915,0.045766791956126054,0.02777535813700651,0.02985856665847053,0.031143536621228193,0.028769420329377654,0.04089321782471862,0.025957628781453343,0.026762559322092504,0.029685798836152792,0.03389185496015295,0.04307660421797104
2023-12-08,0.027090519175524838,0.030471122408332243,0.03647598977986958,0.03030263372607571,0.0342244241741459,0.036817697465475224,0.03937210181904956,0.03343671868725341,0.03039889028643869,0.03541896618645718,0.029114288680582395,0.043824147892092186,0.03972782351805543,0.03296531537446254,0.038060468199423346,0.028473705377552044,0.030620822586755365,0.029668352426199383,0.029954674591504915,0.045766791956126054,0.02777535813700651,0.02985856665847053,0.031143536621228193,0.028769420329377654,0.04089321782471862,0.025957628781453343,0.026762559322092504,0.029685798836152792,0.03389185496015295,0.04307660421797104
2023-12-11,0.027090519175524838,0.030471122408332243,0.03647598977986958,0.03030263372607571,0.0342244241741459,0.036817697465475224,0.03937210181904956,0.03343671868725341,0.03039889028643869,0.03541896618645718,0.029114288680582395,0.043824147892092186,0.03972782351805543,0.03296531537446254,0.038060468199423346,0.028473705377552044,0.030620822586755365,0.029668352426199383,0.029954674591504915,0.045766791956126054,0.02777535813700651,0.02985856665847053,0.031143536621228193,0.028769420329377654,0.04089321782471862,0.025957628781453343,0.026762559322092504,0.029685798836152792,0.03389185496015295,0.04307660421797104
2023-12-12,0.027090519175524838,0.030471122408332243,0.03647598977986958,0.03030263372607571,0.0342244241741459,0.036817697465475224,0.03937210181904956,0.03343671868725341,0.03039889028643869,0.03541896618645718,0.029114288680582395,0.043824147892092186,0.03972782351805543,0.03296531537446254,0.038060468199423346,0.028473705377552044,0.030620822586755365,0.029668352426199383,0.029954674591504915,0.045766791956126054,0.02777535813700651,0.02985856665847053,0.031143536621228193,0.028769420329377654,0.04089321782471862,0.025957628781453343,0.026762559322092504,0.029685798836152792,0.03389185496015295,0.04307660421797104
2023-12-13,0.027090519175524838,0.030471122408332243,0.03647598977986958,0.03030263372607571,0.0342244241741459,0.036817697465475224,0.03937210181904956,0.03343671868725341,0.03039889028643869,0.03541896618645718,0.029114288680582395,0.043824147892092186,0.03972782351805543,0.03296531537446254,0.038060468199423346,0.028473705377552044,0.030620822586755365,0.029668352426199383,0.029954674591504915,0.045766791956126054,0.02777535813700651,0.02985856665847053,0.031143536621228193,0.028769420329377654,0.04089321782471862,0.025957628781453343,0.026762559322092504,0.029685798836152792,0.03389185496015295,0.04307660421797104
2023-12-14,0.027090519175524838,0.030471122408332243,0.03647598977986958,0.03030263372607571,0.0342244241741459,0.036817697465475224,0.03937210181904956,0.03343671868725341,0.03039889028643869,0.03541896618645718,0.029114288680582395,0.043824147892092186,0.03972782351805543,0.03296531537446254,0.038060468199423346,0.028473705377552044,0.030620822586755365,0.029668352426199383,0.029954674591504915,0.045766791956126054,0.02777535813700651,0.02985856665847053,0.031143536621228193,0.028769420329377654,0.04089321782471862,0.025957628781453343,0.026762559322092504,0.029685798836152792,0.03389185496015295,0.04307660421797104
2023-12-15,0.027090519175524838,0.030471122408332243,0.03647598977986958,0.03030263372607571,0.0342244241741459,0.036817697465475224,0.03937210181904956,0.03343671868725341,0.03039889028643869,0.03541896618645718,0.029114288680582395,0.043824147892092186,0.03972782351805543,0.03296531537446254,0.038060468199423346,0.028473705377552044,0.030620822586755365,0.029668352426199383,0.029954674591504915,0.045766791956126054,0.02777535813700651,0.02985856665847053,0.031143536621228193,0.028769420329377654,0.04089321782471862,0.025957628781453343,0.026762559322092504,0.029685798836152792,0.03389185496015295,0.04307660421797104
2023-12-18,0.027090519175524838,0.030471122408332243,0.03647598977986958,0.03030263372607571,0.0342244241741459,0.036817697465475224,0.03937210181904956,0.03343671868725341,0.03039889028643869,0.03541896618645718,0.029114288680582395,0.043824147892092186,0.03972782351805543,0.03296531537446254,0.038060468199423346,0.028473705377552044,0.030620822586755365,0.029668352426199383,0.029954674591504915,0.045766791956126054,0.02777535813700651,0.02985856665847053,0.031143536621228193,0.028769420329377654,0.04089321782471862,0.025957628781453343,0.026762559322092504,0.029685798836152792,0.03389185496015295,0.04307660421797104
2023-12-19,0.027090519175524838,0.030471122408332243,0.03647598977986958,0.03030263372607571,0.0342244241741459,0.036817697465475224,0.03937210181904956,0.03343671868725341,0.03039889028643869,0.03541896618645718,0.029114288680582395,0.043824147892092186,0.03972782351805543,0.03296531537446254,0.038060468199423346,0.028473705377552044,0.030620822586755365,0.029668352426199383,0.029954674591504915,0.045766791956126054,0.02777535813700651,0.02985856665847053,0.031143536621228193,0.028769420329377654,0.04089321782471862,0.025957628781453343,0.026762559322092504,0.029685798836152792,0.03389185496015295,0.04307660421797104
2023-12-20,0.027090519175524838,0.030471122408332243,0.03647598977986958,0.03030263372607571,0.0342244241741459,0.036817697465475224,0.03937210181904956,0.03343671868725341,0.03039889028643869,0.03541896618645718,0.029114288680582395,0.043824147892092186,0.03972782351805543,0.03296531537446254,0.038060468199423346,0.028473705377552044,0.030620822586755365,0.029668352426199383,0.029954674591504915,0.045766791956126054,0.02777535813700651,0.02985856665847053,0.031143536621228193,0.028769420329377654,0.04089321782471862,0.025957628781453343,0.026762559322092504,0.029685798836152792,0.03389185496015295,0.04307660421797104
2023-12-21,0.027090519175524838,0.030471122408332243,0.03647598977986958,0.03030263372607571,0.0342244241741459,0.036817697465475224,0.03937210181904956,0.03343671868725341,0.03039889028643869,0.03541896618645718,0.029114288680582395,0.043824147892092186,0.03972782351805543,0.03296531537446254,0.038060468199423346,0.028473705377552044,0.030620822586755365,0.029668352426199383,0.029954674591504915,0.045766791956126054,0.02777535813700651,0.02985856665847053,0.031143536621228193,0.028769420329377654,0.04089321782471862,0.025957628781453343,0.026762559322092504,0.029685798836152792,0.03389185496015295,0.04307660421797104
2023-12-22,0.027090519175524838,0.030471122408332243,0.03647598977986958,0.03030263372607571,0.0342244241741459,0.036817697465475224,0.03937210181904956,0.03343671868725341,0.03039889028643869,0.03541896618645718,0.029114288680582395,0.043824147892092186,0.03972782351805543,0.03296531537446254,0.038060468199423346,0.028473705377552044,0.030620822586755365,0.029668352426199383,0.029954674591504915,0.045766791956126054,0.02777535813700651,0.02985856665847053,0.031143536621228193,0.028769420329377654,0.04089321782471862,0.025957628781453343,0.026762559322092504,0.029685798836152792,0.03389185496015295,0.04307660421797104
2023-12-25,0.027090519175524838,0.030471122408332243,0.03647598977986958,0.03030263372607571,0.0342244241741459,0.036817697465475224,0.03937210181904956,0.03343671868725341,0.03039889028643869,0.03541896618645718,0.029114288680582395,0.043824147892092186,0.03972782351805543,0.03296531537446254,0.038060468199423346,0.028473705377552044,0.030620822586755365,0.029668352426199383,0.029954674591504915,0.045766791956126054,0.02777535813700651,0.02985856665847053,0.031143536621228193,0.028769420329377654,0.04089321782471862,0.025957628781453343,0.026762559322092504,0.029685798836152792,0.03389185496015295,0.04307660421797104
2023-12-26,0.027090519175524838,0.030471122408332243,0.03647598977986958,0.03030263372607571,0.0342244241741459,0.036817697465475224,0.03937210181904956,0.03343671868725341,0.03039889028643869,0.03541896618645718,0.029114288680582395,0.043824147892092186,0.03972782351805543,0.03296531537446254,0.038060468199423346,0.028473705377552044,0.030620822586755365,0.029668352426199383,0.029954674591504915,0.045766791956126054,0.02777535813700651,0.02985856665847053,0.031143536621228193,0.028769420329377654,0.04089321782471862,0.025957628781453343,0.026762559322092504,0.029685798836152792,0.03389185496015295,0.04307660421797104
2023-12-27,0.027090519175524838,0.030471122408332243,0.03647598977986958,0.03030263372607571,0.0342244241741459,0.036817697465475224,0.03937210181904956,0.03343671868725341,0.03039889028643869,0.03541896618645718,0.029114288680582395,0.043824147892092186,0.03972782351805543,0.03296531537446254,0.038060468199423346,0.028473705377552044,0.030620822586755365,0.029668352426199383,0.029954674591504915,0.045766791956126054,0.02777535813700651,0.02985856665847053,0.031143536621228193,0.028769420329377654,0.04089321782471862,0.025957628781453343,0.026762559322092504,0.029685798836152792,0.03389185496015295,0.04307660421797104
2023-12-28,0.027090519175524838,0.030471122408332243,0.03647598977986958,0.03030263372607571,0.0342244241741459,0.036817697465475224,0.03937210181904956,0.03343671868725341,0.03039889028643869,0.03541896618645718,0.029114288680582395,0.043824147892092186,0.03972782351805543,0.03296531537446254,0.038060468199423346,0.028473705377552044,0.030620822586755365,0.029668352426199383,0.029954674591504915,0.045766791956126054,0.02777535813700651,0.02985856665847053,0.031143536621228193,0.028769420329377654,0.04089321782471862,0.025957628781453343,0.026762559322092504,0.029685798836152792,0.03389185496015295,0.04307660421797104
2023-12-29,0.027090519175524838,0.030471122408332243,0.03647598977986958,0.03030263372607571,0.0342244241741459,0.036817697465475224,0.03937210181904956,0.03343671868725341,0.03039889028643869,0.03541896618645718,0.029114288680582395,0.043824147892092186,0.03972782351805543,0.03296531537446254,0.038060468199423346,0.028473705377552044,0.030620822586755365,0.029668352426199383,0.029954674591504915,0.045766791956126054,0.02777535813700651,0.02985856665847053,0.031143536621228193,0.028769420329377654,0.04089321782471862,0.025957628781453343,0.026762559322092504,0.029685798836152792,0.03389185496015295,0.04307660421797104
2024-01-01,0.028645766427040822,0.0302344236634126,0.034189268648230325,0.032857336167832846,0.03204246871467367,0.03391015836500315,0.03632885572758955,0.03681441000054028,0.029564436440213275,0.03768789392596316,0.030497191192437764,0.034044168055062954,0.03440967192375449,0.032789061922294395,0.03326051251571761,0.03005257746416396,0.033494471616894665,0.031242536309864424,0.03821305380939863,0.037134706118917116,0.030569230208622962,0.037398372959111977,0.030681640248528336,0.03602769383336987,0.03176964441787249,0.03851546561928749,0.031097481970461294,0.028531697627743515,0.033571694077319886,0.03442411002867654
2024-01-02,0.028645766427040822,0.0302344236634126,0.034189268648230325,0.032857336167832846,0.03204246871467367,0.03391015836500315,0.03632885572758955,0.03681441000054028,0.029564436440213275,0.03768789392596316,0.030497191192437764,0.034044168055062954,0.03440967192375449,0.032789061922294395,0.03326051251571761,0.03005257746416396,0.033494471616894665,0.031242536309864424,0.03821305380939863,0.037134706118917116,0.030569230208622962,0.037398372959111977,0.030681640248528336,0.03602769383336987,0.03176964441787249,0.03851546561928749,0.031097481970461294,0.028531697627743515,0.033571694077319886,0.03442411002867654
2024-01-03,0.028645766427040822,0.0302344236634126,0.034189268648230325,0.032857336167832846,0.03204246871467367,0.03391015836500315,0.03632885572758955,0.03681441000054028,0.029564436440213275,0.03768789392596316,0.030497191192437764,0.034044168055062954,0.03440967192375449,0.032789061922294395,0.03326051251571761,0.03005257746416396,0.033494471616894665,0.031242536309864424,0.03821305380939863,0.037134706118917116,0.030569230208622962,0.037398372959111977,0.030681640248528336,0.03602769383336987,0.03176964441787249,0.03851546561928749,0.031097481970461294,0.028531697627743515,0.033571694077319886,0.03442411002867654
2024-01-04,0.028645766427040822,0.0302344236634126,0.034189268648230325,0.032857336167832846,0.03204246871467367,0.03391015836500315,0.03632885572758955,0.03681441000054028,0.029564436440213275,0.03768789392596316,0.030497191192437764,0.034044168055062954,0.03440967192375449,0.032789061922294395,0.03326051251571761,0.03005257746416396,0.033494471616894665,0.031242536309864424,0.03821305380939863,0.037134706118917116,0.030569230208622962,0.037398372959111977,0.030681640248528336,0.03602769383336987,0.03176964441787249,0.03851546561928749,0.031097481970461294,0.028531697627743515,0.033571694077319886,0.03442411002867654
2024-01-05,0.028645766427040822,0.0302344236634126,0.034189268648230325,0.032857336167832846,0.03204246871467367,0.03391015836500315,0.03632885572758955,0.03681441000054028,0.029564436440213275,0.03768789392596316,0.030497191192437764,0.034044168055062954,0.03440967192375449,0.032789061922294395,0.03326051251571761,0.03005257746416396,0.033494471616894665,0.031242536309864424,0.03821305380939863,0.037134706118917116,0.030569230208622962,0.037398372959111977,0.030681640248528336,0.03602769383336987,0.03176964441787249,0.03851546561928749,0.031097481970461294,0.028531697627743515,0.033571694077319886,0.03442411002867654
2024-01-08,0.028645766427040822,0.0302344236634126,0.034189268648230325,0.032857336167832846,0.03204246871467367,0.03391015836500315,0.03632885572758955,0.03681441000054028,0.029564436440213275,0.03768789392596316,0.030497191192437764,0.034044168055062954,0.03440967192375449,0.032789061922294395,0.03326051251571761,0.03005257746416396,0.033494471616894665,0.031242536309864424,0.03821305380939863,0.037134706118917116,0.030569230208622962,0.037398372959111977,0.030681640248528336,0.03602769383336987,0.03176964441787249,0.03851546561928749,0.031097481970461294,0.028531697627743515,0.033571694077319886,0.03442411002867654
2024-01-09,0.028645766427040822,0.0302344236634126,0.034189268648230325,0.032857336167832846,0.03204246871467367,0.03391015836500315,0.03632885572758955,0.03681441000054028,0.029564436440213275,0.03768789392596316,0.030497191192437764,0.034044168055062954,0.03440967192375449,0.032789061922294395,0.03326051251571761,0.03005257746416396,0.033494471616894665,0.031242536309864424,0.03821305380939863,0.037134706118917116,0.030569230208622962,0.037398372959111977,0.030681640248528336,0.03602769383336987,0.03176964441787249,0.03851546561928749,0.031097481970461294,0.028531697627743515,0.033571694077319886,0.03442411002867654
2024-01-10,0.028645766427040822,0.0302344236634126,0.034189268648230325,0.032857336167832846,0.03204246871467367,0.03391015836500315,0.03632885572758955,0.03681441000054028,0.029564436440213275,0.03768789392596316,0.030497191192437764,0.034044168055062954,0.03440967192375449,0.032789061922294395,0.03326051251571761,0.03005257746416396,0.033494471616894665,0.031242536309864424,0.03821305380939863,0.037134706118917116,0.030569230208622962,0.037398372959111977,0.030681640248528336,0.03602769383336987,0.03176964441787249,0.03851546561928749,0.031097481970461294,0.028531697627743515,0.033571694077319886,0.03442411002867654
2024-01-11,0.028645766427040822,0.0302344236634126,0.034189268648230325,0.032857336167832846,0.03204246871467367,0.03391015836500315,0.03632885572758955,0.03681441000054028,0.029564436440213275,0.03768789392596316,0.030497191192437764,0.034044168055062954,0.03440967192375449,0.032789061922294395,0.03326051251571761,0.03005257746416396,0.033494471616894665,0.031242536309864424,0.03821305380939863,0.037134706118917116,0.030569230208622962,0.037398372959111977,0.030681640248528336,0.03602769383336987,0.03176964441787249,0.03851546561928749,0.031097481970461294,0.028531697627743515,0.033571694077319886,0.03442411002867654
2024-01-12,0.028645766427040822,0.0302344236634126,0.034189268648230325,0.032857336167832846,0.03204246871467367,0.03391015836500315,0.03632885572758955,0.03681441000054028,0.029564436440213275,0.03768789392596316,0.030497191192437764,0.034044168055062954,0.03440967192375449,0.032789061922294395,0.03326051251571761,0.03005257746416396,0.033494471616894665,0.031242536309864424,0.03821305380939863,0.037134706118917116,0.030569230208622962,0.037398372959111977,0.030681640248528336,0.03602769383336987,0.03176964441787249,0.03851546561928749,0.031097481970461294,0.028531697627743515,0.033571694077319886,0.03442411002867654
2024-01-15,0.028645766427040822,0.0302344236634126,0.034189268648230325,0.032857336167832846,0.03204246871467367,0.03391015836500315,0.03632885572758955,0.03681441000054028,0.029564436440213275,0.03768789392596316,0.030497191192437764,0.034044168055062954,0.03440967192375449,0.032789061922294395,0.03326051251571761,0.03005257746416396,0.033494471616894665,0.031242536309864424,0.03821305380939863,0.037134706118917116,0.030569230208622962,0.037398372959111977,0.030681640248528336,0.03602769383336987,0.03176964441787249,0.03851546561928749,0.031097481970461294,0.028531697627743515,0.033571694077319886,0.03442411002867654
2024-01-16,0.028645766427040822,0.0302344236634126,0.034189268648230325,0.032857336167832846,0.03204246871467367,0.03391015836500315,0.03632885572758955,0.03681441000054028,0.029564436440213275,0.03768789392596316,0.030497191192437764,0.034044168055062954,0.03440967192375449,0.032789061922294395,0.03326051251571761,0.03005257746416396,0.033494471616894665,0.031242536309864424,0.03821305380939863,0.037134706118917116,0.030569230208622962,0.037398372959111977,0.030681640248528336,0.03602769383336987,0.03176964441787249,0.03851546561928749,0.031097481970461294,0.028531697627743515,0.033571694077319886,0.03442411002867654
2024-01-17,0.028645766427040822,0.0302344236634126,0.034189268648230325,0.032857336167832846,0.03204246871467367,0.03391015836500315,0.03632885572758955,0.03681441000054028,0.029564436440213275,0.03768789392596316,0.030497191192437764,0.034044168055062954,0.03440967192375449,0.032789061922294395,0.03326051251571761,0.03005257746416396,0.033494471616894665,0.031242536309864424,0.03821305380939863,0.037134706118917116,0.030569230208622962,0.037398372959111977,0.030681640248528336,0.03602769383336987,0.03176964441787249,0.03851546561928749,0.031097481970461294,0.028531697627743515,0.033571694077319886,0.03442411002867654
2024-01-18,0.028645766427040822,0.0302344236634126,0.034189268648230325,0.032857336167832846,0.03204246871467367,0.03391015836500315,0.03632885572758955,0.03681441000054028,0.029564436440213275,0.03768789392596316,0.030497191192437764,0.034044168055062954,0.03440967192375449,0.032789061922294395,0.03326051251571761,0.03005257746416396,0.033494471616894665,0.031242536309864424,0.03821305380939863,0.037134706118917116,0.030569230208622962,0.037398372959111977,0.030681640248528336,0.03602769383336987,0.03176964441787249,0.03851546561928749,0.031097481970461294,0.028531697627743515,0.033571694077319886,0.03442411002867654
2024-01-19,0.028645766427040822,0.0302344236634126,0.034189268648230325,0.032857336167832846,0.03204246871467367,0.03391015836500315,0.03632885572758955,0.03681441000054028,0.029564436440213275,0.03768789392596316,0.030497191192437764,0.034044168055062954,0.03440967192375449,0.032789061922294395,0.03326051251571761,0.03005257746416396,0.033494471616894665,0.031242536309864424,0.03821305380939863,0.037134706118917116,0.030569230208622962,0.037398372959111977,0.030681640248528336,0.03602769383336987,0.03176964441787249,0.03851546561928749,0.031097481970461294,0.028531697627743515,0.033571694077319886,0.03442411002867654
2024-01-22,0.028645766427040822,0.0302344236634126,0.034189268648230325,0.032857336167832846,0.03204246871467367,0.03391015836500315,0.03632885572758955,0.03681441000054028,0.029564436440213275,0.03768789392596316,0.030497191192437764,0.034044168055062954,0.03440967192375449,0.032789061922294395,0.03326051251571761,0.03005257746416396,0.033494471616894665,0.031242536309864424,0.03821305380939863,0.037134706118917116,0.030569230208622962,0.037398372959111977,0.030681640248528336,0.03602769383336987,0.03176964441787249,0.03851546561928749,0.031097481970461294,0.028531697627743515,0.033571694077319886,0.03442411002867654
2024-01-23,0.028645766427040822,0.0302344236634126,0.034189268648230325,0.032857336167832846,0.03204246871467367,0.03391015836500315,0.03632885572758955,0.03681441000054028,0.029564436440213275,0.03768789392596316,0.030497191192437764,0.034044168055062954,0.03440967192375449,0.032789061922294395,0.03326051251571761,0.03005257746416396,0.033494471616894665,0.031242536309864424,0.03821305380939863,0.037134706118917116,0.030569230208622962,0.037398372959111977,0.030681640248528336,0.03602769383336987,0.03176964441787249,0.03851546561928749,0.031097481970461294,0.028531697627743515,0.033571694077319886,0.03442411002867654
2024-01-24,0.028645766427040822,0.0302344236634126,0.034189268648230325,0.032857336167832846,0.03204246871467367,0.03391015836500315,0.03632885572758955,0.03681441000054028,0.029564436440213275,0.03768789392596316,0.030497191192437764,0.034044168055062954,0.03440967192375449,0.032789061922294395,0.03326051251571761,0.03005257746416396,0.033494471616894665,0.031242536309864424,0.03821305380939863,0.037134706118917116,0.030569230208622962,0.037398372959111977,0.030681640248528336,0.03602769383336987,0.03176964441787249,0.03851546561928749,0.031097481970461294,0.028531697627743515,0.033571694077319886,0.03442411002867654
2024-01-25,0.028645766427040822,0.0302344236634126,0.034189268648230325,0.032857336167832846,0.03204246871467367,0.03391015836500315,0.03632885572758955,0.03681441000054028,0.029564436440213275,0.03768789392596316,0.030497191192437764,0.034044168055062954,0.03440967192375449,0.032789061922294395,0.03326051251571761,0.03005257746416396,0.033494471616894665,0.031242536309864424,0.03821305380939863,0.037134706118917116,0.030569230208622962,0.037398372959111977,0.030681640248528336,0.03602769383336987,0.03176964441787249,0.03851546561928749,0.031097481970461294,0.028531697627743515,0.033571694077319886,0.03442411002867654
2024-01-26,0.028645766427040822,0.0302344236634126,0.034189268648230325,0.032857336167832846,0.03204246871467367,0.03391015836500315,0.03632885572758955,0.03681441000054028,0.029564436440213275,0.03768789392596316,0.030497191192437764,0.034044168055062954,0.03440967192375449,0.032789061922294395,0.03326051251571761,0.03005257746416396,0.033494471616894665,0.031242536309864424,0.03821305380939863,0.037134706118917116,0.030569230208622962,0.037398372959111977,0.030681640248528336,0.03602769383336987,0.03176964441787249,0.03851546561928749,0.031097481970461294,0.028531697627743515,0.033571694077319886,0.03442411002867654
2024-01-29,0.028645766427040822,0.0302344236634126,0.034189268648230325,0.032857336167832846,0.03204246871467367,0.03391015836500315,0.03632885572758955,0.03681441000054028,0.029564436440213275,0.03768789392596316,0.030497191192437764,0.034044168055062954,0.03440967192375449,0.032789061922294395,0.03326051251571761,0.03005257746416396,0.033494471616894665,0.031242536309864424,0.03821305380939863,0.037134706118917116,0.030569230208622962,0.037398372959111977,0.030681640248528336,0.03602769383336987,0.03176964441787249,0.03851546561928749,0.031097481970461294,0.028531697627743515,0.033571694077319886,0.03442411002867654
2024-01-30,0.028645766427040822,0.0302344236634126,0.034189268648230325,0.032857336167832846,0.03204246871467367,0.03391015836500315,0.03632885572758955,0.03681441000054028,0.029564436440213275,0.03768789392596316,0.030497191192437764,0.034044168055062954,0.03440967192375449,0.032789061922294395,0.03326051251571761,0.03005257746416396,0.033494471616894665,0.031242536309864424,0.03821305380939863,0.037134706118917116,0.030569230208622962,0.037398372959111977,0.030681640248528336,0.03602769383336987,0.03176964441787249,0.03851546561928749,0.031097481970461294,0.028531697627743515,0.033571694077319886,0.03442411002867654
2024-01-31,0.028645766427040822,0.0302344236634126,0.034189268648230325,0.032857336167832846,0.03204246871467367,0.03391015836500315,0.03632885572758955,0.03681441000054028,0.029564436440213275,0.03768789392596316,0.030497191192437764,0.034044168055062954,0.03440967192375449,0.032789061922294395,0.03326051251571761,0.03005257746416396,0.033494471616894665,0.031242536309864424,0.03821305380939863,0.037134706118917116,0.030569230208622962,0.037398372959111977,0.030681640248528336,0.03602769383336987,0.03176964441787249,0.03851546561928749,0.031097481970461294,0.028531697627743515,0.033571694077319886,0.03442411002867654
2024-02-01,0.0351203121547076,0.032259565537288225,0.02981967114974493,0.03197338509400788,0.033881765869538234,0.031073652672359658,0.03302478709383744,0.03246137713831443,0.038515046337189406,0.03897353901868245,0.03186559833835603,0.031245852433460924,0.03506637246782467,0.04084375727753465,0.030064550068206797,0.031272164480477906,0.028205035296214993,0.033231416690009355,0.035337155363976795,0.03839800417944923,0.030608448870605983,0.03430548227613481,0.03483792771729729,0.03210411223853981,0.03163573809307666,0.03029163516176217,0.028354214717232165,0.03265202871677463,0.030902637569360694,0.04167476597803418
2024-02-02,0.0351203121547076,0.032259565537288225,0.02981967114974493,0.03197338509400788,0.033881765869538234,0.031073652672359658,0.03302478709383744,0.03246137713831443,0.038515046337189406,0.03897353901868245,0.03186559833835603,0.031245852433460924,0.03506637246782467,0.04084375727753465,0.030064550068206797,0.031272164480477906,0.028205035296214993,0.033231416690009355,0.035337155363976795,0.03839800417944923,0.030608448870605983,0.03430548227613481,0.03483792771729729,0.03210411223853981,0.03163573809307666,0.03029163516176217,0.028354214717232165,0.03265202871677463,0.030902637569360694,0.04167476597803418
2024-02-05,0.0351203121547076,0.032259565537288225,0.02981967114974493,0.03197338509400788,0.033881765869538234,0.031073652672359658,0.03302478709383744,0.03246137713831443,0.038515046337189406,0.03897353901868245,0.03186559833835603,0.031245852433460924,0.03506637246782467,0.04084375727753465,0.030064550068206797,0.031272164480477906,0.028205035296214993,0.033231416690009355,0.035337155363976795,0.03839800417944923,0.030608448870605983,0.03430548227613481,0.03483792771729729,0.03210411223853981,0.03163573809307666,0.03029163516176217,0.028354214717232165,0.03265202871677463,0.030902637569360694,0.04167476597803418
2024-02-06,0.0351203121547076,0.032259565537288225,0.02981967114974493,0.03197338509400788,0.033881765869538234,0.031073652672359658,0.03302478709383744,0.03246137713831443,0.038515046337189406,0.03897353901868245,0.03186559833835603,0.031245852433460924,0.03506637246782467,0.04084375727753465,0.030064550068206797,0.031272164480477906,0.028205035296214993,0.033231416690009355,0.035337155363976795,0.03839800417944923,0.030608448870605983,0.03430548227613481,0.03483792771729729,0.03210411223853981,0.03163573809307666,0.03029163516176217,0.028354214717232165,0.03265202871677463,0.030902637569360694,0.04167476597803418
2024-02-07,0.0351203121547076,0.032259565537288225,0.02981967114974493,0.03197338509400788,0.033881765869538234,0.031073652672359658,0.03302478709383744,0.03246137713831443,0.038515046337189406,0.03897353901868245,0.03186559833835603,0.031245852433460924,0.03506637246782467,0.04084375727753465,0.030064550068206797,0.031272164480477906,0.028205035296214993,0.033231416690009355,0.035337155363976795,0.03839800417944923,0.030608448870605983,0.03430548227613481,0.03483792771729729,0.03210411223853981,0.03163573809307666,0.03029163516176217,0.028354214717232165,0.03265202871677463,0.030902637569360694,0.04167476597803418
2024-02-08,0.0351203121547076,0.032259565537288225,0.02981967114974493,0.03197338509400788,0.033881765869538234,0.031073652672359658,0.03302478709383744,0.03246137713831443,0.038515046337189406,0.03897353901868245,0.03186559833835603,0.031245852433460924,0.03506637246782467,0.04084375727753465,0.030064550068206797,0.031272164480477906,0.028205035296214993,0.033231416690009355,0.035337155363976795,0.03839800417944923,0.030608448870605983,0.03430548227613481,0.03483792771729729,0.03210411223853981,0.03163573809307666,0.03029163516176217,0.028354214717232165,0.03265202871677463,0.030902637569360694,0.04167476597803418
2024-02-09,0.0351203121547076,0.032259565537288225,0.02981967114974493,0.03197338509400788,0.033881765869538234,0.031073652672359658,0.03302478709383744,0.03246137713831443,0.038515046337189406,0.03897353901868245,0.03186559833835603,0.031245852433460924,0.03506637246782467,0.04084375727753465,0.030064550068206797,0.031272164480477906,0.028205035296214993,0.033231416690009355,0.035337155363976795,0.03839800417944923,0.030608448870605983,0.03430548227613481,0.03483792771729729,0.03210411223853981,0.03163573809307666,0.03029163516176217,0.028354214717232165,0.03265202871677463,0.030902637569360694,0.04167476597803418
2024-02-12,0.0351203121547076,0.032259565537288225,0.02981967114974493,0.03197338509400788,0.033881765869538234,0.031073652672359658,0.03302478709383744,0.03246137713831443,0.038515046337189406,0.03897353901868245,0.03186559833835603,0.031245852433460924,0.03506637246782467,0.04084375727753465,0.030064550068206797,0.031272164480477906,0.028205035296214993,0.033231416690009355,0.035337155363976795,0.03839800417944923,0.030608448870605983,0.03430548227613481,0.03483792771729729,0.03210411223853981,0.03163573809307666,0.03029163516176217,0.028354214717232165,0.03265202871677463,0.030902637569360694,0.04167476597803418
2024-02-13,0.0351203121547076,0.032259565537288225,0.02981967114974493,0.03197338509400788,0.033881765869538234,0.031073652672359658,0.03302478709383744,0.03246137713831443,0.038515046337189406,0.03897353901868245,0.03186559833835603,0.031245852433460924,0.03506637246782467,0.04084375727753465,0.030064550068206797,0.031272164480477906,0.028205035296214993,0.033231416690009355,0.035337155363976795,0.03839800417944923,0.030608448870605983,0.03430548227613481,0.03483792771729729,0.03210411223853981,0.03163573809307666,0.03029163516176217,0.028354214717232165,0.03265202871677463,0.030902637569360694,0.04167476597803418
2024-02-14,0.0351203121547076,0.032259565537288225,0.02981967114974493,0.03197338509400788,0.033881765869538234,0.031073652672359658,0.03302478709383744,0.03246137713831443,0.038515046337189406,0.03897353901868245,0.03186559833835603,0.031245852433460924,0.03506637246782467,0.04084375727753465,0.030064550068206797,0.031272164480477906,0.028205035296214993,0.033231416690009355,0.035337155363976795,0.03839800417944923,0.030608448870605983,0.03430548227613481,0.03483792771729729,0.03210411223853981,0.03163573809307666,0.03029163516176217,0.028354214717232165,0.03265202871677463,0.030902637569360694,0.04167476597803418
2024-02-15,0.0351203121547076,0.032259565537288225,0.02981967114974493,0.03197338509400788,0.033881765869538234,0.031073652672359658,0.03302478709383744,0.03246137713831443,0.038515046337189406,0.03897353901868245,0.03186559833835603,0.031245852433460924,0.03506637246782467,0.04084375727753465,0.030064550068206797,0.031272164480477906,0.028205035296214993,0.033231416690009355,0.035337155363976795,0.03839800417944923,0.030608448870605983,0.03430548227613481,0.03483792771729729,0.03210411223853981,0.03163573809307666,0.03029163516176217,0.028354214717232165,0.03265202871677463,0.030902637569360694,0.04167476597803418
2024-02-16,0.0351203121547076,0.032259565537288225,0.02981967114974493,0.03197338509400788,0.033881765869538234,0.031073652672359658,0.03302478709383744,0.03246137713831443,0.038515046337189406,0.03897353901868245,0.03186559833835603,0.031245852433460924,0.03506637246782467,0.04084375727753465,0.030064550068206797,0.031272164480477906,0.028205035296214993,0.033231416690009355,0.035337155363976795,0.03839800417944923,0.030608448870605983,0.03430548227613481,0.03483792771729729,0.03210411223853981,0.03163573809307666,0.03029163516176217,0.028354214717232165,0.03265202871677463,0.030902637569360694,0.04167476597803418
2024-02-19,0.0351203121547076,0.032259565537288225,0.02981967114974493,0.03197338509400788,0.033881765869538234,0.031073652672359658,0.03302478709383744,0.03246137713831443,0.038515046337189406,0.03897353901868245,0.03186559833835603,0.031245852433460924,0.03506637246782467,0.04084375727753465,0.030064550068206797,0.031272164480477906,0.028205035296214993,0.033231416690009355,0.035337155363976795,0.03839800417944923,0.030608448870605983,0.03430548227613481,0.03483792771729729,0.03210411223853981,0.03163573809307666,0.03029163516176217,0.028354214717232165,0.03265202871677463,0.030902637569360694,0.04167476597803418
2024-02-20,0.0351203121547076,0.032259565537288225,0.02981967114974493,0.03197338509400788,0.033881765869538234,0.031073652672359658,0.03302478709383744,0.03246137713831443,0.038515046337189406,0.03897353901868245,0.03186559833835603,0.031245852433460924,0.03506637246782467,0.04084375727753465,0.030064550068206797,0.031272164480477906,0.028205035296214993,0.033231416690009355,0.035337155363976795,0.03839800417944923,0.030608448870605983,0.03430548227613481,0.03483792771729729,0.03210411223853981,0.03163573809307666,0.03029163516176217,0.028354214717232165,0.03265202871677463,0.030902637569360694,0.04167476597803418
2024-02-21,0.0351203121547076,0.032259565537288225,0.02981967114974493,0.03197338509400788,0.033881765869538234,0.031073652672359658,0.03302478709383744,0.03246137713831443,0.038515046337189406,0.03897353901868245,0.03186559833835603,0.031245852433460924,0.03506637246782467,0.04084375727753465,0.030064550068206797,0.031272164480477906,0.028205035296214993,0.033231416690009355,0.035337155363976795,0.03839800417944923,0.030608448870605983,0.03430548227613481,0.03483792771729729,0.03210411223853981,0.03163573809307666,0.03029163516176217,0.028354214717232165,0.03265202871677463,0.030902637569360694,0.04167476597803418
2024-02-22,0.0351203121547076,0.032259565537288225,0.02981967114974493,0.03197338509400788,0.033881765869538234,0.031073652672359658,0.03302478709383744,0.03246137713831443,0.038515046337189406,0.03897353901868245,0.03186559833835603,0.031245852433460924,0.03506637246782467,0.04084375727753465,0.030064550068206797,0.031272164480477906,0.028205035296214993,0.033231416690009355,0.035337155363976795,0.03839800417944923,0.030608448870605983,0.03430548227613481,0.03483792771729729,0.03210411223853981,0.03163573809307666,0.03029163516176217,0.028354214717232165,0.03265202871677463,0.030902637569360694,0.04167476597803418
2024-02-23,0.0351203121547076,0.032259565537288225,0.02981967114974493,0.03197338509400788,0.033881765869538234,0.031073652672359658,0.03302478709383744,0.03246137713831443,0.038515046337189406,0.03897353901868245,0.03186559833835603,0.031245852433460924,0.03506637246782467,0.04084375727753465,0.030064550068206797,0.031272164480477906,0.028205035296214993,0.033231416690009355,0.035337155363976795,0.03839800417944923,0.030608448870605983,0.03430548227613481,0.03483792771729729,0.03210411223853981,0.03163573809307666,0.03029163516176217,0.028354214717232165,0.03265202871677463,0.030902637569360694,0.04167476597803418
2024-02-26,0.0351203121547076,0.032259565537288225,0.02981967114974493,0.03197338509400788,0.033881765869538234,0.031073652672359658,0.03302478709383744,0.03246137713831443,0.038515046337189406,0.03897353901868245,0.03186559833835603,0.031245852433460924,0.03506637246782467,0.04084375727753465,0.030064550068206797,0.031272164480477906,0.028205035296214993,0.033231416690009355,0.035337155363976795,0.03839800417944923,0.030608448870605983,0.03430548227613481,0.03483792771729729,0.03210411223853981,0.03163573809307666,0.03029163516176217,0.028354214717232165,0.03265202871677463,0.030902637569360694,0.04167476597803418
2024-02-27,0.0351203121547076,0.032259565537288225,0.02981967114974493,0.03197338509400788,0.033881765869538234,0.031073652672359658,0.03302478709383744,0.03246137713831443,0.038515046337189406,0.03897353901868245,0.03186559833835603,0.031245852433460924,0.03506637246782467,0.04084375727753465,0.030064550068206797,0.031272164480477906,0.028205035296214993,0.033231416690009355,0.035337155363976795,0.03839800417944923,0.030608448870605983,0.03430548227613481,0.03483792771729729,0.03210411223853981,0.03163573809307666,0.03029163516176217,0.028354214717232165,0.03265202871677463,0.030902637569360694,0.04167476597803418
2024-02-28,0.0351203121547076,0.032259565537288225,0.02981967114974493,0.03197338509400788,0.033881765869538234,0.031073652672359658,0.03302478709383744,0.03246137713831443,0.038515046337189406,0.03897353901868245,0.03186559833835603,0.031245852433460924,0.03506637246782467,0.04084375727753465,0.030064550068206797,0.031272164480477906,0.028205035296214993,0.033231416690009355,0.035337155363976795,0.03839800417944923,0.030608448870605983,0.03430548227613481,0.03483792771729729,0.03210411223853981,0.03163573809307666,0.03029163516176217,0.028354214717232165,0.03265202871677463,0.030902637569360694,0.04167476597803418
2024-02-29,0.0351203121547076,0.032259565537288225,0.02981967114974493,0.03197338509400788,0.033881765869538234,0.031073652672359658,0.03302478709383744,0.03246137713831443,0.038515046337189406,0.03897353901868245,0.03186559833835603,0.031245852433460924,0.03506637246782467,0.04084375727753465,0.030064550068206797,0.031272164480477906,0.028205035296214993,0.033231416690009355,0.035337155363976795,0.03839800417944923,0.030608448870605983,0.03430548227613481,0.03483792771729729,0.03210411223853981,0.03163573809307666,0.03029163516176217,0.028354214717232165,0.03265202871677463,0.030902637569360694,0.04167476597803418
2024-03-01,0.030138702365720506,0.029278213472327702,0.033379040266471545,0.03104747022842949,0.03419144975570835,0.03357693652400728,0.02933761532007476,0.03286326206040109,0.03346235945159734,0.03755906953002537,0.02892605377597766,0.03320079231398347,0.03115716295757919,0.0364480700701327,0.03194526769224424,0.030771136267984226,0.03244938865349963,0.02960464608530961,0.03206728494383634,0.05092296147265314,0.03680938262040508,0.03218199493554597,0.02856860066772504,0.03544410678550661,0.032935431817445376,0.02923214068086998,0.03129472826846849,0.03512481888670817,0.036227626518070634,0.03985428561129106
2024-03-04,0.030138702365720506,0.029278213472327702,0.033379040266471545,0.03104747022842949,0.03419144975570835,0.03357693652400728,0.02933761532007476,0.03286326206040109,0.03346235945159734,0.03755906953002537,0.02892605377597766,0.03320079231398347,0.03115716295757919,0.0364480700701327,0.03194526769224424,0.030771136267984226,0.03244938865349963,0.02960464608530961,0.03206728494383634,0.05092296147265314,0.03680938262040508,0.03218199493554597,0.02856860066772504,0.03544410678550661,0.032935431817445376,0.02923214068086998,0.03129472826846849,0.03512481888670817,0.036227626518070634,0.03985428561129106
2024-03-05,0.030138702365720506,0.029278213472327702,0.033379040266471545,0.03104747022842949,0.03419144975570835,0.03357693652400728,0.02933761532007476,0.03286326206040109,0.03346235945159734,0.03755906953002537,0.02892605377597766,0.03320079231398347,0.03115716295757919,0.0364480700701327,0.03194526769224424,0.030771136267984226,0.03244938865349963,0.02960464608530961,0.03206728494383634,0.05092296147265314,0.03680938262040508,0.03218199493554597,0.02856860066772504,0.03544410678550661,0.032935431817445376,0.02923214068086998,0.03129472826846849,0.03512481888670817,0.036227626518070634,0.03985428561129106
2024-03-06,0.030138702365720506,0.029278213472327702,0.033379040266471545,0.03104747022842949,0.03419144975570835,0.03357693652400728,0.02933761532007476,0.03286326206040109,0.03346235945159734,0.03755906953002537,0.02892605377597766,0.03320079231398347,0.03115716295757919,0.0364480700701327,0.03194526769224424,0.030771136267984226,0.03244938865349963,0.02960464608530961,0.03206728494383634,0.05092296147265314,0.03680938262040508,0.03218199493554597,0.02856860066772504,0.03544410678550661,0.032935431817445376,0.02923214068086998,0.03129472826846849,0.03512481888670817,0.036227626518070634,0.03985428561129106
2024-03-07,0.030138702365720506,0.029278213472327702,0.033379040266471545,0.03104747022842949,0.03419144975570835,0.03357693652400728,0.02933761532007476,0.03286326206040109,0.03346235945159734,0.03755906953002537,0.02892605377597766,0.03320079231398347,0.03115716295757919,0.0364480700701327,0.03194526769224424,0.030771136267984226,0.03244938865349963,0.02960464608530961,0.03206728494383634,0.05092296147265314,0.03680938262040508,0.03218199493554597,0.02856860066772504,0.03544410678550661,0.032935431817445376,0.02923214068086998,0.03129472826846849,0.03512481888670817,0.036227626518070634,0.03985428561129106
2024-03-08,0.030138702365720506,0.029278213472327702,0.033379040266471545,0.03104747022842949,0.03419144975570835,0.03357693652400728,0.02933761532007476,0.03286326206040109,0.03346235945159734,0.03755906953002537,0.02892605377597766,0.03320079231398347,0.03115716295757919,0.0364480700701327,0.03194526769224424,0.030771136267984226,0.03244938865349963,0.02960464608530961,0.03206728494383634,0.05092296147265314,0.03680938262040508,0.03218199493554597,0.02856860066772504,0.03544410678550661,0.032935431817445376,0.02923214068086998,0.03129472826846849,0.03512481888670817,0.036227626518070634,0.03985428561129106
2024-03-11,0.030138702365720506,0.029278213472327702,0.033379040266471545,0.03104747022842949,0.03419144975570835,0.03357693652400728,0.02933761532007476,0.03286326206040109,0.03346235945159734,0.03755906953002537,0.02892605377597766,0.03320079231398347,0.03115716295757919,0.0364480700701327,0.03194526769224424,0.030771136267984226,0.03244938865349963,0.02960464608530961,0.03206728494383634,0.05092296147265314,0.03680938262040508,0.03218199493554597,0.02856860066772504,0.03544410678550661,0.032935431817445376,0.02923214068086998,0.03129472826846849,0.03512481888670817,0.036227626518070634,0.03985428561129106
2024-03-12,0.030138702365720506,0.029278213472327702,0.033379040266471545,0.03104747022842949,0.03419144975570835,0.03357693652400728,0.02933761532007476,0.03286326206040109,0.03346235945159734,0.03755906953002537,0.02892605377597766,0.03320079231398347,0.03115716295757919,0.0364480700701327,0.03194526769224424,0.030771136267984226,0.03244938865349963,0.02960464608530961,0.03206728494383634,0.05092296147265314,0.03680938262040508,0.03218199493554597,0.02856860066772504,0.03544410678550661,0.032935431817445376,0.02923214068086998,0.03129472826846849,0.03512481888670817,0.036227626518070634,0.03985428561129106
2024-03-13,0.030138702365720506,0.029278213472327702,0.033379040266471545,0.03104747022842949,0.03419144975570835,0.03357693652400728,0.02933761532007476,0.03286326206040109,0.03346235945159734,0.03755906953002537,0.02892605377597766,0.03320079231398347,0.03115716295757919,0.0364480700701327,0.03194526769224424,0.030771136267984226,0.03244938865349963,0.02960464608530961,0.03206728494383634,0.05092296147265314,0.03680938262040508,0.03218199493554597,0.02856860066772504,0.03544410678550661,0.032935431817445376,0.02923214068086998,0.03129472826846849,0.03512481888670817,0.036227626518070634,0.03985428561129106
2024-03-14,0.030138702365720506,0.029278213472327702,0.033379040266471545,0.03104747022842949,0.03419144975570835,0.03357693652400728,0.02933761532007476,0.03286326206040109,0.03346235945159734,0.03755906953002537,0.02892605377597766,0.03320079231398347,0.03115716295757919,0.0364480700701327,0.03194526769224424,0.030771136267984226,0.03244938865349963,0.02960464608530961,0.03206728494383634,0.05092296147265314,0.03680938262040508,0.03218199493554597,0.02856860066772504,0.03544410678550661,0.032935431817445376,0.02923214068086998,0.03129472826846849,0.03512481888670817,0.036227626518070634,0.03985428561129106
2024-03-15,0.030138702365720506,0.029278213472327702,0.033379040266471545,0.03104747022842949,0.03419144975570835,0.03357693652400728,0.02933761532007476,0.03286326206040109,0.03346235945159734,0.03755906953002537,0.02892605377597766,0.03320079231398347,0.03115716295757919,0.0364480700701327,0.03194526769224424,0.030771136267984226,0.03244938865349963,0.02960464608530961,0.03206728494383634,0.05092296147265314,0.03680938262040508,0.03218199493554597,0.02856860066772504,0.03544410678550661,0.032935431817445376,0.02923214068086998,0.03129472826846849,0.03512481888670817,0.036227626518070634,0.03985428561129106
2024-03-18,0.030138702365720506,0.029278213472327702,0.033379040266471545,0.03104747022842949,0.03419144975570835,0.03357693652400728,0.02933761532007476,0.03286326206040109,0.03346235945159734,0.03755906953002537,0.02892605377597766,0.03320079231398347,0.03115716295757919,0.0364480700701327,0.03194526769224424,0.030771136267984226,0.03244938865349963,0.02960464608530961,0.03206728494383634,0.05092296147265314,0.03680938262040508,0.03218199493554597,0.02856860066772504,0.03544410678550661,0.032935431817445376,0.02923214068086998,0.03129472826846849,0.03512481888670817,0.036227626518070634,0.03985428561129106
2024-03-19,0.030138702365720506,0.029278213472327702,0.033379040266471545,0.03104747022842949,0.03419144975570835,0.03357693652400728,0.02933761532007476,0.03286326206040109,0.03346235945159734,0.03755906953002537,0.02892605377597766,0.03320079231398347,0.03115716295757919,0.0364480700701327,0.03194526769224424,0.030771136267984226,0.03244938865349963,0.02960464608530961,0.03206728494383634,0.05092296147265314,0.03680938262040508,0.03218199493554597,0.02856860066772504,0.03544410678550661,0.032935431817445376,0.02923214068086998,0.03129472826846849,0.03512481888670817,0.036227626518070634,0.03985428561129106
2024-03-20,0.030138702365720506,0.029278213472327702,0.033379040266471545,0.03104747022842949,0.03419144975570835,0.03357693652400728,0.02933761532007476,0.03286326206040109,0.03346235945159734,0.03755906953002537,0.02892605377597766,0.03320079231398347,0.03115716295757919,0.0364480700701327,0.03194526769224424,0.030771136267984226,0.03244938865349963,0.02960464608530961,0.03206728494383634,0.05092296147265314,0.03680938262040508,0.03218199493554597,0.02856860066772504,0.03544410678550661,0.032935431817445376,0.02923214068086998,0.03129472826846849,0.03512481888670817,0.036227626518070634,0.03985428561129106
2024-03-21,0.030138702365720506,0.029278213472327702,0.033379040266471545,0.03104747022842949,0.03419144975570835,0.03357693652400728,0.02933761532007476,0.03286326206040109,0.03346235945159734,0.03755906953002537,0.02892605377597766,0.03320079231398347,0.03115716295757919,0.0364480700701327,0.03194526769224424,0.030771136267984226,0.03244938865349963,0.02960464608530961,0.03206728494383634,0.05092296147265314,0.03680938262040508,0.03218199493554597,0.02856860066772504,0.03544410678550661,0.032935431817445376,0.02923214068086998,0.03129472826846849,0.03512481888670817,0.036227626518070634,0.03985428561129106
2024-03-22,0.030138702365720506,0.029278213472327702,0.033379040266471545,0.03104747022842949,0.03419144975570835,0.03357693652400728,0.02933761532007476,0.03286326206040109,0.03346235945159734,0.03755906953002537,0.02892605377597766,0.03320079231398347,0.03115716295757919,0.0364480700701327,0.03194526769224424,0.030771136267984226,0.03244938865349963,0.02960464608530961,0.03206728494383634,0.05092296147265314,0.03680938262040508,0.03218199493554597,0.02856860066772504,0.03544410678550661,0.032935431817445376,0.02923214068086998,0.03129472826846849,0.03512481888670817,0.036227626518070634,0.03985428561129106
2024-03-25,0.030138702365720506,0.029278213472327702,0.033379040266471545,0.03104747022842949,0.03419144975570835,0.03357693652400728,0.02933761532007476,0.03286326206040109,0.03346235945159734,0.03755906953002537,0.02892605377597766,0.03320079231398347,0.03115716295757919,0.0364480700701327,0.03194526769224424,0.030771136267984226,0.03244938865349963,0.02960464608530961,0.03206728494383634,0.05092296147265314,0.03680938262040508,0.03218199493554597,0.02856860066772504,0.03544410678550661,0.032935431817445376,0.02923214068086998,0.03129472826846849,0.03512481888670817,0.036227626518070634,0.03985428561129106
2024-03-26,0.030138702365720506,0.029278213472327702,0.033379040266471545,0.03104747022842949,0.03419144975570835,0.03357693652400728,0.02933761532007476,0.03286326206040109,0.03346235945159734,0.03755906953002537,0.02892605377597766,0.03320079231398347,0.03115716295757919,0.0364480700701327,0.03194526769224424,0.030771136267984226,0.03244938865349963,0.02960464608530961,0.03206728494383634,0.05092296147265314,0.03680938262040508,0.03218199493554597,0.02856860066772504,0.03544410678550661,0.032935431817445376,0.02923214068086998,0.03129472826846849,0.03512481888670817,0.036227626518070634,0.03985428561129106
2024-03-27,0.030138702365720506,0.029278213472327702,0.033379040266471545,0.03104747022842949,0.03419144975570835,0.03357693652400728,0.02933761532007476,0.03286326206040109,0.03346235945159734,0.03755906953002537,0.02892605377597766,0.03320079231398347,0.03115716295757919,0.0364480700701327,0.03194526769224424,0.030771136267984226,0.03244938865349963,0.02960464608530961,0.03206728494383634,0.05092296147265314,0.03680938262040508,0.03218199493554597,0.02856860066772504,0.03544410678550661,0.032935431817445376,0.02923214068086998,0.03129472826846849,0.03512481888670817,0.036227626518070634,0.03985428561129106
2024-03-28,0.030138702365720506,0.029278213472327702,0.033379040266471545,0.03104747022842949,0.03419144975570835,0.03357693652400728,0.02933761532007476,0.03286326206040109,0.03346235945159734,0.03755906953002537,0.02892605377597766,0.03320079231398347,0.03115716295757919,0.0364480700701327,0.03194526769224424,0.030771136267984226,0.03244938865349963,0.02960464608530961,0.03206728494383634,0.05092296147265314,0.03680938262040508,0.03218199493554597,0.02856860066772504,0.03544410678550661,0.032935431817445376,0.02923214068086998,0.03129472826846849,0.03512481888670817,0.036227626518070634,0.03985428561129106
2024-03-29,0.030138702365720506,0.029278213472327702,0.033379040266471545,0.03104747022842949,0.03419144975570835,0.03357693652400728,0.02933761532007476,0.03286326206040109,0.03346235945159734,0.03755906953002537,0.02892605377597766,0.03320079231398347,0.03115716295757919,0.0364480700701327,0.03194526769224424,0.030771136267984226,0.03244938865349963,0.02960464608530961,0.03206728494383634,0.05092296147265314,0.03680938262040508,0.03218199493554597,0.02856860066772504,0.03544410678550661,0.032935431817445376,0.02923214068086998,0.03129472826846849,0.03512481888670817,0.036227626518070634,0.03985428561129106
2024-04-01,0.029451084211603622,0.03317213745838,0.035050352894072566,0.02914983201717846,0.03166826424293695,0.031739686423392637,0.03157468757110149,0.03701553558546123,0.03735881611501021,0.03244255626103108,0.03180437707538843,0.03476017599769254,0.033988435529845165,0.03326025471570917,0.03845620405233768,0.03539651760276909,0.028076139629889727,0.03435031492857822,0.03763259550193894,0.03803419307831459,0.031226897614520126,0.03270809418973232,0.03381361808694429,0.03463134907272836,0.03388978311928066,0.03331276798756419,0.031684804920936976,0.031261052156924096,0.03072521100689946,0.032364260951837684
2024-04-02,0.029451084211603622,0.03317213745838,0.035050352894072566,0.02914983201717846,0.03166826424293695,0.031739686423392637,0.03157468757110149,0.03701553558546123,0.03735881611501021,0.03244255626103108,0.03180437707538843,0.03476017599769254,0.033988435529845165,0.03326025471570917,0.03845620405233768,0.03539651760276909,0.028076139629889727,0.03435031492857822,0.03763259550193894,0.03803419307831459,0.031226897614520126,0.03270809418973232,0.03381361808694429,0.03463134907272836,0.03388978311928066,0.03331276798756419,0.031684804920936976,0.031261052156924096,0.03072521100689946,0.032364260951837684
2024-04-03,0.029451084211603622,0.03317213745838,0.035050352894072566,0.02914983201717846,0.03166826424293695,0.031739686423392637,0.03157468757110149,0.03701553558546123,0.03735881611501021,0.03244255626103108,0.03180437707538843,0.03476017599769254,0.033988435529845165,0.03326025471570917,0.03845620405233768,0.03539651760276909,0.028076139629889727,0.03435031492857822,0.03763259550193894,0.03803419307831459,0.031226897614520126,0.03270809418973232,0.03381361808694429,0.03463134907272836,0.03388978311928066,0.03331276798756419,0.031684804920936976,0.031261052156924096,0.03072521100689946,0.032364260951837684
2024-04-04,0.029451084211603622,0.03317213745838,0.035050352894072566,0.02914983201717846,0.03166826424293695,0.031739686423392637,0.03157468757110149,0.03701553558546123,0.03735881611501021,0.03244255626103108,0.03180437707538843,0.03476017599769254,0.033988435529845165,0.03326025471570917,0.03845620405233768,0.03539651760276909,0.028076139629889727,0.03435031492857822,0.03763259550193894,0.03803419307831459,0.031226897614520126,0.03270809418973232,0.03381361808694429,0.03463134907272836,0.03388978311928066,0.03331276798756419,0.031684804920936976,0.031261052156924096,0.03072521100689946,0.032364260951837684
2024-04-05,0.029451084211603622,0.03317213745838,0.035050352894072566,0.02914983201717846,0.03166826424293695,0.031739686423392637,0.03157468757110149,0.03701553558546123,0.03735881611501021,0.03244255626103108,0.03180437707538843,0.03476017599769254,0.033988435529845165,0.03326025471570917,0.03845620405233768,0.03539651760276909,0.028076139629889727,0.03435031492857822,0.03763259550193894,0.03803419307831459,0.031226897614520126,0.03270809418973232,0.03381361808694429,0.03463134907272836,0.03388978311928066,0.03331276798756419,0.031684804920936976,0.031261052156924096,0.03072521100689946,0.032364260951837684
2024-04-08,0.029451084211603622,0.03317213745838,0.035050352894072566,0.02914983201717846,0.03166826424293695,0.031739686423392637,0.03157468757110149,0.03701553558546123,0.03735881611501021,0.03244255626103108,0.03180437707538843,0.03476017599769254,0.033988435529845165,0.03326025471570917,0.03845620405233768,0.03539651760276909,0.028076139629889727,0.03435031492857822,0.03763259550193894,0.03803419307831459,0.031226897614520126,0.03270809418973232,0.03381361808694429,0.03463134907272836,0.03388978311928066,0.03331276798756419,0.031684804920936976,0.031261052156924096,0.03072521100689946,0.032364260951837684
2024-04-09,0.029451084211603622,0.03317213745838,0.035050352894072566,0.02914983201717846,0.03166826424293695,0.031739686423392637,0.03157468757110149,0.03701553558546123,0.03735881611501021,0.03244255626103108,0.03180437707538843,0.03476017599769254,0.033988435529845165,0.03326025471570917,0.03845620405233768,0.03539651760276909,0.028076139629889727,0.03435031492857822,0.03763259550193894,0.03803419307831459,0.031226897614520126,0.03270809418973232,0.03381361808694429,0.03463134907272836,0.03388978311928066,0.03331276798756419,0.031684804920936976,0.031261052156924096,0.03072521100689946,0.032364260951837684
2024-04-10,0.029451084211603622,0.03317213745838,0.035050352894072566,0.02914983201717846,0.03166826424293695,0.031739686423392637,0.03157468757110149,0.03701553558546123,0.03735881611501021,0.03244255626103108,0.03180437707538843,0.03476017599769254,0.033988435529845165,0.03326025471570917,0.03845620405233768,0.03539651760276909,0.028076139629889727,0.03435031492857822,0.03763259550193894,0.03803419307831459,0.031226897614520126,0.03270809418973232,0.03381361808694429,0.03463134907272836,0.03388978311928066,0.03331276798756419,0.031684804920936976,0.031261052156924096,0.03072521100689946,0.032364260951837684
2024-04-11,0.029451084211603622,0.03317213745838,0.035050352894072566,0.02914983201717846,0.03166826424293695,0.031739686423392637,0.03157468757110149,0.03701553558546123,0.03735881611501021,0.03244255626103108,0.03180437707538843,0.03476017599769254,0.033988435529845165,0.03326025471570917,0.03845620405233768,0.03539651760276909,0.028076139629889727,0.03435031492857822,0.03763259550193894,0.03803419307831459,0.031226897614520126,0.03270809418973232,0.03381361808694429,0.03463134907272836,0.03388978311928066,0.03331276798756419,0.031684804920936976,0.031261052156924096,0.03072521100689946,0.032364260951837684
2024-04-12,0.029451084211603622,0.03317213745838,0.035050352894072566,0.02914983201717846,0.03166826424293695,0.031739686423392637,0.03157468757110149,0.03701553558546123,0.03735881611501021,0.03244255626103108,0.03180437707538843,0.03476017599769254,0.033988435529845165,0.03326025471570917,0.03845620405233768,0.03539651760276909,0.028076139629889727,0.03435031492857822,0.03763259550193894,0.03803419307831459,0.031226897614520126,0.03270809418973232,0.03381361808694429,0.03463134907272836,0.03388978311928066,0.03331276798756419,0.031684804920936976,0.031261052156924096,0.03072521100689946,0.032364260951837684
2024-04-15,0.029451084211603622,0.03317213745838,0.035050352894072566,0.02914983201717846,0.03166826424293695,0.031739686423392637,0.03157468757110149,0.03701553558546123,0.03735881611501021,0.03244255626103108,0.03180437707538843,0.03476017599769254,0.033988435529845165,0.03326025471570917,0.03845620405233768,0.03539651760276909,0.028076139629889727,0.03435031492857822,0.03763259550193894,0.03803419307831459,0.031226897614520126,0.03270809418973232,0.03381361808694429,0.03463134907272836,0.03388978311928066,0.03331276798756419,0.031684804920936976,0.031261052156924096,0.03072521100689946,0.032364260951837684
2024-04-16,0.029451084211603622,0.03317213745838,0.035050352894072566,0.02914983201717846,0.03166826424293695,0.031739686423392637,0.03157468757110149,0.03701553558546123,0.03735881611501021,0.03244255626103108,0.03180437707538843,0.03476017599769254,0.033988435529845165,0.03326025471570917,0.03845620405233768,0.03539651760276909,0.028076139629889727,0.03435031492857822,0.03763259550193894,0.03803419307831459,0.031226897614520126,0.03270809418973232,0.03381361808694429,0.03463134907272836,0.03388978311928066,0.03331276798756419,0.031684804920936976,0.031261052156924096,0.03072521100689946,0.032364260951837684
2024-04-17,0.029451084211603622,0.03317213745838,0.035050352894072566,0.02914983201717846,0.03166826424293695,0.031739686423392637,0.03157468757110149,0.03701553558546123,0.03735881611501021,0.03244255626103108,0.03180437707538843,0.03476017599769254,0.033988435529845165,0.03326025471570917,0.03845620405233768,0.03539651760276909,0.028076139629889727,0.03435031492857822,0.03763259550193894,0.03803419307831459,0.031226897614520126,0.03270809418973232,0.03381361808694429,0.03463134907272836,0.03388978311928066,0.03331276798756419,0.031684804920936976,0.031261052156924096,0.03072521100689946,0.032364260951837684
2024-04-18,0.029451084211603622,0.03317213745838,0.035050352894072566,0.02914983201717846,0.03166826424293695,0.031739686423392637,0.03157468757110149,0.03701553558546123,0.03735881611501021,0.03244255626103108,0.03180437707538843,0.03476017599769254,0.033988435529845165,0.03326025471570917,0.03845620405233768,0.03539651760276909,0.028076139629889727,0.03435031492857822,0.03763259550193894,0.03803419307831459,0.031226897614520126,0.03270809418973232,0.03381361808694429,0.03463134907272836,0.03388978311928066,0.03331276798756419,0.031684804920936976,0.031261052156924096,0.03072521100689946,0.032364260951837684
2024-04-19,0.029451084211603622,0.03317213745838,0.035050352894072566,0.02914983201717846,0.03166826424293695,0.031739686423392637,0.03157468757110149,0.03701553558546123,0.03735881611501021,0.03244255626103108,0.03180437707538843,0.03476017599769254,0.033988435529845165,0.03326025471570917,0.03845620405233768,0.03539651760276909,0.028076139629889727,0.03435031492857822,0.03763259550193894,0.03803419307831459,0.031226897614520126,0.03270809418973232,0.03381361808694429,0.03463134907272836,0.03388978311928066,0.03331276798756419,0.031684804920936976,0.031261052156924096,0.03072521100689946,0.032364260951837684
2024-04-22,0.029451084211603622,0.03317213745838,0.035050352894072566,0.02914983201717846,0.03166826424293695,0.031739686423392637,0.03157468757110149,0.03701553558546123,0.03735881611501021,0.03244255626103108,0.03180437707538843,0.03476017599769254,0.033988435529845165,0.03326025471570917,0.03845620405233768,0.03539651760276909,0.028076139629889727,0.03435031492857822,0.03763259550193894,0.03803419307831459,0.031226897614520126,0.03270809418973232,0.03381361808694429,0.03463134907272836,0.03388978311928066,0.03331276798756419,0.031684804920936976,0.031261052156924096,0.03072521100689946,0.032364260951837684
2024-04-23,0.029451084211603622,0.03317213745838,0.035050352894072566,0.02914983201717846,0.03166826424293695,0.031739686423392637,0.03157468757110149,0.03701553558546123,0.03735881611501021,0.03244255626103108,0.03180437707538843,0.03476017599769254,0.033988435529845165,0.03326025471570917,0.03845620405233768,0.03539651760276909,0.028076139629889727,0.03435031492857822,0.03763259550193894,0.03803419307831459,0.031226897614520126,0.03270809418973232,0.03381361808694429,0.03463134907272836,0.03388978311928066,0.03331276798756419,0.031684804920936976,0.031261052156924096,0.03072521100689946,0.032364260951837684
2024-04-24,0.029451084211603622,0.03317213745838,0.035050352894072566,0.02914983201717846,0.03166826424293695,0.031739686423392637,0.03157468757110149,0.03701553558546123,0.03735881611501021,0.03244255626103108,0.03180437707538843,0.03476017599769254,0.033988435529845165,0.03326025471570917,0.03845620405233768,0.03539651760276909,0.028076139629889727,0.03435031492857822,0.03763259550193894,0.03803419307831459,0.031226897614520126,0.03270809418973232,0.03381361808694429,0.03463134907272836,0.03388978311928066,0.03331276798756419,0.031684804920936976,0.031261052156924096,0.03072521100689946,0.032364260951837684
2024-04-25,0.029451084211603622,0.03317213745838,0.035050352894072566,0.02914983201717846,0.03166826424293695,0.031739686423392637,0.03157468757110149,0.03701553558546123,0.03735881611501021,0.03244255626103108,0.03180437707538843,0.03476017599769254,0.033988435529845165,0.03326025471570917,0.03845620405233768,0.03539651760276909,0.028076139629889727,0.03435031492857822,0.03763259550193894,0.03803419307831459,0.031226897614520126,0.03270809418973232,0.03381361808694429,0.03463134907272836,0.03388978311928066,0.03331276798756419,0.031684804920936976,0.031261052156924096,0.03072521100689946,0.032364260951837684
2024-04-26,0.029451084211603622,0.03317213745838,0.035050352894072566,0.02914983201717846,0.03166826424293695,0.031739686423392637,0.03157468757110149,0.03701553558546123,0.03735881611501021,0.03244255626103108,0.03180437707538843,0.03476017599769254,0.033988435529845165,0.03326025471570917,0.03845620405233768,0.03539651760276909,0.028076139629889727,0.03435031492857822,0.03763259550193894,0.03803419307831459,0.031226897614520126,0.03270809418973232,0.03381361808694429,0.03463134907272836,0.03388978311928066,0.03331276798756419,0.031684804920936976,0.031261052156924096,0.03072521100689946,0.032364260951837684
2024-04-29,0.029451084211603622,0.03317213745838,0.035050352894072566,0.02914983201717846,0.03166826424293695,0.031739686423392637,0.03157468757110149,0.03701553558546123,0.03735881611501021,0.03244255626103108,0.03180437707538843,0.03476017599769254,0.033988435529845165,0.03326025471570917,0.03845620405233768,0.03539651760276909,0.028076139629889727,0.03435031492857822,0.03763259550193894,0.03803419307831459,0.031226897614520126,0.03270809418973232,0.03381361808694429,0.03463134907272836,0.03388978311928066,0.03331276798756419,0.031684804920936976,0.031261052156924096,0.03072521100689946,0.032364260951837684
2024-04-30,0.029451084211603622,0.03317213745838,0.035050352894072566,0.02914983201717846,0.03166826424293695,0.031739686423392637,0.03157468757110149,0.03701553558546123,0.03735881611501021,0.03244255626103108,0.03180437707538843,0.03476017599769254,0.033988435529845165,0.03326025471570917,0.03845620405233768,0.03539651760276909,0.028076139629889727,0.03435031492857822,0.03763259550193894,0.03803419307831459,0.031226897614520126,0.03270809418973232,0.03381361808694429,0.03463134907272836,0.03388978311928066,0.03331276798756419,0.031684804920936976,0.031261052156924096,0.03072521100689946,0.032364260951837684
2024-05-01,0.02973428031652168,0.0348971669243693,0.031112268703045426,0.03228799092339623,0.03145460943718781,0.03329063216299671,0.03579758475717977,0.039004298256173214,0.03235564149587543,0.03864304435477738,0.031229214091302224,0.031306038568319546,0.03247775922346786,0.03459894420264406,0.0354247484108033,0.028110000318548697,0.029502206088801775,0.029871306796279237,0.03461041612578444,0.03835445724113388,0.03146213849086733,0.030031197872615843,0.03426893900930161,0.04608726115087024,0.028673568900833574,0.030959392812020498,0.029402243703139787,0.03244940082950368,0.04298581963806515,0.029617429194174268
2024-05-02,0.02973428031652168,0.0348971669243693,0.031112268703045426,0.03228799092339623,0.03145460943718781,0.03329063216299671,0.03579758475717977,0.039004298256173214,0.03235564149587543,0.03864304435477738,0.031229214091302224,0.031306038568319546,0.03247775922346786,0.03459894420264406,0.0354247484108033,0.028110000318548697,0.029502206088801775,0.029871306796279237,0.03461041612578444,0.03835445724113388,0.03146213849086733,0.030031197872615843,0.03426893900930161,0.04608726115087024,0.028673568900833574,0.030959392812020498,0.029402243703139787,0.03244940082950368,0.04298581963806515,0.029617429194174268
2024-05-03,0.02973428031652168,0.0348971669243693,0.031112268703045426,0.03228799092339623,0.03145460943718781,0.03329063216299671,0.03579758475717977,0.039004298256173214,0.03235564149587543,0.03864304435477738,0.031229214091302224,0.031306038568319546,0.03247775922346786,0.03459894420264406,0.0354247484108033,0.028110000318548697,0.029502206088801775,0.029871306796279237,0.03461041612578444,0.03835445724113388,0.03146213849086733,0.030031197872615843,0.03426893900930161,0.04608726115087024,0.028673568900833574,0.030959392812020498,0.029402243703139787,0.03244940082950368,0.04298581963806515,0.029617429194174268
2024-05-06,0.02973428031652168,0.0348971669243693,0.031112268703045426,0.03228799092339623,0.03145460943718781,0.03329063216299671,0.03579758475717977,0.039004298256173214,0.03235564149587543,0.03864304435477738,0.031229214091302224,0.031306038568319546,0.03247775922346786,0.03459894420264406,0.0354247484108033,0.028110000318548697,0.029502206088801775,0.029871306796279237,0.03461041612578444,0.03835445724113388,0.03146213849086733,0.030031197872615843,0.03426893900930161,0.04608726115087024,0.028673568900833574,0.030959392812020498,0.029402243703139787,0.03244940082950368,0.04298581963806515,0.029617429194174268
2024-05-07,0.02973428031652168,0.0348971669243693,0.031112268703045426,0.03228799092339623,0.03145460943718781,0.03329063216299671,0.03579758475717977,0.039004298256173214,0.03235564149587543,0.03864304435477738,0.031229214091302224,0.031306038568319546,0.03247775922346786,0.03459894420264406,0.0354247484108033,0.028110000318548697,0.029502206088801775,0.029871306796279237,0.03461041612578444,0.03835445724113388,0.03146213849086733,0.030031197872615843,0.03426893900930161,0.04608726115087024,0.028673568900833574,0.030959392812020498,0.029402243703139787,0.03244940082950368,0.04298581963806515,0.029617429194174268
2024-05-08,0.02973428031652168,0.0348971669243693,0.031112268703045426,0.03228799092339623,0.03145460943718781,0.03329063216299671,0.03579758475717977,0.039004298256173214,0.03235564149587543,0.03864304435477738,0.031229214091302224,0.031306038568319546,0.03247775922346786,0.03459894420264406,0.0354247484108033,0.028110000318548697,0.029502206088801775,0.029871306796279237,0.03461041612578444,0.03835445724113388,0.03146213849086733,0.030031197872615843,0.03426893900930161,0.04608726115087024,0.028673568900833574,0.030959392812020498,0.029402243703139787,0.03244940082950368,0.04298581963806515,0.029617429194174268
2024-05-09,0.02973428031652168,0.0348971669243693,0.031112268703045426,0.03228799092339623,0.03145460943718781,0.03329063216299671,0.03579758475717977,0.039004298256173214,0.03235564149587543,0.03864304435477738,0.031229214091302224,0.031306038568319546,0.03247775922346786,0.03459894420264406,0.0354247484108033,0.028110000318548697,0.029502206088801775,0.029871306796279237,0.03461041612578444,0.03835445724113388,0.03146213849086733,0.030031197872615843,0.03426893900930161,0.04608726115087024,0.028673568900833574,0.030959392812020498,0.029402243703139787,0.03244940082950368,0.04298581963806515,0.029617429194174268
2024-05-10,0.02973428031652168,0.0348971669243693,0.031112268703045426,0.03228799092339623,0.03145460943718781,0.03329063216299671,0.03579758475717977,0.039004298256173214,0.03235564149587543,0.03864304435477738,0.031229214091302224,0.031306038568319546,0.03247775922346786,0.03459894420264406,0.0354247484108033,0.028110000318548697,0.029502206088801775,0.029871306796279237,0.03461041612578444,0.03835445724113388,0.03146213849086733,0.030031197872615843,0.03426893900930161,0.04608726115087024,0.028673568900833574,0.030959392812020498,0.029402243703139787,0.03244940082950368,0.04298581963806515,0.029617429194174268
2024-05-13,0.02973428031652168,0.0348971669243693,0.031112268703045426,0.03228799092339623,0.03145460943718781,0.03329063216299671,0.03579758475717977,0.039004298256173214,0.03235564149587543,0.03864304435477738,0.031229214091302224,0.031306038568319546,0.03247775922346786,0.03459894420264406,0.0354247484108033,0.028110000318548697,0.029502206088801775,0.029871306796279237,0.03461041612578444,0.03835445724113388,0.03146213849086733,0.030031197872615843,0.03426893900930161,0.04608726115087024,0.028673568900833574,0.030959392812020498,0.029402243703139787,0.03244940082950368,0.04298581963806515,0.029617429194174268
2024-05-14,0.02973428031652168,0.0348971669243693,0.031112268703045426,0.03228799092339623,0.03145460943718781,0.03329063216299671,0.03579758475717977,0.039004298256173214,0.03235564149587543,0.03864304435477738,0.031229214091302224,0.031306038568319546,0.03247775922346786,0.03459894420264406,0.0354247484108033,0.028110000318548697,0.029502206088801775,0.029871306796279237,0.03461041612578444,0.03835445724113388,0.03146213849086733,0.030031197872615843,0.03426893900930161,0.04608726115087024,0.028673568900833574,0.030959392812020498,0.029402243703139787,0.03244940082950368,0.04298581963806515,0.029617429194174268
2024-05-15,0.02973428031652168,0.0348971669243693,0.031112268703045426,0.03228799092339623,0.03145460943718781,0.03329063216299671,0.03579758475717977,0.039004298256173214,0.03235564149587543,0.03864304435477738,0.031229214091302224,0.031306038568319546,0.03247775922346786,0.03459894420264406,0.0354247484108033,0.028110000318548697,0.029502206088801775,0.029871306796279237,0.03461041612578444,0.03835445724113388,0.03146213849086733,0.030031197872615843,0.03426893900930161,0.04608726115087024,0.028673568900833574,0.030959392812020498,0.029402243703139787,0.03244940082950368,0.04298581963806515,0.029617429194174268
2024-05-16,0.02973428031652168,0.0348971669243693,0.031112268703045426,0.03228799092339623,0.03145460943718781,0.03329063216299671,0.03579758475717977,0.039004298256173214,0.03235564149587543,0.03864304435477738,0.031229214091302224,0.031306038568319546,0.03247775922346786,0.03459894420264406,0.0354247484108033,0.028110000318548697,0.029502206088801775,0.029871306796279237,0.03461041612578444,0.03835445724113388,0.03146213849086733,0.030031197872615843,0.03426893900930161,0.04608726115087024,0.028673568900833574,0.030959392812020498,0.029402243703139787,0.03244940082950368,0.04298581963806515,0.029617429194174268
2024-05-17,0.02973428031652168,0.0348971669243693,0.031112268703045426,0.03228799092339623,0.03145460943718781,0.03329063216299671,0.03579758475717977,0.039004298256173214,0.03235564149587543,0.03864304435477738,0.031229214091302224,0.031306038568319546,0.03247775922346786,0.03459894420264406,0.0354247484108033,0.028110000318548697,0.029502206088801775,0.029871306796279237,0.03461041612578444,0.03835445724113388,0.03146213849086733,0.030031197872615843,0.03426893900930161,0.04608726115087024,0.028673568900833574,0.030959392812020498,0.029402243703139787,0.03244940082950368,0.04298581963806515,0.029617429194174268
2024-05-20,0.02973428031652168,0.0348971669243693,0.031112268703045426,0.03228799092339623,0.03145460943718781,0.03329063216299671,0.03579758475717977,0.039004298256173214,0.03235564149587543,0.03864304435477738,0.031229214091302224,0.031306038568319546,0.03247775922346786,0.03459894420264406,0.0354247484108033,0.028110000318548697,0.029502206088801775,0.029871306796279237,0.03461041612578444,0.03835445724113388,0.03146213849086733,0.030031197872615843,0.03426893900930161,0.04608726115087024,0.028673568900833574,0.030959392812020498,0.029402243703139787,0.03244940082950368,0.04298581963806515,0.029617429194174268
2024-05-21,0.02973428031652168,0.0348971669243693,0.031112268703045426,0.03228799092339623,0.03145460943718781,0.03329063216299671,0.03579758475717977,0.039004298256173214,0.03235564149587543,0.03864304435477738,0.031229214091302224,0.031306038568319546,0.03247775922346786,0.03459894420264406,0.0354247484108033,0.028110000318548697,0.029502206088801775,0.029871306796279237,0.03461041612578444,0.03835445724113388,0.03146213849086733,0.030031197872615843,0.03426893900930161,0.04608726115087024,0.028673568900833574,0.030959392812020498,0.029402243703139787,0.03244940082950368,0.04298581963806515,0.029617429194174268
2024-05-22,0.02973428031652168,0.0348971669243693,0.031112268703045426,0.03228799092339623,0.03145460943718781,0.03329063216299671,0.03579758475717977,0.039004298256173214,0.03235564149587543,0.03864304435477738,0.031229214091302224,0.031306038568319546,0.03247775922346786,0.03459894420264406,0.0354247484108033,0.028110000318548697,0.029502206088801775,0.029871306796279237,0.03461041612578444,0.03835445724113388,0.03146213849086733,0.030031197872615843,0.03426893900930161,0.04608726115087024,0.028673568900833574,0.030959392812020498,0.029402243703139787,0.03244940082950368,0.04298581963806515,0.029617429194174268
2024-05-23,0.02973428031652168,0.0348971669243693,0.031112268703045426,0.03228799092339623,0.03145460943718781,0.03329063216299671,0.03579758475717977,0.039004298256173214,0.03235564149587543,0.03864304435477738,0.031229214091302224,0.031306038568319546,0.03247775922346786,0.03459894420264406,0.0354247484108033,0.028110000318548697,0.029502206088801775,0.029871306796279237,0.03461041612578444,0.03835445724113388,0.03146213849086733,0.030031197872615843,0.03426893900930161,0.04608726115087024,0.028673568900833574,0.030959392812020498,0.029402243703139787,0.03244940082950368,0.04298581963806515,0.029617429194174268
2024-05-24,0.02973428031652168,0.0348971669243693,0.031112268703045426,0.03228799092339623,0.03145460943718781,0.03329063216299671,0.03579758475717977,0.039004298256173214,0.03235564149587543,0.03864304435477738,0.031229214091302224,0.031306038568319546,0.03247775922346786,0.03459894420264406,0.0354247484108033,0.028110000318548697,0.029502206088801775,0.029871306796279237,0.03461041612578444,0.03835445724113388,0.03146213849086733,0.030031197872615843,0.03426893900930161,0.04608726115087024,0.028673568900833574,0.030959392812020498,0.029402243703139787,0.03244940082950368,0.04298581963806515,0.029617429194174268
2024-05-27,0.02973428031652168,0.0348971669243693,0.031112268703045426,0.03228799092339623,0.03145460943718781,0.03329063216299671,0.03579758475717977,0.039004298256173214,0.03235564149587543,0.03864304435477738,0.031229214091302224,0.031306038568319546,0.03247775922346786,0.03459894420264406,0.0354247484108033,0.028110000318548697,0.029502206088801775,0.029871306796279237,0.03461041612578444,0.03835445724113388,0.03146213849086733,0.030031197872615843,0.03426893900930161,0.04608726115087024,0.028673568900833574,0.030959392812020498,0.029402243703139787,0.03244940082950368,0.04298581963806515,0.029617429194174268
2024-05-28,0.02973428031652168,0.0348971669243693,0.031112268703045426,0.03228799092339623,0.03145460943718781,0.03329063216299671,0.03579758475717977,0.039004298256173214,0.03235564149587543,0.03864304435477738,0.031229214091302224,0.031306038568319546,0.03247775922346786,0.03459894420264406,0.0354247484108033,0.028110000318548697,0.029502206088801775,0.029871306796279237,0.03461041612578444,0.03835445724113388,0.03146213849086733,0.030031197872615843,0.03426893900930161,0.04608726115087024,0.028673568900833574,0.030959392812020498,0.029402243703139787,0.03244940082950368,0.04298581963806515,0.029617429194174268
2024-05-29,0.02973428031652168,0.0348971669243693,0.031112268703045426,0.03228799092339623,0.03145460943718781,0.03329063216299671,0.03579758475717977,0.039004298256173214,0.03235564149587543,0.03864304435477738,0.031229214091302224,0.031306038568319546,0.03247775922346786,0.03459894420264406,0.0354247484108033,0.028110000318548697,0.029502206088801775,0.029871306796279237,0.03461041612578444,0.03835445724113388,0.03146213849086733,0.030031197872615843,0.03426893900930161,0.04608726115087024,0.028673568900833574,0.030959392812020498,0.029402243703139787,0.03244940082950368,0.04298581963806515,0.029617429194174268
2024-05-30,0.02973428031652168,0.0348971669243693,0.031112268703045426,0.03228799092339623,0.03145460943718781,0.03329063216299671,0.03579758475717977,0.039004298256173214,0.03235564149587543,0.03864304435477738,0.031229214091302224,0.031306038568319546,0.03247775922346786,0.03459894420264406,0.0354247484108033,0.028110000318548697,0.029502206088801775,0.029871306796279237,0.03461041612578444,0.03835445724113388,0.03146213849086733,0.030031197872615843,0.03426893900930161,0.04608726115087024,0.028673568900833574,0.030959392812020498,0.029402243703139787,0.03244940082950368,0.04298581963806515,0.029617429194174268
2024-05-31,0.02973428031652168,0.0348971669243693,0.031112268703045426,0.03228799092339623,0.03145460943718781,0.03329063216299671,0.03579758475717977,0.039004298256173214,0.03235564149587543,0.03864304435477738,0.031229214091302224,0.031306038568319546,0.03247775922346786,0.03459894420264406,0.0354247484108033,0.028110000318548697,0.029502206088801775,0.029871306796279237,0.03461041612578444,0.03835445724113388,0.03146213849086733,0.030031197872615843,0.03426893900930161,0.04608726115087024,0.028673568900833574,0.030959392812020498,0.029402243703139787,0.03244940082950368,0.04298581963806515,0.029617429194174268
2024-06-03,0.03228308257087376,0.03385349071343039,0.030265468451869594,0.028535629183177917,0.032092052431385874,0.027533126003808056,0.03838090668132224,0.036114885406963726,0.03582393928531261,0.03438309635087953,0.028272765246810442,0.03306864988465905,0.03324643151186337,0.038833879699671704,0.03497021013034258,0.031092076276133834,0.03148673633127116,0.030281516305417002,0.037306000089494945,0.03189626320712813,0.03073365682187643,0.036816915984824616,0.039832644639749865,0.03923760191209174,0.03288786922154563,0.029556077136736348,0.030201605319285778,0.029055831243300443,0.03749845009034199,0.0344591418684313
2024-06-04,0.03228308257087376,0.03385349071343039,0.030265468451869594,0.028535629183177917,0.032092052431385874,0.027533126003808056,0.03838090668132224,0.036114885406963726,0.03582393928531261,0.03438309635087953,0.028272765246810442,0.03306864988465905,0.03324643151186337,0.038833879699671704,0.03497021013034258,0.031092076276133834,0.03148673633127116,0.030281516305417002,0.037306000089494945,0.03189626320712813,0.03073365682187643,0.036816915984824616,0.039832644639749865,0.03923760191209174,0.03288786922154563,0.029556077136736348,0.030201605319285778,0.029055831243300443,0.03749845009034199,0.0344591418684313
2024-06-05,0.03228308257087376,0.03385349071343039,0.030265468451869594,0.028535629183177917,0.032092052431385874,0.027533126003808056,0.03838090668132224,0.036114885406963726,0.03582393928531261,0.03438309635087953,0.028272765246810442,0.03306864988465905,0.03324643151186337,0.038833879699671704,0.03497021013034258,0.031092076276133834,0.03148673633127116,0.030281516305417002,0.037306000089494945,0.03189626320712813,0.03073365682187643,0.036816915984824616,0.039832644639749865,0.03923760191209174,0.03288786922154563,0.029556077136736348,0.030201605319285778,0.029055831243300443,0.03749845009034199,0.0344591418684313
2024-06-06,0.03228308257087376,0.03385349071343039,0.030265468451869594,0.028535629183177917,0.032092052431385874,0.027533126003808056,0.03838090668132224,0.036114885406963726,0.03582393928531261,0.03438309635087953,0.028272765246810442,0.03306864988465905,0.03324643151186337,0.038833879699671704,0.03497021013034258,0.031092076276133834,0.03148673633127116,0.030281516305417002,0.037306000089494945,0.03189626320712813,0.03073365682187643,0.036816915984824616,0.039832644639749865,0.03923760191209174,0.03288786922154563,0.029556077136736348,0.030201605319285778,0.029055831243300443,0.03749845009034199,0.0344591418684313
2024-06-07,0.03228308257087376,0.03385349071343039,0.030265468451869594,0.028535629183177917,0.032092052431385874,0.027533126003808056,0.03838090668132224,0.036114885406963726,0.03582393928531261,0.03438309635087953,0.028272765246810442,0.03306864988465905,0.03324643151186337,0.038833879699671704,0.03497021013034258,0.031092076276133834,0.03148673633127116,0.030281516305417002,0.037306000089494945,0.03189626320712813,0.03073365682187643,0.036816915984824616,0.039832644639749865,0.03923760191209174,0.03288786922154563,0.029556077136736348,0.030201605319285778,0.029055831243300443,0.03749845009034199,0.0344591418684313
2024-06-10,0.03228308257087376,0.03385349071343039,0.030265468451869594,0.028535629183177917,0.032092052431385874,0.027533126003808056,0.03838090668132224,0.036114885406963726,0.03582393928531261,0.03438309635087953,0.028272765246810442,0.03306864988465905,0.03324643151186337,0.038833879699671704,0.03497021013034258,0.031092076276133834,0.03148673633127116,0.030281516305417002,0.037306000089494945,0.03189626320712813,0.03073365682187643,0.036816915984824616,0.039832644639749865,0.03923760191209174,0.03288786922154563,0.029556077136736348,0.030201605319285778,0.029055831243300443,0.03749845009034199,0.0344591418684313
2024-06-11,0.03228308257087376,0.03385349071343039,0.030265468451869594,0.028535629183177917,0.032092052431385874,0.027533126003808056,0.03838090668132224,0.036114885406963726,0.03582393928531261,0.03438309635087953,0.028272765246810442,0.03306864988465905,0.03324643151186337,0.038833879699671704,0.03497021013034258,0.031092076276133834,0.03148673633127116,0.030281516305417002,0.037306000089494945,0.03189626320712813,0.03073365682187643,0.036816915984824616,0.039832644639749865,0.03923760191209174,0.03288786922154563,0.029556077136736348,0.030201605319285778,0.029055831243300443,0.03749845009034199,0.0344591418684313
2024-06-12,0.03228308257087376,0.03385349071343039,0.030265468451869594,0.028535629183177917,0.032092052431385874,0.027533126003808056,0.03838090668132224,0.036114885406963726,0.03582393928531261,0.03438309635087953,0.028272765246810442,0.03306864988465905,0.03324643151186337,0.038833879699671704,0.03497021013034258,0.031092076276133834,0.03148673633127116,0.030281516305417002,0.037306000089494945,0.03189626320712813,0.03073365682187643,0.036816915984824616,0.039832644639749865,0.03923760191209174,0.03288786922154563,0.029556077136736348,0.030201605319285778,0.029055831243300443,0.03749845009034199,0.0344591418684313
2024-06-13,0.03228308257087376,0.03385349071343039,0.030265468451869594,0.028535629183177917,0.032092052431385874,0.027533126003808056,0.03838090668132224,0.036114885406963726,0.03582393928531261,0.03438309635087953,0.028272765246810442,0.03306864988465905,0.03324643151186337,0.038833879699671704,0.03497021013034258,0.031092076276133834,0.03148673633127116,0.030281516305417002,0.037306000089494945,0.03189626320712813,0.03073365682187643,0.036816915984824616,0.039832644639749865,0.03923760191209174,0.03288786922154563,0.029556077136736348,0.030201605319285778,0.029055831243300443,0.03749845009034199,0.0344591418684313
2024-06-14,0.03228308257087376,0.03385349071343039,0.030265468451869594,0.028535629183177917,0.032092052431385874,0.027533126003808056,0.03838090668132224,0.036114885406963726,0.03582393928531261,0.03438309635087953,0.028272765246810442,0.03306864988465905,0.03324643151186337,0.038833879699671704,0.03497021013034258,0.031092076276133834,0.03148673633127116,0.030281516305417002,0.037306000089494945,0.03189626320712813,0.03073365682187643,0.036816915984824616,0.039832644639749865,0.03923760191209174,0.03288786922154563,0.029556077136736348,0.030201605319285778,0.029055831243300443,0.03749845009034199,0.0344591418684313
2024-06-17,0.03228308257087376,0.03385349071343039,0.030265468451869594,0.028535629183177917,0.032092052431385874,0.027533126003808056,0.03838090668132224,0.036114885406963726,0.03582393928531261,0.03438309635087953,0.028272765246810442,0.03306864988465905,0.03324643151186337,0.038833879699671704,0.03497021013034258,0.031092076276133834,0.03148673633127116,0.030281516305417002,0.037306000089494945,0.03189626320712813,0.03073365682187643,0.036816915984824616,0.039832644639749865,0.03923760191209174,0.03288786922154563,0.029556077136736348,0.030201605319285778,0.029055831243300443,0.03749845009034199,0.0344591418684313
2024-06-18,0.03228308257087376,0.03385349071343039,0.030265468451869594,0.028535629183177917,0.032092052431385874,0.027533126003808056,0.03838090668132224,0.036114885406963726,0.03582393928531261,0.03438309635087953,0.028272765246810442,0.03306864988465905,0.03324643151186337,0.038833879699671704,0.03497021013034258,0.031092076276133834,0.03148673633127116,0.030281516305417002,0.037306000089494945,0.03189626320712813,0.03073365682187643,0.036816915984824616,0.039832644639749865,0.03923760191209174,0.03288786922154563,0.029556077136736348,0.030201605319285778,0.029055831243300443,0.03749845009034199,0.0344591418684313
2024-06-19,0.03228308257087376,0.03385349071343039,0.030265468451869594,0.028535629183177917,0.032092052431385874,0.027533126003808056,0.03838090668132224,0.036114885406963726,0.03582393928531261,0.03438309635087953,0.028272765246810442,0.03306864988465905,0.03324643151186337,0.038833879699671704,0.03497021013034258,0.031092076276133834,0.03148673633127116,0.030281516305417002,0.037306000089494945,0.03189626320712813,0.03073365682187643,0.036816915984824616,0.039832644639749865,0.03923760191209174,0.03288786922154563,0.029556077136736348,0.030201605319285778,0.029055831243300443,0.03749845009034199,0.0344591418684313
2024-06-20,0.03228308257087376,0.03385349071343039,0.030265468451869594,0.028535629183177917,0.032092052431385874,0.027533126003808056,0.03838090668132224,0.036114885406963726,0.03582393928531261,0.03438309635087953,0.028272765246810442,0.03306864988465905,0.03324643151186337,0.038833879699671704,0.03497021013034258,0.031092076276133834,0.03148673633127116,0.030281516305417002,0.037306000089494945,0.03189626320712813,0.03073365682187643,0.036816915984824616,0.039832644639749865,0.03923760191209174,0.03288786922154563,0.029556077136736348,0.030201605319285778,0.029055831243300443,0.03749845009034199,0.0344591418684313
2024-06-21,0.03228308257087376,0.03385349071343039,0.030265468451869594,0.028535629183177917,0.032092052431385874,0.027533126003808056,0.03838090668132224,0.036114885406963726,0.03582393928531261,0.03438309635087953,0.028272765246810442,0.03306864988465905,0.03324643151186337,0.038833879699671704,0.03497021013034258,0.031092076276133834,0.03148673633127116,0.030281516305417002,0.037306000089494945,0.03189626320712813,0.03073365682187643,0.036816915984824616,0.039832644639749865,0.03923760191209174,0.03288786922154563,0.029556077136736348,0.030201605319285778,0.029055831243300443,0.03749845009034199,0.0344591418684313
2024-06-24,0.03228308257087376,0.03385349071343039,0.030265468451869594,0.028535629183177917,0.032092052431385874,0.027533126003808056,0.03838090668132224,0.036114885406963726,0.03582393928531261,0.03438309635087953,0.028272765246810442,0.03306864988465905,0.03324643151186337,0.038833879699671704,0.03497021013034258,0.031092076276133834,0.03148673633127116,0.030281516305417002,0.037306000089494945,0.03189626320712813,0.03073365682187643,0.036816915984824616,0.039832644639749865,0.03923760191209174,0.03288786922154563,0.029556077136736348,0.030201605319285778,0.029055831243300443,0.03749845009034199,0.0344591418684313
2024-06-25,0.03228308257087376,0.03385349071343039,0.030265468451869594,0.028535629183177917,0.032092052431385874,0.027533126003808056,0.03838090668132224,0.036114885406963726,0.03582393928531261,0.03438309635087953,0.028272765246810442,0.03306864988465905,0.03324643151186337,0.038833879699671704,0.03497021013034258,0.031092076276133834,0.03148673633127116,0.030281516305417002,0.037306000089494945,0.03189626320712813,0.03073365682187643,0.036816915984824616,0.039832644639749865,0.03923760191209174,0.03288786922154563,0.029556077136736348,0.030201605319285778,0.029055831243300443,0.03749845009034199,0.0344591418684313
2024-06-26,0.03228308257087376,0.03385349071343039,0.030265468451869594,0.028535629183177917,0.032092052431385874,0.027533126003808056,0.03838090668132224,0.036114885406963726,0.03582393928531261,0.03438309635087953,0.028272765246810442,0.03306864988465905,0.03324643151186337,0.038833879699671704,0.03497021013034258,0.031092076276133834,0.03148673633127116,0.030281516305417002,0.037306000089494945,0.03189626320712813,0.03073365682187643,0.036816915984824616,0.039832644639749865,0.03923760191209174,0.03288786922154563,0.029556077136736348,0.030201605319285778,0.029055831243300443,0.03749845009034199,0.0344591418684313
2024-06-27,0.03228308257087376,0.03385349071343039,0.030265468451869594,0.028535629183177917,0.032092052431385874,0.027533126003808056,0.03838090668132224,0.036114885406963726,0.03582393928531261,0.03438309635087953,0.028272765246810442,0.03306864988465905,0.03324643151186337,0.038833879699671704,0.03497021013034258,0.031092076276133834,0.03148673633127116,0.030281516305417002,0.037306000089494945,0.03189626320712813,0.03073365682187643,0.036816915984824616,0.039832644639749865,0.03923760191209174,0.03288786922154563,0.029556077136736348,0.030201605319285778,0.029055831243300443,0.03749845009034199,0.0344591418684313
2024-06-28,0.03228308257087376,0.03385349071343039,0.030265468451869594,0.028535629183177917,0.032092052431385874,0.027533126003808056,0.03838090668132224,0.036114885406963726,0.03582393928531261,0.03438309635087953,0.028272765246810442,0.03306864988465905,0.03324643151186337,0.038833879699671704,0.03497021013034258,0.031092076276133834,0.03148673633127116,0.030281516305417002,0.037306000089494945,0.03189626320712813,0.03073365682187643,0.036816915984824616,0.039832644639749865,0.03923760191209174,0.03288786922154563,0.029556077136736348,0.030201605319285778,0.029055831243300443,0.03749845009034199,0.0344591418684313
2024-07-01,0.03079124108856194,0.03280668236122417,0.039195141225138785,0.0305293397346469,0.03064404847416328,0.0335961798789509,0.04268188213174792,0.035304936012358276,0.037081987992045214,0.036550411040965305,0.030183566598854617,0.0355430662880331,0.03548532486311364,0.03238957270705739,0.03185115117586712,0.03648778267447934,0.03242769537672649,0.03582176465558568,0.03171428671062717,0.03443891646647576,0.029793744346753262,0.03450350463985579,0.03194893492837925,0.04001273620038933,0.03046538257039757,0.029583099502191602,0.032011808322276236,0.028616634052649442,0.029987105361858203,0.02755207261862632
2024-07-02,0.03079124108856194,0.03280668236122417,0.039195141225138785,0.0305293397346469,0.03064404847416328,0.0335961798789509,0.04268188213174792,0.035304936012358276,0.037081987992045214,0.036550411040965305,0.030183566598854617,0.0355430662880331,0.03548532486311364,0.03238957270705739,0.03185115117586712,0.03648778267447934,0.03242769537672649,0.03582176465558568,0.03171428671062717,0.03443891646647576,0.029793744346753262,0.03450350463985579,0.03194893492837925,0.04001273620038933,0.03046538257039757,0.029583099502191602,0.032011808322276236,0.028616634052649442,0.029987105361858203,0.02755207261862632
2024-07-03,0.03079124108856194,0.03280668236122417,0.039195141225138785,0.0305293397346469,0.03064404847416328,0.0335961798789509,0.04268188213174792,0.035304936012358276,0.037081987992045214,0.036550411040965305,0.030183566598854617,0.0355430662880331,0.03548532486311364,0.03238957270705739,0.03185115117586712,0.03648778267447934,0.03242769537672649,0.03582176465558568,0.03171428671062717,0.03443891646647576,0.029793744346753262,0.03450350463985579,0.03194893492837925,0.04001273620038933,0.03046538257039757,0.029583099502191602,0.032011808322276236,0.028616634052649442,0.029987105361858203,0.02755207261862632
2024-07-04,0.03079124108856194,0.03280668236122417,0.039195141225138785,0.0305293397346469,0.03064404847416328,0.0335961798789509,0.04268188213174792,0.035304936012358276,0.037081987992045214,0.036550411040965305,0.030183566598854617,0.0355430662880331,0.03548532486311364,0.03238957270705739,0.03185115117586712,0.03648778267447934,0.03242769537672649,0.03582176465558568,0.03171428671062717,0.03443891646647576,0.029793744346753262,0.03450350463985579,0.03194893492837925,0.04001273620038933,0.03046538257039757,0.029583099502191602,0.032011808322276236,0.028616634052649442,0.029987105361858203,0.02755207261862632
2024-07-05,0.03079124108856194,0.03280668236122417,0.039195141225138785,0.0305293397346469,0.03064404847416328,0.0335961798789509,0.04268188213174792,0.035304936012358276,0.037081987992045214,0.036550411040965305,0.030183566598854617,0.0355430662880331,0.03548532486311364,0.03238957270705739,0.03185115117586712,0.03648778267447934,0.03242769537672649,0.03582176465558568,0.03171428671062717,0.03443891646647576,0.029793744346753262,0.03450350463985579,0.03194893492837925,0.04001273620038933,0.03046538257039757,0.029583099502191602,0.032011808322276236,0.028616634052649442,0.029987105361858203,0.02755207261862632
2024-07-08,0.03079124108856194,0.03280668236122417,0.039195141225138785,0.0305293397346469,0.03064404847416328,0.0335961798789509,0.04268188213174792,0.035304936012358276,0.037081987992045214,0.036550411040965305,0.030183566598854617,0.0355430662880331,0.03548532486311364,0.03238957270705739,0.03185115117586712,0.03648778267447934,0.03242769537672649,0.03582176465558568,0.03171428671062717,0.03443891646647576,0.029793744346753262,0.03450350463985579,0.03194893492837925,0.04001273620038933,0.03046538257039757,0.029583099502191602,0.032011808322276236,0.028616634052649442,0.029987105361858203,0.02755207261862632
2024-07-09,0.03079124108856194,0.03280668236122417,0.039195141225138785,0.0305293397346469,0.03064404847416328,0.0335961798789509,0.04268188213174792,0.035304936012358276,0.037081987992045214,0.036550411040965305,0.030183566598854617,0.0355430662880331,0.03548532486311364,0.03238957270705739,0.03185115117586712,0.03648778267447934,0.03242769537672649,0.03582176465558568,0.03171428671062717,0.03443891646647576,0.029793744346753262,0.03450350463985579,0.03194893492837925,0.04001273620038933,0.03046538257039757,0.029583099502191602,0.032011808322276236,0.028616634052649442,0.029987105361858203,0.02755207261862632
2024-07-10,0.03079124108856194,0.03280668236122417,0.039195141225138785,0.0305293397346469,0.03064404847416328,0.0335961798789509,0.04268188213174792,0.035304936012358276,0.037081987992045214,0.036550411040965305,0.030183566598854617,0.0355430662880331,0.03548532486311364,0.03238957270705739,0.03185115117586712,0.03648778267447934,0.03242769537672649,0.03582176465558568,0.03171428671062717,0.03443891646647576,0.029793744346753262,0.03450350463985579,0.03194893492837925,0.04001273620038933,0.03046538257039757,0.029583099502191602,0.032011808322276236,0.028616634052649442,0.029987105361858203,0.02755207261862632
2024-07-11,0.03079124108856194,0.03280668236122417,0.039195141225138785,0.0305293397346469,0.03064404847416328,0.0335961798789509,0.04268188213174792,0.035304936012358276,0.037081987992045214,0.036550411040965305,0.030183566598854617,0.0355430662880331,0.03548532486311364,0.03238957270705739,0.03185115117586712,0.03648778267447934,0.03242769537672649,0.03582176465558568,0.03171428671062717,0.03443891646647576,0.029793744346753262,0.03450350463985579,0.03194893492837925,0.04001273620038933,0.03046538257039757,0.029583099502191602,0.032011808322276236,0.028616634052649442,0.029987105361858203,0.02755207261862632
2024-07-12,0.03079124108856194,0.03280668236122417,0.039195141225138785,0.0305293397346469,0.03064404847416328,0.0335961798789509,0.04268188213174792,0.035304936012358276,0.037081987992045214,0.036550411040965305,0.030183566598854617,0.0355430662880331,0.03548532486311364,0.03238957270705739,0.03185115117586712,0.03648778267447934,0.03242769537672649,0.03582176465558568,0.03171428671062717,0.03443891646647576,0.029793744346753262,0.03450350463985579,0.03194893492837925,0.04001273620038933,0.03046538257039757,0.029583099502191602,0.032011808322276236,0.028616634052649442,0.029987105361858203,0.02755207261862632
2024-07-15,0.03079124108856194,0.03280668236122417,0.039195141225138785,0.0305293397346469,0.03064404847416328,0.0335961798789509,0.04268188213174792,0.035304936012358276,0.037081987992045214,0.036550411040965305,0.030183566598854617,0.0355430662880331,0.03548532486311364,0.03238957270705739,0.03185115117586712,0.03648778267447934,0.03242769537672649,0.03582176465558568,0.03171428671062717,0.03443891646647576,0.029793744346753262,0.03450350463985579,0.03194893492837925,0.04001273620038933,0.03046538257039757,0.029583099502191602,0.032011808322276236,0.028616634052649442,0.029987105361858203,0.02755207261862632
2024-07-16,0.03079124108856194,0.03280668236122417,0.039195141225138785,0.0305293397346469,0.03064404847416328,0.0335961798789509,0.04268188213174792,0.035304936012358276,0.037081987992045214,0.036550411040965305,0.030183566598854617,0.0355430662880331,0.03548532486311364,0.03238957270705739,0.03185115117586712,0.03648778267447934,0.03242769537672649,0.03582176465558568,0.03171428671062717,0.03443891646647576,0.029793744346753262,0.03450350463985579,0.03194893492837925,0.04001273620038933,0.03046538257039757,0.029583099502191602,0.032011808322276236,0.028616634052649442,0.029987105361858203,0.02755207261862632
2024-07-17,0.03079124108856194,0.03280668236122417,0.039195141225138785,0.0305293397346469,0.03064404847416328,0.0335961798789509,0.04268188213174792,0.035304936012358276,0.037081987992045214,0.036550411040965305,0.030183566598854617,0.0355430662880331,0.03548532486311364,0.03238957270705739,0.03185115117586712,0.03648778267447934,0.03242769537672649,0.03582176465558568,0.03171428671062717,0.03443891646647576,0.029793744346753262,0.03450350463985579,0.03194893492837925,0.04001273620038933,0.03046538257039757,0.029583099502191602,0.032011808322276236,0.028616634052649442,0.029987105361858203,0.02755207261862632
2024-07-18,0.03079124108856194,0.03280668236122417,0.039195141225138785,0.0305293397346469,0.03064404847416328,0.0335961798789509,0.04268188213174792,0.035304936012358276,0.037081987992045214,0.036550411040965305,0.030183566598854617,0.0355430662880331,0.03548532486311364,0.03238957270705739,0.03185115117586712,0.03648778267447934,0.03242769537672649,0.03582176465558568,0.03171428671062717,0.03443891646647576,0.029793744346753262,0.03450350463985579,0.03194893492837925,0.04001273620038933,0.03046538257039757,0.029583099502191602,0.032011808322276236,0.028616634052649442,0.029987105361858203,0.02755207261862632
2024-07-19,0.03079124108856194,0.03280668236122417,0.039195141225138785,0.0305293397346469,0.03064404847416328,0.0335961798789509,0.04268188213174792,0.035304936012358276,0.037081987992045214,0.036550411040965305,0.030183566598854617,0.0355430662880331,0.03548532486311364,0.03238957270705739,0.03185115117586712,0.03648778267447934,0.03242769537672649,0.03582176465558568,0.03171428671062717,0.03443891646647576,0.029793744346753262,0.03450350463985579,0.03194893492837925,0.04001273620038933,0.03046538257039757,0.029583099502191602,0.032011808322276236,0.028616634052649442,0.029987105361858203,0.02755207261862632
2024-07-22,0.03079124108856194,0.03280668236122417,0.039195141225138785,0.0305293397346469,0.03064404847416328,0.0335961798789509,0.04268188213174792,0.035304936012358276,0.037081987992045214,0.036550411040965305,0.030183566598854617,0.0355430662880331,0.03548532486311364,0.03238957270705739,0.03185115117586712,0.03648778267447934,0.03242769537672649,0.03582176465558568,0.03171428671062717,0.03443891646647576,0.029793744346753262,0.03450350463985579,0.03194893492837925,0.04001273620038933,0.03046538257039757,0.029583099502191602,0.032011808322276236,0.028616634052649442,0.029987105361858203,0.02755207261862632
2024-07-23,0.03079124108856194,0.03280668236122417,0.039195141225138785,0.0305293397346469,0.03064404847416328,0.0335961798789509,0.04268188213174792,0.035304936012358276,0.037081987992045214,0.036550411040965305,0.030183566598854617,0.0355430662880331,0.03548532486311364,0.03238957270705739,0.03185115117586712,0.03648778267447934,0.03242769537672649,0.03582176465558568,0.03171428671062717,0.03443891646647576,0.029793744346753262,0.03450350463985579,0.03194893492837925,0.04001273620038933,0.03046538257039757,0.029583099502191602,0.032011808322276236,0.028616634052649442,0.029987105361858203,0.02755207261862632
2024-07-24,0.03079124108856194,0.03280668236122417,0.039195141225138785,0.0305293397346469,0.03064404847416328,0.0335961798789509,0.04268188213174792,0.035304936012358276,0.037081987992045214,0.036550411040965305,0.030183566598854617,0.0355430662880331,0.03548532486311364,0.03238957270705739,0.03185115117586712,0.03648778267447934,0.03242769537672649,0.03582176465558568,0.03171428671062717,0.03443891646647576,0.029793744346753262,0.03450350463985579,0.03194893492837925,0.04001273620038933,0.03046538257039757,0.029583099502191602,0.032011808322276236,0.028616634052649442,0.029987105361858203,0.02755207261862632
2024-07-25,0.03079124108856194,0.03280668236122417,0.039195141225138785,0.0305293397346469,0.03064404847416328,0.0335961798789509,0.04268188213174792,0.035304936012358276,0.037081987992045214,0.036550411040965305,0.030183566598854617,0.0355430662880331,0.03548532486311364,0.03238957270705739,0.03185115117586712,0.03648778267447934,0.03242769537672649,0.03582176465558568,0.03171428671062717,0.03443891646647576,0.029793744346753262,0.03450350463985579,0.03194893492837925,0.04001273620038933,0.03046538257039757,0.029583099502191602,0.032011808322276236,0.028616634052649442,0.029987105361858203,0.02755207261862632
2024-07-26,0.03079124108856194,0.03280668236122417,0.039195141225138785,0.0305293397346469,0.03064404847416328,0.0335961798789509,0.04268188213174792,0.035304936012358276,0.037081987992045214,0.036550411040965305,0.030183566598854617,0.0355430662880331,0.03548532486311364,0.03238957270705739,0.03185115117586712,0.03648778267447934,0.03242769537672649,0.03582176465558568,0.03171428671062717,0.03443891646647576,0.029793744346753262,0.03450350463985579,0.03194893492837925,0.04001273620038933,0.03046538257039757,0.029583099502191602,0.032011808322276236,0.028616634052649442,0.029987105361858203,0.02755207261862632
2024-07-29,0.03079124108856194,0.03280668236122417,0.039195141225138785,0.0305293397346469,0.03064404847416328,0.0335961798789509,0.04268188213174792,0.035304936012358276,0.037081987992045214,0.036550411040965305,0.030183566598854617,0.0355430662880331,0.03548532486311364,0.03238957270705739,0.03185115117586712,0.03648778267447934,0.03242769537672649,0.03582176465558568,0.03171428671062717,0.03443891646647576,0.029793744346753262,0.03450350463985579,0.03194893492837925,0.04001273620038933,0.03046538257039757,0.029583099502191602,0.032011808322276236,0.028616634052649442,0.029987105361858203,0.02755207261862632
2024-07-30,0.03079124108856194,0.03280668236122417,0.039195141225138785,0.0305293397346469,0.03064404847416328,0.0335961798789509,0.04268188213174792,0.035304936012358276,0.037081987992045214,0.036550411040965305,0.030183566598854617,0.0355430662880331,0.03548532486311364,0.03238957270705739,0.03185115117586712,0.03648778267447934,0.03242769537672649,0.03582176465558568,0.03171428671062717,0.03443891646647576,0.029793744346753262,0.03450350463985579,0.03194893492837925,0.04001273620038933,0.03046538257039757,0.029583099502191602,0.032011808322276236,0.028616634052649442,0.029987105361858203,0.02755207261862632
2024-07-31,0.03079124108856194,0.03280668236122417,0.039195141225138785,0.0305293397346469,0.03064404847416328,0.0335961798789509,0.04268188213174792,0.035304936012358276,0.037081987992045214,0.036550411040965305,0.030183566598854617,0.0355430662880331,0.03548532486311364,0.03238957270705739,0.03185115117586712,0.03648778267447934,0.03242769537672649,0.03582176465558568,0.03171428671062717,0.03443891646647576,0.029793744346753262,0.03450350463985579,0.03194893492837925,0.04001273620038933,0.03046538257039757,0.029583099502191602,0.032011808322276236,0.028616634052649442,0.029987105361858203,0.02755207261862632
2024-08-01,0.028913163571794524,0.0323328468479107,0.034594516907164446,0.033383953874954235,0.03132732703187782,0.03277571802678027,0.03404706239865529,0.04790102933391114,0.03316348642735645,0.03793933973879297,0.02914000001672917,0.03335890228716092,0.032781176668342266,0.03388865536343475,0.03146735406990697,0.03233811003249011,0.03315563538216508,0.034355203908320336,0.03252730790122635,0.03295499955309024,0.03683015382366821,0.0362913269225823,0.029975443773148,0.03502893422196836,0.03237913708671383,0.03272899026251717,0.032718753763253464,0.03033717194513644,0.032983339234753266,0.028380959624194933
2024-08-02,0.028913163571794524,0.0323328468479107,0.034594516907164446,0.033383953874954235,0.03132732703187782,0.03277571802678027,0.03404706239865529,0.04790102933391114,0.03316348642735645,0.03793933973879297,0.02914000001672917,0.03335890228716092,0.032781176668342266,0.03388865536343475,0.03146735406990697,0.03233811003249011,0.03315563538216508,0.034355203908320336,0.03252730790122635,0.03295499955309024,0.03683015382366821,0.0362913269225823,0.029975443773148,0.03502893422196836,0.03237913708671383,0.03272899026251717,0.032718753763253464,0.03033717194513644,0.032983339234753266,0.028380959624194933
2024-08-05,0.028913163571794524,0.0323328468479107,0.034594516907164446,0.033383953874954235,0.03132732703187782,0.03277571802678027,0.03404706239865529,0.04790102933391114,0.03316348642735645,0.03793933973879297,0.02914000001672917,0.03335890228716092,0.032781176668342266,0.03388865536343475,0.03146735406990697,0.03233811003249011,0.03315563538216508,0.034355203908320336,0.03252730790122635,0.03295499955309024,0.03683015382366821,0.0362913269225823,0.029975443773148,0.03502893422196836,0.03237913708671383,0.03272899026251717,0.032718753763253464,0.03033717194513644,0.032983339234753266,0.028380959624194933
2024-08-06,0.028913163571794524,0.0323328468479107,0.034594516907164446,0.033383953874954235,0.03132732703187782,0.03277571802678027,0.03404706239865529,0.04790102933391114,0.03316348642735645,0.03793933973879297,0.02914000001672917,0.03335890228716092,0.032781176668342266,0.03388865536343475,0.03146735406990697,0.03233811003249011,0.03315563538216508,0.034355203908320336,0.03252730790122635,0.03295499955309024,0.03683015382366821,0.0362913269225823,0.029975443773148,0.03502893422196836,0.03237913708671383,0.03272899026251717,0.032718753763253464,0.03033717194513644,0.032983339234753266,0.028380959624194933
2024-08-07,0.028913163571794524,0.0323328468479107,0.034594516907164446,0.033383953874954235,0.03132732703187782,0.03277571802678027,0.03404706239865529,0.04790102933391114,0.03316348642735645,0.03793933973879297,0.02914000001672917,0.03335890228716092,0.032781176668342266,0.03388865536343475,0.03146735406990697,0.03233811003249011,0.03315563538216508,0.034355203908320336,0.03252730790122635,0.03295499955309024,0.03683015382366821,0.0362913269225823,0.029975443773148,0.03502893422196836,0.03237913708671383,0.03272899026251717,0.032718753763253464,0.03033717194513644,0.032983339234753266,0.028380959624194933
2024-08-08,0.028913163571794524,0.0323328468479107,0.034594516907164446,0.033383953874954235,0.03132732703187782,0.03277571802678027,0.03404706239865529,0.04790102933391114,0.03316348642735645,0.03793933973879297,0.02914000001672917,0.03335890228716092,0.032781176668342266,0.03388865536343475,0.03146735406990697,0.03233811003249011,0.03315563538216508,0.034355203908320336,0.03252730790122635,0.03295499955309024,0.03683015382366821,0.0362913269225823,0.029975443773148,0.03502893422196836,0.03237913708671383,0.03272899026251717,0.032718753763253464,0.03033717194513644,0.032983339234753266,0.028380959624194933
2024-08-09,0.028913163571794524,0.0323328468479107,0.034594516907164446,0.033383953874954235,0.03132732703187782,0.03277571802678027,0.03404706239865529,0.04790102933391114,0.03316348642735645,0.03793933973879297,0.02914000001672917,0.03335890228716092,0.032781176668342266,0.03388865536343475,0.03146735406990697,0.03233811003249011,0.03315563538216508,0.034355203908320336,0.03252730790122635,0.03295499955309024,0.03683015382366821,0.0362913269225823,0.029975443773148,0.03502893422196836,0.03237913708671383,0.03272899026251717,0.032718753763253464,0.03033717194513644,0.032983339234753266,0.028380959624194933
2024-08-12,0.028913163571794524,0.0323328468479107,0.034594516907164446,0.033383953874954235,0.03132732703187782,0.03277571802678027,0.03404706239865529,0.04790102933391114,0.03316348642735645,0.03793933973879297,0.02914000001672917,0.03335890228716092,0.032781176668342266,0.03388865536343475,0.03146735406990697,0.03233811003249011,0.03315563538216508,0.034355203908320336,0.03252730790122635,0.03295499955309024,0.03683015382366821,0.0362913269225823,0.029975443773148,0.03502893422196836,0.03237913708671383,0.03272899026251717,0.032718753763253464,0.03033717194513644,0.032983339234753266,0.028380959624194933
2024-08-13,0.028913163571794524,0.0323328468479107,0.034594516907164446,0.033383953874954235,0.03132732703187782,0.03277571802678027,0.03404706239865529,0.04790102933391114,0.03316348642735645,0.03793933973879297,0.02914000001672917,0.03335890228716092,0.032781176668342266,0.03388865536343475,0.03146735406990697,0.03233811003249011,0.03315563538216508,0.034355203908320336,0.03252730790122635,0.03295499955309024,0.03683015382366821,0.0362913269225823,0.029975443773148,0.03502893422196836,0.03237913708671383,0.03272899026251717,0.032718753763253464,0.03033717194513644,0.032983339234753266,0.028380959624194933
2024-08-14,0.028913163571794524,0.0323328468479107,0.034594516907164446,0.033383953874954235,0.03132732703187782,0.03277571802678027,0.03404706239865529,0.04790102933391114,0.03316348642735645,0.03793933973879297,0.02914000001672917,0.03335890228716092,0.032781176668342266,0.03388865536343475,0.03146735406990697,0.03233811003249011,0.03315563538216508,0.034355203908320336,0.03252730790122635,0.03295499955309024,0.03683015382366821,0.0362913269225823,0.029975443773148,0.03502893422196836,0.03237913708671383,0.03272899026251717,0.032718753763253464,0.03033717194513644,0.032983339234753266,0.028380959624194933
2024-08-15,0.028913163571794524,0.0323328468479107,0.034594516907164446,0.033383953874954235,0.03132732703187782,0.03277571802678027,0.03404706239865529,0.04790102933391114,0.03316348642735645,0.03793933973879297,0.02914000001672917,0.03335890228716092,0.032781176668342266,0.03388865536343475,0.03146735406990697,0.03233811003249011,0.03315563538216508,0.034355203908320336,0.03252730790122635,0.03295499955309024,0.03683015382366821,0.0362913269225823,0.029975443773148,0.03502893422196836,0.03237913708671383,0.03272899026251717,0.032718753763253464,0.03033717194513644,0.032983339234753266,0.028380959624194933
2024-08-16,0.028913163571794524,0.0323328468479107,0.034594516907164446,0.033383953874954235,0.03132732703187782,0.03277571802678027,0.03404706239865529,0.04790102933391114,0.03316348642735645,0.03793933973879297,0.02914000001672917,0.03335890228716092,0.032781176668342266,0.03388865536343475,0.03146735406990697,0.03233811003249011,0.03315563538216508,0.034355203908320336,0.03252730790122635,0.03295499955309024,0.03683015382366821,0.0362913269225823,0.029975443773148,0.03502893422196836,0.03237913708671383,0.03272899026251717,0.032718753763253464,0.03033717194513644,0.032983339234753266,0.028380959624194933
2024-08-19,0.028913163571794524,0.0323328468479107,0.034594516907164446,0.033383953874954235,0.03132732703187782,0.03277571802678027,0.03404706239865529,0.04790102933391114,0.03316348642735645,0.03793933973879297,0.02914000001672917,0.03335890228716092,0.032781176668342266,0.03388865536343475,0.03146735406990697,0.03233811003249011,0.03315563538216508,0.034355203908320336,0.03252730790122635,0.03295499955309024,0.03683015382366821,0.0362913269225823,0.029975443773148,0.03502893422196836,0.03237913708671383,0.03272899026251717,0.032718753763253464,0.03033717194513644,0.032983339234753266,0.028380959624194933
2024-08-20,0.028913163571794524,0.0323328468479107,0.034594516907164446,0.033383953874954235,0.03132732703187782,0.03277571802678027,0.03404706239865529,0.04790102933391114,0.03316348642735645,0.03793933973879297,0.02914000001672917,0.03335890228716092,0.032781176668342266,0.03388865536343475,0.03146735406990697,0.03233811003249011,0.03315563538216508,0.034355203908320336,0.03252730790122635,0.03295499955309024,0.03683015382366821,0.0362913269225823,0.029975443773148,0.03502893422196836,0.03237913708671383,0.03272899026251717,0.032718753763253464,0.03033717194513644,0.032983339234753266,0.028380959624194933
2024-08-21,0.028913163571794524,0.0323328468479107,0.034594516907164446,0.033383953874954235,0.03132732703187782,0.03277571802678027,0.03404706239865529,0.04790102933391114,0.03316348642735645,0.03793933973879297,0.02914000001672917,0.03335890228716092,0.032781176668342266,0.03388865536343475,0.03146735406990697,0.03233811003249011,0.03315563538216508,0.034355203908320336,0.03252730790122635,0.03295499955309024,0.03683015382366821,0.0362913269225823,0.029975443773148,0.03502893422196836,0.03237913708671383,0.03272899026251717,0.032718753763253464,0.03033717194513644,0.032983339234753266,0.028380959624194933
2024-08-22,0.028913163571794524,0.0323328468479107,0.034594516907164446,0.033383953874954235,0.03132732703187782,0.03277571802678027,0.03404706239865529,0.04790102933391114,0.03316348642735645,0.03793933973879297,0.02914000001672917,0.03335890228716092,0.032781176668342266,0.03388865536343475,0.03146735406990697,0.03233811003249011,0.03315563538216508,0.034355203908320336,0.03252730790122635,0.03295499955309024,0.03683015382366821,0.0362913269225823,0.029975443773148,0.03502893422196836,0.03237913708671383,0.03272899026251717,0.032718753763253464,0.03033717194513644,0.032983339234753266,0.028380959624194933
2024-08-23,0.028913163571794524,0.0323328468479107,0.034594516907164446,0.033383953874954235,0.03132732703187782,0.03277571802678027,0.03404706239865529,0.04790102933391114,0.03316348642735645,0.03793933973879297,0.02914000001672917,0.03335890228716092,0.032781176668342266,0.03388865536343475,0.03146735406990697,0.03233811003249011,0.03315563538216508,0.034355203908320336,0.03252730790122635,0.03295499955309024,0.03683015382366821,0.0362913269225823,0.029975443773148,0.03502893422196836,0.03237913708671383,0.03272899026251717,0.032718753763253464,0.03033717194513644,0.032983339234753266,0.028380959624194933
2024-08-26,0.028913163571794524,0.0323328468479107,0.034594516907164446,0.033383953874954235,0.03132732703187782,0.03277571802678027,0.03404706239865529,0.04790102933391114,0.03316348642735645,0.03793933973879297,0.02914000001672917,0.03335890228716092,0.032781176668342266,0.03388865536343475,0.03146735406990697,0.03233811003249011,0.03315563538216508,0.034355203908320336,0.03252730790122635,0.03295499955309024,0.03683015382366821,0.0362913269225823,0.029975443773148,0.03502893422196836,0.03237913708671383,0.03272899026251717,0.032718753763253464,0.03033717194513644,0.032983339234753266,0.028380959624194933
2024-08-27,0.028913163571794524,0.0323328468479107,0.034594516907164446,0.033383953874954235,0.03132732703187782,0.03277571802678027,0.03404706239865529,0.04790102933391114,0.03316348642735645,0.03793933973879297,0.02914000001672917,0.03335890228716092,0.032781176668342266,0.03388865536343475,0.03146735406990697,0.03233811003249011,0.03315563538216508,0.034355203908320336,0.03252730790122635,0.03295499955309024,0.03683015382366821,0.0362913269225823,0.029975443773148,0.03502893422196836,0.03237913708671383,0.03272899026251717,0.032718753763253464,0.03033717194513644,0.032983339234753266,0.028380959624194933
2024-08-28,0.028913163571794524,0.0323328468479107,0.034594516907164446,0.033383953874954235,0.03132732703187782,0.03277571802678027,0.03404706239865529,0.04790102933391114,0.03316348642735645,0.03793933973879297,0.02914000001672917,0.03335890228716092,0.032781176668342266,0.03388865536343475,0.03146735406990697,0.03233811003249011,0.03315563538216508,0.034355203908320336,0.03252730790122635,0.03295499955309024,0.03683015382366821,0.0362913269225823,0.029975443773148,0.03502893422196836,0.03237913708671383,0.03272899026251717,0.032718753763253464,0.03033717194513644,0.032983339234753266,0.028380959624194933
2024-08-29,0.028913163571794524,0.0323328468479107,0.034594516907164446,0.033383953874954235,0.03132732703187782,0.03277571802678027,0.03404706239865529,0.04790102933391114,0.03316348642735645,0.03793933973879297,0.02914000001672917,0.03335890228716092,0.032781176668342266,0.03388865536343475,0.03146735406990697,0.03233811003249011,0.03315563538216508,0.034355203908320336,0.03252730790122635,0.03295499955309024,0.03683015382366821,0.0362913269225823,0.029975443773148,0.03502893422196836,0.03237913708671383,0.03272899026251717,0.032718753763253464,0.03033717194513644,0.032983339234753266,0.028380959624194933
2024-08-30,0.028913163571794524,0.0323328468479107,0.034594516907164446,0.033383953874954235,0.03132732703187782,0.03277571802678027,0.03404706239865529,0.04790102933391114,0.03316348642735645,0.03793933973879297,0.02914000001672917,0.03335890228716092,0.032781176668342266,0.03388865536343475,0.03146735406990697,0.03233811003249011,0.03315563538216508,0.034355203908320336,0.03252730790122635,0.03295499955309024,0.03683015382366821,0.0362913269225823,0.029975443773148,0.03502893422196836,0.03237913708671383,0.03272899026251717,0.032718753763253464,0.03033717194513644,0.032983339234753266,0.028380959624194933
2024-09-02,0.028772783442884087,0.033073516193627805,0.0373644312063642,0.034645041010865824,0.029157304746576292,0.03442753702558716,0.03267350925838044,0.049580340139260215,0.034784164214558676,0.03561092267050195,0.03074253636794748,0.033403381267371995,0.032643038764134734,0.03603085831276748,0.028608539652177398,0.027008745607877388,0.029438648949074706,0.03436716950451823,0.029768380559214245,0.033342888843587805,0.03648311312159195,0.04362580778951413,0.0324095928699294,0.03830154222672102,0.031073294947477483,0.03380069850797481,0.02823231652117331,0.027680120357352733,0.03343665828054471,0.02951311764044235
2024-09-03,0.028772783442884087,0.033073516193627805,0.0373644312063642,0.034645041010865824,0.029157304746576292,0.03442753702558716,0.03267350925838044,0.049580340139260215,0.034784164214558676,0.03561092267050195,0.03074253636794748,0.033403381267371995,0.032643038764134734,0.03603085831276748,0.028608539652177398,0.027008745607877388,0.029438648949074706,0.03436716950451823,0.029768380559214245,0.033342888843587805,0.03648311312159195,0.04362580778951413,0.0324095928699294,0.03830154222672102,0.031073294947477483,0.03380069850797481,0.02823231652117331,0.027680120357352733,0.03343665828054471,0.02951311764044235
2024-09-04,0.028772783442884087,0.033073516193627805,0.0373644312063642,0.034645041010865824,0.029157304746576292,0.03442753702558716,0.03267350925838044,0.049580340139260215,0.034784164214558676,0.03561092267050195,0.03074253636794748,0.033403381267371995,0.032643038764134734,0.03603085831276748,0.028608539652177398,0.027008745607877388,0.029438648949074706,0.03436716950451823,0.029768380559214245,0.033342888843587805,0.03648311312159195,0.04362580778951413,0.0324095928699294,0.03830154222672102,0.031073294947477483,0.03380069850797481,0.02823231652117331,0.027680120357352733,0.03343665828054471,0.02951311764044235
2024-09-05,0.028772783442884087,0.033073516193627805,0.0373644312063642,0.034645041010865824,0.029157304746576292,0.03442753702558716,0.03267350925838044,0.049580340139260215,0.034784164214558676,0.03561092267050195,0.03074253636794748,0.033403381267371995,0.032643038764134734,0.03603085831276748,0.028608539652177398,0.027008745607877388,0.029438648949074706,0.03436716950451823,0.029768380559214245,0.033342888843587805,0.03648311312159195,0.04362580778951413,0.0324095928699294,0.03830154222672102,0.031073294947477483,0.03380069850797481,0.02823231652117331,0.027680120357352733,0.03343665828054471,0.02951311764044235
2024-09-06,0.028772783442884087,0.033073516193627805,0.0373644312063642,0.034645041010865824,0.029157304746576292,0.03442753702558716,0.03267350925838044,0.049580340139260215,0.034784164214558676,0.03561092267050195,0.03074253636794748,0.033403381267371995,0.032643038764134734,0.03603085831276748,0.028608539652177398,0.027008745607877388,0.029438648949074706,0.03436716950451823,0.029768380559214245,0.033342888843587805,0.03648311312159195,0.04362580778951413,0.0324095928699294,0.03830154222672102,0.031073294947477483,0.03380069850797481,0.02823231652117331,0.027680120357352733,0.03343665828054471,0.02951311764044235
2024-09-09,0.028772783442884087,0.033073516193627805,0.0373644312063642,0.034645041010865824,0.029157304746576292,0.03442753702558716,0.03267350925838044,0.049580340139260215,0.034784164214558676,0.03561092267050195,0.03074253636794748,0.033403381267371995,0.032643038764134734,0.03603085831276748,0.028608539652177398,0.027008745607877388,0.029438648949074706,0.03436716950451823,0.029768380559214245,0.033342888843587805,0.03648311312159195,0.04362580778951413,0.0324095928699294,0.03830154222672102,0.031073294947477483,0.03380069850797481,0.02823231652117331,0.027680120357352733,0.03343665828054471,0.02951311764044235
2024-09-10,0.028772783442884087,0.033073516193627805,0.0373644312063642,0.034645041010865824,0.029157304746576292,0.03442753702558716,0.03267350925838044,0.049580340139260215,0.034784164214558676,0.03561092267050195,0.03074253636794748,0.033403381267371995,0.032643038764134734,0.03603085831276748,0.028608539652177398,0.027008745607877388,0.029438648949074706,0.03436716950451823,0.029768380559214245,0.033342888843587805,0.03648311312159195,0.04362580778951413,0.0324095928699294,0.03830154222672102,0.031073294947477483,0.03380069850797481,0.02823231652117331,0.027680120357352733,0.03343665828054471,0.02951311764044235
2024-09-11,0.028772783442884087,0.033073516193627805,0.0373644312063642,0.034645041010865824,0.029157304746576292,0.03442753702558716,0.03267350925838044,0.049580340139260215,0.034784164214558676,0.03561092267050195,0.03074253636794748,0.033403381267371995,0.032643038764134734,0.03603085831276748,0.028608539652177398,0.027008745607877388,0.029438648949074706,0.03436716950451823,0.029768380559214245,0.033342888843587805,0.03648311312159195,0.04362580778951413,0.0324095928699294,0.03830154222672102,0.031073294947477483,0.03380069850797481,0.02823231652117331,0.027680120357352733,0.03343665828054471,0.02951311764044235
2024-09-12,0.028772783442884087,0.033073516193627805,0.0373644312063642,0.034645041010865824,0.029157304746576292,0.03442753702558716,0.03267350925838044,0.049580340139260215,0.034784164214558676,0.03561092267050195,0.03074253636794748,0.033403381267371995,0.032643038764134734,0.03603085831276748,0.028608539652177398,0.027008745607877388,0.029438648949074706,0.03436716950451823,0.029768380559214245,0.033342888843587805,0.03648311312159195,0.04362580778951413,0.0324095928699294,0.03830154222672102,0.031073294947477483,0.03380069850797481,0.02823231652117331,0.027680120357352733,0.03343665828054471,0.02951311764044235
2024-09-13,0.028772783442884087,0.033073516193627805,0.0373644312063642,0.034645041010865824,0.029157304746576292,0.03442753702558716,0.03267350925838044,0.049580340139260215,0.034784164214558676,0.03561092267050195,0.03074253636794748,0.033403381267371995,0.032643038764134734,0.03603085831276748,0.028608539652177398,0.027008745607877388,0.029438648949074706,0.03436716950451823,0.029768380559214245,0.033342888843587805,0.03648311312159195,0.04362580778951413,0.0324095928699294,0.03830154222672102,0.031073294947477483,0.03380069850797481,0.02823231652117331,0.027680120357352733,0.03343665828054471,0.02951311764044235
2024-09-16,0.028772783442884087,0.033073516193627805,0.0373644312063642,0.034645041010865824,0.029157304746576292,0.03442753702558716,0.03267350925838044,0.049580340139260215,0.034784164214558676,0.03561092267050195,0.03074253636794748,0.033403381267371995,0.032643038764134734,0.03603085831276748,0.028608539652177398,0.027008745607877388,0.029438648949074706,0.03436716950451823,0.029768380559214245,0.033342888843587805,0.03648311312159195,0.04362580778951413,0.0324095928699294,0.03830154222672102,0.031073294947477483,0.03380069850797481,0.02823231652117331,0.027680120357352733,0.03343665828054471,0.02951311764044235
2024-09-17,0.028772783442884087,0.033073516193627805,0.0373644312063642,0.034645041010865824,0.029157304746576292,0.03442753702558716,0.03267350925838044,0.049580340139260215,0.034784164214558676,0.03561092267050195,0.03074253636794748,0.033403381267371995,0.032643038764134734,0.03603085831276748,0.028608539652177398,0.027008745607877388,0.029438648949074706,0.03436716950451823,0.029768380559214245,0.033342888843587805,0.03648311312159195,0.04362580778951413,0.0324095928699294,0.03830154222672102,0.031073294947477483,0.03380069850797481,0.02823231652117331,0.027680120357352733,0.03343665828054471,0.02951311764044235
2024-09-18,0.028772783442884087,0.033073516193627805,0.0373644312063642,0.034645041010865824,0.029157304746576292,0.03442753702558716,0.03267350925838044,0.049580340139260215,0.034784164214558676,0.03561092267050195,0.03074253636794748,0.033403381267371995,0.032643038764134734,0.03603085831276748,0.028608539652177398,0.027008745607877388,0.029438648949074706,0.03436716950451823,0.029768380559214245,0.033342888843587805,0.03648311312159195,0.04362580778951413,0.0324095928699294,0.03830154222672102,0.031073294947477483,0.03380069850797481,0.02823231652117331,0.027680120357352733,0.03343665828054471,0.02951311764044235
2024-09-19,0.028772783442884087,0.033073516193627805,0.0373644312063642,0.034645041010865824,0.029157304746576292,0.03442753702558716,0.03267350925838044,0.049580340139260215,0.034784164214558676,0.03561092267050195,0.03074253636794748,0.033403381267371995,0.032643038764134734,0.03603085831276748,0.028608539652177398,0.027008745607877388,0.029438648949074706,0.03436716950451823,0.029768380559214245,0.033342888843587805,0.03648311312159195,0.04362580778951413,0.0324095928699294,0.03830154222672102,0.031073294947477483,0.03380069850797481,0.02823231652117331,0.027680120357352733,0.03343665828054471,0.02951311764044235
2024-09-20,0.028772783442884087,0.033073516193627805,0.0373644312063642,0.034645041010865824,0.029157304746576292,0.03442753702558716,0.03267350925838044,0.049580340139260215,0.034784164214558676,0.03561092267050195,0.03074253636794748,0.033403381267371995,0.032643038764134734,0.03603085831276748,0.028608539652177398,0.027008745607877388,0.029438648949074706,0.03436716950451823,0.029768380559214245,0.033342888843587805,0.03648311312159195,0.04362580778951413,0.0324095928699294,0.03830154222672102,0.031073294947477483,0.03380069850797481,0.02823231652117331,0.027680120357352733,0.03343665828054471,0.02951311764044235
2024-09-23,0.028772783442884087,0.033073516193627805,0.0373644312063642,0.034645041010865824,0.029157304746576292,0.03442753702558716,0.03267350925838044,0.049580340139260215,0.034784164214558676,0.03561092267050195,0.03074253636794748,0.033403381267371995,0.032643038764134734,0.03603085831276748,0.028608539652177398,0.027008745607877388,0.029438648949074706,0.03436716950451823,0.029768380559214245,0.033342888843587805,0.03648311312159195,0.04362580778951413,0.0324095928699294,0.03830154222672102,0.031073294947477483,0.03380069850797481,0.02823231652117331,0.027680120357352733,0.03343665828054471,0.02951311764044235
2024-09-24,0.028772783442884087,0.033073516193627805,0.0373644312063642,0.034645041010865824,0.029157304746576292,0.03442753702558716,0.03267350925838044,0.049580340139260215,0.034784164214558676,0.03561092267050195,0.03074253636794748,0.033403381267371995,0.032643038764134734,0.03603085831276748,0.028608539652177398,0.027008745607877388,0.029438648949074706,0.03436716950451823,0.029768380559214245,0.033342888843587805,0.03648311312159195,0.04362580778951413,0.0324095928699294,0.03830154222672102,0.031073294947477483,0.03380069850797481,0.02823231652117331,0.027680120357352733,0.03343665828054471,0.02951311764044235
2024-09-25,0.028772783442884087,0.033073516193627805,0.0373644312063642,0.034645041010865824,0.029157304746576292,0.03442753702558716,0.03267350925838044,0.049580340139260215,0.034784164214558676,0.03561092267050195,0.03074253636794748,0.033403381267371995,0.032643038764134734,0.03603085831276748,0.028608539652177398,0.027008745607877388,0.029438648949074706,0.03436716950451823,0.029768380559214245,0.033342888843587805,0.03648311312159195,0.04362580778951413,0.0324095928699294,0.03830154222672102,0.031073294947477483,0.03380069850797481,0.02823231652117331,0.027680120357352733,0.03343665828054471,0.02951311764044235
2024-09-26,0.028772783442884087,0.033073516193627805,0.0373644312063642,0.034645041010865824,0.029157304746576292,0.03442753702558716,0.03267350925838044,0.049580340139260215,0.034784164214558676,0.03561092267050195,0.03074253636794748,0.033403381267371995,0.032643038764134734,0.03603085831276748,0.028608539652177398,0.027008745607877388,0.029438648949074706,0.03436716950451823,0.029768380559214245,0.033342888843587805,0.03648311312159195,0.04362580778951413,0.0324095928699294,0.03830154222672102,0.031073294947477483,0.03380069850797481,0.02823231652117331,0.027680120357352733,0.03343665828054471,0.02951311764044235
2024-09-27,0.028772783442884087,0.033073516193627805,0.0373644312063642,0.034645041010865824,0.029157304746576292,0.03442753702558716,0.03267350925838044,0.049580340139260215,0.034784164214558676,0.03561092267050195,0.03074253636794748,0.033403381267371995,0.032643038764134734,0.03603085831276748,0.028608539652177398,0.027008745607877388,0.029438648949074706,0.03436716950451823,0.029768380559214245,0.033342888843587805,0.03648311312159195,0.04362580778951413,0.0324095928699294,0.03830154222672102,0.031073294947477483,0.03380069850797481,0.02823231652117331,0.027680120357352733,0.03343665828054471,0.02951311764044235
2024-09-30,0.028772783442884087,0.033073516193627805,0.0373644312063642,0.034645041010865824,0.029157304746576292,0.03442753702558716,0.03267350925838044,0.049580340139260215,0.034784164214558676,0.03561092267050195,0.03074253636794748,0.033403381267371995,0.032643038764134734,0.03603085831276748,0.028608539652177398,0.027008745607877388,0.029438648949074706,0.03436716950451823,0.029768380559214245,0.033342888843587805,0.03648311312159195,0.04362580778951413,0.0324095928699294,0.03830154222672102,0.031073294947477483,0.03380069850797481,0.02823231652117331,0.027680120357352733,0.03343665828054471,0.02951311764044235
2024-10-01,0.02973223749644107,0.03714045960737359,0.030465917646438002,0.03339037217277284,0.03198898310206447,0.037899116877376605,0.03329580063896114,0.04845235138947953,0.03425762076583299,0.03504662789630993,0.029386224533068855,0.034591794344125244,0.03389848333495167,0.03686912049008001,0.030339020403918834,0.0326023345591209,0.030899477661636112,0.0312433537628146,0.03302371427752861,0.03149654351518501,0.028735465571877058,0.0362490815149024,0.03176819781193766,0.03495911954891178,0.033463599663616936,0.028578039389971735,0.03394551495906061,0.029690111261320623,0.03293808491279781,0.033653230890123564
2024-10-02,0.02973223749644107,0.03714045960737359,0.030465917646438002,0.03339037217277284,0.03198898310206447,0.037899116877376605,0.03329580063896114,0.04845235138947953,0.03425762076583299,0.03504662789630993,0.029386224533068855,0.034591794344125244,0.03389848333495167,0.03686912049008001,0.030339020403918834,0.0326023345591209,0.030899477661636112,0.0312433537628146,0.03302371427752861,0.03149654351518501,0.028735465571877058,0.0362490815149024,0.03176819781193766,0.03495911954891178,0.033463599663616936,0.028578039389971735,0.03394551495906061,0.029690111261320623,0.03293808491279781,0.033653230890123564
2024-10-03,0.02973223749644107,0.03714045960737359,0.030465917646438002,0.03339037217277284,0.03198898310206447,0.037899116877376605,0.03329580063896114,0.04845235138947953,0.03425762076583299,0.03504662789630993,0.029386224533068855,0.034591794344125244,0.03389848333495167,0.03686912049008001,0.030339020403918834,0.0326023345591209,0.030899477661636112,0.0312433537628146,0.03302371427752861,0.03149654351518501,0.028735465571877058,0.0362490815149024,0.03176819781193766,0.03495911954891178,0.033463599663616936,0.028578039389971735,0.03394551495906061,0.029690111261320623,0.03293808491279781,0.033653230890123564
2024-10-04,0.02973223749644107,0.03714045960737359,0.030465917646438002,0.03339037217277284,0.03198898310206447,0.037899116877376605,0.03329580063896114,0.04845235138947953,0.03425762076583299,0.03504662789630993,0.029386224533068855,0.034591794344125244,0.03389848333495167,0.03686912049008001,0.030339020403918834,0.0326023345591209,0.030899477661636112,0.0312433537628146,0.03302371427752861,0.03149654351518501,0.028735465571877058,0.0362490815149024,0.03176819781193766,0.03495911954891178,0.033463599663616936,0.028578039389971735,0.03394551495906061,0.029690111261320623,0.03293808491279781,0.033653230890123564
2024-10-07,0.02973223749644107,0.03714045960737359,0.030465917646438002,0.03339037217277284,0.03198898310206447,0.037899116877376605,0.03329580063896114,0.04845235138947953,0.03425762076583299,0.03504662789630993,0.029386224533068855,0.034591794344125244,0.03389848333495167,0.03686912049008001,0.030339020403918834,0.0326023345591209,0.030899477661636112,0.0312433537628146,0.03302371427752861,0.03149654351518501,0.028735465571877058,0.0362490815149024,0.03176819781193766,0.03495911954891178,0.033463599663616936,0.028578039389971735,0.03394551495906061,0.029690111261320623,0.03293808491279781,0.033653230890123564
2024-10-08,0.02973223749644107,0.03714045960737359,0.030465917646438002,0.03339037217277284,0.03198898310206447,0.037899116877376605,0.03329580063896114,0.04845235138947953,0.03425762076583299,0.03504662789630993,0.029386224533068855,0.034591794344125244,0.03389848333495167,0.03686912049008001,0.030339020403918834,0.0326023345591209,0.030899477661636112,0.0312433537628146,0.03302371427752861,0.03149654351518501,0.028735465571877058,0.0362490815149024,0.03176819781193766,0.03495911954891178,0.033463599663616936,0.028578039389971735,0.03394551495906061,0.029690111261320623,0.03293808491279781,0.033653230890123564
2024-10-09,0.02973223749644107,0.03714045960737359,0.030465917646438002,0.03339037217277284,0.03198898310206447,0.037899116877376605,0.03329580063896114,0.04845235138947953,0.03425762076583299,0.03504662789630993,0.029386224533068855,0.034591794344125244,0.03389848333495167,0.03686912049008001,0.030339020403918834,0.0326023345591209,0.030899477661636112,0.0312433537628146,0.03302371427752861,0.03149654351518501,0.028735465571877058,0.0362490815149024,0.03176819781193766,0.03495911954891178,0.033463599663616936,0.028578039389971735,0.03394551495906061,0.029690111261320623,0.03293808491279781,0.033653230890123564
2024-10-10,0.02973223749644107,0.03714045960737359,0.030465917646438002,0.03339037217277284,0.03198898310206447,0.037899116877376605,0.03329580063896114,0.04845235138947953,0.03425762076583299,0.03504662789630993,0.029386224533068855,0.034591794344125244,0.03389848333495167,0.03686912049008001,0.030339020403918834,0.0326023345591209,0.030899477661636112,0.0312433537628146,0.03302371427752861,0.03149654351518501,0.028735465571877058,0.0362490815149024,0.03176819781193766,0.03495911954891178,0.033463599663616936,0.028578039389971735,0.03394551495906061,0.029690111261320623,0.03293808491279781,0.033653230890123564
2024-10-11,0.02973223749644107,0.03714045960737359,0.030465917646438002,0.03339037217277284,0.03198898310206447,0.037899116877376605,0.03329580063896114,0.04845235138947953,0.03425762076583299,0.03504662789630993,0.029386224533068855,0.034591794344125244,0.03389848333495167,0.03686912049008001,0.030339020403918834,0.0326023345591209,0.030899477661636112,0.0312433537628146,0.03302371427752861,0.03149654351518501,0.028735465571877058,0.0362490815149024,0.03176819781193766,0.03495911954891178,0.033463599663616936,0.028578039389971735,0.03394551495906061,0.029690111261320623,0.03293808491279781,0.033653230890123564
2024-10-14,0.02973223749644107,0.03714045960737359,0.030465917646438002,0.03339037217277284,0.03198898310206447,0.037899116877376605,0.03329580063896114,0.04845235138947953,0.03425762076583299,0.03504662789630993,0.029386224533068855,0.034591794344125244,0.03389848333495167,0.03686912049008001,0.030339020403918834,0.0326023345591209,0.030899477661636112,0.0312433537628146,0.03302371427752861,0.03149654351518501,0.028735465571877058,0.0362490815149024,0.03176819781193766,0.03495911954891178,0.033463599663616936,0.028578039389971735,0.03394551495906061,0.029690111261320623,0.03293808491279781,0.033653230890123564
2024-10-15,0.02973223749644107,0.03714045960737359,0.030465917646438002,0.03339037217277284,0.03198898310206447,0.037899116877376605,0.03329580063896114,0.04845235138947953,0.03425762076583299,0.03504662789630993,0.029386224533068855,0.034591794344125244,0.03389848333495167,0.03686912049008001,0.030339020403918834,0.0326023345591209,0.030899477661636112,0.0312433537628146,0.03302371427752861,0.03149654351518501,0.028735465571877058,0.0362490815149024,0.03176819781193766,0.03495911954891178,0.033463599663616936,0.028578039389971735,0.03394551495906061,0.029690111261320623,0.03293808491279781,0.033653230890123564
2024-10-16,0.02973223749644107,0.03714045960737359,0.030465917646438002,0.03339037217277284,0.03198898310206447,0.037899116877376605,0.03329580063896114,0.04845235138947953,0.03425762076583299,0.03504662789630993,0.029386224533068855,0.034591794344125244,0.03389848333495167,0.03686912049008001,0.030339020403918834,0.0326023345591209,0.030899477661636112,0.0312433537628146,0.03302371427752861,0.03149654351518501,0.028735465571877058,0.0362490815149024,0.03176819781193766,0.03495911954891178,0.033463599663616936,0.028578039389971735,0.03394551495906061,0.029690111261320623,0.03293808491279781,0.033653230890123564
2024-10-17,0.02973223749644107,0.03714045960737359,0.030465917646438002,0.03339037217277284,0.03198898310206447,0.037899116877376605,0.03329580063896114,0.04845235138947953,0.03425762076583299,0.03504662789630993,0.029386224533068855,0.034591794344125244,0.03389848333495167,0.03686912049008001,0.030339020403918834,0.0326023345591209,0.030899477661636112,0.0312433537628146,0.03302371427752861,0.03149654351518501,0.028735465571877058,0.0362490815149024,0.03176819781193766,0.03495911954891178,0.033463599663616936,0.028578039389971735,0.03394551495906061,0.029690111261320623,0.03293808491279781,0.033653230890123564
2024-10-18,0.02973223749644107,0.03714045960737359,0.030465917646438002,0.03339037217277284,0.03198898310206447,0.037899116877376605,0.03329580063896114,0.04845235138947953,0.03425762076583299,0.03504662789630993,0.029386224533068855,0.034591794344125244,0.03389848333495167,0.03686912049008001,0.030339020403918834,0.0326023345591209,0.030899477661636112,0.0312433537628146,0.03302371427752861,0.03149654351518501,0.028735465571877058,0.0362490815149024,0.03176819781193766,0.03495911954891178,0.033463599663616936,0.028578039389971735,0.03394551495906061,0.029690111261320623,0.03293808491279781,0.033653230890123564
2024-10-21,0.02973223749644107,0.03714045960737359,0.030465917646438002,0.03339037217277284,0.03198898310206447,0.037899116877376605,0.03329580063896114,0.04845235138947953,0.03425762076583299,0.03504662789630993,0.029386224533068855,0.034591794344125244,0.03389848333495167,0.03686912049008001,0.030339020403918834,0.0326023345591209,0.030899477661636112,0.0312433537628146,0.03302371427752861,0.03149654351518501,0.028735465571877058,0.0362490815149024,0.03176819781193766,0.03495911954891178,0.033463599663616936,0.028578039389971735,0.03394551495906061,0.029690111261320623,0.03293808491279781,0.033653230890123564
2024-10-22,0.02973223749644107,0.03714045960737359,0.030465917646438002,0.03339037217277284,0.03198898310206447,0.037899116877376605,0.03329580063896114,0.04845235138947953,0.03425762076583299,0.03504662789630993,0.029386224533068855,0.034591794344125244,0.03389848333495167,0.03686912049008001,0.030339020403918834,0.0326023345591209,0.030899477661636112,0.0312433537628146,0.03302371427752861,0.03149654351518501,0.028735465571877058,0.0362490815149024,0.03176819781193766,0.03495911954891178,0.033463599663616936,0.028578039389971735,0.03394551495906061,0.029690111261320623,0.03293808491279781,0.033653230890123564
2024-10-23,0.02973223749644107,0.03714045960737359,0.030465917646438002,0.03339037217277284,0.03198898310206447,0.037899116877376605,0.03329580063896114,0.04845235138947953,0.03425762076583299,0.03504662789630993,0.029386224533068855,0.034591794344125244,0.03389848333495167,0.03686912049008001,0.030339020403918834,0.0326023345591209,0.030899477661636112,0.0312433537628146,0.03302371427752861,0.03149654351518501,0.028735465571877058,0.0362490815149024,0.03176819781193766,0.03495911954891178,0.033463599663616936,0.028578039389971735,0.03394551495906061,0.029690111261320623,0.03293808491279781,0.033653230890123564
2024-10-24,0.02973223749644107,0.03714045960737359,0.030465917646438002,0.03339037217277284,0.03198898310206447,0.037899116877376605,0.03329580063896114,0.04845235138947953,0.03425762076583299,0.03504662789630993,0.029386224533068855,0.034591794344125244,0.03389848333495167,0.03686912049008001,0.030339020403918834,0.0326023345591209,0.030899477661636112,0.0312433537628146,0.03302371427752861,0.03149654351518501,0.028735465571877058,0.0362490815149024,0.03176819781193766,0.03495911954891178,0.033463599663616936,0.028578039389971735,0.03394551495906061,0.029690111261320623,0.03293808491279781,0.033653230890123564
2024-10-25,0.02973223749644107,0.03714045960737359,0.030465917646438002,0.03339037217277284,0.03198898310206447,0.037899116877376605,0.03329580063896114,0.04845235138947953,0.03425762076583299,0.03504662789630993,0.029386224533068855,0.034591794344125244,0.03389848333495167,0.03686912049008001,0.030339020403918834,0.0326023345591209,0.030899477661636112,0.0312433537628146,0.03302371427752861,0.03149654351518501,0.028735465571877058,0.0362490815149024,0.03176819781193766,0.03495911954891178,0.033463599663616936,0.028578039389971735,0.03394551495906061,0.029690111261320623,0.03293808491279781,0.033653230890123564
2024-10-28,0.02973223749644107,0.03714045960737359,0.030465917646438002,0.03339037217277284,0.03198898310206447,0.037899116877376605,0.03329580063896114,0.04845235138947953,0.03425762076583299,0.03504662789630993,0.029386224533068855,0.034591794344125244,0.03389848333495167,0.03686912049008001,0.030339020403918834,0.0326023345591209,0.030899477661636112,0.0312433537628146,0.03302371427752861,0.03149654351518501,0.028735465571877058,0.0362490815149024,0.03176819781193766,0.03495911954891178,0.033463599663616936,0.028578039389971735,0.03394551495906061,0.029690111261320623,0.03293808491279781,0.033653230890123564
2024-10-29,0.02973223749644107,0.03714045960737359,0.030465917646438002,0.03339037217277284,0.03198898310206447,0.037899116877376605,0.03329580063896114,0.04845235138947953,0.03425762076583299,0.03504662789630993,0.029386224533068855,0.034591794344125244,0.03389848333495167,0.03686912049008001,0.030339020403918834,0.0326023345591209,0.030899477661636112,0.0312433537628146,0.03302371427752861,0.03149654351518501,0.028735465571877058,0.0362490815149024,0.03176819781193766,0.03495911954891178,0.033463599663616936,0.028578039389971735,0.03394551495906061,0.029690111261320623,0.03293808491279781,0.033653230890123564
2024-10-30,0.02973223749644107,0.03714045960737359,0.030465917646438002,0.03339037217277284,0.03198898310206447,0.037899116877376605,0.03329580063896114,0.04845235138947953,0.03425762076583299,0.03504662789630993,0.029386224533068855,0.034591794344125244,0.03389848333495167,0.03686912049008001,0.030339020403918834,0.0326023345591209,0.030899477661636112,0.0312433537628146,0.03302371427752861,0.03149654351518501,0.028735465571877058,0.0362490815149024,0.03176819781193766,0.03495911954891178,0.033463599663616936,0.028578039389971735,0.03394551495906061,0.029690111261320623,0.03293808491279781,0.033653230890123564
2024-10-31,0.02973223749644107,0.03714045960737359,0.030465917646438002,0.03339037217277284,0.03198898310206447,0.037899116877376605,0.03329580063896114,0.04845235138947953,0.03425762076583299,0.03504662789630993,0.029386224533068855,0.034591794344125244,0.03389848333495167,0.03686912049008001,0.030339020403918834,0.0326023345591209,0.030899477661636112,0.0312433537628146,0.03302371427752861,0.03149654351518501,0.028735465571877058,0.0362490815149024,0.03176819781193766,0.03495911954891178,0.033463599663616936,0.028578039389971735,0.03394551495906061,0.029690111261320623,0.03293808491279781,0.033653230890123564
2024-11-01,0.030158224814731405,0.03543706529711271,0.03304399148942799,0.03311163853357805,0.03750402954453169,0.032661519154457495,0.03362143016675917,0.04029050449321908,0.034551268124739576,0.03317648751108746,0.03421800146430339,0.03447502008842086,0.03426154650551261,0.038279749564484704,0.030201609648622594,0.030556935638500697,0.027119617349666145,0.03605122861094612,0.031085729066537143,0.030562043296531248,0.03003943311997723,0.037568425843909216,0.03680617770660004,0.030512948651345084,0.03208482468172995,0.030757666404008347,0.0315709004617801,0.033369011567067904,0.03131362110293432,0.035609350097477684
2024-11-04,0.030158224814731405,0.03543706529711271,0.03304399148942799,0.03311163853357805,0.03750402954453169,0.032661519154457495,0.03362143016675917,0.04029050449321908,0.034551268124739576,0.03317648751108746,0.03421800146430339,0.03447502008842086,0.03426154650551261,0.038279749564484704,0.030201609648622594,0.030556935638500697,0.027119617349666145,0.03605122861094612,0.031085729066537143,0.030562043296531248,0.03003943311997723,0.037568425843909216,0.03680617770660004,0.030512948651345084,0.03208482468172995,0.030757666404008347,0.0315709004617801,0.033369011567067904,0.03131362110293432,0.035609350097477684
2024-11-05,0.030158224814731405,0.03543706529711271,0.03304399148942799,0.03311163853357805,0.03750402954453169,0.032661519154457495,0.03362143016675917,0.04029050449321908,0.034551268124739576,0.03317648751108746,0.03421800146430339,0.03447502008842086,0.03426154650551261,0.038279749564484704,0.030201609648622594,0.030556935638500697,0.027119617349666145,0.03605122861094612,0.031085729066537143,0.030562043296531248,0.03003943311997723,0.037568425843909216,0.03680617770660004,0.030512948651345084,0.03208482468172995,0.030757666404008347,0.0315709004617801,0.033369011567067904,0.03131362110293432,0.035609350097477684
2024-11-06,0.030158224814731405,0.03543706529711271,0.03304399148942799,0.03311163853357805,0.03750402954453169,0.032661519154457495,0.03362143016675917,0.04029050449321908,0.034551268124739576,0.03317648751108746,0.03421800146430339,0.03447502008842086,0.03426154650551261,0.038279749564484704,0.030201609648622594,0.030556935638500697,0.027119617349666145,0.03605122861094612,0.031085729066537143,0.030562043296531248,0.03003943311997723,0.037568425843909216,0.03680617770660004,0.030512948651345084,0.03208482468172995,0.030757666404008347,0.0315709004617801,0.033369011567067904,0.03131362110293432,0.035609350097477684
2024-11-07,0.030158224814731405,0.03543706529711271,0.03304399148942799,0.03311163853357805,0.03750402954453169,0.032661519154457495,0.03362143016675917,0.04029050449321908,0.034551268124739576,0.03317648751108746,0.03421800146430339,0.03447502008842086,0.03426154650551261,0.038279749564484704,0.030201609648622594,0.030556935638500697,0.027119617349666145,0.03605122861094612,0.031085729066537143,0.030562043296531248,0.03003943311997723,0.037568425843909216,0.03680617770660004,0.030512948651345084,0.03208482468172995,0.030757666404008347,0.0315709004617801,0.033369011567067904,0.03131362110293432,0.035609350097477684
2024-11-08,0.030158224814731405,0.03543706529711271,0.03304399148942799,0.03311163853357805,0.03750402954453169,0.032661519154457495,0.03362143016675917,0.04029050449321908,0.034551268124739576,0.03317648751108746,0.03421800146430339,0.03447502008842086,0.03426154650551261,0.038279749564484704,0.030201609648622594,0.030556935638500697,0.027119617349666145,0.03605122861094612,0.031085729066537143,0.030562043296531248,0.03003943311997723,0.037568425843909216,0.03680617770660004,0.030512948651345084,0.03208482468172995,0.030757666404008347,0.0315709004617801,0.033369011567067904,0.03131362110293432,0.035609350097477684
2024-11-11,0.030158224814731405,0.03543706529711271,0.03304399148942799,0.03311163853357805,0.03750402954453169,0.032661519154457495,0.03362143016675917,0.04029050449321908,0.034551268124739576,0.03317648751108746,0.03421800146430339,0.03447502008842086,0.03426154650551261,0.038279749564484704,0.030201609648622594,0.030556935638500697,0.027119617349666145,0.03605122861094612,0.031085729066537143,0.030562043296531248,0.03003943311997723,0.037568425843909216,0.03680617770660004,0.030512948651345084,0.03208482468172995,0.030757666404008347,0.0315709004617801,0.033369011567067904,0.03131362110293432,0.035609350097477684
2024-11-12,0.030158224814731405,0.03543706529711271,0.03304399148942799,0.03311163853357805,0.03750402954453169,0.032661519154457495,0.03362143016675917,0.04029050449321908,0.034551268124739576,0.03317648751108746,0.03421800146430339,0.03447502008842086,0.03426154650551261,0.038279749564484704,0.030201609648622594,0.030556935638500697,0.027119617349666145,0.03605122861094612,0.031085729066537143,0.030562043296531248,0.03003943311997723,0.037568425843909216,0.03680617770660004,0.030512948651345084,0.03208482468172995,0.030757666404008347,0.0315709004617801,0.033369011567067904,0.03131362110293432,0.035609350097477684
2024-11-13,0.030158224814731405,0.03543706529711271,0.03304399148942799,0.03311163853357805,0.03750402954453169,0.032661519154457495,0.03362143016675917,0.04029050449321908,0.034551268124739576,0.03317648751108746,0.03421800146430339,0.03447502008842086,0.03426154650551261,0.038279749564484704,0.030201609648622594,0.030556935638500697,0.027119617349666145,0.03605122861094612,0.031085729066537143,0.030562043296531248,0.03003943311997723,0.037568425843909216,0.03680617770660004,0.030512948651345084,0.03208482468172995,0.030757666404008347,0.0315709004617801,0.033369011567067904,0.03131362110293432,0.035609350097477684
2024-11-14,0.030158224814731405,0.03543706529711271,0.03304399148942799,0.03311163853357805,0.03750402954453169,0.032661519154457495,0.03362143016675917,0.04029050449321908,0.034551268124739576,0.03317648751108746,0.03421800146430339,0.03447502008842086,0.03426154650551261,0.038279749564484704,0.030201609648622594,0.030556935638500697,0.027119617349666145,0.03605122861094612,0.031085729066537143,0.030562043296531248,0.03003943311997723,0.037568425843909216,0.03680617770660004,0.030512948651345084,0.03208482468172995,0.030757666404008347,0.0315709004617801,0.033369011567067904,0.03131362110293432,0.035609350097477684
2024-11-15,0.030158224814731405,0.03543706529711271,0.03304399148942799,0.03311163853357805,0.03750402954453169,0.032661519154457495,0.03362143016675917,0.04029050449321908,0.034551268124739576,0.03317648751108746,0.03421800146430339,0.03447502008842086,0.03426154650551261,0.038279749564484704,0.030201609648622594,0.030556935638500697,0.027119617349666145,0.03605122861094612,0.031085729066537143,0.030562043296531248,0.03003943311997723,0.037568425843909216,0.03680617770660004,0.030512948651345084,0.03208482468172995,0.030757666404008347,0.0315709004617801,0.033369011567067904,0.03131362110293432,0.035609350097477684
2024-11-18,0.030158224814731405,0.03543706529711271,0.03304399148942799,0.03311163853357805,0.03750402954453169,0.032661519154457495,0.03362143016675917,0.04029050449321908,0.034551268124739576,0.03317648751108746,0.03421800146430339,0.03447502008842086,0.03426154650551261,0.038279749564484704,0.030201609648622594,0.030556935638500697,0.027119617349666145,0.03605122861094612,0.031085729066537143,0.030562043296531248,0.03003943311997723,0.037568425843909216,0.03680617770660004,0.030512948651345084,0.03208482468172995,0.030757666404008347,0.0315709004617801,0.033369011567067904,0.03131362110293432,0.035609350097477684
2024-11-19,0.030158224814731405,0.03543706529711271,0.03304399148942799,0.03311163853357805,0.03750402954453169,0.032661519154457495,0.03362143016675917,0.04029050449321908,0.034551268124739576,0.03317648751108746,0.03421800146430339,0.03447502008842086,0.03426154650551261,0.038279749564484704,0.030201609648622594,0.030556935638500697,0.027119617349666145,0.03605122861094612,0.031085729066537143,0.030562043296531248,0.03003943311997723,0.037568425843909216,0.03680617770660004,0.030512948651345084,0.03208482468172995,0.030757666404008347,0.0315709004617801,0.033369011567067904,0.03131362110293432,0.035609350097477684
2024-11-20,0.030158224814731405,0.03543706529711271,0.03304399148942799,0.03311163853357805,0.03750402954453169,0.032661519154457495,0.03362143016675917,0.04029050449321908,0.034551268124739576,0.03317648751108746,0.03421800146430339,0.03447502008842086,0.03426154650551261,0.038279749564484704,0.030201609648622594,0.030556935638500697,0.027119617349666145,0.03605122861094612,0.031085729066537143,0.030562043296531248,0.03003943311997723,0.037568425843909216,0.03680617770660004,0.030512948651345084,0.03208482468172995,0.030757666404008347,0.0315709004617801,0.033369011567067904,0.03131362110293432,0.035609350097477684
2024-11-21,0.030158224814731405,0.03543706529711271,0.03304399148942799,0.03311163853357805,0.03750402954453169,0.032661519154457495,0.03362143016675917,0.04029050449321908,0.034551268124739576,0.03317648751108746,0.03421800146430339,0.03447502008842086,0.03426154650551261,0.038279749564484704,0.030201609648622594,0.030556935638500697,0.027119617349666145,0.03605122861094612,0.031085729066537143,0.030562043296531248,0.03003943311997723,0.037568425843909216,0.03680617770660004,0.030512948651345084,0.03208482468172995,0.030757666404008347,0.0315709004617801,0.033369011567067904,0.03131362110293432,0.035609350097477684
2024-11-22,0.030158224814731405,0.03543706529711271,0.03304399148942799,0.03311163853357805,0.03750402954453169,0.032661519154457495,0.03362143016675917,0.04029050449321908,0.034551268124739576,0.03317648751108746,0.03421800146430339,0.03447502008842086,0.03426154650551261,0.038279749564484704,0.030201609648622594,0.030556935638500697,0.027119617349666145,0.03605122861094612,0.031085729066537143,0.030562043296531248,0.03003943311997723,0.037568425843909216,0.03680617770660004,0.030512948651345084,0.03208482468172995,0.030757666404008347,0.0315709004617801,0.033369011567067904,0.03131362110293432,0.035609350097477684
2024-11-25,0.030158224814731405,0.03543706529711271,0.03304399148942799,0.03311163853357805,0.03750402954453169,0.032661519154457495,0.03362143016675917,0.04029050449321908,0.034551268124739576,0.03317648751108746,0.03421800146430339,0.03447502008842086,0.03426154650551261,0.038279749564484704,0.030201609648622594,0.030556935638500697,0.027119617349666145,0.03605122861094612,0.031085729066537143,0.030562043296531248,0.03003943311997723,0.037568425843909216,0.03680617770660004,0.030512948651345084,0.03208482468172995,0.030757666404008347,0.0315709004617801,0.033369011567067904,0.03131362110293432,0.035609350097477684
2024-11-26,0.030158224814731405,0.03543706529711271,0.03304399148942799,0.03311163853357805,0.03750402954453169,0.032661519154457495,0.03362143016675917,0.04029050449321908,0.034551268124739576,0.03317648751108746,0.03421800146430339,0.03447502008842086,0.03426154650551261,0.038279749564484704,0.030201609648622594,0.030556935638500697,0.027119617349666145,0.03605122861094612,0.031085729066537143,0.030562043296531248,0.03003943311997723,0.037568425843909216,0.03680617770660004,0.030512948651345084,0.03208482468172995,0.030757666404008347,0.0315709004617801,0.033369011567067904,0.03131362110293432,0.035609350097477684
2024-11-27,0.030158224814731405,0.03543706529711271,0.03304399148942799,0.03311163853357805,0.03750402954453169,0.032661519154457495,0.03362143016675917,0.04029050449321908,0.034551268124739576,0.03317648751108746,0.03421800146430339,0.03447502008842086,0.03426154650551261,0.038279749564484704,0.030201609648622594,0.030556935638500697,0.027119617349666145,0.03605122861094612,0.031085729066537143,0.030562043296531248,0.03003943311997723,0.037568425843909216,0.03680617770660004,0.030512948651345084,0.03208482468172995,0.030757666404008347,0.0315709004617801,0.033369011567067904,0.03131362110293432,0.035609350097477684
2024-11-28,0.030158224814731405,0.03543706529711271,0.03304399148942799,0.03311163853357805,0.03750402954453169,0.032661519154457495,0.03362143016675917,0.04029050449321908,0.034551268124739576,0.03317648751108746,0.03421800146430339,0.03447502008842086,0.03426154650551261,0.038279749564484704,0.030201609648622594,0.030556935638500697,0.027119617349666145,0.03605122861094612,0.031085729066537143,0.030562043296531248,0.03003943311997723,0.037568425843909216,0.03680617770660004,0.030512948651345084,0.03208482468172995,0.030757666404008347,0.0315709004617801,0.033369011567067904,0.03131362110293432,0.035609350097477684
2024-11-29,0.030158224814731405,0.03543706529711271,0.03304399148942799,0.03311163853357805,0.03750402954453169,0.032661519154457495,0.03362143016675917,0.04029050449321908,0.034551268124739576,0.03317648751108746,0.03421800146430339,0.03447502008842086,0.03426154650551261,0.038279749564484704,0.030201609648622594,0.030556935638500697,0.027119617349666145,0.03605122861094612,0.031085729066537143,0.030562043296531248,0.03003943311997723,0.037568425843909216,0.03680617770660004,0.030512948651345084,0.03208482468172995,0.030757666404008347,0.0315709004617801,0.033369011567067904,0.03131362110293432,0.035609350097477684
2024-12-02,0.027640459750302566,0.03149320716539783,0.03176334937136028,0.03334382826425103,0.0355878860691212,0.0320660894266938,0.03237981801217185,0.039546656500040495,0.034391732578951076,0.03359672949618821,0.030641025641147582,0.04091442174623263,0.03311206602734059,0.033162478616952415,0.03426463932997232,0.028901345802245765,0.03178908333027942,0.03654937116484068,0.038167234233065186,0.029618044407999245,0.029663989372863804,0.035079706521062466,0.03923198539701402,0.03183114313938572,0.031618790816958696,0.03163017487331695,0.0345596378404757,0.03212706816030616,0.03465505938703158,0.030672977557030693
2024-12-03,0.027640459750302566,0.03149320716539783,0.03176334937136028,0.03334382826425103,0.0355878860691212,0.0320660894266938,0.03237981801217185,0.039546656500040495,0.034391732578951076,0.03359672949618821,0.030641025641147582,0.04091442174623263,0.03311206602734059,0.033162478616952415,0.03426463932997232,0.028901345802245765,0.03178908333027942,0.03654937116484068,0.038167234233065186,0.029618044407999245,0.029663989372863804,0.035079706521062466,0.03923198539701402,0.03183114313938572,0.031618790816958696,0.03163017487331695,0.0345596378404757,0.03212706816030616,0.03465505938703158,0.030672977557030693
2024-12-04,0.027640459750302566,0.03149320716539783,0.03176334937136028,0.03334382826425103,0.0355878860691212,0.0320660894266938,0.03237981801217185,0.039546656500040495,0.034391732578951076,0.03359672949618821,0.030641025641147582,0.04091442174623263,0.03311206602734059,0.033162478616952415,0.03426463932997232,0.028901345802245765,0.03178908333027942,0.03654937116484068,0.038167234233065186,0.029618044407999245,0.029663989372863804,0.035079706521062466,0.03923198539701402,0.03183114313938572,0.031618790816958696,0.03163017487331695,0.0345596378404757,0.03212706816030616,0.03465505938703158,0.030672977557030693
2024-12-05,0.027640459750302566,0.03149320716539783,0.03176334937136028,0.03334382826425103,0.0355878860691212,0.0320660894266938,0.03237981801217185,0.039546656500040495,0.034391732578951076,0.03359672949618821,0.030641025641147582,0.04091442174623263,0.03311206602734059,0.033162478616952415,0.03426463932997232,0.028901345802245765,0.03178908333027942,0.03654937116484068,0.038167234233065186,0.029618044407999245,0.029663989372863804,0.035079706521062466,0.03923198539701402,0.03183114313938572,0.031618790816958696,0.03163017487331695,0.0345596378404757,0.03212706816030616,0.03465505938703158,0.030672977557030693
2024-12-06,0.027640459750302566,0.03149320716539783,0.03176334937136028,0.03334382826425103,0.0355878860691212,0.0320660894266938,0.03237981801217185,0.039546656500040495,0.034391732578951076,0.03359672949618821,0.030641025641147582,0.04091442174623263,0.03311206602734059,0.033162478616952415,0.03426463932997232,0.028901345802245765,0.03178908333027942,0.03654937116484068,0.038167234233065186,0.029618044407999245,0.029663989372863804,0.035079706521062466,0.03923198539701402,0.03183114313938572,0.031618790816958696,0.03163017487331695,0.0345596378404757,0.03212706816030616,0.03465505938703158,0.030672977557030693
2024-12-09,0.027640459750302566,0.03149320716539783,0.03176334937136028,0.03334382826425103,0.0355878860691212,0.0320660894266938,0.03237981801217185,0.039546656500040495,0.034391732578951076,0.03359672949618821,0.030641025641147582,0.04091442174623263,0.03311206602734059,0.033162478616952415,0.03426463932997232,0.028901345802245765,0.03178908333027942,0.03654937116484068,0.038167234233065186,0.029618044407999245,0.029663989372863804,0.035079706521062466,0.03923198539701402,0.03183114313938572,0.031618790816958696,0.03163017487331695,0.0345596378404757,0.03212706816030616,0.03465505938703158,0.030672977557030693
2024-12-10,0.027640459750302566,0.03149320716539783,0.03176334937136028,0.03334382826425103,0.0355878860691212,0.0320660894266938,0.03237981801217185,0.039546656500040495,0.034391732578951076,0.03359672949618821,0.030641025641147582,0.04091442174623263,0.03311206602734059,0.033162478616952415,0.03426463932997232,0.028901345802245765,0.03178908333027942,0.03654937116484068,0.038167234233065186,0.029618044407999245,0.029663989372863804,0.035079706521062466,0.03923198539701402,0.03183114313938572,0.031618790816958696,0.03163017487331695,0.0345596378404757,0.03212706816030616,0.03465505938703158,0.030672977557030693
2024-12-11,0.027640459750302566,0.03149320716539783,0.03176334937136028,0.03334382826425103,0.0355878860691212,0.0320660894266938,0.03237981801217185,0.039546656500040495,0.034391732578951076,0.03359672949618821,0.030641025641147582,0.04091442174623263,0.03311206602734059,0.033162478616952415,0.03426463932997232,0.028901345802245765,0.03178908333027942,0.03654937116484068,0.038167234233065186,0.029618044407999245,0.029663989372863804,0.035079706521062466,0.03923198539701402,0.03183114313938572,0.031618790816958696,0.03163017487331695,0.0345596378404757,0.03212706816030616,0.03465505938703158,0.030672977557030693
2024-12-12,0.027640459750302566,0.03149320716539783,0.03176334937136028,0.03334382826425103,0.0355878860691212,0.0320660894266938,0.03237981801217185,0.039546656500040495,0.034391732578951076,0.03359672949618821,0.030641025641147582,0.04091442174623263,0.03311206602734059,0.033162478616952415,0.03426463932997232,0.028901345802245765,0.03178908333027942,0.03654937116484068,0.038167234233065186,0.029618044407999245,0.029663989372863804,0.035079706521062466,0.03923198539701402,0.03183114313938572,0.031618790816958696,0.03163017487331695,0.0345596378404757,0.03212706816030616,0.03465505938703158,0.030672977557030693
2024-12-13,0.027640459750302566,0.03149320716539783,0.03176334937136028,0.03334382826425103,0.0355878860691212,0.0320660894266938,0.03237981801217185,0.039546656500040495,0.034391732578951076,0.03359672949618821,0.030641025641147582,0.04091442174623263,0.03311206602734059,0.033162478616952415,0.03426463932997232,0.028901345802245765,0.03178908333027942,0.03654937116484068,0.038167234233065186,0.029618044407999245,0.029663989372863804,0.035079706521062466,0.03923198539701402,0.03183114313938572,0.031618790816958696,0.03163017487331695,0.0345596378404757,0.03212706816030616,0.03465505938703158,0.030672977557030693
2024-12-16,0.027640459750302566,0.03149320716539783,0.03176334937136028,0.03334382826425103,0.0355878860691212,0.0320660894266938,0.03237981801217185,0.039546656500040495,0.034391732578951076,0.03359672949618821,0.030641025641147582,0.04091442174623263,0.03311206602734059,0.033162478616952415,0.03426463932997232,0.028901345802245765,0.03178908333027942,0.03654937116484068,0.038167234233065186,0.029618044407999245,0.029663989372863804,0.035079706521062466,0.03923198539701402,0.03183114313938572,0.031618790816958696,0.03163017487331695,0.0345596378404757,0.03212706816030616,0.03465505938703158,0.030672977557030693
2024-12-17,0.027640459750302566,0.03149320716539783,0.03176334937136028,0.03334382826425103,0.0355878860691212,0.0320660894266938,0.03237981801217185,0.039546656500040495,0.034391732578951076,0.03359672949618821,0.030641025641147582,0.04091442174623263,0.03311206602734059,0.033162478616952415,0.03426463932997232,0.028901345802245765,0.03178908333027942,0.03654937116484068,0.038167234233065186,0.029618044407999245,0.029663989372863804,0.035079706521062466,0.03923198539701402,0.03183114313938572,0.031618790816958696,0.03163017487331695,0.0345596378404757,0.03212706816030616,0.03465505938703158,0.030672977557030693
2024-12-18,0.027640459750302566,0.03149320716539783,0.03176334937136028,0.03334382826425103,0.0355878860691212,0.0320660894266938,0.03237981801217185,0.039546656500040495,0.034391732578951076,0.03359672949618821,0.030641025641147582,0.04091442174623263,0.03311206602734059,0.033162478616952415,0.03426463932997232,0.028901345802245765,0.03178908333027942,0.03654937116484068,0.038167234233065186,0.029618044407999245,0.029663989372863804,0.035079706521062466,0.03923198539701402,0.03183114313938572,0.031618790816958696,0.03163017487331695,0.0345596378404757,0.03212706816030616,0.03465505938703158,0.030672977557030693
2024-12-19,0.027640459750302566,0.03149320716539783,0.03176334937136028,0.03334382826425103,0.0355878860691212,0.0320660894266938,0.03237981801217185,0.039546656500040495,0.034391732578951076,0.03359672949618821,0.030641025641147582,0.04091442174623263,0.03311206602734059,0.033162478616952415,0.03426463932997232,0.028901345802245765,0.03178908333027942,0.03654937116484068,0.038167234233065186,0.029618044407999245,0.029663989372863804,0.035079706521062466,0.03923198539701402,0.03183114313938572,0.031618790816958696,0.03163017487331695,0.0345596378404757,0.03212706816030616,0.03465505938703158,0.030672977557030693
2024-12-20,0.027640459750302566,0.03149320716539783,0.03176334937136028,0.03334382826425103,0.0355878860691212,0.0320660894266938,0.03237981801217185,0.039546656500040495,0.034391732578951076,0.03359672949618821,0.030641025641147582,0.04091442174623263,0.03311206602734059,0.033162478616952415,0.03426463932997232,0.028901345802245765,0.03178908333027942,0.03654937116484068,0.038167234233065186,0.029618044407999245,0.029663989372863804,0.035079706521062466,0.03923198539701402,0.03183114313938572,0.031618790816958696,0.03163017487331695,0.0345596378404757,0.03212706816030616,0.03465505938703158,0.030672977557030693
2024-12-23,0.027640459750302566,0.03149320716539783,0.03176334937136028,0.03334382826425103,0.0355878860691212,0.0320660894266938,0.03237981801217185,0.039546656500040495,0.034391732578951076,0.03359672949618821,0.030641025641147582,0.04091442174623263,0.03311206602734059,0.033162478616952415,0.03426463932997232,0.028901345802245765,0.03178908333027942,0.03654937116484068,0.038167234233065186,0.029618044407999245,0.029663989372863804,0.035079706521062466,0.03923198539701402,0.03183114313938572,0.031618790816958696,0.03163017487331695,0.0345596378404757,0.03212706816030616,0.03465505938703158,0.030672977557030693
2024-12-24,0.027640459750302566,0.03149320716539783,0.03176334937136028,0.03334382826425103,0.0355878860691212,0.0320660894266938,0.03237981801217185,0.039546656500040495,0.034391732578951076,0.03359672949618821,0.030641025641147582,0.04091442174623263,0.03311206602734059,0.033162478616952415,0.03426463932997232,0.028901345802245765,0.03178908333027942,0.03654937116484068,0.038167234233065186,0.029618044407999245,0.029663989372863804,0.035079706521062466,0.03923198539701402,0.03183114313938572,0.031618790816958696,0.03163017487331695,0.0345596378404757,0.03212706816030616,0.03465505938703158,0.030672977557030693
2024-12-25,0.027640459750302566,0.03149320716539783,0.03176334937136028,0.03334382826425103,0.0355878860691212,0.0320660894266938,0.03237981801217185,0.039546656500040495,0.034391732578951076,0.03359672949618821,0.030641025641147582,0.04091442174623263,0.03311206602734059,0.033162478616952415,0.03426463932997232,0.028901345802245765,0.03178908333027942,0.03654937116484068,0.038167234233065186,0.029618044407999245,0.029663989372863804,0.035079706521062466,0.03923198539701402,0.03183114313938572,0.031618790816958696,0.03163017487331695,0.0345596378404757,0.03212706816030616,0.03465505938703158,0.030672977557030693
2024-12-26,0.027640459750302566,0.03149320716539783,0.03176334937136028,0.03334382826425103,0.0355878860691212,0.0320660894266938,0.03237981801217185,0.039546656500040495,0.034391732578951076,0.03359672949618821,0.030641025641147582,0.04091442174623263,0.03311206602734059,0.033162478616952415,0.03426463932997232,0.028901345802245765,0.03178908333027942,0.03654937116484068,0.038167234233065186,0.029618044407999245,0.029663989372863804,0.035079706521062466,0.03923198539701402,0.03183114313938572,0.031618790816958696,0.03163017487331695,0.0345596378404757,0.03212706816030616,0.03465505938703158,0.030672977557030693
2024-12-27,0.027640459750302566,0.03149320716539783,0.03176334937136028,0.03334382826425103,0.0355878860691212,0.0320660894266938,0.03237981801217185,0.039546656500040495,0.034391732578951076,0.03359672949618821,0.030641025641147582,0.04091442174623263,0.03311206602734059,0.033162478616952415,0.03426463932997232,0.028901345802245765,0.03178908333027942,0.03654937116484068,0.038167234233065186,0.029618044407999245,0.029663989372863804,0.035079706521062466,0.03923198539701402,0.03183114313938572,0.031618790816958696,0.03163017487331695,0.0345596378404757,0.03212706816030616,0.03465505938703158,0.030672977557030693
2024-12-30,0.027640459750302566,0.03149320716539783,0.03176334937136028,0.03334382826425103,0.0355878860691212,0.0320660894266938,0.03237981801217185,0.039546656500040495,0.034391732578951076,0.03359672949618821,0.030641025641147582,0.04091442174623263,0.03311206602734059,0.033162478616952415,0.03426463932997232,0.028901345802245765,0.03178908333027942,0.03654937116484068,0.038167234233065186,0.029618044407999245,0.029663989372863804,0.035079706521062466,0.03923198539701402,0.03183114313938572,0.031618790816958696,0.03163017487331695,0.0345596378404757,0.03212706816030616,0.03465505938703158,0.030672977557030693
2024-12-31,0.027640459750302566,0.03149320716539783,0.03176334937136028,0.03334382826425103,0.0355878860691212,0.0320660894266938,0.03237981801217185,0.039546656500040495,0.034391732578951076,0.03359672949618821,0.030641025641147582,0.04091442174623263,0.03311206602734059,0.033162478616952415,0.03426463932997232,0.028901345802245765,0.03178908333027942,0.03654937116484068,0.038167234233065186,0.029618044407999245,0.029663989372863804,0.035079706521062466,0.03923198539701402,0.03183114313938572,0.031618790816958696,0.03163017487331695,0.0345596378404757,0.03212706816030616,0.03465505938703158,0.030672977557030693
