rebalance_date,accept_rate_history,accept_rate_mean,rhat,rhat_mean,ess,ess_mean,ess_min,step_size_history,final_step_size,csn_herfindahl,mv_herfindahl
2022-06-30,"[1.  1.  1.  1.  1.  1.  1.  0.5 1.  1.  1.  1.  1.  1.  1.  1.  1.  1.
 1.  0.5 1.  1.  0.5 0.5 0.5 0.  0.  0.5 1.  0.5 0.5 0.5 1.  1.  1.  0.5
 0.5 1.  0.5 0.5 0.5 1.  1.  0.5 1.  0.5 1.  1.  1.  1.  1.  0.5 0.5 1.
 1.  1.  1.  1.  0.  0.  0.  0.5 0.5 0.  0.5 0.5 1.  1.  0.5 1.  0.  0.5
 1.  0.5 0.5 1.  1.  0.5 0.5 0.5 0.  0.5 0.5 1.  1.  0.  0.5 0.5 1.  1.
 0.  1.  1.  0.5 1.  0.5 0.5 0.5 0.5 1.  1.  1.  1.  1.  1.  1.  1.  0.5
 0.5 0.5 0.5 1.  0.5 1.  1.  0.5 1.  0.  0.5 0.5 0.  0.5 0.5 1.  1.  0.5
 0.5 0.5 0.5 1.  1.  0.5 0.5 1.  1.  1.  0.5 1.  0.5 0.5 1.  1.  1.  0.5
 0.5 0.5 0.5 0.5 0.5 0.5 1.  1.  0.5 1.  1.  1.  0.5 0.  0.  0.  0.5 1.
 0.5 0.5 1.  0.5 0.5 1.  0.5 0.5 0.  1.  0.5 1.  0.  0.5 0.5 1.  1.  1.
 1.  1.  0.5 0.5 0.  0.  0.5 0.5 0.5 1.  1.  1.  0.5 0.5 0.5 1.  1.  0.5
 1.  1.  1.  0.5 1.  1.  1.  0.  0.5 1.  1.  1.  1.  0.  0.5 0.5 1.  1.
 1.  1.  1.  1.  0.5 1.  1.  1.  1.  1.  1.  1.  0.5 0.5 1.  1.  1.  0.5
 0.5 1.  1.  1.  1.  1.  0.5 1.  0.  1.  1.  0.5 0.5 1.  1.  0.  0.5 0.5
 1.  0.5 0.  0.5 0.5 0.5 0.5 1.  0.5 1.  1.  0.5 0.  0.  1.  1.  0.  0.5
 0.5 0.5 1.  0.5 1.  0.5 0.5 0.  0.  0.5 1.  0.5 0.5 0.5 0.5 0.  0.  0.5
 1.  1.  1.  1.  1.  0.5 0.5 1.  1.  0.5 0.5 1. ]",0.6933333333333334,"[1.         1.         1.         1.         1.         1.
 1.03131586 1.         1.         1.         1.         1.0027791
 1.00336249 1.00930503 1.00434539 1.         1.0031154  1.01384706
 1.00457435 1.         1.01569021 1.00685445]",1.0043267880983644,"[210.78664785 228.19542926 177.54265236 231.14153061 342.60171019
 239.87434429 121.34391733 241.25589974 172.48139363 239.69266114
 174.0247668  181.74942639 177.40143442 201.91023968 306.13767217
 253.16834742 184.80243628 196.40248594 159.92704738 249.89147985
 291.59951732 265.77024928]",220.35005860684444,121.34391733413743,"[0.8 5.  5.  5.  5.  5.  5.  5.  5.  5.  5.  5.  5.  5.  5.  5.  5.  5.
 5.  5.  5.  5.  5.  5.  5.  5.  5.  5.  5.  5.  5.  5.  5.  5.  5.  5.
 5.  5.  5.  5.  5.  5.  5.  5.  5.  5.  5.  5.  5.  5.  5.  5.  5.  5.
 5.  5.  5.  5.  5.  5.  5.  5.  5.  5.  5.  5.  5.  5.  5.  5.  5.  5.
 5.  5.  5.  5.  5.  5.  5.  5.  5.  5.  5.  5.  5.  5.  5.  5.  5.  5.
 5.  5.  5.  5.  5.  5.  5.  5.  5.  5.  5.  5.  5.  5.  5.  5.  5.  5.
 5.  5.  5.  5.  5.  5.  5.  5.  5.  5.  5.  5.  5.  5.  5.  5.  5.  5.
 5.  5.  5.  5.  5.  5.  5.  5.  5.  5.  5.  5.  5.  5.  5.  5.  5.  5.
 5.  5.  5.  5.  5.  5.  5.  5.  5.  5.  5.  5.  5.  5.  5.  5.  5.  5.
 5.  5.  5.  5.  5.  5.  5.  5.  5.  5.  5.  5.  5.  5.  5.  5.  5.  5.
 5.  5.  5.  5.  5.  5.  5.  5.  5.  5.  5.  5.  5.  5.  5.  5.  5.  5.
 5.  5.  5.  5.  5.  5.  5.  5.  5.  5.  5.  5.  5.  5.  5.  5.  5.  5.
 5.  5.  5.  5.  5.  5.  5.  5.  5.  5.  5.  5.  5.  5.  5.  5.  5.  5.
 5.  5.  5.  5.  5.  5.  5.  5.  5.  5.  5.  5.  5.  5.  5.  5.  5.  5.
 5.  5.  5.  5.  5.  5.  5.  5.  5.  5.  5.  5.  5.  5.  5.  5.  5.  5.
 5.  5.  5.  5.  5.  5.  5.  5.  5.  5.  5.  5.  5.  5.  5.  5.  5.  5.
 5.  5.  5.  5.  5.  5.  5.  5.  5.  5.  5.  5. ]",5.0,0.09945848339451668,0.9999999999999949
2022-07-31,"[1.  1.  0.5 1.  0.5 1.  0.  0.5 0.  0.  0.  0.  0.5 0.5 0.5 0.5 0.  0.5
 1.  0.  0.5 1.  0.5 1.  0.5 0.5 0.5 0.5 1.  0.5 0.  0.5 1.  0.  0.5 0.5
 0.5 0.5 1.  0.5 0.  0.  0.5 1.  0.  0.  0.  0.  0.5 0.5 1.  0.5 1.  0.5
 0.5 0.  0.  0.5 0.  1.  0.5 1.  0.5 0.5 1.  0.5 1.  0.  0.5 0.5 0.5 0.5
 0.5 0.5 0.  1.  0.  0.5 0.5 0.5 0.5 1.  0.  0.5 0.  0.  1.  0.5 0.5 0.5
 0.5 0.  0.5 0.  0.  0.5 0.  0.  0.  0.5 0.5 0.5 0.5 0.5 0.5 0.5 1.  0.
 0.5 0.5 0.5 0.5 0.  1.  0.5 0.  0.  0.5 0.5 0.5 0.5 1.  0.5 0.5 1.  0.5
 0.5 0.5 1.  1.  1.  0.5 0.5 0.5 0.5 0.5 0.5 0.5 0.5 0.5 0.  0.5 1.  0.
 0.  1.  0.5 0.5 0.5 0.5 0.5 0.5 0.5 0.5 0.5 0.5 0.5 1.  0.  0.  0.5 1.
 0.5 1.  0.  0.5 1.  1.  0.5 0.5 0.  0.5 0.5 0.  0.5 1.  0.5 0.5 0.5 0.
 0.5 0.  1.  0.5 0.  0.5 1.  0.5 0.5 0.5 0.5 0.  0.5 0.  1.  0.5 0.5 1.
 0.  0.5 1.  0.5 0.5 0.5 0.  0.5 1.  0.5 0.5 1.  1.  1.  1.  0.  0.5 0.5
 0.  0.5 0.5 0.  1.  0.  0.5 0.  0.5 0.5 0.  0.5 1.  0.5 0.5 0.5 0.5 0.5
 0.5 0.5 0.5 0.5 0.5 0.  0.5 1.  0.5 1.  0.  1.  0.5 0.  0.5 0.  1.  1.
 0.5 1.  0.  0.  1.  1.  0.5 1.  0.5 1.  0.  0.  1.  0.  0.5 0.5 0.  0.5
 0.5 0.  0.  0.5 0.5 0.5 0.  0.5 0.5 0.5 0.5 1.  0.5 0.5 0.  0.5 0.  0.5
 0.5 1.  0.5 1.  0.5 1.  1.  0.5 0.5 0.  0.5 1. ]",0.48833333333333334,"[1.01318468 1.00071982 1.         1.02039093 1.00092305 1.00383371
 1.00092421 1.         1.         1.         1.         1.00708162
 1.00256604 1.         1.00320416 1.00520687 1.00722606 1.
 1.         1.00861647 1.03020963 1.00743059]",1.0050689930335241,"[116.66437826 127.29912587 217.30492303 147.39942448 179.28715505
 202.53631129 219.66055766 151.40230912 161.3267852  200.67923514
 181.47768327 125.62260982 144.14378854 195.47584553 167.04897892
 154.69531969 136.02640709 132.02731939 176.67268163 180.55853392
 142.96986046 132.58198494]",163.3118735587885,116.66437826333407,"[0.8 5.  5.  5.  5.  5.  5.  5.  5.  5.  5.  5.  5.  5.  5.  5.  5.  5.
 5.  5.  5.  5.  5.  5.  5.  5.  5.  5.  5.  5.  5.  5.  5.  5.  5.  5.
 5.  5.  5.  5.  5.  5.  5.  5.  5.  5.  5.  5.  5.  5.  5.  5.  5.  5.
 5.  5.  5.  5.  5.  5.  5.  5.  5.  5.  5.  5.  5.  5.  5.  5.  5.  5.
 5.  5.  5.  5.  5.  5.  5.  5.  5.  5.  5.  5.  5.  5.  5.  5.  5.  5.
 5.  5.  5.  5.  5.  5.  5.  5.  5.  5.  5.  5.  5.  5.  5.  5.  5.  5.
 5.  5.  5.  5.  5.  5.  5.  5.  5.  5.  5.  5.  5.  5.  5.  5.  5.  5.
 5.  5.  5.  5.  5.  5.  5.  5.  5.  5.  5.  5.  5.  5.  5.  5.  5.  5.
 5.  5.  5.  5.  5.  5.  5.  5.  5.  5.  5.  5.  5.  5.  5.  5.  5.  5.
 5.  5.  5.  5.  5.  5.  5.  5.  5.  5.  5.  5.  5.  5.  5.  5.  5.  5.
 5.  5.  5.  5.  5.  5.  5.  5.  5.  5.  5.  5.  5.  5.  5.  5.  5.  5.
 5.  5.  5.  5.  5.  5.  5.  5.  5.  5.  5.  5.  5.  5.  5.  5.  5.  5.
 5.  5.  5.  5.  5.  5.  5.  5.  5.  5.  5.  5.  5.  5.  5.  5.  5.  5.
 5.  5.  5.  5.  5.  5.  5.  5.  5.  5.  5.  5.  5.  5.  5.  5.  5.  5.
 5.  5.  5.  5.  5.  5.  5.  5.  5.  5.  5.  5.  5.  5.  5.  5.  5.  5.
 5.  5.  5.  5.  5.  5.  5.  5.  5.  5.  5.  5.  5.  5.  5.  5.  5.  5.
 5.  5.  5.  5.  5.  5.  5.  5.  5.  5.  5.  5. ]",5.0,0.05442682101883342,0.8548365597675277
2022-08-31,"[1.  0.  0.5 0.5 1.  0.5 0.  0.5 0.5 1.  1.  1.  0.  0.5 1.  0.5 0.  0.5
 0.5 0.5 0.  0.5 0.5 0.5 0.  0.  0.5 0.  0.  1.  0.  1.  1.  0.  0.  0.
 0.5 0.5 0.5 0.5 0.5 0.5 0.  0.5 0.5 0.  0.5 0.5 1.  1.  1.  0.  1.  0.5
 1.  0.  0.  0.  0.  0.  0.  0.5 0.5 0.5 0.5 0.5 0.5 0.  0.  0.5 0.  0.
 0.5 0.5 0.5 0.5 0.  0.5 0.  0.5 1.  0.5 0.  0.5 0.  0.5 0.  0.5 0.5 0.5
 0.  1.  1.  0.5 0.  0.  0.5 0.  1.  1.  0.5 0.5 0.  0.5 0.  0.5 0.5 0.5
 0.5 0.  0.5 0.  0.  0.5 0.5 0.  0.  0.  0.  0.  0.  1.  0.5 0.5 1.  0.
 0.5 0.  0.5 0.5 1.  0.  0.5 0.  1.  1.  0.5 0.  0.5 1.  0.5 0.  0.5 0.
 1.  0.5 0.5 0.  0.5 0.  0.  0.  0.  1.  1.  0.  0.5 0.5 1.  0.5 0.5 0.5
 0.5 0.5 0.5 0.  0.5 1.  1.  0.5 0.5 0.5 0.  0.  1.  1.  0.  0.5 1.  0.5
 1.  0.  0.5 1.  0.5 1.  0.5 0.  0.5 0.5 0.5 1.  0.  1.  0.5 0.  0.  0.
 0.  0.  1.  0.  0.5 0.  0.  0.  0.  0.5 0.5 1.  0.5 0.5 1.  0.  0.5 0.
 0.5 1.  0.  0.5 0.5 0.5 0.5 0.  0.5 0.5 0.5 0.5 0.5 0.5 1.  0.  0.5 0.
 0.5 0.5 0.5 0.5 0.5 0.  0.  0.5 0.5 1.  0.5 0.5 1.  0.  0.5 0.5 0.5 1.
 0.5 0.5 0.5 0.5 1.  0.5 0.5 0.5 0.5 1.  0.  0.5 1.  0.  1.  0.5 1.  0.5
 0.5 0.  1.  0.5 0.5 0.5 0.  1.  0.5 0.5 1.  0.5 0.  0.5 0.5 0.  0.  0.5
 0.5 0.5 0.5 1.  0.  0.5 0.5 0.  0.5 0.5 0.5 1. ]",0.43833333333333335,"[1.         1.00814739 1.00435086 1.         1.         1.
 1.         1.04171437 1.         1.         1.00494129 1.00570041
 1.02902372 1.02295828 1.06606705 1.04348538 1.         1.
 1.00625691 1.         1.01153923 1.00273953]",1.011223837004216,"[117.09861253  82.06106186 110.03637654 143.06292258 114.76083262
  96.20072329 154.02916601 123.5859477  195.90319075 104.15164786
  78.69245524 114.80381908  57.81080357 127.54044799  18.86158581
  86.98942557 103.07396948  81.51335937 115.946589   126.68253392
  82.60780427 102.04842438]",106.24825906405182,18.86158581068729,"[0.8 5.  5.  5.  5.  5.  5.  5.  5.  5.  5.  5.  5.  5.  5.  5.  5.  5.
 5.  5.  5.  5.  5.  5.  5.  5.  5.  5.  5.  5.  5.  5.  5.  5.  5.  5.
 5.  5.  5.  5.  5.  5.  5.  5.  5.  5.  5.  5.  5.  5.  5.  5.  5.  5.
 5.  5.  5.  5.  5.  5.  5.  5.  5.  5.  5.  5.  5.  5.  5.  5.  5.  5.
 5.  5.  5.  5.  5.  5.  5.  5.  5.  5.  5.  5.  5.  5.  5.  5.  5.  5.
 5.  5.  5.  5.  5.  5.  5.  5.  5.  5.  5.  5.  5.  5.  5.  5.  5.  5.
 5.  5.  5.  5.  5.  5.  5.  5.  5.  5.  5.  5.  5.  5.  5.  5.  5.  5.
 5.  5.  5.  5.  5.  5.  5.  5.  5.  5.  5.  5.  5.  5.  5.  5.  5.  5.
 5.  5.  5.  5.  5.  5.  5.  5.  5.  5.  5.  5.  5.  5.  5.  5.  5.  5.
 5.  5.  5.  5.  5.  5.  5.  5.  5.  5.  5.  5.  5.  5.  5.  5.  5.  5.
 5.  5.  5.  5.  5.  5.  5.  5.  5.  5.  5.  5.  5.  5.  5.  5.  5.  5.
 5.  5.  5.  5.  5.  5.  5.  5.  5.  5.  5.  5.  5.  5.  5.  5.  5.  5.
 5.  5.  5.  5.  5.  5.  5.  5.  5.  5.  5.  5.  5.  5.  5.  5.  5.  5.
 5.  5.  5.  5.  5.  5.  5.  5.  5.  5.  5.  5.  5.  5.  5.  5.  5.  5.
 5.  5.  5.  5.  5.  5.  5.  5.  5.  5.  5.  5.  5.  5.  5.  5.  5.  5.
 5.  5.  5.  5.  5.  5.  5.  5.  5.  5.  5.  5.  5.  5.  5.  5.  5.  5.
 5.  5.  5.  5.  5.  5.  5.  5.  5.  5.  5.  5. ]",5.0,0.05548568255538895,0.9999999999999947
2022-09-30,"[1.  0.5 0.5 0.  1.  0.5 0.  0.5 0.5 0.5 1.  1.  0.5 1.  1.  0.5 0.5 1.
 1.  0.5 0.  0.5 1.  0.5 1.  0.5 0.5 0.5 0.5 0.  0.  0.5 0.5 0.5 0.  0.5
 0.5 1.  0.5 0.5 0.  1.  0.5 1.  0.5 0.  0.  1.  0.  0.5 0.  1.  0.5 0.5
 0.5 1.  0.5 0.  0.  1.  0.5 0.5 1.  0.5 0.5 1.  0.5 0.5 0.5 1.  0.5 0.5
 1.  1.  0.5 0.5 1.  0.5 0.  0.  1.  0.5 0.  0.  1.  0.5 0.5 0.5 0.  0.5
 1.  0.  0.5 0.  0.  0.5 0.5 0.  1.  1.  1.  0.5 0.5 1.  0.  1.  0.  0.5
 0.5 0.5 0.5 0.  0.5 0.5 1.  0.  1.  1.  0.5 0.  0.5 0.  1.  1.  1.  0.5
 1.  0.5 1.  0.5 0.5 0.  0.5 0.5 0.5 0.  0.  0.  0.5 1.  0.5 1.  0.  0.
 0.5 0.5 1.  0.5 0.5 0.5 0.5 0.  0.  0.5 1.  0.5 0.5 0.5 0.5 0.5 1.  0.
 0.5 0.5 0.  0.5 0.  0.5 0.  0.  0.5 0.5 0.  0.  0.  0.5 0.  0.  0.5 0.
 0.  0.  0.5 0.  0.5 0.5 0.5 0.5 0.5 0.5 1.  0.5 0.5 0.  1.  0.5 0.  0.5
 0.5 0.  1.  0.5 0.  0.5 0.5 0.5 0.5 1.  1.  0.  1.  0.5 0.5 0.  0.5 0.
 0.  0.5 0.5 0.5 0.5 0.5 0.  0.5 0.5 0.5 0.  0.5 0.5 0.5 0.5 0.5 0.5 0.
 0.  0.  0.5 0.5 0.5 0.5 0.5 0.5 0.5 0.  0.5 1.  1.  1.  0.  0.5 0.5 1.
 0.5 1.  0.5 0.  1.  1.  0.5 0.  0.5 1.  1.  0.  0.5 0.  1.  0.  0.  0.5
 0.  0.5 0.5 0.5 0.  0.5 1.  0.5 1.  0.5 1.  1.  0.5 0.5 1.  0.5 0.  0.5
 0.5 0.  1.  0.  0.5 0.5 0.5 1.  0.  0.  0.5 0.5]",0.4816666666666667,"[1.00970805 1.         1.00347349 1.         1.01735049 1.05312579
 1.         1.01633024 1.00636724 1.0043195  1.00381855 1.
 1.         1.01851999 1.00925673 1.         1.01025476 1.
 1.00515998 1.00505178 1.         1.03813065]",1.0091303293613725,"[118.5848744  146.63661004  99.33335155  64.30041944  79.22816216
  57.63028499 123.92845591  94.2345459   94.28366404 123.98540685
  65.33499585 180.17946375 103.50537695 139.59830596 130.04062049
 130.73646525 117.21021958 185.58842334 205.0593884  137.5816847
 146.300642    27.83130599]",116.8687576153198,27.831305989778507,"[0.8 5.  5.  5.  5.  5.  5.  5.  5.  5.  5.  5.  5.  5.  5.  5.  5.  5.
 5.  5.  5.  5.  5.  5.  5.  5.  5.  5.  5.  5.  5.  5.  5.  5.  5.  5.
 5.  5.  5.  5.  5.  5.  5.  5.  5.  5.  5.  5.  5.  5.  5.  5.  5.  5.
 5.  5.  5.  5.  5.  5.  5.  5.  5.  5.  5.  5.  5.  5.  5.  5.  5.  5.
 5.  5.  5.  5.  5.  5.  5.  5.  5.  5.  5.  5.  5.  5.  5.  5.  5.  5.
 5.  5.  5.  5.  5.  5.  5.  5.  5.  5.  5.  5.  5.  5.  5.  5.  5.  5.
 5.  5.  5.  5.  5.  5.  5.  5.  5.  5.  5.  5.  5.  5.  5.  5.  5.  5.
 5.  5.  5.  5.  5.  5.  5.  5.  5.  5.  5.  5.  5.  5.  5.  5.  5.  5.
 5.  5.  5.  5.  5.  5.  5.  5.  5.  5.  5.  5.  5.  5.  5.  5.  5.  5.
 5.  5.  5.  5.  5.  5.  5.  5.  5.  5.  5.  5.  5.  5.  5.  5.  5.  5.
 5.  5.  5.  5.  5.  5.  5.  5.  5.  5.  5.  5.  5.  5.  5.  5.  5.  5.
 5.  5.  5.  5.  5.  5.  5.  5.  5.  5.  5.  5.  5.  5.  5.  5.  5.  5.
 5.  5.  5.  5.  5.  5.  5.  5.  5.  5.  5.  5.  5.  5.  5.  5.  5.  5.
 5.  5.  5.  5.  5.  5.  5.  5.  5.  5.  5.  5.  5.  5.  5.  5.  5.  5.
 5.  5.  5.  5.  5.  5.  5.  5.  5.  5.  5.  5.  5.  5.  5.  5.  5.  5.
 5.  5.  5.  5.  5.  5.  5.  5.  5.  5.  5.  5.  5.  5.  5.  5.  5.  5.
 5.  5.  5.  5.  5.  5.  5.  5.  5.  5.  5.  5. ]",5.0,0.05099937961465125,0.5526577709385364
2022-10-31,"[1.  0.  0.  0.  1.  0.5 0.  0.5 0.  0.  0.5 0.  1.  0.5 0.  0.5 0.  1.
 0.  1.  0.  0.5 0.5 0.5 0.  0.  0.5 1.  0.5 0.  0.5 0.5 0.5 0.  0.  0.5
 1.  0.5 0.5 1.  0.  0.  0.  0.  0.5 0.5 1.  1.  0.5 0.  0.  0.5 0.5 0.
 1.  0.  0.5 0.  0.5 1.  0.  1.  1.  0.  0.  0.5 0.  0.  0.5 0.5 0.5 0.5
 0.5 0.  0.5 1.  0.  0.  0.  0.  0.5 0.5 0.5 1.  1.  0.5 0.  0.  0.5 0.5
 0.5 0.  0.  0.5 1.  0.  0.5 1.  0.  0.  1.  0.5 0.5 0.  0.5 0.5 0.  0.5
 0.5 0.5 0.  1.  0.5 0.5 0.5 0.5 0.5 0.  0.5 0.5 0.5 0.5 0.5 1.  1.  0.5
 0.  0.  1.  0.  0.5 1.  1.  0.5 0.5 0.5 0.5 1.  0.5 0.  0.5 0.  0.  0.5
 0.5 1.  1.  1.  0.5 0.  0.5 0.5 0.  0.5 0.5 1.  0.  1.  1.  0.  0.  0.5
 0.5 0.5 0.  0.5 0.5 0.  0.  1.  0.5 0.5 0.5 1.  0.  0.  0.  0.5 1.  0.
 1.  1.  1.  1.  0.5 0.5 1.  0.5 0.  1.  1.  1.  0.5 0.5 1.  0.5 1.  1.
 1.  1.  1.  0.  0.5 0.5 1.  0.  0.5 0.5 0.5 1.  0.  0.5 0.  0.  0.5 0.5
 0.5 0.5 0.5 0.  1.  0.5 0.5 0.5 0.  0.  0.  0.  0.5 0.5 1.  0.  1.  1.
 0.  1.  0.5 1.  0.  0.5 0.5 0.  0.5 0.5 0.5 0.5 0.5 0.5 0.5 0.5 0.5 0.
 1.  1.  1.  0.  0.5 0.  0.5 0.  1.  1.  1.  1.  0.5 0.5 0.  0.5 0.  0.5
 0.5 0.  0.  0.  0.  0.5 0.  1.  0.5 0.5 0.5 0.5 0.5 0.5 1.  0.5 0.  1.
 0.5 1.  0.5 0.5 0.5 1.  0.5 0.  0.  1.  0.5 1. ]",0.465,"[1.00288221 1.00000326 1.00891603 1.         1.         1.01141474
 1.         1.02270506 1.03569603 1.00717466 1.00629023 1.
 1.         1.0042096  1.         1.00290951 1.         1.
 1.         1.00853213 1.00341826 1.00076671]",1.0052235650151151,"[162.40331444 220.32951951 106.37244032 147.11104238 140.8863188
 101.56743576 164.97003999  96.93117243 174.03123777 123.59216199
 213.4069982  100.71187608 108.45999904 150.59317016 166.16924634
  96.79715173 132.28198254 207.63083795 121.8783398  135.43807241
 132.08026025 118.93016824]",141.93512664156748,96.79715172765273,"[0.8        5.         5.         5.         4.51774498 5.
 5.         5.         5.         4.25401224 2.78806829 3.10134057
 2.04376859 3.84925804 4.28804954 2.84808256 3.17835771 2.1296881
 3.94454953 2.65698291 4.86729113 3.29528088 3.66088742 4.0602443
 4.49556347 3.08657045 2.13288073 2.36866086 4.17706099 4.60488154
 3.2109621  3.54184138 3.90052377 4.28877281 3.02713378 2.14847254
 2.3680107  4.01163539 4.3934883  4.80494592 5.         5.
 4.11545825 2.97320204 2.15797443 2.36261274 2.5832627  4.21216507
 5.         5.         5.         3.96301841 4.30222205 4.66540265
 3.44674202 5.         4.0517148  4.38618442 3.26568073 3.53632442
 5.         4.13472343 5.         5.         5.         5.
 5.         4.53801958 3.4338301  3.70010994 3.98375504 4.28569314
 4.60689144 4.94835792 3.77516802 4.05603514 5.         4.67165169
 3.58426772 2.7571286  2.12625926 2.28575021 2.45543602 2.63585997
 3.91349067 5.         5.         4.79031398 3.71976084 3.97739914
 4.25028487 4.53917368 3.54119286 2.76856148 2.95957499 4.30853292
 3.37612355 3.60281232 5.         4.09608252 3.22312257 3.22312257
 3.22312257 3.22312257 3.22312257 3.22312257 3.22312257 3.22312257
 3.22312257 3.22312257 3.22312257 3.22312257 3.22312257 3.22312257
 3.22312257 3.22312257 3.22312257 3.22312257 3.22312257 3.22312257
 3.22312257 3.22312257 3.22312257 3.22312257 3.22312257 3.22312257
 3.22312257 3.22312257 3.22312257 3.22312257 3.22312257 3.22312257
 3.22312257 3.22312257 3.22312257 3.22312257 3.22312257 3.22312257
 3.22312257 3.22312257 3.22312257 3.22312257 3.22312257 3.22312257
 3.22312257 3.22312257 3.22312257 3.22312257 3.22312257 3.22312257
 3.22312257 3.22312257 3.22312257 3.22312257 3.22312257 3.22312257
 3.22312257 3.22312257 3.22312257 3.22312257 3.22312257 3.22312257
 3.22312257 3.22312257 3.22312257 3.22312257 3.22312257 3.22312257
 3.22312257 3.22312257 3.22312257 3.22312257 3.22312257 3.22312257
 3.22312257 3.22312257 3.22312257 3.22312257 3.22312257 3.22312257
 3.22312257 3.22312257 3.22312257 3.22312257 3.22312257 3.22312257
 3.22312257 3.22312257 3.22312257 3.22312257 3.22312257 3.22312257
 3.22312257 3.22312257 3.22312257 3.22312257 3.22312257 3.22312257
 3.22312257 3.22312257 3.22312257 3.22312257 3.22312257 3.22312257
 3.22312257 3.22312257 3.22312257 3.22312257 3.22312257 3.22312257
 3.22312257 3.22312257 3.22312257 3.22312257 3.22312257 3.22312257
 3.22312257 3.22312257 3.22312257 3.22312257 3.22312257 3.22312257
 3.22312257 3.22312257 3.22312257 3.22312257 3.22312257 3.22312257
 3.22312257 3.22312257 3.22312257 3.22312257 3.22312257 3.22312257
 3.22312257 3.22312257 3.22312257 3.22312257 3.22312257 3.22312257
 3.22312257 3.22312257 3.22312257 3.22312257 3.22312257 3.22312257
 3.22312257 3.22312257 3.22312257 3.22312257 3.22312257 3.22312257
 3.22312257 3.22312257 3.22312257 3.22312257 3.22312257 3.22312257
 3.22312257 3.22312257 3.22312257 3.22312257 3.22312257 3.22312257
 3.22312257 3.22312257 3.22312257 3.22312257 3.22312257 3.22312257
 3.22312257 3.22312257 3.22312257 3.22312257 3.22312257 3.22312257
 3.22312257 3.22312257 3.22312257 3.22312257 3.22312257 3.22312257
 3.22312257 3.22312257 3.22312257 3.22312257 3.22312257 3.22312257
 3.22312257 3.22312257 3.22312257 3.22312257 3.22312257 3.22312257
 3.22312257 3.22312257 3.22312257 3.22312257 3.22312257 3.22312257]",3.2231225722330574,0.049951639817829276,0.9999999999999938
2022-11-30,"[1.  0.5 0.5 0.5 1.  0.5 0.5 0.5 1.  0.5 1.  0.5 0.  0.  1.  0.5 0.  1.
 0.5 1.  0.  0.5 0.5 0.5 0.  1.  0.5 0.5 0.5 0.5 1.  0.5 1.  0.5 0.  0.5
 1.  0.5 0.5 0.5 0.5 1.  0.5 0.  1.  0.  0.5 1.  1.  1.  0.5 0.  0.  1.
 0.5 0.5 0.  0.5 0.5 1.  0.5 0.5 0.5 0.5 0.  0.5 0.  1.  0.  0.5 0.  0.5
 0.5 0.5 0.  0.5 0.  0.5 0.5 0.5 1.  1.  1.  0.5 0.5 0.  0.5 0.  0.5 0.5
 1.  0.  0.5 0.5 0.  0.  1.  0.  1.  1.  0.5 1.  0.  1.  0.  0.5 0.  0.
 1.  0.  0.  0.5 0.5 0.5 0.5 0.5 0.5 0.  0.5 0.  0.5 1.  0.5 0.5 0.5 0.5
 0.5 0.  0.5 1.  0.  1.  0.5 0.5 0.5 0.5 0.5 0.5 1.  0.  1.  1.  0.5 0.
 0.5 0.  0.  0.5 0.5 0.5 1.  0.5 1.  1.  0.5 0.5 0.5 1.  0.5 0.  0.  0.5
 0.  0.5 1.  0.5 0.  1.  0.5 0.  0.5 1.  0.  1.  1.  0.  0.  0.  1.  0.5
 0.  0.5 1.  0.  0.  0.5 0.5 0.  0.  0.5 0.5 1.  1.  0.  1.  0.5 0.  1.
 0.5 0.5 0.5 0.5 0.  0.5 0.5 0.5 1.  0.5 0.5 0.5 0.5 1.  0.5 0.5 0.5 0.
 1.  0.5 0.  0.5 0.5 0.5 1.  0.  0.5 1.  0.5 1.  0.5 0.  0.5 0.5 0.5 0.5
 0.5 0.5 0.5 1.  0.  0.5 1.  1.  0.  1.  1.  0.  0.5 0.  0.5 0.5 0.5 0.5
 0.  0.  0.  0.  0.  0.5 0.  0.  1.  1.  1.  0.5 1.  0.  1.  0.5 0.5 0.5
 0.5 0.5 0.  0.5 1.  0.  1.  0.5 0.5 0.  0.  0.  0.5 1.  0.5 0.5 1.  0.
 0.  1.  1.  0.5 0.5 0.  0.  0.5 0.  0.  0.5 0.5]",0.485,"[1.         1.         1.         1.01566656 1.00115195 1.
 1.00919581 1.         1.0035117  1.         1.00467262 1.00206895
 1.00285576 1.01073125 1.         1.         1.00159851 1.
 1.00058983 1.02390797 1.         1.04925367]",1.0056911169991558,"[177.80378164 147.54039559 102.63886055  92.12903677  94.50389474
 132.93292009 121.12546476 114.02879891 139.37108675 109.40143351
 136.50695105 182.88687474  85.53515756 121.69212121 120.47094572
 189.23422156 122.29215544  92.67188071 141.73465239  74.48809115
 113.78449385  91.43411353]",122.91851510164734,74.488091151531,"[0.8 5.  5.  5.  5.  5.  5.  5.  5.  5.  5.  5.  5.  5.  5.  5.  5.  5.
 5.  5.  5.  5.  5.  5.  5.  5.  5.  5.  5.  5.  5.  5.  5.  5.  5.  5.
 5.  5.  5.  5.  5.  5.  5.  5.  5.  5.  5.  5.  5.  5.  5.  5.  5.  5.
 5.  5.  5.  5.  5.  5.  5.  5.  5.  5.  5.  5.  5.  5.  5.  5.  5.  5.
 5.  5.  5.  5.  5.  5.  5.  5.  5.  5.  5.  5.  5.  5.  5.  5.  5.  5.
 5.  5.  5.  5.  5.  5.  5.  5.  5.  5.  5.  5.  5.  5.  5.  5.  5.  5.
 5.  5.  5.  5.  5.  5.  5.  5.  5.  5.  5.  5.  5.  5.  5.  5.  5.  5.
 5.  5.  5.  5.  5.  5.  5.  5.  5.  5.  5.  5.  5.  5.  5.  5.  5.  5.
 5.  5.  5.  5.  5.  5.  5.  5.  5.  5.  5.  5.  5.  5.  5.  5.  5.  5.
 5.  5.  5.  5.  5.  5.  5.  5.  5.  5.  5.  5.  5.  5.  5.  5.  5.  5.
 5.  5.  5.  5.  5.  5.  5.  5.  5.  5.  5.  5.  5.  5.  5.  5.  5.  5.
 5.  5.  5.  5.  5.  5.  5.  5.  5.  5.  5.  5.  5.  5.  5.  5.  5.  5.
 5.  5.  5.  5.  5.  5.  5.  5.  5.  5.  5.  5.  5.  5.  5.  5.  5.  5.
 5.  5.  5.  5.  5.  5.  5.  5.  5.  5.  5.  5.  5.  5.  5.  5.  5.  5.
 5.  5.  5.  5.  5.  5.  5.  5.  5.  5.  5.  5.  5.  5.  5.  5.  5.  5.
 5.  5.  5.  5.  5.  5.  5.  5.  5.  5.  5.  5.  5.  5.  5.  5.  5.  5.
 5.  5.  5.  5.  5.  5.  5.  5.  5.  5.  5.  5. ]",5.0,0.05214718209349908,0.5922526876129148
2022-12-31,"[1.  0.5 1.  1.  0.5 0.5 1.  0.  0.5 1.  0.  0.5 0.5 1.  0.5 0.5 0.  0.5
 0.5 1.  0.5 0.5 1.  0.5 1.  1.  0.5 1.  0.5 0.5 0.  0.5 1.  0.  1.  0.5
 0.5 1.  0.  0.  0.5 0.5 0.5 0.5 0.5 1.  1.  0.5 1.  1.  0.  0.5 0.5 0.5
 1.  1.  0.  0.5 1.  1.  0.5 1.  1.  0.5 1.  0.5 0.5 0.  0.  1.  0.5 0.
 0.5 0.5 0.5 0.5 1.  0.5 0.5 0.5 0.5 1.  0.5 1.  0.5 0.5 1.  0.  1.  0.5
 0.5 0.5 0.5 0.  1.  1.  0.5 0.  1.  0.5 0.5 0.5 0.5 1.  0.5 0.5 0.5 0.5
 1.  0.  0.5 0.5 1.  1.  1.  0.5 1.  0.5 0.  0.5 0.5 1.  0.  1.  0.  1.
 0.5 1.  0.5 1.  0.5 1.  0.5 1.  0.5 0.5 0.5 1.  1.  0.5 0.  0.5 0.5 0.5
 1.  0.  0.5 0.  1.  0.5 0.5 0.  0.  1.  0.5 0.5 0.5 0.5 0.5 1.  0.5 0.5
 0.  0.  0.  1.  0.5 1.  0.  0.5 1.  1.  0.  0.  0.5 0.5 0.  0.5 0.5 0.
 0.5 0.5 0.5 0.5 0.5 0.  0.  0.  0.  0.5 0.  1.  1.  1.  0.5 0.5 1.  0.5
 1.  0.  1.  0.  0.  0.5 1.  0.5 1.  0.5 0.5 0.  1.  0.5 1.  0.5 0.5 0.
 0.  0.  1.  0.5 0.5 0.  0.5 0.5 0.5 0.5 1.  0.  0.5 1.  1.  0.5 0.5 0.5
 0.5 0.  1.  1.  1.  0.  1.  0.5 0.5 0.5 0.  0.5 0.5 0.  0.5 0.  1.  1.
 0.5 1.  1.  0.5 0.5 0.5 0.5 0.5 0.5 1.  0.5 0.5 0.5 0.  1.  0.5 0.5 1.
 1.  0.5 0.5 0.  0.5 1.  0.  0.5 0.5 1.  1.  0.5 1.  1.  0.5 1.  0.5 0.
 0.5 1.  1.  0.  0.5 1.  0.5 0.5 1.  0.5 1.  0.5]",0.5633333333333334,"[1.         1.         1.         1.01269726 1.03334226 1.00230077
 1.0108903  1.         1.         1.00173267 1.         1.00217654
 1.00168268 1.00357171 1.         1.         1.00125135 1.00040691
 1.01156819 1.01372244 1.00982112 1.        ]",1.004780191339708,"[175.07350701 149.16861538 129.22250767  99.0572783  147.90928698
 108.60998308 189.72338892 119.03372875  86.74157293 136.17121871
 173.03771331 175.02721025 177.70578316 165.35254519 150.3047798
 138.72116449 167.08995922 246.92452258 242.10981239 146.9609536
 101.61129353 182.89440554]",154.92960139913518,86.74157293120861,"[0.8 5.  5.  5.  5.  5.  5.  5.  5.  5.  5.  5.  5.  5.  5.  5.  5.  5.
 5.  5.  5.  5.  5.  5.  5.  5.  5.  5.  5.  5.  5.  5.  5.  5.  5.  5.
 5.  5.  5.  5.  5.  5.  5.  5.  5.  5.  5.  5.  5.  5.  5.  5.  5.  5.
 5.  5.  5.  5.  5.  5.  5.  5.  5.  5.  5.  5.  5.  5.  5.  5.  5.  5.
 5.  5.  5.  5.  5.  5.  5.  5.  5.  5.  5.  5.  5.  5.  5.  5.  5.  5.
 5.  5.  5.  5.  5.  5.  5.  5.  5.  5.  5.  5.  5.  5.  5.  5.  5.  5.
 5.  5.  5.  5.  5.  5.  5.  5.  5.  5.  5.  5.  5.  5.  5.  5.  5.  5.
 5.  5.  5.  5.  5.  5.  5.  5.  5.  5.  5.  5.  5.  5.  5.  5.  5.  5.
 5.  5.  5.  5.  5.  5.  5.  5.  5.  5.  5.  5.  5.  5.  5.  5.  5.  5.
 5.  5.  5.  5.  5.  5.  5.  5.  5.  5.  5.  5.  5.  5.  5.  5.  5.  5.
 5.  5.  5.  5.  5.  5.  5.  5.  5.  5.  5.  5.  5.  5.  5.  5.  5.  5.
 5.  5.  5.  5.  5.  5.  5.  5.  5.  5.  5.  5.  5.  5.  5.  5.  5.  5.
 5.  5.  5.  5.  5.  5.  5.  5.  5.  5.  5.  5.  5.  5.  5.  5.  5.  5.
 5.  5.  5.  5.  5.  5.  5.  5.  5.  5.  5.  5.  5.  5.  5.  5.  5.  5.
 5.  5.  5.  5.  5.  5.  5.  5.  5.  5.  5.  5.  5.  5.  5.  5.  5.  5.
 5.  5.  5.  5.  5.  5.  5.  5.  5.  5.  5.  5.  5.  5.  5.  5.  5.  5.
 5.  5.  5.  5.  5.  5.  5.  5.  5.  5.  5.  5. ]",5.0,0.05024058900974387,0.9999999999999947
2023-01-31,"[1.  0.  0.5 1.  0.5 0.5 1.  0.5 1.  0.  0.5 0.5 0.  0.5 0.5 0.5 1.  0.5
 0.5 0.5 1.  0.5 0.5 0.5 0.5 1.  1.  0.  1.  0.  0.5 1.  1.  0.5 0.5 0.5
 0.  1.  0.  0.  0.5 0.5 0.5 0.5 1.  1.  1.  0.  1.  1.  0.5 0.  0.5 0.5
 0.5 1.  0.5 0.5 0.5 1.  0.5 0.5 0.5 0.  1.  1.  0.5 0.  0.5 0.  0.  0.
 0.5 0.5 0.5 1.  0.5 0.5 0.  0.  0.  0.5 0.5 0.5 0.5 0.5 1.  1.  0.  0.
 0.5 1.  0.  0.5 0.5 0.  0.  0.5 0.5 0.  0.  0.  0.  0.5 0.  0.5 0.5 0.
 0.5 0.5 1.  0.  0.  0.5 0.5 0.5 1.  0.  0.  0.5 0.5 1.  0.  0.5 1.  0.5
 0.5 0.5 0.5 1.  0.5 0.5 0.5 0.5 0.  0.  0.5 0.5 1.  0.  0.5 1.  0.5 0.5
 0.5 0.5 0.5 0.  1.  0.5 1.  1.  0.  0.  0.  0.5 0.5 0.5 0.  0.5 0.5 0.5
 1.  0.  0.  1.  1.  0.5 1.  1.  0.5 0.  0.  1.  1.  1.  0.5 0.5 1.  1.
 1.  0.5 0.5 1.  0.  0.  0.  0.5 0.5 0.5 1.  0.  0.5 0.  1.  1.  0.5 0.5
 1.  0.5 1.  0.5 0.  0.5 0.5 0.  0.5 0.5 0.5 1.  0.5 0.5 0.5 0.5 0.5 0.5
 1.  0.5 1.  0.5 0.5 0.  0.  1.  1.  0.5 0.5 0.  0.  1.  0.5 0.5 0.5 0.5
 0.5 0.  0.  1.  1.  0.  0.  0.5 0.5 0.5 0.5 0.5 0.  1.  1.  1.  0.5 0.5
 0.  0.5 1.  0.5 1.  0.  0.  1.  1.  1.  1.  0.5 0.5 0.  1.  0.5 0.5 0.5
 0.  0.  0.5 1.  0.5 0.5 0.5 0.5 1.  0.5 0.5 1.  1.  0.5 1.  0.  0.  0.
 0.  0.5 1.  1.  0.5 1.  0.5 0.  0.5 1.  0.5 0.5]",0.51,"[1.00431517 1.         1.00912403 1.00885736 1.01454173 1.01013168
 1.         1.         1.         1.         1.00368051 1.
 1.         1.         1.00175505 1.00403721 1.         1.00054439
 1.         1.00226512 1.00288031 1.        ]",1.0028242073135685,"[165.13831191 147.40870236 175.31336353 121.27403817 145.93714618
 156.95173742 115.16942418 136.37407978 142.97631219 193.8354924
 175.1686987  100.23394936 189.43542698 177.56478572 144.79372608
 119.73729349 137.18582128 220.70904243 155.48826266 137.74869289
 122.19630062 100.86016012]",149.1591258381902,100.23394935976494,"[0.8 5.  5.  5.  5.  5.  5.  5.  5.  5.  5.  5.  5.  5.  5.  5.  5.  5.
 5.  5.  5.  5.  5.  5.  5.  5.  5.  5.  5.  5.  5.  5.  5.  5.  5.  5.
 5.  5.  5.  5.  5.  5.  5.  5.  5.  5.  5.  5.  5.  5.  5.  5.  5.  5.
 5.  5.  5.  5.  5.  5.  5.  5.  5.  5.  5.  5.  5.  5.  5.  5.  5.  5.
 5.  5.  5.  5.  5.  5.  5.  5.  5.  5.  5.  5.  5.  5.  5.  5.  5.  5.
 5.  5.  5.  5.  5.  5.  5.  5.  5.  5.  5.  5.  5.  5.  5.  5.  5.  5.
 5.  5.  5.  5.  5.  5.  5.  5.  5.  5.  5.  5.  5.  5.  5.  5.  5.  5.
 5.  5.  5.  5.  5.  5.  5.  5.  5.  5.  5.  5.  5.  5.  5.  5.  5.  5.
 5.  5.  5.  5.  5.  5.  5.  5.  5.  5.  5.  5.  5.  5.  5.  5.  5.  5.
 5.  5.  5.  5.  5.  5.  5.  5.  5.  5.  5.  5.  5.  5.  5.  5.  5.  5.
 5.  5.  5.  5.  5.  5.  5.  5.  5.  5.  5.  5.  5.  5.  5.  5.  5.  5.
 5.  5.  5.  5.  5.  5.  5.  5.  5.  5.  5.  5.  5.  5.  5.  5.  5.  5.
 5.  5.  5.  5.  5.  5.  5.  5.  5.  5.  5.  5.  5.  5.  5.  5.  5.  5.
 5.  5.  5.  5.  5.  5.  5.  5.  5.  5.  5.  5.  5.  5.  5.  5.  5.  5.
 5.  5.  5.  5.  5.  5.  5.  5.  5.  5.  5.  5.  5.  5.  5.  5.  5.  5.
 5.  5.  5.  5.  5.  5.  5.  5.  5.  5.  5.  5.  5.  5.  5.  5.  5.  5.
 5.  5.  5.  5.  5.  5.  5.  5.  5.  5.  5.  5. ]",5.0,0.05307837146334878,0.9999999999999951
2023-02-28,"[1.  1.  1.  0.  0.5 1.  0.  0.5 1.  0.  1.  0.5 0.5 0.  0.5 0.5 0.5 0.5
 0.  0.  0.5 1.  0.5 1.  0.5 0.5 0.5 0.5 0.5 0.5 0.5 1.  0.5 0.5 0.5 1.
 1.  1.  0.5 0.5 1.  0.5 0.  0.  0.5 0.5 0.5 0.5 1.  0.  0.5 0.5 0.5 0.5
 1.  1.  0.5 0.5 1.  1.  1.  1.  1.  0.5 1.  1.  1.  0.5 1.  0.  0.5 0.5
 1.  0.5 1.  0.5 0.5 1.  0.5 1.  0.5 0.  0.5 0.5 1.  0.5 0.5 0.5 0.  0.5
 0.5 1.  0.5 0.5 1.  0.5 0.  0.5 0.5 1.  1.  0.  0.5 0.5 0.5 1.  0.5 1.
 0.5 0.5 0.  0.  0.5 1.  1.  1.  1.  0.5 0.5 0.5 1.  1.  0.  0.  1.  1.
 0.5 1.  1.  0.5 0.5 0.5 0.5 1.  1.  0.  0.  1.  0.5 1.  0.  0.5 0.5 0.
 0.5 0.5 0.5 0.  0.5 0.5 0.5 0.  0.  0.5 1.  0.5 0.5 1.  0.5 0.5 0.5 0.
 1.  0.  0.5 1.  0.5 0.  0.  1.  1.  0.5 1.  0.5 0.  1.  0.5 0.  0.5 0.
 1.  0.5 0.  0.5 0.5 0.5 1.  0.5 0.5 0.5 0.  0.  0.5 0.  0.5 0.5 1.  0.5
 0.5 1.  1.  0.5 0.  1.  0.5 1.  0.5 0.5 0.5 0.  1.  1.  1.  0.5 0.5 0.
 0.5 0.5 0.5 0.5 1.  0.5 0.5 1.  0.  1.  1.  0.5 0.5 0.5 0.5 0.5 0.5 0.5
 0.5 0.5 0.  0.5 0.5 0.5 0.  1.  0.5 1.  0.5 0.5 0.  0.  1.  1.  1.  0.
 0.5 0.5 0.5 1.  0.  0.5 0.5 0.5 1.  1.  1.  0.5 1.  0.5 1.  0.5 0.5 1.
 0.5 0.  0.5 1.  0.5 0.5 0.5 0.5 0.5 0.5 0.5 0.5 0.  1.  0.5 1.  0.5 0.5
 0.5 1.  1.  0.5 0.  0.5 0.5 0.  0.5 0.  0.5 1. ]",0.565,"[1.         1.         1.         1.00683967 1.         1.
 1.         1.00048991 1.         1.00490142 1.00601473 1.00171844
 1.         1.00591073 1.         1.00845718 1.         1.00574727
 1.         1.         1.00139072 1.02972649]",1.0032362068954956,"[152.80048061  84.99716658 183.43536995  97.76046843 204.21904871
 211.44425522 171.9727637  188.36582685  87.71063629  89.54529423
 145.90072053 108.34791427 153.65501379 131.46776054 159.72869422
 172.87659939 224.57029048 233.41745524 241.73397389 187.77241411
 216.44485466 148.59517634]",163.48918991026832,84.99716658041464,"[0.8 5.  5.  5.  5.  5.  5.  5.  5.  5.  5.  5.  5.  5.  5.  5.  5.  5.
 5.  5.  5.  5.  5.  5.  5.  5.  5.  5.  5.  5.  5.  5.  5.  5.  5.  5.
 5.  5.  5.  5.  5.  5.  5.  5.  5.  5.  5.  5.  5.  5.  5.  5.  5.  5.
 5.  5.  5.  5.  5.  5.  5.  5.  5.  5.  5.  5.  5.  5.  5.  5.  5.  5.
 5.  5.  5.  5.  5.  5.  5.  5.  5.  5.  5.  5.  5.  5.  5.  5.  5.  5.
 5.  5.  5.  5.  5.  5.  5.  5.  5.  5.  5.  5.  5.  5.  5.  5.  5.  5.
 5.  5.  5.  5.  5.  5.  5.  5.  5.  5.  5.  5.  5.  5.  5.  5.  5.  5.
 5.  5.  5.  5.  5.  5.  5.  5.  5.  5.  5.  5.  5.  5.  5.  5.  5.  5.
 5.  5.  5.  5.  5.  5.  5.  5.  5.  5.  5.  5.  5.  5.  5.  5.  5.  5.
 5.  5.  5.  5.  5.  5.  5.  5.  5.  5.  5.  5.  5.  5.  5.  5.  5.  5.
 5.  5.  5.  5.  5.  5.  5.  5.  5.  5.  5.  5.  5.  5.  5.  5.  5.  5.
 5.  5.  5.  5.  5.  5.  5.  5.  5.  5.  5.  5.  5.  5.  5.  5.  5.  5.
 5.  5.  5.  5.  5.  5.  5.  5.  5.  5.  5.  5.  5.  5.  5.  5.  5.  5.
 5.  5.  5.  5.  5.  5.  5.  5.  5.  5.  5.  5.  5.  5.  5.  5.  5.  5.
 5.  5.  5.  5.  5.  5.  5.  5.  5.  5.  5.  5.  5.  5.  5.  5.  5.  5.
 5.  5.  5.  5.  5.  5.  5.  5.  5.  5.  5.  5.  5.  5.  5.  5.  5.  5.
 5.  5.  5.  5.  5.  5.  5.  5.  5.  5.  5.  5. ]",5.0,0.0517456194781571,0.5009143697627727
2023-03-31,"[1.  0.5 0.  0.  0.5 0.5 0.5 0.  0.  0.  0.5 0.5 0.5 0.5 0.5 0.5 0.5 0.5
 0.5 0.5 0.  0.  0.5 0.5 0.  0.  0.5 0.  0.5 1.  1.  0.  0.5 0.5 0.  0.5
 0.5 0.5 0.  0.5 1.  0.  0.5 1.  0.5 0.  0.  0.5 1.  0.  0.  1.  0.5 0.5
 0.5 0.  0.  0.5 0.  1.  0.  0.5 1.  0.5 0.5 0.  0.  1.  0.  0.  0.5 0.
 1.  1.  0.5 0.  0.  0.5 0.5 0.  1.  1.  0.5 1.  0.5 0.5 0.5 0.  0.5 0.
 0.  0.5 0.5 0.  0.  0.5 0.5 0.5 0.5 0.5 0.  0.  0.  0.5 0.  0.5 0.5 0.
 0.  0.5 0.5 0.5 0.5 0.  0.  0.5 0.5 0.  0.  0.  0.5 1.  0.  0.5 0.5 0.5
 0.  1.  0.  0.5 1.  0.5 0.  0.5 0.  0.  0.  0.  0.  0.5 0.5 0.5 0.  0.
 0.5 0.5 0.5 0.5 0.5 0.5 0.5 0.  0.5 0.5 0.5 0.  0.  1.  0.5 0.5 0.  0.
 0.  0.  0.5 0.  0.  0.5 1.  0.  0.  1.  0.5 0.5 0.5 0.  0.  0.5 0.  0.
 0.5 0.  0.5 0.  0.  1.  0.5 0.  0.  0.5 1.  0.  0.  0.5 0.5 0.  0.5 0.
 0.5 0.5 1.  0.  0.5 0.5 0.5 1.  0.  0.  0.5 1.  0.5 0.  0.5 0.5 0.5 0.
 0.5 0.  0.  0.  0.5 0.  1.  0.  0.  0.5 0.  0.5 0.  0.  0.5 0.5 0.5 0.
 0.5 0.5 0.  0.5 0.5 0.  0.  0.5 0.  0.  0.  0.5 0.  0.  0.  0.  0.  0.5
 0.5 0.5 1.  1.  0.5 0.  0.5 0.  0.5 0.5 1.  0.  0.  0.5 1.  0.5 0.  0.5
 0.  0.5 0.5 1.  0.  0.5 1.  0.5 0.  0.  0.  0.5 0.5 0.  0.5 0.  1.  0.5
 0.5 0.  0.5 0.  0.  0.  0.  0.  0.5 0.5 1.  0.5]",0.35,"[1.01414616 1.01516019 1.00665108 1.02317858 1.0010681  1.
 1.02761312 1.01244674 1.00258517 1.00634561 1.07595923 1.00950054
 1.01129836 1.00386997 1.         1.00116517 1.00107077 1.
 1.00886757 1.01223592 1.00334182 1.03763239]",1.0124607492572164,"[ 49.16229596  86.49101012 134.1138464   30.35276341 113.6999178
 107.76014901 124.74529389  31.53089543 101.12086242 113.4846527
  55.41833119  71.60811124  83.75833748  58.25426073 137.34378367
 108.61858647  77.74149398  62.36684356  54.77515703  46.60073676
  68.18892658  84.74544346]",81.90371360348102,30.352763406346813,"[0.8        5.         5.         5.         5.         5.
 5.         5.         5.         4.25401224 2.78806829 3.10134057
 3.45443645 3.84925804 4.28804954 4.77332803 5.         5.
 5.         5.         5.         5.         3.66088742 4.0602443
 4.49556347 3.08657045 2.13288073 2.36866086 1.65082323 1.83414045
 3.2109621  5.         3.90052377 4.28877281 4.70843229 3.3300432
 3.65769382 4.01163539 4.3934883  3.14186317 3.44239517 5.
 4.11545825 4.49091747 5.         5.         5.         4.21216507
 4.58137835 5.         5.         3.96301841 5.         5.
 5.         5.         5.         4.38618442 4.74357204 3.53632442
 5.         4.13472343 4.46460926 5.         5.         5.
 5.         4.53801958 5.         5.         3.98375504 4.28569314
 3.26292224 4.94835792 5.         5.         5.         4.67165169
 5.         5.         4.12432711 5.         5.         5.
 5.         5.         5.         5.         5.         5.
 5.         5.         5.         5.         5.         5.
 5.         5.         5.         5.         5.         5.
 5.         5.         5.         5.         5.         5.
 5.         5.         5.         5.         5.         5.
 5.         5.         5.         5.         5.         5.
 5.         5.         5.         5.         5.         5.
 5.         5.         5.         5.         5.         5.
 5.         5.         5.         5.         5.         5.
 5.         5.         5.         5.         5.         5.
 5.         5.         5.         5.         5.         5.
 5.         5.         5.         5.         5.         5.
 5.         5.         5.         5.         5.         5.
 5.         5.         5.         5.         5.         5.
 5.         5.         5.         5.         5.         5.
 5.         5.         5.         5.         5.         5.
 5.         5.         5.         5.         5.         5.
 5.         5.         5.         5.         5.         5.
 5.         5.         5.         5.         5.         5.
 5.         5.         5.         5.         5.         5.
 5.         5.         5.         5.         5.         5.
 5.         5.         5.         5.         5.         5.
 5.         5.         5.         5.         5.         5.
 5.         5.         5.         5.         5.         5.
 5.         5.         5.         5.         5.         5.
 5.         5.         5.         5.         5.         5.
 5.         5.         5.         5.         5.         5.
 5.         5.         5.         5.         5.         5.
 5.         5.         5.         5.         5.         5.
 5.         5.         5.         5.         5.         5.
 5.         5.         5.         5.         5.         5.
 5.         5.         5.         5.         5.         5.
 5.         5.         5.         5.         5.         5.
 5.         5.         5.         5.         5.         5.
 5.         5.         5.         5.         5.         5.
 5.         5.         5.         5.         5.         5.        ]",5.0,0.06389787443619455,0.9999999999999949
2023-04-30,"[1.  0.5 0.  0.  0.  0.  0.  0.  0.5 0.5 0.5 0.  0.  0.5 1.  0.5 0.  1.
 0.  1.  0.5 0.  0.5 1.  0.  0.  0.5 1.  0.5 0.  0.  1.  0.5 0.  0.5 0.
 0.  0.5 0.5 1.  0.5 1.  0.  1.  0.  0.  0.  0.5 0.5 0.5 0.  0.  0.  0.5
 0.5 0.  0.  0.5 0.5 1.  0.5 0.  1.  0.5 1.  0.  0.  0.5 0.5 1.  0.  0.
 0.5 0.5 0.5 0.5 0.  0.  0.  0.5 0.  0.5 0.5 0.5 1.  1.  0.  0.5 0.  0.5
 0.  1.  0.5 1.  0.  0.  0.  0.  1.  1.  0.  0.  0.5 0.5 0.  0.  0.  0.5
 1.  0.5 0.5 0.  0.  0.5 0.5 0.  0.5 1.  0.  0.5 0.  0.5 0.  0.5 0.  0.
 0.5 0.  0.5 0.5 0.5 1.  0.  0.5 0.  0.  0.5 0.  0.5 0.5 0.  0.  0.  0.
 0.  0.  0.  0.  0.5 0.5 0.  0.  0.5 0.  1.  0.  0.5 0.  0.  0.  0.  1.
 0.  0.  0.5 0.  0.  0.5 0.  1.  0.  0.  0.  0.  0.5 0.5 0.  0.  0.  0.5
 0.5 0.5 0.  0.  0.  0.5 0.5 0.5 0.5 1.  0.  0.5 0.  0.  0.  0.  0.5 0.
 0.  1.  0.5 0.  0.  1.  0.  0.  0.  0.  0.  0.5 0.5 0.5 0.  1.  0.  0.
 0.5 0.  1.  0.  0.  0.  0.  1.  0.5 0.  0.5 0.5 0.5 0.5 0.  1.  0.  0.
 0.  0.  1.  0.5 0.  0.5 1.  0.5 0.5 0.  0.  0.  0.5 0.5 0.5 0.  0.  0.5
 0.  0.5 0.  0.5 0.  0.  1.  0.5 0.5 1.  0.  1.  0.5 0.  0.  0.  0.5 0.
 0.  0.  0.5 0.  0.  0.5 0.5 0.5 0.  0.  0.5 0.5 0.  0.5 0.  1.  0.5 1.
 0.5 0.  1.  0.  0.5 0.  0.  0.5 0.  0.  1.  0. ]",0.32,"[1.         1.00445958 1.         1.         1.03087337 1.00960539
 1.01148997 1.         1.00449147 1.00348621 1.00739653 1.07919893
 1.02281315 1.01226907 1.00068083 1.00152514 1.00785458 1.02683356
 1.         1.00909184 1.02017122 1.01772331]",1.0122710969208664,"[105.38915369 107.6730653   63.71584604  82.34972287  60.18388786
 108.22832885  87.86087611 129.91869247  72.70446019  81.55151892
  44.81836977  95.92765077  70.02123317 117.19709706  86.02283639
  85.17099039  83.16621523  95.18268074  75.00886587  98.81516929
  69.32348206  81.32942093]",86.43452563443546,44.818369767009685,"[0.8        5.         5.         5.         5.         4.86729113
 3.19275087 2.0763824  1.34794339 1.48472715 1.64592529 1.83195935
 1.20916685 0.80271899 0.90195384 1.69935404 1.90321413 1.2801153
 2.38037607 1.60989405 2.96131537 3.29528088 2.24593206 2.50131281
 4.49556347 3.08657045 2.13288073 2.36866086 4.17706099 4.60488154
 3.2109621  2.25236998 3.90052377 4.28877281 3.02713378 3.3300432
 2.3680107  1.69282002 1.86629448 2.05440485 3.44239517 3.7664496
 5.         4.49091747 5.         5.         3.86809961 2.82091503
 3.07660681 3.35142304 3.64649831 2.68253963 1.98128232 1.46902827
 1.60313951 1.7474718  1.3038281  0.97629067 1.06556119 1.16169292
 1.82945721 1.98588303 1.49566286 2.3330439  2.5251195  3.9071039
 2.94984497 2.23401887 2.41397338 2.60614489 3.98375504 3.02989257
 2.31102939 2.49126454 2.68339498 2.88806904 3.1059634  2.38476748
 1.83580192 1.41680937 1.52667916 1.18217224 1.27394326 1.37181107
 1.47611498 2.19343847 3.24735151 2.52322786 2.70359799 2.10716449
 2.25811519 1.76517657 2.58832409 2.76856148 4.03818116 3.16190728
 2.48088724 1.95048633 1.5365286  2.22882831 3.22312257 3.22312257
 3.22312257 3.22312257 3.22312257 3.22312257 3.22312257 3.22312257
 3.22312257 3.22312257 3.22312257 3.22312257 3.22312257 3.22312257
 3.22312257 3.22312257 3.22312257 3.22312257 3.22312257 3.22312257
 3.22312257 3.22312257 3.22312257 3.22312257 3.22312257 3.22312257
 3.22312257 3.22312257 3.22312257 3.22312257 3.22312257 3.22312257
 3.22312257 3.22312257 3.22312257 3.22312257 3.22312257 3.22312257
 3.22312257 3.22312257 3.22312257 3.22312257 3.22312257 3.22312257
 3.22312257 3.22312257 3.22312257 3.22312257 3.22312257 3.22312257
 3.22312257 3.22312257 3.22312257 3.22312257 3.22312257 3.22312257
 3.22312257 3.22312257 3.22312257 3.22312257 3.22312257 3.22312257
 3.22312257 3.22312257 3.22312257 3.22312257 3.22312257 3.22312257
 3.22312257 3.22312257 3.22312257 3.22312257 3.22312257 3.22312257
 3.22312257 3.22312257 3.22312257 3.22312257 3.22312257 3.22312257
 3.22312257 3.22312257 3.22312257 3.22312257 3.22312257 3.22312257
 3.22312257 3.22312257 3.22312257 3.22312257 3.22312257 3.22312257
 3.22312257 3.22312257 3.22312257 3.22312257 3.22312257 3.22312257
 3.22312257 3.22312257 3.22312257 3.22312257 3.22312257 3.22312257
 3.22312257 3.22312257 3.22312257 3.22312257 3.22312257 3.22312257
 3.22312257 3.22312257 3.22312257 3.22312257 3.22312257 3.22312257
 3.22312257 3.22312257 3.22312257 3.22312257 3.22312257 3.22312257
 3.22312257 3.22312257 3.22312257 3.22312257 3.22312257 3.22312257
 3.22312257 3.22312257 3.22312257 3.22312257 3.22312257 3.22312257
 3.22312257 3.22312257 3.22312257 3.22312257 3.22312257 3.22312257
 3.22312257 3.22312257 3.22312257 3.22312257 3.22312257 3.22312257
 3.22312257 3.22312257 3.22312257 3.22312257 3.22312257 3.22312257
 3.22312257 3.22312257 3.22312257 3.22312257 3.22312257 3.22312257
 3.22312257 3.22312257 3.22312257 3.22312257 3.22312257 3.22312257
 3.22312257 3.22312257 3.22312257 3.22312257 3.22312257 3.22312257
 3.22312257 3.22312257 3.22312257 3.22312257 3.22312257 3.22312257
 3.22312257 3.22312257 3.22312257 3.22312257 3.22312257 3.22312257
 3.22312257 3.22312257 3.22312257 3.22312257 3.22312257 3.22312257
 3.22312257 3.22312257 3.22312257 3.22312257 3.22312257 3.22312257
 3.22312257 3.22312257 3.22312257 3.22312257 3.22312257 3.22312257]",3.2231225722330574,0.07242995711843536,0.502523313213124
2023-05-31,"[1.  0.  0.  0.5 0.  0.5 0.  0.5 0.  1.  0.  0.  0.5 0.5 0.5 0.5 0.5 0.5
 0.  0.5 1.  0.  0.  1.  0.  0.5 0.  0.  1.  1.  0.  0.5 0.5 0.5 0.  0.5
 0.5 0.  0.5 0.  0.5 1.  0.  1.  0.  0.  0.  0.5 1.  0.5 0.5 0.  0.  0.5
 0.5 0.5 0.  0.  0.5 1.  1.  0.  0.5 0.  1.  0.5 0.  0.  0.  0.  0.5 0.
 0.5 0.5 0.5 0.  0.  1.  0.5 0.5 0.5 1.  0.5 0.5 0.5 1.  0.  0.5 0.5 0.
 0.5 0.  0.  0.  0.  0.5 0.  0.5 0.  0.5 0.5 0.5 0.  0.5 1.  1.  0.  1.
 0.5 0.5 0.5 0.5 0.5 0.5 0.5 0.  0.5 0.  0.5 0.  0.5 1.  1.  1.  0.  0.
 0.  0.  1.  0.5 1.  0.5 0.  0.5 1.  0.  0.5 0.5 0.5 0.5 0.  1.  0.5 1.
 0.5 0.5 0.5 1.  0.5 0.5 0.5 0.5 0.  0.5 1.  1.  0.5 0.5 0.5 1.  0.5 0.5
 1.  0.  0.  0.  1.  0.5 0.  0.  1.  0.5 0.5 0.  0.5 0.5 0.  0.  1.  0.
 1.  0.5 0.5 0.5 0.5 0.  0.  0.5 0.  1.  0.5 1.  0.5 0.5 0.5 0.  0.5 1.
 0.5 0.5 1.  0.5 0.5 0.5 0.5 0.5 0.  1.  0.  0.5 0.5 0.5 1.  0.5 0.  0.5
 0.5 0.5 1.  0.5 1.  0.  0.  1.  0.5 0.  1.  0.  0.5 0.5 1.  0.5 0.  0.5
 0.5 1.  0.  1.  0.  0.  0.  1.  0.5 0.5 0.5 0.5 0.5 1.  0.  1.  1.  0.
 0.5 1.  1.  0.5 0.  0.5 1.  0.5 1.  1.  1.  0.5 1.  0.5 1.  0.5 1.  0.5
 0.5 0.5 1.  0.5 0.5 1.  0.5 0.5 0.5 0.5 1.  0.5 1.  0.5 0.5 1.  0.  1.
 0.5 0.5 1.  0.5 0.5 0.  0.5 0.5 0.5 0.5 0.  0. ]",0.4683333333333333,"[1.00420967 1.00132635 1.         1.00918776 1.01090609 1.
 1.         1.         1.00737924 1.00354535 1.00200496 1.
 1.00098616 1.         1.00549014 1.         1.01989531 1.
 1.         1.00073019 1.00303331 1.        ]",1.0031224783688613,"[120.07536471 113.11040887 177.99677803  93.63204057 136.79104475
 153.5079225  173.39773735 160.69262406 132.3986814  127.01591754
 181.50566219 178.41364325  71.96293142 222.77824537 145.02134151
 246.26044477 251.53103672 150.87157106 201.61917684 126.02006122
 214.96624445 140.64380754]",160.00966754971708,71.96293141803591,"[0.8        5.         5.         5.         5.         4.86729113
 5.         3.48825606 3.84258617 2.51317478 4.72276893 3.10134057
 2.04376859 2.28264932 2.55016316 2.84808256 3.17835771 3.54309601
 3.94454953 2.65698291 2.96131537 5.         3.66088742 2.50131281
 4.49556347 3.08657045 3.41987827 2.36866086 1.65082323 2.90620019
 5.         3.54184138 3.90052377 4.28877281 4.70843229 3.3300432
 3.65769382 4.01163539 2.86348441 3.14186317 2.25811519 2.47843659
 4.11545825 2.97320204 4.89439034 3.54779369 2.5832627  1.8891856
 2.06608333 3.35142304 3.64649831 3.96301841 2.91957471 2.15931738
 2.35066125 2.55611347 2.77651073 2.06934553 1.54778335 1.68362331
 2.64553912 4.13472343 3.10075087 3.35216194 2.5251195  3.9071039
 4.2125581  3.18402597 2.41397338 1.83561875 1.39989862 1.51439633
 1.15931901 1.25423405 1.35575508 1.46426369 1.12707582 0.86978
 1.31382798 1.41680937 1.52667916 1.6438219  2.45543602 2.63585997
 2.82758888 3.03121393 4.48097379 3.47664403 3.71976084 3.97739914
 3.09800465 3.31319694 2.58832409 2.02634891 1.58970467 1.2497072
 1.33962861 1.05595201 1.13199974 0.89461977 0.95908979 0.95908979
 0.95908979 0.95908979 0.95908979 0.95908979 0.95908979 0.95908979
 0.95908979 0.95908979 0.95908979 0.95908979 0.95908979 0.95908979
 0.95908979 0.95908979 0.95908979 0.95908979 0.95908979 0.95908979
 0.95908979 0.95908979 0.95908979 0.95908979 0.95908979 0.95908979
 0.95908979 0.95908979 0.95908979 0.95908979 0.95908979 0.95908979
 0.95908979 0.95908979 0.95908979 0.95908979 0.95908979 0.95908979
 0.95908979 0.95908979 0.95908979 0.95908979 0.95908979 0.95908979
 0.95908979 0.95908979 0.95908979 0.95908979 0.95908979 0.95908979
 0.95908979 0.95908979 0.95908979 0.95908979 0.95908979 0.95908979
 0.95908979 0.95908979 0.95908979 0.95908979 0.95908979 0.95908979
 0.95908979 0.95908979 0.95908979 0.95908979 0.95908979 0.95908979
 0.95908979 0.95908979 0.95908979 0.95908979 0.95908979 0.95908979
 0.95908979 0.95908979 0.95908979 0.95908979 0.95908979 0.95908979
 0.95908979 0.95908979 0.95908979 0.95908979 0.95908979 0.95908979
 0.95908979 0.95908979 0.95908979 0.95908979 0.95908979 0.95908979
 0.95908979 0.95908979 0.95908979 0.95908979 0.95908979 0.95908979
 0.95908979 0.95908979 0.95908979 0.95908979 0.95908979 0.95908979
 0.95908979 0.95908979 0.95908979 0.95908979 0.95908979 0.95908979
 0.95908979 0.95908979 0.95908979 0.95908979 0.95908979 0.95908979
 0.95908979 0.95908979 0.95908979 0.95908979 0.95908979 0.95908979
 0.95908979 0.95908979 0.95908979 0.95908979 0.95908979 0.95908979
 0.95908979 0.95908979 0.95908979 0.95908979 0.95908979 0.95908979
 0.95908979 0.95908979 0.95908979 0.95908979 0.95908979 0.95908979
 0.95908979 0.95908979 0.95908979 0.95908979 0.95908979 0.95908979
 0.95908979 0.95908979 0.95908979 0.95908979 0.95908979 0.95908979
 0.95908979 0.95908979 0.95908979 0.95908979 0.95908979 0.95908979
 0.95908979 0.95908979 0.95908979 0.95908979 0.95908979 0.95908979
 0.95908979 0.95908979 0.95908979 0.95908979 0.95908979 0.95908979
 0.95908979 0.95908979 0.95908979 0.95908979 0.95908979 0.95908979
 0.95908979 0.95908979 0.95908979 0.95908979 0.95908979 0.95908979
 0.95908979 0.95908979 0.95908979 0.95908979 0.95908979 0.95908979
 0.95908979 0.95908979 0.95908979 0.95908979 0.95908979 0.95908979
 0.95908979 0.95908979 0.95908979 0.95908979 0.95908979 0.95908979]",0.9590897901624057,0.04788381248849317,0.9999999999999898
2023-06-30,"[1.  0.  0.  0.  0.  0.5 0.  1.  0.  1.  0.5 0.  0.5 0.5 0.5 0.  0.5 1.
 0.  0.5 0.  0.  1.  0.5 0.  0.  0.5 0.5 0.5 0.  0.  1.  1.  0.  1.  0.
 0.5 1.  0.  0.  0.  1.  0.  0.5 0.5 0.  1.  0.5 0.5 0.5 0.  0.  0.  0.5
 0.5 1.  0.  0.5 0.5 0.5 0.5 0.  0.5 1.  0.  0.5 0.  0.  1.  0.  0.  0.5
 0.5 1.  0.5 0.5 0.5 0.  0.  0.5 0.  0.5 0.5 1.  0.5 0.5 0.  0.5 0.  0.5
 0.5 1.  0.  0.5 0.5 0.  0.  0.5 0.5 0.5 0.  0.5 0.5 0.5 0.5 1.  0.  0.5
 0.5 0.  0.  1.  1.  0.5 0.5 0.  0.5 0.5 0.  0.5 0.  1.  1.  1.  0.5 0.
 0.  0.5 1.  0.5 0.5 1.  0.5 0.5 0.  0.5 0.5 0.  0.5 0.5 0.  1.  0.5 0.5
 0.5 0.  0.5 0.5 0.  0.  1.  0.  1.  0.5 0.5 1.  0.  0.5 0.  0.  0.5 0.5
 0.  0.  0.  0.5 0.  0.  0.  0.5 0.5 0.5 1.  0.  0.  0.5 0.  0.5 1.  0.
 1.  0.5 0.5 0.5 0.  0.  0.5 0.  0.  1.  0.  0.5 0.  0.5 1.  1.  0.5 1.
 0.  0.  0.5 0.  0.  0.5 0.5 0.  0.  1.  0.  0.  0.  0.5 0.  0.  0.  0.5
 0.  0.  0.5 0.5 0.  0.  0.  0.  1.  0.  1.  0.  0.5 0.  1.  0.  0.5 0.5
 0.5 0.  0.5 1.  0.  0.5 1.  1.  1.  0.5 0.5 1.  0.5 0.5 0.  0.  0.5 0.5
 0.  0.5 0.5 0.  0.  0.  0.  0.  0.5 0.5 0.5 0.5 0.  0.5 1.  0.5 0.  0.5
 0.  0.  0.5 0.5 0.5 1.  0.5 1.  0.  0.  0.  0.5 0.  0.5 0.  0.5 0.5 0.
 0.5 1.  0.5 0.  0.5 0.5 0.  1.  0.5 0.5 1.  0. ]",0.385,"[1.00651661 1.         1.         1.0097864  1.01029777 1.01817689
 1.         1.00081973 1.01122494 1.02132559 1.0115295  1.00216647
 1.         1.         1.         1.06139854 1.00198845 1.00154994
 1.01193811 1.0366166  1.         1.02314579]",1.0103855145881906,"[ 89.72010812  79.27449793  93.97934849 106.53771311  94.44091377
  93.30060183  97.15801354 103.16554747  56.00136725  42.98842029
  59.55079189 101.00169757 129.54648821 162.79121845 106.91840287
  86.00090998 119.85666712 148.01399316  53.88978305  97.57093103
 110.45882859  70.54985953]",95.5780046925241,42.988420289136194,"[0.8        5.         5.         5.         4.51774498 2.96131537
 3.19275087 2.0763824  3.84258617 2.51317478 4.72276893 5.
 3.45443645 3.84925804 4.28804954 4.77332803 3.17835771 3.54309601
 5.         4.38510733 4.86729113 3.29528088 2.24593206 4.0602443
 4.49556347 3.08657045 2.13288073 2.36866086 2.62594542 2.90620019
 2.03426617 1.43235396 2.48967992 4.28877281 3.02713378 5.
 3.65769382 4.01163539 5.         4.80494592 3.44239517 2.47843659
 4.11545825 2.97320204 3.24991834 3.54779369 2.5832627  4.21216507
 4.58137835 4.97718898 5.         3.96301841 2.91957471 2.15931738
 2.35066125 2.55611347 4.0517148  3.01272819 3.26568073 3.53632442
 3.82565781 4.13472343 3.10075087 3.35216194 5.         3.9071039
 4.2125581  3.18402597 2.41397338 3.70010994 2.81121425 2.14206867
 2.31102939 2.49126454 3.77516802 4.05603514 4.35455788 4.67165169
 3.58426772 2.7571286  2.96131537 2.28575021 2.45543602 2.63585997
 3.91349067 4.18897455 4.48097379 3.47664403 3.71976084 2.8950016
 3.09800465 3.31319694 4.8448519  3.78263223 4.03818116 4.30853292
 3.37612355 2.65089347 2.83093106 3.0215004  3.22312257 3.22312257
 3.22312257 3.22312257 3.22312257 3.22312257 3.22312257 3.22312257
 3.22312257 3.22312257 3.22312257 3.22312257 3.22312257 3.22312257
 3.22312257 3.22312257 3.22312257 3.22312257 3.22312257 3.22312257
 3.22312257 3.22312257 3.22312257 3.22312257 3.22312257 3.22312257
 3.22312257 3.22312257 3.22312257 3.22312257 3.22312257 3.22312257
 3.22312257 3.22312257 3.22312257 3.22312257 3.22312257 3.22312257
 3.22312257 3.22312257 3.22312257 3.22312257 3.22312257 3.22312257
 3.22312257 3.22312257 3.22312257 3.22312257 3.22312257 3.22312257
 3.22312257 3.22312257 3.22312257 3.22312257 3.22312257 3.22312257
 3.22312257 3.22312257 3.22312257 3.22312257 3.22312257 3.22312257
 3.22312257 3.22312257 3.22312257 3.22312257 3.22312257 3.22312257
 3.22312257 3.22312257 3.22312257 3.22312257 3.22312257 3.22312257
 3.22312257 3.22312257 3.22312257 3.22312257 3.22312257 3.22312257
 3.22312257 3.22312257 3.22312257 3.22312257 3.22312257 3.22312257
 3.22312257 3.22312257 3.22312257 3.22312257 3.22312257 3.22312257
 3.22312257 3.22312257 3.22312257 3.22312257 3.22312257 3.22312257
 3.22312257 3.22312257 3.22312257 3.22312257 3.22312257 3.22312257
 3.22312257 3.22312257 3.22312257 3.22312257 3.22312257 3.22312257
 3.22312257 3.22312257 3.22312257 3.22312257 3.22312257 3.22312257
 3.22312257 3.22312257 3.22312257 3.22312257 3.22312257 3.22312257
 3.22312257 3.22312257 3.22312257 3.22312257 3.22312257 3.22312257
 3.22312257 3.22312257 3.22312257 3.22312257 3.22312257 3.22312257
 3.22312257 3.22312257 3.22312257 3.22312257 3.22312257 3.22312257
 3.22312257 3.22312257 3.22312257 3.22312257 3.22312257 3.22312257
 3.22312257 3.22312257 3.22312257 3.22312257 3.22312257 3.22312257
 3.22312257 3.22312257 3.22312257 3.22312257 3.22312257 3.22312257
 3.22312257 3.22312257 3.22312257 3.22312257 3.22312257 3.22312257
 3.22312257 3.22312257 3.22312257 3.22312257 3.22312257 3.22312257
 3.22312257 3.22312257 3.22312257 3.22312257 3.22312257 3.22312257
 3.22312257 3.22312257 3.22312257 3.22312257 3.22312257 3.22312257
 3.22312257 3.22312257 3.22312257 3.22312257 3.22312257 3.22312257
 3.22312257 3.22312257 3.22312257 3.22312257 3.22312257 3.22312257
 3.22312257 3.22312257 3.22312257 3.22312257 3.22312257 3.22312257]",3.223122572233056,0.05273498823074813,0.35626298552666685
2023-07-31,"[1.  0.5 0.5 0.5 1.  1.  0.5 1.  1.  1.  0.  0.5 0.  0.5 0.5 0.5 0.  0.
 0.  1.  1.  0.5 0.5 1.  0.5 0.  1.  0.5 1.  1.  0.5 0.5 0.5 0.5 1.  0.5
 1.  0.  0.5 1.  0.  0.5 0.5 1.  0.  0.5 0.5 0.  1.  1.  1.  0.5 0.5 0.
 1.  1.  0.5 1.  0.5 1.  0.  0.5 0.5 0.  0.  0.  0.5 0.5 0.5 0.5 0.5 0.5
 1.  0.5 0.5 0.5 0.5 0.5 0.  0.  0.  0.5 1.  0.5 1.  1.  1.  0.5 0.5 1.
 1.  1.  0.5 0.5 0.5 0.  0.  1.  0.5 0.5 0.  0.5 1.  0.5 1.  0.5 0.5 0.5
 1.  1.  0.  1.  0.5 1.  1.  0.  0.  0.5 0.5 0.  0.  0.5 0.5 0.  1.  0.
 0.5 0.5 1.  0.5 0.5 0.5 0.  0.  1.  0.5 1.  0.  0.5 0.  0.5 0.5 0.5 0.
 0.  1.  0.5 0.5 0.5 0.5 0.5 1.  0.5 0.5 1.  0.5 0.5 0.5 0.  0.5 0.5 0.
 0.5 0.5 0.  1.  1.  0.5 0.5 1.  0.5 1.  0.  0.  0.5 0.5 0.  0.5 0.  0.5
 1.  0.  1.  0.  0.  0.  1.  0.5 1.  0.5 0.5 0.5 0.  0.5 1.  0.5 0.5 1.
 0.5 0.5 1.  0.5 0.5 1.  0.  0.5 0.  0.5 0.  1.  0.5 1.  0.  0.5 1.  0.5
 0.5 0.5 0.5 1.  1.  0.  0.5 0.  0.  0.5 1.  0.5 0.5 1.  0.5 1.  0.5 1.
 0.5 0.5 0.5 1.  1.  0.5 0.5 0.  0.5 1.  1.  1.  0.5 0.5 0.5 0.5 1.  0.5
 0.5 1.  1.  1.  0.5 0.5 0.  0.  1.  0.5 0.5 1.  0.5 0.  0.5 0.  1.  0.5
 1.  0.5 1.  0.5 0.  0.5 0.5 0.  0.5 0.5 1.  0.5 0.5 0.5 0.  0.5 0.5 0.
 0.5 0.  0.  0.5 0.  0.5 0.5 1.  0.  0.  0.5 1. ]",0.5283333333333333,"[1.         1.         1.0027014  1.01153558 1.0000775  1.
 1.         1.00134573 1.         1.         1.00187729 1.
 1.         1.         1.         1.00404268 1.00141568 1.0073351
 1.00597086 1.         1.         1.00693854]",1.0019654711543886,"[163.50675666 169.5101053  161.82309778 147.61743943 130.05397034
 239.53342731 197.08070341 200.4899188  196.98801842 188.47662783
 188.15107585 144.66887049 125.90004574 164.28022161 160.11846265
 127.29428647 208.3970836  257.31809961 191.20156577 129.53028132
 159.77882016  75.38563683]",169.41384160827002,75.385636834852,"[0.8 5.  5.  5.  5.  5.  5.  5.  5.  5.  5.  5.  5.  5.  5.  5.  5.  5.
 5.  5.  5.  5.  5.  5.  5.  5.  5.  5.  5.  5.  5.  5.  5.  5.  5.  5.
 5.  5.  5.  5.  5.  5.  5.  5.  5.  5.  5.  5.  5.  5.  5.  5.  5.  5.
 5.  5.  5.  5.  5.  5.  5.  5.  5.  5.  5.  5.  5.  5.  5.  5.  5.  5.
 5.  5.  5.  5.  5.  5.  5.  5.  5.  5.  5.  5.  5.  5.  5.  5.  5.  5.
 5.  5.  5.  5.  5.  5.  5.  5.  5.  5.  5.  5.  5.  5.  5.  5.  5.  5.
 5.  5.  5.  5.  5.  5.  5.  5.  5.  5.  5.  5.  5.  5.  5.  5.  5.  5.
 5.  5.  5.  5.  5.  5.  5.  5.  5.  5.  5.  5.  5.  5.  5.  5.  5.  5.
 5.  5.  5.  5.  5.  5.  5.  5.  5.  5.  5.  5.  5.  5.  5.  5.  5.  5.
 5.  5.  5.  5.  5.  5.  5.  5.  5.  5.  5.  5.  5.  5.  5.  5.  5.  5.
 5.  5.  5.  5.  5.  5.  5.  5.  5.  5.  5.  5.  5.  5.  5.  5.  5.  5.
 5.  5.  5.  5.  5.  5.  5.  5.  5.  5.  5.  5.  5.  5.  5.  5.  5.  5.
 5.  5.  5.  5.  5.  5.  5.  5.  5.  5.  5.  5.  5.  5.  5.  5.  5.  5.
 5.  5.  5.  5.  5.  5.  5.  5.  5.  5.  5.  5.  5.  5.  5.  5.  5.  5.
 5.  5.  5.  5.  5.  5.  5.  5.  5.  5.  5.  5.  5.  5.  5.  5.  5.  5.
 5.  5.  5.  5.  5.  5.  5.  5.  5.  5.  5.  5.  5.  5.  5.  5.  5.  5.
 5.  5.  5.  5.  5.  5.  5.  5.  5.  5.  5.  5. ]",5.0,0.05141441543005716,0.999999999999996
2023-08-31,"[1.  1.  0.5 0.5 0.5 0.5 1.  1.  1.  0.5 0.5 1.  0.5 0.5 0.  1.  1.  0.5
 0.5 0.  1.  0.5 0.  1.  0.  0.5 0.5 1.  0.  0.5 1.  0.5 1.  1.  0.5 0.5
 0.5 1.  0.5 1.  0.5 0.5 0.5 1.  1.  0.5 1.  0.5 0.5 1.  1.  0.5 0.5 0.5
 0.5 0.  0.5 0.5 0.5 0.  0.5 0.5 0.5 0.5 0.  0.5 0.  0.5 1.  0.5 0.5 0.5
 1.  1.  1.  0.5 0.5 1.  1.  0.5 0.  0.  0.5 0.5 1.  1.  0.5 0.5 1.  0.5
 0.  0.5 0.5 0.5 0.5 0.5 1.  1.  1.  0.5 0.5 0.  1.  0.5 0.5 0.5 0.5 0.
 0.5 1.  0.  1.  1.  0.5 0.5 1.  1.  0.5 0.5 1.  0.  1.  0.5 1.  0.5 1.
 0.  1.  1.  0.5 0.5 1.  0.5 0.  1.  0.5 0.5 0.  0.5 0.  0.5 0.5 1.  0.5
 1.  0.5 0.  0.5 0.5 0.5 1.  0.  1.  0.5 1.  0.5 0.  1.  0.5 1.  0.5 0.5
 0.5 0.5 0.5 0.  0.5 0.  0.5 0.5 1.  1.  0.5 0.  0.5 1.  0.  0.  1.  1.
 0.5 1.  1.  1.  0.  0.  0.5 1.  1.  0.  1.  0.5 1.  0.  0.  0.5 1.  0.
 0.  0.5 0.5 0.5 0.5 1.  0.5 0.  1.  0.5 0.  0.5 0.5 0.5 0.5 0.5 0.5 0.
 0.  0.  0.5 0.  1.  0.5 1.  0.  1.  0.5 0.  0.  0.5 0.  0.5 0.5 0.  0.5
 1.  1.  0.  0.5 1.  1.  0.5 1.  0.5 1.  1.  1.  0.  0.5 1.  0.5 1.  1.
 0.5 0.5 0.5 1.  0.5 0.5 0.5 0.5 0.5 0.5 1.  1.  0.  0.5 1.  0.5 0.5 1.
 0.5 0.5 0.5 0.5 0.  1.  0.5 0.  0.5 0.5 0.5 0.5 0.5 0.5 0.  0.5 0.5 0.5
 1.  0.5 0.5 0.5 0.  0.5 1.  0.5 1.  0.5 1.  1. ]",0.5683333333333334,"[1.0026378  1.         1.0006124  1.         1.         1.
 1.         1.         1.         1.         1.         1.00377354
 1.00271124 1.         1.         1.00599008 1.00177371 1.02241449
 1.01384693 1.         1.         1.        ]",1.002443645262888,"[158.70752664 206.72254013 187.03931395 224.81923049 121.57612974
 190.29728203 125.68388725 160.44265118 148.26456439 161.00258719
 151.22157959 153.88496733 136.51241399 202.22165399 150.76314834
 190.68850146 186.2608912  112.54258261 162.76013655 206.49222025
 176.59951654 208.62283732]",169.2330073708873,112.5425826067766,"[0.8 5.  5.  5.  5.  5.  5.  5.  5.  5.  5.  5.  5.  5.  5.  5.  5.  5.
 5.  5.  5.  5.  5.  5.  5.  5.  5.  5.  5.  5.  5.  5.  5.  5.  5.  5.
 5.  5.  5.  5.  5.  5.  5.  5.  5.  5.  5.  5.  5.  5.  5.  5.  5.  5.
 5.  5.  5.  5.  5.  5.  5.  5.  5.  5.  5.  5.  5.  5.  5.  5.  5.  5.
 5.  5.  5.  5.  5.  5.  5.  5.  5.  5.  5.  5.  5.  5.  5.  5.  5.  5.
 5.  5.  5.  5.  5.  5.  5.  5.  5.  5.  5.  5.  5.  5.  5.  5.  5.  5.
 5.  5.  5.  5.  5.  5.  5.  5.  5.  5.  5.  5.  5.  5.  5.  5.  5.  5.
 5.  5.  5.  5.  5.  5.  5.  5.  5.  5.  5.  5.  5.  5.  5.  5.  5.  5.
 5.  5.  5.  5.  5.  5.  5.  5.  5.  5.  5.  5.  5.  5.  5.  5.  5.  5.
 5.  5.  5.  5.  5.  5.  5.  5.  5.  5.  5.  5.  5.  5.  5.  5.  5.  5.
 5.  5.  5.  5.  5.  5.  5.  5.  5.  5.  5.  5.  5.  5.  5.  5.  5.  5.
 5.  5.  5.  5.  5.  5.  5.  5.  5.  5.  5.  5.  5.  5.  5.  5.  5.  5.
 5.  5.  5.  5.  5.  5.  5.  5.  5.  5.  5.  5.  5.  5.  5.  5.  5.  5.
 5.  5.  5.  5.  5.  5.  5.  5.  5.  5.  5.  5.  5.  5.  5.  5.  5.  5.
 5.  5.  5.  5.  5.  5.  5.  5.  5.  5.  5.  5.  5.  5.  5.  5.  5.  5.
 5.  5.  5.  5.  5.  5.  5.  5.  5.  5.  5.  5.  5.  5.  5.  5.  5.  5.
 5.  5.  5.  5.  5.  5.  5.  5.  5.  5.  5.  5. ]",5.0,0.04773659122305733,0.9999999999999925
2023-09-30,"[1.  0.5 1.  1.  1.  1.  1.  0.5 0.5 1.  0.5 0.5 0.5 1.  1.  1.  0.5 1.
 0.5 1.  0.5 0.  0.5 1.  1.  0.5 1.  1.  0.5 1.  1.  1.  0.5 1.  1.  0.5
 1.  1.  0.5 1.  0.5 0.5 0.5 0.5 1.  0.5 1.  0.5 1.  1.  1.  0.5 1.  1.
 1.  1.  1.  0.5 1.  1.  0.5 0.5 1.  1.  1.  1.  1.  1.  1.  1.  1.  0.
 1.  1.  1.  0.5 1.  1.  1.  1.  1.  0.  1.  1.  1.  1.  0.5 1.  1.  1.
 0.5 1.  1.  0.5 0.5 1.  1.  1.  1.  0.5 0.5 1.  1.  1.  1.  1.  1.  0.5
 1.  0.5 1.  1.  1.  1.  1.  1.  1.  0.5 1.  1.  0.5 1.  1.  1.  0.5 1.
 0.5 1.  1.  0.5 1.  1.  1.  0.5 1.  1.  1.  0.5 1.  0.  0.5 0.5 1.  0.5
 0.5 0.5 0.5 0.5 0.5 1.  1.  0.5 1.  0.5 1.  1.  0.5 1.  1.  1.  0.5 0.5
 1.  0.  1.  1.  0.5 1.  1.  0.5 0.5 1.  0.5 1.  1.  1.  1.  1.  0.5 1.
 1.  0.5 1.  1.  1.  0.5 0.5 0.5 1.  0.5 1.  1.  0.5 1.  0.5 1.  1.  1.
 1.  1.  1.  0.5 1.  1.  1.  0.  1.  1.  0.5 1.  1.  1.  1.  0.  1.  1.
 0.5 1.  1.  0.5 1.  0.5 0.5 0.  0.5 1.  1.  0.  1.  0.5 0.5 1.  1.  1.
 1.  1.  1.  1.  1.  1.  0.5 1.  0.5 0.5 1.  1.  0.5 1.  0.5 1.  1.  1.
 1.  1.  1.  0.5 1.  0.5 0.5 1.  1.  1.  1.  1.  1.  1.  1.  1.  0.5 1.
 0.5 0.5 0.5 1.  0.  1.  0.5 0.  1.  1.  1.  0.5 1.  0.5 0.5 1.  0.5 1.
 1.  1.  0.5 1.  0.5 1.  0.5 0.5 1.  1.  0.5 1. ]",0.8016666666666666,"[1.00002794 1.         1.         1.00458194 1.00307992 1.00011804
 1.         1.         1.         1.         1.00196781 1.
 1.00247469 1.00399567 1.02983187 1.         1.00929243 1.
 1.         1.00339292 1.         1.        ]",1.0026710564277388,"[134.36853192 212.25198363 240.62567244 149.3588952  195.35840258
 255.94159285 163.87714339 351.09343471 212.0956074  199.51930441
 216.36341278 248.80304824 281.69739387 207.13638587 285.48293204
 251.33036108 228.14974109 276.39347948 275.98191834 183.84712756
 289.51345317 157.58747014]",228.03533146264928,134.36853192089828,"[0.8 5.  5.  5.  5.  5.  5.  5.  5.  5.  5.  5.  5.  5.  5.  5.  5.  5.
 5.  5.  5.  5.  5.  5.  5.  5.  5.  5.  5.  5.  5.  5.  5.  5.  5.  5.
 5.  5.  5.  5.  5.  5.  5.  5.  5.  5.  5.  5.  5.  5.  5.  5.  5.  5.
 5.  5.  5.  5.  5.  5.  5.  5.  5.  5.  5.  5.  5.  5.  5.  5.  5.  5.
 5.  5.  5.  5.  5.  5.  5.  5.  5.  5.  5.  5.  5.  5.  5.  5.  5.  5.
 5.  5.  5.  5.  5.  5.  5.  5.  5.  5.  5.  5.  5.  5.  5.  5.  5.  5.
 5.  5.  5.  5.  5.  5.  5.  5.  5.  5.  5.  5.  5.  5.  5.  5.  5.  5.
 5.  5.  5.  5.  5.  5.  5.  5.  5.  5.  5.  5.  5.  5.  5.  5.  5.  5.
 5.  5.  5.  5.  5.  5.  5.  5.  5.  5.  5.  5.  5.  5.  5.  5.  5.  5.
 5.  5.  5.  5.  5.  5.  5.  5.  5.  5.  5.  5.  5.  5.  5.  5.  5.  5.
 5.  5.  5.  5.  5.  5.  5.  5.  5.  5.  5.  5.  5.  5.  5.  5.  5.  5.
 5.  5.  5.  5.  5.  5.  5.  5.  5.  5.  5.  5.  5.  5.  5.  5.  5.  5.
 5.  5.  5.  5.  5.  5.  5.  5.  5.  5.  5.  5.  5.  5.  5.  5.  5.  5.
 5.  5.  5.  5.  5.  5.  5.  5.  5.  5.  5.  5.  5.  5.  5.  5.  5.  5.
 5.  5.  5.  5.  5.  5.  5.  5.  5.  5.  5.  5.  5.  5.  5.  5.  5.  5.
 5.  5.  5.  5.  5.  5.  5.  5.  5.  5.  5.  5.  5.  5.  5.  5.  5.  5.
 5.  5.  5.  5.  5.  5.  5.  5.  5.  5.  5.  5. ]",5.0,0.04972051242030212,0.5119340794534822
2023-10-31,"[1.  0.5 1.  0.  0.  0.5 0.  0.5 0.5 0.  0.5 0.  1.  0.5 0.5 0.5 0.  0.
 1.  0.  0.  0.  0.  1.  0.  0.  0.5 1.  0.5 1.  0.5 1.  1.  0.5 0.5 0.
 0.5 0.  0.  0.  0.5 0.5 0.5 0.5 0.  0.5 0.5 0.  0.  0.5 1.  0.  0.  0.5
 0.5 0.5 0.5 0.  0.5 1.  0.5 0.5 0.  1.  0.5 0.  0.  0.5 1.  0.5 0.5 1.
 0.5 0.5 1.  0.  0.  0.  0.  0.  1.  0.  1.  0.5 0.5 0.5 0.5 0.  0.5 0.5
 0.5 0.5 1.  0.5 0.  0.5 0.  0.  0.  0.5 1.  0.5 0.5 0.  0.  0.5 0.  0.
 0.5 0.5 0.  0.5 0.  0.  0.5 0.5 0.  0.  0.5 0.5 0.5 0.5 0.5 0.5 1.  0.5
 0.  0.5 0.5 0.5 0.5 0.5 1.  1.  0.  0.5 0.5 0.  0.5 0.5 0.  0.5 0.5 0.
 0.5 0.  0.5 0.5 1.  0.  1.  0.  0.5 0.5 1.  0.5 0.5 0.5 0.  0.5 0.  0.5
 1.  0.5 0.  0.  0.5 0.5 0.  1.  0.5 0.5 0.  0.  0.  0.5 0.  0.5 0.5 0.5
 1.  0.5 0.  0.5 0.5 0.5 1.  0.  0.  0.5 1.  1.  0.  0.5 1.  0.5 0.5 0.5
 0.5 1.  0.5 0.5 0.5 0.5 0.  0.  0.5 0.5 0.  1.  0.5 0.5 1.  0.5 0.5 0.5
 0.5 0.  1.  0.5 0.5 0.5 0.5 0.5 0.5 0.  0.5 0.5 0.  0.  0.5 0.5 1.  0.5
 0.  0.5 0.  0.5 0.5 0.5 0.5 0.  0.5 0.  0.5 0.5 0.  0.  0.5 0.5 0.5 0.5
 1.  1.  0.5 0.  0.  0.5 0.  0.5 0.5 0.5 0.  0.5 0.  0.  0.5 0.5 0.5 0.5
 0.  0.  0.  1.  0.5 0.  0.5 0.5 1.  0.5 0.5 0.5 0.5 0.  0.5 1.  0.5 0.5
 0.  0.5 1.  0.  0.  0.5 0.  0.5 0.5 1.  0.5 0.5]",0.415,"[1.00092633 1.00406256 1.         1.01126784 1.00106378 1.00479246
 1.00477176 1.         1.         1.03851941 1.00121111 1.
 1.00110575 1.00030033 1.         1.0274841  1.         1.03034423
 1.02880441 1.00448351 1.0032638  1.00598778]",1.00765405223756,"[141.06526181  84.8994494   86.92970172 148.42446294  64.35964748
 117.26008578 169.76715822  78.62239817 168.33504471  68.27815619
  81.48177278 150.33116187  96.61462485 104.56330874  54.25931879
  81.25402974 123.21954182  90.73766703  52.16762825 119.57322048
  75.68648632  78.70171422]",101.66053824149616,52.167628249506926,"[0.8        5.         5.         5.         5.         5.
 5.         5.         5.         5.         5.         5.
 5.         5.         5.         5.         5.         5.
 5.         5.         5.         5.         3.66088742 2.50131281
 4.49556347 3.08657045 2.13288073 2.36866086 4.17706099 4.60488154
 5.         5.         5.         5.         5.         5.
 5.         5.         5.         5.         5.         5.
 5.         5.         5.         5.         5.         5.
 5.         4.97718898 5.         5.         5.         4.66540265
 5.         5.         5.         5.         4.74357204 5.
 5.         5.         5.         5.         5.         5.
 5.         5.         5.         5.         5.         5.
 5.         5.         5.         5.         5.         5.
 5.         5.         5.         5.         5.         5.
 5.         5.         5.         5.         5.         5.
 5.         5.         5.         5.         5.         5.
 5.         5.         5.         5.         5.         5.
 5.         5.         5.         5.         5.         5.
 5.         5.         5.         5.         5.         5.
 5.         5.         5.         5.         5.         5.
 5.         5.         5.         5.         5.         5.
 5.         5.         5.         5.         5.         5.
 5.         5.         5.         5.         5.         5.
 5.         5.         5.         5.         5.         5.
 5.         5.         5.         5.         5.         5.
 5.         5.         5.         5.         5.         5.
 5.         5.         5.         5.         5.         5.
 5.         5.         5.         5.         5.         5.
 5.         5.         5.         5.         5.         5.
 5.         5.         5.         5.         5.         5.
 5.         5.         5.         5.         5.         5.
 5.         5.         5.         5.         5.         5.
 5.         5.         5.         5.         5.         5.
 5.         5.         5.         5.         5.         5.
 5.         5.         5.         5.         5.         5.
 5.         5.         5.         5.         5.         5.
 5.         5.         5.         5.         5.         5.
 5.         5.         5.         5.         5.         5.
 5.         5.         5.         5.         5.         5.
 5.         5.         5.         5.         5.         5.
 5.         5.         5.         5.         5.         5.
 5.         5.         5.         5.         5.         5.
 5.         5.         5.         5.         5.         5.
 5.         5.         5.         5.         5.         5.
 5.         5.         5.         5.         5.         5.
 5.         5.         5.         5.         5.         5.
 5.         5.         5.         5.         5.         5.
 5.         5.         5.         5.         5.         5.
 5.         5.         5.         5.         5.         5.
 5.         5.         5.         5.         5.         5.        ]",5.0,0.05173109895643815,0.9999999999999936
2023-11-30,"[1.  0.  0.  0.  1.  0.  0.5 0.  0.  0.5 0.5 0.5 0.  0.5 0.5 0.  0.5 0.5
 0.5 1.  0.  0.  0.5 1.  0.  0.5 1.  0.  0.  1.  0.  0.  1.  0.  0.  0.
 1.  0.5 0.  1.  1.  0.5 0.  0.  0.5 0.5 0.5 0.5 0.5 0.5 0.  0.  1.  0.
 0.5 0.5 0.  0.5 0.5 0.5 0.  0.5 0.  0.  0.5 0.5 0.  0.5 1.  0.5 0.  0.
 0.5 0.5 0.5 0.5 1.  0.5 0.  0.5 1.  0.  0.  1.  0.  0.5 0.5 0.5 0.  1.
 1.  0.  0.  0.  0.5 0.  0.5 0.5 0.5 0.5 0.5 0.5 0.5 0.5 0.5 1.  0.  0.5
 1.  0.  0.5 1.  0.5 0.  0.  0.5 1.  0.  0.  0.  0.5 0.5 1.  1.  0.5 0.
 0.  0.5 1.  0.5 0.5 1.  0.5 0.5 0.5 0.5 0.5 0.  0.5 0.  0.5 0.5 0.  0.
 0.5 0.  0.5 0.5 0.5 0.5 0.5 0.5 0.5 0.5 1.  0.5 0.5 0.5 1.  1.  0.5 0.5
 0.  0.  0.5 0.  0.  0.5 0.  0.5 0.5 0.  0.  0.  0.5 0.5 0.  0.  0.  0.
 0.5 0.5 1.  0.5 0.  0.5 0.  0.5 0.5 0.  1.  0.5 0.  0.  0.5 0.  0.5 0.5
 0.5 0.5 1.  0.  0.  1.  0.  0.5 0.  1.  0.  0.5 0.5 0.5 1.  0.5 0.  0.
 0.  0.  1.  0.5 0.  0.5 0.5 0.5 0.5 0.  0.  0.  0.5 0.  1.  0.5 0.  0.5
 1.  0.5 0.5 0.5 0.5 0.  1.  1.  0.5 0.5 0.  0.5 0.5 0.  0.5 0.  0.5 0.
 0.  0.5 0.5 0.5 0.  0.  0.  0.  1.  1.  0.5 0.  0.5 0.  0.  1.  0.  0.5
 0.  0.  0.  0.5 0.  0.5 0.5 1.  0.5 0.  0.5 0.  0.5 0.5 0.5 0.5 0.  0.5
 0.5 0.5 1.  0.  0.  0.5 1.  0.  0.5 0.  0.5 0.5]",0.3883333333333333,"[1.02871236 1.00171789 1.00863436 1.0112612  1.0079396  1.00151742
 1.01558265 1.         1.         1.01214822 1.         1.00029608
 1.         1.00055856 1.01682041 1.01081748 1.00924905 1.02282646
 1.00121438 1.         1.01295321 1.00267805]",1.0074966987324134,"[ 83.94701672 139.98093744 106.57921181 152.70019917  79.17834285
 128.77549424 114.60876714  60.19021814 131.55154161 122.83568456
  67.46117997 103.41192977 121.05456208 138.07400947 135.71920841
 159.68942384  87.16576242  79.34249347 179.3016817   83.91796813
  53.987527    95.23185398]",110.21386426838576,53.98752699679298,"[0.8        5.         5.         5.         4.51774498 5.
 5.         5.         3.84258617 2.51317478 2.78806829 3.10134057
 3.45443645 2.28264932 2.55016316 2.84808256 1.90321413 2.1296881
 2.38037607 2.65698291 4.86729113 3.29528088 2.24593206 2.50131281
 4.49556347 3.08657045 3.41987827 5.         4.17706099 2.90620019
 5.         3.54184138 2.48967992 4.28877281 3.02713378 2.14847254
 1.5330629  2.60595025 2.86348441 2.05440485 3.44239517 5.
 5.         4.49091747 3.24991834 3.54779369 3.86809961 4.21216507
 4.58137835 4.97718898 5.         3.96301841 2.91957471 4.66540265
 3.44674202 3.73895365 4.0517148  3.01272819 3.26568073 3.53632442
 3.82565781 2.8654977  3.10075087 2.3330439  1.76108136 1.90818261
 2.06562974 1.56746219 1.69701683 2.60614489 2.81121425 2.14206867
 1.6368324  1.76766196 1.9073611  2.05642764 2.21538189 3.33778415
 3.58426772 2.7571286  2.96131537 4.41953704 3.40892848 2.63585997
 3.91349067 3.03121393 3.24735151 3.47664403 3.71976084 2.8950016
 4.25028487 5.         4.8448519  3.78263223 2.95957499 3.16190728
 2.48088724 2.65089347 2.83093106 3.0215004  3.22312257 3.22312257
 3.22312257 3.22312257 3.22312257 3.22312257 3.22312257 3.22312257
 3.22312257 3.22312257 3.22312257 3.22312257 3.22312257 3.22312257
 3.22312257 3.22312257 3.22312257 3.22312257 3.22312257 3.22312257
 3.22312257 3.22312257 3.22312257 3.22312257 3.22312257 3.22312257
 3.22312257 3.22312257 3.22312257 3.22312257 3.22312257 3.22312257
 3.22312257 3.22312257 3.22312257 3.22312257 3.22312257 3.22312257
 3.22312257 3.22312257 3.22312257 3.22312257 3.22312257 3.22312257
 3.22312257 3.22312257 3.22312257 3.22312257 3.22312257 3.22312257
 3.22312257 3.22312257 3.22312257 3.22312257 3.22312257 3.22312257
 3.22312257 3.22312257 3.22312257 3.22312257 3.22312257 3.22312257
 3.22312257 3.22312257 3.22312257 3.22312257 3.22312257 3.22312257
 3.22312257 3.22312257 3.22312257 3.22312257 3.22312257 3.22312257
 3.22312257 3.22312257 3.22312257 3.22312257 3.22312257 3.22312257
 3.22312257 3.22312257 3.22312257 3.22312257 3.22312257 3.22312257
 3.22312257 3.22312257 3.22312257 3.22312257 3.22312257 3.22312257
 3.22312257 3.22312257 3.22312257 3.22312257 3.22312257 3.22312257
 3.22312257 3.22312257 3.22312257 3.22312257 3.22312257 3.22312257
 3.22312257 3.22312257 3.22312257 3.22312257 3.22312257 3.22312257
 3.22312257 3.22312257 3.22312257 3.22312257 3.22312257 3.22312257
 3.22312257 3.22312257 3.22312257 3.22312257 3.22312257 3.22312257
 3.22312257 3.22312257 3.22312257 3.22312257 3.22312257 3.22312257
 3.22312257 3.22312257 3.22312257 3.22312257 3.22312257 3.22312257
 3.22312257 3.22312257 3.22312257 3.22312257 3.22312257 3.22312257
 3.22312257 3.22312257 3.22312257 3.22312257 3.22312257 3.22312257
 3.22312257 3.22312257 3.22312257 3.22312257 3.22312257 3.22312257
 3.22312257 3.22312257 3.22312257 3.22312257 3.22312257 3.22312257
 3.22312257 3.22312257 3.22312257 3.22312257 3.22312257 3.22312257
 3.22312257 3.22312257 3.22312257 3.22312257 3.22312257 3.22312257
 3.22312257 3.22312257 3.22312257 3.22312257 3.22312257 3.22312257
 3.22312257 3.22312257 3.22312257 3.22312257 3.22312257 3.22312257
 3.22312257 3.22312257 3.22312257 3.22312257 3.22312257 3.22312257
 3.22312257 3.22312257 3.22312257 3.22312257 3.22312257 3.22312257
 3.22312257 3.22312257 3.22312257 3.22312257 3.22312257 3.22312257]",3.2231225722330588,0.047983297732194605,0.7846738068682639
2023-12-31,"[1.  0.5 0.5 0.  0.5 0.  0.5 0.5 0.5 0.5 0.5 0.  0.  0.5 0.  0.  0.  1.
 0.5 0.5 0.5 0.  1.  0.5 0.  0.5 1.  0.  0.5 0.5 0.  0.5 0.5 0.5 0.  1.
 0.  1.  0.  0.5 0.5 0.5 0.5 0.5 0.  0.5 0.5 1.  0.5 0.  0.  0.  0.  1.
 1.  0.5 1.  0.  0.  0.5 0.5 1.  0.5 0.5 0.5 0.5 0.5 1.  0.5 0.  0.5 0.5
 0.5 1.  0.5 0.5 0.  1.  0.5 0.5 0.5 0.  0.5 0.5 0.5 0.  0.  0.  0.  0.5
 0.5 0.5 0.  0.5 0.  0.  0.  0.  0.5 0.  0.5 0.  0.  0.5 0.  1.  0.  0.
 0.5 0.  0.5 0.5 0.  1.  0.  1.  0.5 0.5 0.5 0.5 0.  0.5 0.5 1.  0.  0.
 0.5 0.  0.5 0.  0.  0.5 0.5 0.5 0.5 0.5 0.5 0.5 1.  0.5 0.5 0.5 0.  0.
 1.  0.  0.5 0.5 0.5 0.  0.5 0.  0.5 0.5 0.5 0.5 0.  1.  0.5 0.  0.5 0.5
 0.  0.5 0.5 0.5 0.  0.  0.  0.  0.5 0.  0.5 0.  0.  0.5 0.  0.  0.5 0.
 0.5 0.  0.5 0.  0.  0.  0.5 0.5 0.5 0.  1.  0.  0.5 0.5 0.  0.  1.  0.
 0.  1.  1.  0.5 0.  0.5 0.  1.  0.5 0.5 0.  0.5 0.  0.5 1.  0.  0.  0.
 0.  0.5 0.5 0.  0.  0.  0.5 0.  0.5 0.5 0.  0.  0.5 0.5 0.5 0.  0.  0.
 1.  0.  0.  0.  1.  0.5 1.  0.5 0.5 0.  0.  0.5 0.  0.5 1.  0.5 0.  1.
 0.5 1.  1.  0.  0.5 0.  0.  0.  0.  0.5 0.5 0.  1.  0.5 0.5 0.5 0.5 1.
 0.5 0.  0.  0.  0.  0.5 0.5 0.5 0.5 0.  0.5 0.5 0.5 0.5 0.5 0.5 0.5 1.
 1.  0.5 0.5 1.  0.  0.5 0.  0.5 1.  0.5 0.  0.5]",0.37666666666666665,"[1.08138136 1.01620573 1.01592552 1.01582329 1.         1.0253733
 1.01261798 1.00242635 1.01330197 1.03435732 1.         1.01121153
 1.01558322 1.00382775 1.01510697 1.         1.0067092  1.
 1.         1.         1.         1.        ]",1.0122659769640987,"[ 96.69548106  95.12021483 146.31804594  96.1393547   91.95314119
  95.70502486  54.53818105 128.15687539 101.26068389  99.06864203
  96.78411009 130.18136052 100.95030939 114.30244175 107.00936722
  96.13418727  69.69854416  80.51867693 128.73646541  71.28669439
 117.83804421  67.20041311]",99.34528451804493,54.53818105227357,"[0.8        5.         5.         5.         5.         5.
 5.         5.         5.         5.         5.         5.
 5.         5.         5.         4.77332803 3.17835771 2.1296881
 3.94454953 4.38510733 4.86729113 5.         3.66088742 5.
 5.         4.96916126 5.         5.         5.         5.
 5.         5.         5.         5.         5.         5.
 5.         5.         5.         5.         5.         5.
 5.         5.         5.         5.         5.         5.
 5.         5.         5.         5.         5.         4.66540265
 5.         5.         5.         5.         5.         5.
 5.         5.         5.         5.         5.         5.
 5.         5.         5.         5.         5.         5.
 5.         5.         5.         5.         5.         5.
 5.         5.         5.         5.         5.         5.
 5.         5.         5.         5.         5.         5.
 5.         5.         5.         5.         5.         5.
 5.         5.         5.         5.         5.         5.
 5.         5.         5.         5.         5.         5.
 5.         5.         5.         5.         5.         5.
 5.         5.         5.         5.         5.         5.
 5.         5.         5.         5.         5.         5.
 5.         5.         5.         5.         5.         5.
 5.         5.         5.         5.         5.         5.
 5.         5.         5.         5.         5.         5.
 5.         5.         5.         5.         5.         5.
 5.         5.         5.         5.         5.         5.
 5.         5.         5.         5.         5.         5.
 5.         5.         5.         5.         5.         5.
 5.         5.         5.         5.         5.         5.
 5.         5.         5.         5.         5.         5.
 5.         5.         5.         5.         5.         5.
 5.         5.         5.         5.         5.         5.
 5.         5.         5.         5.         5.         5.
 5.         5.         5.         5.         5.         5.
 5.         5.         5.         5.         5.         5.
 5.         5.         5.         5.         5.         5.
 5.         5.         5.         5.         5.         5.
 5.         5.         5.         5.         5.         5.
 5.         5.         5.         5.         5.         5.
 5.         5.         5.         5.         5.         5.
 5.         5.         5.         5.         5.         5.
 5.         5.         5.         5.         5.         5.
 5.         5.         5.         5.         5.         5.
 5.         5.         5.         5.         5.         5.
 5.         5.         5.         5.         5.         5.
 5.         5.         5.         5.         5.         5.
 5.         5.         5.         5.         5.         5.
 5.         5.         5.         5.         5.         5.
 5.         5.         5.         5.         5.         5.
 5.         5.         5.         5.         5.         5.        ]",5.0,0.052752353450768424,0.3395432000617035
2024-01-31,"[1.  0.  0.5 0.5 0.  0.5 0.  0.  0.  1.  0.5 0.  1.  0.5 0.5 0.  0.  0.5
 0.  1.  0.  0.  0.5 1.  0.  0.5 0.5 0.5 0.  0.5 0.5 0.5 0.5 0.  0.  0.
 1.  1.  0.  0.5 0.5 0.5 0.  0.5 1.  0.  0.5 1.  0.5 0.5 0.5 0.  0.  0.
 1.  0.5 0.  0.5 0.5 0.  0.  1.  0.5 0.5 0.  0.  0.5 0.5 0.5 0.5 0.  0.5
 1.  0.5 1.  1.  0.  0.5 0.  0.  0.5 0.5 0.  0.5 0.  0.  0.5 0.5 0.5 0.5
 0.5 0.5 0.  0.5 0.5 0.  0.  0.5 0.  0.5 0.5 0.5 1.  0.5 1.  1.  0.5 1.
 1.  0.5 0.  1.  0.5 1.  0.5 0.5 1.  0.  1.  0.5 0.5 0.5 1.  1.  1.  0.5
 0.5 0.5 0.5 0.5 1.  1.  1.  0.5 0.  0.5 1.  0.  0.5 0.  0.5 1.  1.  0.5
 1.  1.  1.  1.  0.5 1.  1.  1.  0.5 1.  1.  1.  0.5 1.  1.  1.  1.  0.5
 0.5 0.5 0.5 0.5 0.  1.  0.5 1.  1.  1.  0.5 0.  0.  0.  0.5 0.  1.  0.
 1.  0.5 0.5 0.5 0.5 1.  0.5 0.5 1.  0.5 1.  0.5 1.  0.5 0.5 1.  0.5 0.5
 0.5 1.  1.  1.  1.  0.5 0.  0.5 0.5 0.5 0.5 1.  1.  0.5 0.5 0.5 0.  1.
 0.5 0.5 0.5 0.5 0.5 0.5 0.  0.  0.5 0.  1.  0.  0.  0.  1.  1.  1.  1.
 1.  0.5 0.5 1.  0.5 1.  1.  1.  1.  0.5 0.5 0.5 0.5 0.5 0.  0.5 0.5 1.
 0.  0.5 1.  0.5 0.5 0.5 0.5 1.  1.  1.  0.5 1.  1.  0.  1.  0.5 1.  1.
 0.5 0.5 0.5 1.  0.5 0.5 0.5 1.  1.  1.  1.  0.5 0.5 1.  0.  0.5 0.5 0.5
 0.  0.5 0.5 0.5 0.5 1.  1.  0.5 0.5 0.5 1.  0.5]",0.5533333333333333,"[1.00943024 1.         1.         1.00208509 1.00018278 1.01095429
 1.00736123 1.         1.02548196 1.         1.         1.00919237
 1.         1.00097403 1.         1.         1.01809446 1.
 1.03399013 1.00516045 1.         1.        ]",1.0055866825699589,"[ 96.16467831 118.59920649 131.86698262 164.37028809 215.33993292
 165.77355328  71.84851304  76.08535239 127.69122527 149.92745726
  67.81973395 150.75984459  88.5445923  197.71950596 170.98649184
 136.32881728  82.3626292  152.75868183 109.11080499 163.88822487
 150.06241622 110.9020814 ]",131.76868245935302,67.81973394894035,"[0.8        5.         5.         5.         5.         5.
 5.         5.         3.84258617 2.51317478 4.72276893 5.
 3.45443645 5.         5.         5.         5.         3.54309601
 3.94454953 2.65698291 4.86729113 3.29528088 2.24593206 2.50131281
 4.49556347 3.08657045 3.41987827 3.78273237 4.17706099 2.90620019
 3.2109621  3.54184138 3.90052377 4.28877281 3.02713378 2.14847254
 1.5330629  2.60595025 4.3934883  3.14186317 3.44239517 3.7664496
 4.11545825 2.97320204 3.24991834 5.         3.86809961 4.21216507
 5.         5.         5.         5.         5.         4.66540265
 3.44674202 5.         5.         4.38618442 4.74357204 5.
 3.82565781 2.8654977  4.46460926 4.81645019 5.         3.9071039
 2.94984497 3.18402597 3.4338301  3.70010994 3.98375504 3.02989257
 3.26292224 4.94835792 5.         5.         5.         5.
 5.         5.         5.         5.         5.         5.
 5.         4.18897455 3.24735151 3.47664403 3.71976084 3.97739914
 4.25028487 4.53917368 4.8448519  3.78263223 4.03818116 4.30853292
 3.37612355 2.65089347 2.83093106 2.22882831 2.38052328 2.38052328
 2.38052328 2.38052328 2.38052328 2.38052328 2.38052328 2.38052328
 2.38052328 2.38052328 2.38052328 2.38052328 2.38052328 2.38052328
 2.38052328 2.38052328 2.38052328 2.38052328 2.38052328 2.38052328
 2.38052328 2.38052328 2.38052328 2.38052328 2.38052328 2.38052328
 2.38052328 2.38052328 2.38052328 2.38052328 2.38052328 2.38052328
 2.38052328 2.38052328 2.38052328 2.38052328 2.38052328 2.38052328
 2.38052328 2.38052328 2.38052328 2.38052328 2.38052328 2.38052328
 2.38052328 2.38052328 2.38052328 2.38052328 2.38052328 2.38052328
 2.38052328 2.38052328 2.38052328 2.38052328 2.38052328 2.38052328
 2.38052328 2.38052328 2.38052328 2.38052328 2.38052328 2.38052328
 2.38052328 2.38052328 2.38052328 2.38052328 2.38052328 2.38052328
 2.38052328 2.38052328 2.38052328 2.38052328 2.38052328 2.38052328
 2.38052328 2.38052328 2.38052328 2.38052328 2.38052328 2.38052328
 2.38052328 2.38052328 2.38052328 2.38052328 2.38052328 2.38052328
 2.38052328 2.38052328 2.38052328 2.38052328 2.38052328 2.38052328
 2.38052328 2.38052328 2.38052328 2.38052328 2.38052328 2.38052328
 2.38052328 2.38052328 2.38052328 2.38052328 2.38052328 2.38052328
 2.38052328 2.38052328 2.38052328 2.38052328 2.38052328 2.38052328
 2.38052328 2.38052328 2.38052328 2.38052328 2.38052328 2.38052328
 2.38052328 2.38052328 2.38052328 2.38052328 2.38052328 2.38052328
 2.38052328 2.38052328 2.38052328 2.38052328 2.38052328 2.38052328
 2.38052328 2.38052328 2.38052328 2.38052328 2.38052328 2.38052328
 2.38052328 2.38052328 2.38052328 2.38052328 2.38052328 2.38052328
 2.38052328 2.38052328 2.38052328 2.38052328 2.38052328 2.38052328
 2.38052328 2.38052328 2.38052328 2.38052328 2.38052328 2.38052328
 2.38052328 2.38052328 2.38052328 2.38052328 2.38052328 2.38052328
 2.38052328 2.38052328 2.38052328 2.38052328 2.38052328 2.38052328
 2.38052328 2.38052328 2.38052328 2.38052328 2.38052328 2.38052328
 2.38052328 2.38052328 2.38052328 2.38052328 2.38052328 2.38052328
 2.38052328 2.38052328 2.38052328 2.38052328 2.38052328 2.38052328
 2.38052328 2.38052328 2.38052328 2.38052328 2.38052328 2.38052328
 2.38052328 2.38052328 2.38052328 2.38052328 2.38052328 2.38052328
 2.38052328 2.38052328 2.38052328 2.38052328 2.38052328 2.38052328]",2.3805232811805195,0.050040272766379026,0.9999999999999987
2024-02-29,"[1.  1.  0.5 0.5 1.  0.5 0.5 0.  1.  1.  0.5 0.5 0.5 1.  0.5 1.  0.5 0.
 0.5 0.  0.5 0.5 0.5 0.  0.5 0.5 0.5 1.  0.5 0.5 0.5 1.  1.  0.5 1.  0.
 0.  0.5 0.5 1.  0.5 0.  0.5 0.5 0.5 0.5 1.  0.  1.  1.  1.  0.  0.  0.5
 1.  1.  0.5 0.5 0.  1.  0.5 0.  1.  0.5 0.5 0.  0.  0.  0.5 1.  0.  0.
 0.5 0.5 1.  0.5 0.5 0.5 0.5 0.5 1.  0.  0.5 1.  0.  1.  1.  0.  0.5 0.
 0.5 0.5 0.  1.  0.  0.5 0.5 1.  0.5 0.  0.  0.  0.5 0.5 1.  1.  0.5 0.
 1.  0.5 0.5 0.5 0.5 0.  1.  0.  0.5 0.  0.5 0.  0.5 0.  0.5 0.5 1.  0.
 0.5 0.5 0.5 0.5 0.5 0.5 0.5 0.5 0.  0.5 1.  0.  1.  0.  0.5 0.5 0.5 0.
 0.5 1.  0.  0.5 1.  0.5 1.  0.5 1.  0.5 1.  0.5 1.  1.  0.5 0.5 0.5 0.
 0.5 0.  0.5 0.5 0.5 0.5 0.5 0.  0.5 0.  1.  0.5 0.5 0.5 0.  0.5 1.  0.5
 1.  1.  0.5 1.  0.  1.  0.  0.  0.  0.5 0.  1.  0.5 0.5 0.  0.  0.5 0.
 0.5 0.5 0.5 1.  0.5 0.5 0.5 0.5 0.  0.5 0.5 1.  0.5 0.5 1.  0.  0.5 0.5
 0.  0.5 0.5 1.  0.5 0.5 0.5 0.5 0.5 0.  0.5 0.5 1.  0.  1.  1.  0.5 0.
 0.  0.5 0.  0.5 0.5 0.5 1.  0.5 0.5 0.5 0.5 0.  0.5 0.  0.5 0.5 1.  1.
 0.5 1.  1.  0.  0.  0.5 0.  0.5 0.5 1.  0.5 0.5 0.  0.  1.  1.  1.  1.
 0.5 0.5 0.  1.  0.5 1.  1.  0.5 0.5 1.  0.5 0.  0.5 1.  0.5 0.5 1.  0.
 1.  0.5 1.  0.5 0.5 0.5 1.  0.  1.  0.  0.5 0.5]",0.5083333333333333,"[1.00120619 1.00147366 1.03119818 1.         1.         1.
 1.01345964 1.01051538 1.         1.         1.00126142 1.00013325
 1.         1.         1.01350418 1.01546548 1.         1.01001367
 1.00380878 1.00969599 1.04350266 1.        ]",1.007056294477656,"[135.01461999 231.92384002 109.84533572 153.13634016 179.51384071
 112.62675452 112.18573769 123.44900331 152.25105312 132.83941704
 210.40335556 212.94001413 116.89108087 150.08205126 131.3506701
  66.40627464 170.45866026  89.76398222 180.70451256 199.0522171
 145.67564629 122.1278557 ]",147.21101195347475,66.40627464147533,"[0.8 5.  5.  5.  5.  5.  5.  5.  5.  5.  5.  5.  5.  5.  5.  5.  5.  5.
 5.  5.  5.  5.  5.  5.  5.  5.  5.  5.  5.  5.  5.  5.  5.  5.  5.  5.
 5.  5.  5.  5.  5.  5.  5.  5.  5.  5.  5.  5.  5.  5.  5.  5.  5.  5.
 5.  5.  5.  5.  5.  5.  5.  5.  5.  5.  5.  5.  5.  5.  5.  5.  5.  5.
 5.  5.  5.  5.  5.  5.  5.  5.  5.  5.  5.  5.  5.  5.  5.  5.  5.  5.
 5.  5.  5.  5.  5.  5.  5.  5.  5.  5.  5.  5.  5.  5.  5.  5.  5.  5.
 5.  5.  5.  5.  5.  5.  5.  5.  5.  5.  5.  5.  5.  5.  5.  5.  5.  5.
 5.  5.  5.  5.  5.  5.  5.  5.  5.  5.  5.  5.  5.  5.  5.  5.  5.  5.
 5.  5.  5.  5.  5.  5.  5.  5.  5.  5.  5.  5.  5.  5.  5.  5.  5.  5.
 5.  5.  5.  5.  5.  5.  5.  5.  5.  5.  5.  5.  5.  5.  5.  5.  5.  5.
 5.  5.  5.  5.  5.  5.  5.  5.  5.  5.  5.  5.  5.  5.  5.  5.  5.  5.
 5.  5.  5.  5.  5.  5.  5.  5.  5.  5.  5.  5.  5.  5.  5.  5.  5.  5.
 5.  5.  5.  5.  5.  5.  5.  5.  5.  5.  5.  5.  5.  5.  5.  5.  5.  5.
 5.  5.  5.  5.  5.  5.  5.  5.  5.  5.  5.  5.  5.  5.  5.  5.  5.  5.
 5.  5.  5.  5.  5.  5.  5.  5.  5.  5.  5.  5.  5.  5.  5.  5.  5.  5.
 5.  5.  5.  5.  5.  5.  5.  5.  5.  5.  5.  5.  5.  5.  5.  5.  5.  5.
 5.  5.  5.  5.  5.  5.  5.  5.  5.  5.  5.  5. ]",5.0,0.05053139889038765,0.5003083383038051
2024-03-31,"[1.  0.5 0.5 0.  0.5 1.  0.  0.5 0.  0.5 0.5 0.5 0.  1.  0.  0.5 0.5 0.5
 0.  1.  0.5 1.  0.  0.  0.  0.5 0.5 0.  0.5 0.5 0.5 0.  1.  0.5 0.  0.
 0.  0.5 0.  0.  0.5 0.5 0.5 0.5 0.5 0.5 0.  0.5 0.5 0.5 0.  0.5 0.  0.5
 0.5 0.  1.  0.5 0.5 0.  0.5 0.5 1.  0.5 1.  0.5 0.  0.5 0.  0.  0.  0.
 1.  1.  0.5 0.5 0.5 0.  0.5 0.5 0.5 0.5 0.  0.5 0.  0.  1.  0.  0.  1.
 0.5 0.  0.5 1.  0.5 0.5 0.  0.  0.  0.  1.  0.5 0.5 0.5 1.  0.  0.5 1.
 1.  0.5 0.5 1.  1.  1.  1.  0.5 1.  0.  0.  0.5 0.5 0.5 1.  1.  0.5 0.5
 0.  0.  1.  1.  1.  0.5 1.  0.5 0.5 0.5 0.5 0.5 0.  0.5 0.  1.  1.  0.5
 0.5 0.5 0.5 0.5 0.5 0.5 1.  0.  1.  0.5 1.  0.5 1.  0.5 1.  0.5 0.5 1.
 0.5 0.  0.5 0.  1.  0.5 0.  0.5 0.  0.5 0.  0.5 1.  0.  0.  0.5 0.5 0.
 1.  0.5 0.  0.5 0.  0.5 0.5 1.  0.  1.  0.5 1.  0.5 0.5 1.  0.5 0.5 0.5
 0.5 0.5 1.  0.5 0.  1.  0.5 0.5 1.  1.  1.  1.  1.  0.5 0.5 0.5 1.  0.5
 0.  0.  0.5 0.  0.5 0.  0.  0.5 0.5 0.  0.5 0.5 1.  0.5 1.  0.  0.5 0.5
 0.  1.  0.5 1.  1.  0.  1.  1.  1.  1.  0.5 1.  1.  0.  0.5 0.5 0.5 0.5
 1.  1.  1.  1.  1.  1.  1.  1.  1.  1.  0.5 1.  0.  0.5 1.  1.  0.  0.5
 0.5 0.5 0.  1.  0.  1.  0.5 0.5 1.  0.5 1.  0.5 0.5 0.5 0.5 1.  0.  1.
 0.5 1.  0.5 0.5 0.  1.  0.5 1.  0.5 0.5 0.5 1. ]",0.5216666666666666,"[1.         1.01517915 1.         1.         1.00208896 1.
 1.00205284 1.01757302 1.         1.         1.         1.00639173
 1.0080767  1.         1.         1.         1.00164404 1.
 1.         1.00526439 1.00348059 1.        ]",1.0028068834274433,"[176.8770184  119.888788   292.46110097 199.75744331 186.19897504
 215.71253486 157.85119439  80.14966635 177.41354087 174.01934772
 139.84855014 190.68361106 127.72647357 207.78680887 152.96306158
 198.31597801 122.61396123 230.80564251 253.26951496 127.60008352
 136.20081692  84.85365942]",170.59080780418336,80.1496663522864,"[0.8        5.         5.         5.         5.         5.
 5.         5.         5.         5.         5.         5.
 5.         5.         5.         5.         5.         5.
 5.         5.         5.         5.         5.         5.
 5.         5.         5.         5.         5.         5.
 5.         5.         5.         5.         5.         5.
 5.         5.         5.         4.80494592 3.44239517 3.7664496
 4.11545825 4.49091747 4.89439034 5.         5.         4.21216507
 4.58137835 4.97718898 5.         3.96301841 4.30222205 3.17396991
 3.44674202 3.73895365 2.77651073 4.38618442 4.74357204 5.
 3.82565781 4.13472343 4.46460926 5.         5.         5.
 5.         5.         5.         5.         5.         4.28569314
 3.26292224 4.94835792 5.         5.         5.         5.
 5.         5.         5.         5.         5.         5.
 5.         5.         4.48097379 5.         5.         3.97739914
 5.         5.         4.8448519  5.         5.         5.
 5.         5.         5.         4.09608252 3.22312257 3.22312257
 3.22312257 3.22312257 3.22312257 3.22312257 3.22312257 3.22312257
 3.22312257 3.22312257 3.22312257 3.22312257 3.22312257 3.22312257
 3.22312257 3.22312257 3.22312257 3.22312257 3.22312257 3.22312257
 3.22312257 3.22312257 3.22312257 3.22312257 3.22312257 3.22312257
 3.22312257 3.22312257 3.22312257 3.22312257 3.22312257 3.22312257
 3.22312257 3.22312257 3.22312257 3.22312257 3.22312257 3.22312257
 3.22312257 3.22312257 3.22312257 3.22312257 3.22312257 3.22312257
 3.22312257 3.22312257 3.22312257 3.22312257 3.22312257 3.22312257
 3.22312257 3.22312257 3.22312257 3.22312257 3.22312257 3.22312257
 3.22312257 3.22312257 3.22312257 3.22312257 3.22312257 3.22312257
 3.22312257 3.22312257 3.22312257 3.22312257 3.22312257 3.22312257
 3.22312257 3.22312257 3.22312257 3.22312257 3.22312257 3.22312257
 3.22312257 3.22312257 3.22312257 3.22312257 3.22312257 3.22312257
 3.22312257 3.22312257 3.22312257 3.22312257 3.22312257 3.22312257
 3.22312257 3.22312257 3.22312257 3.22312257 3.22312257 3.22312257
 3.22312257 3.22312257 3.22312257 3.22312257 3.22312257 3.22312257
 3.22312257 3.22312257 3.22312257 3.22312257 3.22312257 3.22312257
 3.22312257 3.22312257 3.22312257 3.22312257 3.22312257 3.22312257
 3.22312257 3.22312257 3.22312257 3.22312257 3.22312257 3.22312257
 3.22312257 3.22312257 3.22312257 3.22312257 3.22312257 3.22312257
 3.22312257 3.22312257 3.22312257 3.22312257 3.22312257 3.22312257
 3.22312257 3.22312257 3.22312257 3.22312257 3.22312257 3.22312257
 3.22312257 3.22312257 3.22312257 3.22312257 3.22312257 3.22312257
 3.22312257 3.22312257 3.22312257 3.22312257 3.22312257 3.22312257
 3.22312257 3.22312257 3.22312257 3.22312257 3.22312257 3.22312257
 3.22312257 3.22312257 3.22312257 3.22312257 3.22312257 3.22312257
 3.22312257 3.22312257 3.22312257 3.22312257 3.22312257 3.22312257
 3.22312257 3.22312257 3.22312257 3.22312257 3.22312257 3.22312257
 3.22312257 3.22312257 3.22312257 3.22312257 3.22312257 3.22312257
 3.22312257 3.22312257 3.22312257 3.22312257 3.22312257 3.22312257
 3.22312257 3.22312257 3.22312257 3.22312257 3.22312257 3.22312257
 3.22312257 3.22312257 3.22312257 3.22312257 3.22312257 3.22312257
 3.22312257 3.22312257 3.22312257 3.22312257 3.22312257 3.22312257]",3.22312257223306,0.04953924808248455,0.9999999999999933
2024-04-30,"[1.  1.  0.5 0.  0.5 0.5 1.  0.  0.  0.  0.5 0.  0.5 0.  0.  0.5 0.  0.5
 0.5 1.  0.5 0.  0.  0.5 0.5 0.  0.5 0.5 0.5 1.  0.5 1.  0.5 0.  0.  0.
 0.  1.  0.5 0.5 0.  0.  0.5 0.  0.5 0.  1.  1.  0.  0.5 0.  0.5 0.5 0.5
 0.  1.  0.  0.  0.5 1.  0.5 0.5 0.5 0.  0.  0.  0.5 1.  0.  0.  0.  0.5
 1.  1.  0.  0.5 0.  0.5 0.  0.  1.  0.  1.  0.5 0.5 0.  1.  0.5 0.  0.5
 0.5 0.5 0.  0.5 0.5 1.  0.  1.  0.5 0.  0.5 0.  0.5 0.5 0.5 0.5 0.  0.
 0.5 0.  0.  0.5 0.  0.  0.5 0.  1.  0.  0.  0.5 0.5 0.  0.  0.5 1.  0.5
 0.  0.5 0.5 0.5 0.  0.  0.5 0.  0.  0.  0.  0.5 0.5 0.  1.  0.  0.  0.
 0.5 0.5 0.  0.  0.  0.5 0.5 0.  0.5 0.  0.5 0.5 1.  0.  0.  0.  0.5 0.
 0.  0.  0.  0.  0.  0.  0.  0.  0.  0.5 0.  0.  0.5 0.5 0.  0.  0.5 0.
 1.  0.  0.5 0.5 0.5 0.5 0.5 0.5 0.5 0.  0.  0.5 0.  0.5 0.  0.5 0.  0.5
 0.  0.  0.5 0.5 0.  0.  0.5 0.  0.  0.5 0.5 0.5 0.5 0.  0.  0.  0.  0.
 0.  0.5 0.5 0.  0.5 0.5 0.5 0.  0.  0.  0.5 0.  0.5 0.5 0.  0.5 0.5 0.5
 0.5 0.  0.5 0.  1.  0.  0.5 0.  0.5 0.5 0.5 0.5 0.5 0.5 0.  0.5 0.5 0.
 0.5 0.  0.  0.5 0.  0.  0.5 0.  0.5 0.  0.  0.5 0.  0.  1.  1.  0.5 0.
 0.  0.  0.  0.  0.5 0.5 0.5 1.  0.5 0.  0.  0.5 0.5 0.5 0.  0.  0.5 0.5
 0.5 0.  0.5 0.5 0.5 0.5 0.5 0.  0.5 0.5 1.  0.5]",0.32166666666666666,"[1.         1.0076785  1.03357607 1.01410158 1.         1.
 1.02441152 1.01551685 1.01111159 1.01896752 1.         1.00227646
 1.01208666 1.02349384 1.01582305 1.         1.03151813 1.
 1.         1.00009611 1.         1.00450478]",1.0097801204653605,"[128.32155192  64.00876942 134.6407375   62.27011208 147.14910338
  82.67086615  46.38911482  78.40463281  87.15416989  31.24766597
  95.04975009  83.52506406  96.38847083  74.31509513  53.04137736
  71.38394761  69.78061593  52.2797907   68.22664342 130.70932421
 103.2182273   74.83089126]",83.40936008367902,31.24766597341281,"[0.8        5.         5.         5.         5.         5.
 5.         5.         5.         5.         5.         5.
 5.         5.         5.         4.77332803 5.         3.54309601
 3.94454953 4.38510733 5.         5.         5.         4.0602443
 4.49556347 4.96916126 3.41987827 3.78273237 4.17706099 4.60488154
 5.         5.         5.         5.         5.         5.
 5.         4.01163539 5.         5.         5.         5.
 4.11545825 4.49091747 3.24991834 3.54779369 2.5832627  4.21216507
 5.         4.97718898 5.         3.96301841 4.30222205 4.66540265
 5.         3.73895365 5.         4.38618442 3.26568073 3.53632442
 5.         5.         5.         5.         5.         3.9071039
 2.94984497 3.18402597 4.88455641 3.70010994 2.81121425 2.14206867
 2.31102939 3.51107798 5.         4.05603514 4.35455788 3.33778415
 3.58426772 2.7571286  2.12625926 3.17835771 2.45543602 3.65372915
 3.91349067 4.18897455 3.24735151 4.79031398 5.         3.97739914
 4.25028487 4.53917368 4.8448519  3.78263223 4.03818116 4.30853292
 5.         4.89655914 5.         5.         5.         5.
 5.         5.         5.         5.         5.         5.
 5.         5.         5.         5.         5.         5.
 5.         5.         5.         5.         5.         5.
 5.         5.         5.         5.         5.         5.
 5.         5.         5.         5.         5.         5.
 5.         5.         5.         5.         5.         5.
 5.         5.         5.         5.         5.         5.
 5.         5.         5.         5.         5.         5.
 5.         5.         5.         5.         5.         5.
 5.         5.         5.         5.         5.         5.
 5.         5.         5.         5.         5.         5.
 5.         5.         5.         5.         5.         5.
 5.         5.         5.         5.         5.         5.
 5.         5.         5.         5.         5.         5.
 5.         5.         5.         5.         5.         5.
 5.         5.         5.         5.         5.         5.
 5.         5.         5.         5.         5.         5.
 5.         5.         5.         5.         5.         5.
 5.         5.         5.         5.         5.         5.
 5.         5.         5.         5.         5.         5.
 5.         5.         5.         5.         5.         5.
 5.         5.         5.         5.         5.         5.
 5.         5.         5.         5.         5.         5.
 5.         5.         5.         5.         5.         5.
 5.         5.         5.         5.         5.         5.
 5.         5.         5.         5.         5.         5.
 5.         5.         5.         5.         5.         5.
 5.         5.         5.         5.         5.         5.
 5.         5.         5.         5.         5.         5.
 5.         5.         5.         5.         5.         5.
 5.         5.         5.         5.         5.         5.
 5.         5.         5.         5.         5.         5.
 5.         5.         5.         5.         5.         5.        ]",5.0,0.053147989761788084,0.9999999999999956
2024-05-31,"[1.  0.5 0.5 0.  0.  0.5 0.  0.  0.5 0.5 0.5 0.  1.  0.5 1.  0.5 0.5 0.
 1.  0.  1.  0.5 0.5 1.  0.5 0.5 0.5 0.  0.5 0.5 0.5 0.5 0.5 0.5 0.  0.
 0.5 1.  0.5 1.  0.  0.  0.5 0.5 0.5 1.  1.  0.5 0.5 1.  0.  0.5 0.  0.
 0.  0.5 0.5 0.5 0.  0.5 1.  0.5 1.  0.5 1.  0.5 0.  0.5 0.5 0.5 1.  0.
 1.  1.  0.5 0.  0.  0.  0.  0.  0.  0.5 0.5 0.5 1.  0.5 1.  0.5 0.5 0.
 0.5 0.  0.  1.  0.  0.  0.  0.5 0.5 0.  0.  0.5 0.  0.  1.  0.5 0.  0.
 1.  0.  0.  0.  0.5 0.5 0.5 0.5 0.5 0.5 1.  1.  0.5 0.5 0.5 0.5 0.5 0.5
 0.5 0.  0.5 0.5 0.5 1.  0.5 1.  1.  1.  1.  0.5 1.  1.  0.5 0.  0.  0.
 0.  1.  1.  0.  0.  0.  0.5 0.  0.  0.  0.5 0.5 0.5 1.  1.  0.5 0.5 0.5
 0.5 0.  0.5 0.5 0.  0.  0.5 0.  0.5 1.  0.5 1.  0.5 1.  0.5 0.5 0.5 0.5
 1.  0.  0.5 0.  0.  0.  0.  1.  1.  0.  0.5 1.  0.5 0.5 0.5 0.  0.  1.
 0.5 0.5 1.  0.5 0.  0.5 0.5 0.5 0.5 1.  0.  0.5 1.  0.5 0.5 0.  0.5 0.5
 0.5 1.  0.5 0.  0.  0.5 0.5 0.  0.  0.  0.5 0.5 0.  0.5 0.5 0.5 0.5 0.5
 0.5 0.5 0.  0.  0.5 0.  0.  1.  0.5 0.5 0.5 0.5 1.  0.5 0.5 0.5 0.  0.5
 1.  1.  0.5 0.5 0.5 0.5 0.  0.5 0.5 0.5 0.  0.  0.5 0.  1.  0.5 0.  1.
 0.5 0.5 0.  0.5 0.  0.  0.  0.5 0.  0.5 0.5 0.5 0.  0.5 0.  0.  0.5 0.
 0.  0.5 0.5 0.5 0.  0.5 0.  0.  0.5 0.5 0.5 0. ]",0.42833333333333334,"[1.00240792 1.01444036 1.         1.00118875 1.         1.00638496
 1.05388269 1.01225285 1.00103238 1.         1.         1.
 1.00675819 1.         1.00096984 1.         1.02020744 1.
 1.         1.         1.00954363 1.00499591]",1.006093859928088,"[ 74.97623773 103.24419994  69.36953122  96.51631402 170.17447254
  76.44622365 102.12441852 132.52399446 190.97489692 125.50002256
 140.32765144  89.93882039 101.21287143 115.63127275  95.76312294
  86.72174279 135.88081611  89.6805707  100.29225167 104.16120958
 148.65576643 100.90938807]",111.41026344857988,69.36953121816735,"[0.8        5.         5.         5.         5.         5.
 5.         5.         3.84258617 4.25401224 4.72276893 5.
 3.45443645 5.         5.         5.         5.         5.
 5.         5.         5.         5.         5.         5.
 5.         5.         5.         5.         5.         5.
 5.         5.         5.         5.         5.         5.
 5.         5.         5.         5.         5.         5.
 5.         5.         5.         5.         5.         5.
 5.         5.         5.         5.         5.         5.
 5.         5.         5.         5.         5.         5.
 5.         5.         5.         5.         5.         5.
 5.         5.         5.         5.         5.         5.
 5.         5.         5.         5.         5.         5.
 5.         5.         5.         5.         5.         5.
 5.         5.         5.         5.         5.         5.
 5.         5.         5.         5.         5.         5.
 5.         5.         5.         5.         5.         5.
 5.         5.         5.         5.         5.         5.
 5.         5.         5.         5.         5.         5.
 5.         5.         5.         5.         5.         5.
 5.         5.         5.         5.         5.         5.
 5.         5.         5.         5.         5.         5.
 5.         5.         5.         5.         5.         5.
 5.         5.         5.         5.         5.         5.
 5.         5.         5.         5.         5.         5.
 5.         5.         5.         5.         5.         5.
 5.         5.         5.         5.         5.         5.
 5.         5.         5.         5.         5.         5.
 5.         5.         5.         5.         5.         5.
 5.         5.         5.         5.         5.         5.
 5.         5.         5.         5.         5.         5.
 5.         5.         5.         5.         5.         5.
 5.         5.         5.         5.         5.         5.
 5.         5.         5.         5.         5.         5.
 5.         5.         5.         5.         5.         5.
 5.         5.         5.         5.         5.         5.
 5.         5.         5.         5.         5.         5.
 5.         5.         5.         5.         5.         5.
 5.         5.         5.         5.         5.         5.
 5.         5.         5.         5.         5.         5.
 5.         5.         5.         5.         5.         5.
 5.         5.         5.         5.         5.         5.
 5.         5.         5.         5.         5.         5.
 5.         5.         5.         5.         5.         5.
 5.         5.         5.         5.         5.         5.
 5.         5.         5.         5.         5.         5.
 5.         5.         5.         5.         5.         5.
 5.         5.         5.         5.         5.         5.
 5.         5.         5.         5.         5.         5.
 5.         5.         5.         5.         5.         5.        ]",5.0,0.05510701226543718,0.9999999999999947
2024-06-30,"[1.  0.5 0.  0.  0.5 0.5 0.  0.5 0.  0.  1.  0.  0.  0.5 1.  0.  0.5 0.5
 0.5 0.  0.  0.5 0.5 1.  0.  0.  0.5 0.5 0.5 1.  0.  0.5 0.5 0.5 0.5 0.
 0.  1.  0.  0.5 0.  1.  0.  0.5 0.  1.  0.  0.5 0.5 1.  0.  0.  0.5 0.
 1.  0.  0.5 0.  0.5 0.5 0.5 0.5 0.  0.5 0.  0.5 0.  0.5 1.  0.5 0.  0.5
 1.  1.  0.  0.  0.5 0.  0.5 0.5 0.5 0.  0.5 1.  0.5 0.5 0.5 0.5 0.5 0.
 0.5 0.  0.  0.5 0.  0.  0.5 0.5 0.5 0.  0.  1.  1.  0.5 0.5 0.5 0.5 1.
 1.  0.5 0.5 0.5 0.5 1.  1.  0.  0.  0.5 0.5 0.5 0.  1.  1.  1.  0.5 0.5
 0.5 0.  1.  1.  1.  0.5 0.5 0.5 0.  1.  0.5 0.  0.5 1.  0.5 0.5 0.5 0.
 0.5 0.5 1.  0.5 0.5 1.  0.5 0.5 0.5 1.  1.  0.5 0.5 0.  0.  1.  1.  1.
 0.5 0.5 0.5 1.  0.5 0.5 0.5 1.  1.  1.  1.  0.  0.5 0.5 0.  0.  0.5 0.
 1.  0.5 0.5 0.5 1.  0.5 0.  1.  0.  0.5 0.  1.  0.5 0.5 1.  0.5 1.  1.
 0.  0.5 1.  0.5 0.5 0.5 0.  0.5 0.5 1.  1.  0.  0.5 1.  0.5 0.5 0.  0.
 0.5 0.5 0.5 0.  0.5 0.5 0.5 0.  0.  0.5 0.5 0.  0.  0.  0.5 0.  0.5 0.5
 0.5 0.5 0.  1.  0.5 0.  1.  0.5 1.  1.  1.  1.  1.  0.5 0.5 0.5 0.  0.5
 1.  1.  1.  1.  0.5 0.  0.  0.5 1.  1.  1.  0.5 0.5 0.  0.5 1.  1.  1.
 0.5 0.5 0.  0.5 0.  1.  1.  0.5 0.5 0.5 1.  1.  1.  1.  0.  0.5 0.5 0.5
 0.  1.  1.  0.5 0.  0.5 1.  0.5 1.  1.  1.  0.5]",0.5016666666666667,"[1.00199032 1.0073352  1.         1.0028717  1.00765016 1.
 1.         1.00466171 1.01045318 1.         1.01134617 1.00004804
 1.         1.         1.01078986 1.         1.00356993 1.00015936
 1.         1.00941532 1.         1.00453662]",1.003401253061266,"[107.06040596 208.4961505  171.18881325 188.62589737 170.85901108
 261.02336848 178.38167107 193.09599993 212.89111127 143.39386941
 134.70163691 200.89329475 192.4415766  237.83566685  97.86159782
 226.00454404 168.03793285 174.19392251 298.96778749 121.25317141
 110.42890203 197.47401297]",181.59592475181742,97.86159782256057,"[0.8        5.         5.         5.         5.         5.
 5.         5.         5.         4.25401224 2.78806829 5.
 3.45443645 2.28264932 2.55016316 4.77332803 3.17835771 3.54309601
 3.94454953 4.38510733 2.96131537 2.01323188 2.24593206 2.50131281
 4.49556347 3.08657045 2.13288073 2.36866086 2.62594542 2.90620019
 5.         3.54184138 3.90052377 4.28877281 4.70843229 5.
 3.65769382 2.60595025 4.3934883  3.14186317 3.44239517 2.47843659
 4.11545825 2.97320204 3.24991834 2.36261274 3.86809961 2.82091503
 3.07660681 3.35142304 5.         3.96301841 2.91957471 3.17396991
 2.35066125 3.73895365 2.77651073 3.01272819 2.24823626 2.44004881
 2.64553912 2.8654977  3.10075087 2.3330439  2.5251195  1.90818261
 2.06562974 1.56746219 1.69701683 2.60614489 2.81121425 2.14206867
 2.31102939 3.51107798 5.         4.05603514 3.1059634  3.33778415
 2.56515215 2.7571286  2.96131537 3.17835771 2.45543602 2.63585997
 3.91349067 4.18897455 4.48097379 4.79031398 5.         5.
 4.25028487 4.53917368 3.54119286 2.76856148 2.95957499 2.32043199
 1.823038   1.95048633 2.08561898 2.22882831 1.75819906 1.75819906
 1.75819906 1.75819906 1.75819906 1.75819906 1.75819906 1.75819906
 1.75819906 1.75819906 1.75819906 1.75819906 1.75819906 1.75819906
 1.75819906 1.75819906 1.75819906 1.75819906 1.75819906 1.75819906
 1.75819906 1.75819906 1.75819906 1.75819906 1.75819906 1.75819906
 1.75819906 1.75819906 1.75819906 1.75819906 1.75819906 1.75819906
 1.75819906 1.75819906 1.75819906 1.75819906 1.75819906 1.75819906
 1.75819906 1.75819906 1.75819906 1.75819906 1.75819906 1.75819906
 1.75819906 1.75819906 1.75819906 1.75819906 1.75819906 1.75819906
 1.75819906 1.75819906 1.75819906 1.75819906 1.75819906 1.75819906
 1.75819906 1.75819906 1.75819906 1.75819906 1.75819906 1.75819906
 1.75819906 1.75819906 1.75819906 1.75819906 1.75819906 1.75819906
 1.75819906 1.75819906 1.75819906 1.75819906 1.75819906 1.75819906
 1.75819906 1.75819906 1.75819906 1.75819906 1.75819906 1.75819906
 1.75819906 1.75819906 1.75819906 1.75819906 1.75819906 1.75819906
 1.75819906 1.75819906 1.75819906 1.75819906 1.75819906 1.75819906
 1.75819906 1.75819906 1.75819906 1.75819906 1.75819906 1.75819906
 1.75819906 1.75819906 1.75819906 1.75819906 1.75819906 1.75819906
 1.75819906 1.75819906 1.75819906 1.75819906 1.75819906 1.75819906
 1.75819906 1.75819906 1.75819906 1.75819906 1.75819906 1.75819906
 1.75819906 1.75819906 1.75819906 1.75819906 1.75819906 1.75819906
 1.75819906 1.75819906 1.75819906 1.75819906 1.75819906 1.75819906
 1.75819906 1.75819906 1.75819906 1.75819906 1.75819906 1.75819906
 1.75819906 1.75819906 1.75819906 1.75819906 1.75819906 1.75819906
 1.75819906 1.75819906 1.75819906 1.75819906 1.75819906 1.75819906
 1.75819906 1.75819906 1.75819906 1.75819906 1.75819906 1.75819906
 1.75819906 1.75819906 1.75819906 1.75819906 1.75819906 1.75819906
 1.75819906 1.75819906 1.75819906 1.75819906 1.75819906 1.75819906
 1.75819906 1.75819906 1.75819906 1.75819906 1.75819906 1.75819906
 1.75819906 1.75819906 1.75819906 1.75819906 1.75819906 1.75819906
 1.75819906 1.75819906 1.75819906 1.75819906 1.75819906 1.75819906
 1.75819906 1.75819906 1.75819906 1.75819906 1.75819906 1.75819906
 1.75819906 1.75819906 1.75819906 1.75819906 1.75819906 1.75819906
 1.75819906 1.75819906 1.75819906 1.75819906 1.75819906 1.75819906]",1.758199064802025,0.07606447694970263,0.649386587585901
2024-07-31,"[1.  1.  0.  0.  0.  1.  0.  0.  0.5 0.  0.5 1.  0.5 0.  0.5 1.  0.5 1.
 0.  1.  0.  0.  0.  0.5 0.5 0.5 0.  0.5 0.5 1.  0.5 0.5 0.5 0.5 0.  0.5
 0.5 0.5 0.  0.5 0.  0.5 0.5 0.  0.  0.5 1.  0.5 0.5 1.  0.  0.5 0.5 0.5
 0.5 0.5 0.  0.  0.  0.  0.  0.  1.  0.5 0.  1.  0.5 0.5 0.5 0.5 0.  0.
 0.  1.  0.  0.5 0.5 0.  1.  0.  0.5 1.  0.  0.5 0.5 0.5 0.5 0.  0.5 0.5
 1.  1.  0.5 0.5 0.  0.5 0.  0.5 0.5 0.  0.5 1.  0.  0.5 0.  0.5 0.  0.
 1.  0.  0.5 0.  0.  0.5 0.  0.5 0.5 0.  0.5 0.5 1.  0.5 0.5 1.  0.5 0.
 0.5 1.  0.5 0.  0.5 0.  0.  0.5 0.5 0.5 0.5 0.5 0.5 0.5 0.  0.5 0.5 0.
 1.  1.  0.5 0.5 0.5 0.  0.5 0.  1.  0.5 1.  0.5 0.  0.  1.  1.  0.5 0.5
 0.5 0.  1.  0.  1.  0.  0.  0.5 0.  0.  0.5 0.  0.5 0.5 0.5 0.  0.  0.5
 0.5 0.  0.5 0.5 0.  0.5 0.5 1.  0.5 0.5 0.5 0.5 0.  0.5 0.5 0.5 1.  0.
 0.  0.5 1.  0.5 0.  0.  1.  0.  1.  0.  0.5 0.5 0.5 0.5 0.5 0.  1.  0.
 0.  0.5 0.  0.  0.5 0.5 0.5 1.  0.5 0.5 0.5 0.5 0.5 0.5 1.  1.  1.  0.5
 0.5 0.5 0.  0.5 1.  1.  0.5 1.  0.5 0.5 0.5 0.  0.  1.  0.  0.5 0.  0.
 0.5 1.  0.5 0.  0.5 0.5 0.  0.5 0.5 1.  0.  0.5 1.  1.  0.5 0.  0.  1.
 0.  0.  0.5 1.  0.5 0.5 0.  0.5 0.5 1.  0.5 0.5 0.  0.5 0.5 0.5 1.  0.5
 0.5 0.5 0.5 0.  0.  0.5 0.  0.5 1.  0.  1.  0. ]",0.4266666666666667,"[1.         1.00181709 1.         1.00502416 1.0058289  1.
 1.0061742  1.         1.00664664 1.00142216 1.         1.00755443
 1.         1.00931205 1.04274592 1.00275567 1.00404278 1.0180467
 1.05168897 1.03156718 1.         1.        ]",1.008846676340053,"[ 66.82682895 113.40673994 148.27241307 133.76853527  81.7372751
 116.62047278 119.47282622 144.13699825 103.03489531 117.56489389
 116.86933011 145.63640159 217.39222052 116.2819855   96.37715208
  69.93651167 100.6636374  117.55017932  35.23120745  97.89040427
  97.7009122  122.77282297]",112.68839290237551,35.23120744706271,"[0.8        5.         5.         5.         5.         5.
 5.         5.         5.         5.         4.72276893 5.
 5.         5.         5.         5.         5.         5.
 5.         5.         5.         5.         5.         5.
 5.         5.         5.         5.         5.         5.
 5.         5.         5.         5.         5.         5.
 5.         5.         5.         5.         5.         5.
 5.         5.         5.         5.         5.         5.
 5.         5.         5.         5.         5.         5.
 5.         5.         5.         5.         5.         5.
 5.         5.         4.46460926 5.         5.         5.
 5.         5.         5.         5.         5.         5.
 5.         4.94835792 5.         5.         5.         5.
 5.         5.         5.         5.         5.         5.
 5.         5.         5.         5.         5.         5.
 5.         5.         5.         5.         5.         5.
 5.         5.         5.         5.         5.         5.
 5.         5.         5.         5.         5.         5.
 5.         5.         5.         5.         5.         5.
 5.         5.         5.         5.         5.         5.
 5.         5.         5.         5.         5.         5.
 5.         5.         5.         5.         5.         5.
 5.         5.         5.         5.         5.         5.
 5.         5.         5.         5.         5.         5.
 5.         5.         5.         5.         5.         5.
 5.         5.         5.         5.         5.         5.
 5.         5.         5.         5.         5.         5.
 5.         5.         5.         5.         5.         5.
 5.         5.         5.         5.         5.         5.
 5.         5.         5.         5.         5.         5.
 5.         5.         5.         5.         5.         5.
 5.         5.         5.         5.         5.         5.
 5.         5.         5.         5.         5.         5.
 5.         5.         5.         5.         5.         5.
 5.         5.         5.         5.         5.         5.
 5.         5.         5.         5.         5.         5.
 5.         5.         5.         5.         5.         5.
 5.         5.         5.         5.         5.         5.
 5.         5.         5.         5.         5.         5.
 5.         5.         5.         5.         5.         5.
 5.         5.         5.         5.         5.         5.
 5.         5.         5.         5.         5.         5.
 5.         5.         5.         5.         5.         5.
 5.         5.         5.         5.         5.         5.
 5.         5.         5.         5.         5.         5.
 5.         5.         5.         5.         5.         5.
 5.         5.         5.         5.         5.         5.
 5.         5.         5.         5.         5.         5.
 5.         5.         5.         5.         5.         5.
 5.         5.         5.         5.         5.         5.        ]",5.0,0.05430022120275499,0.7758156769311303
2024-08-31,"[1.  1.  0.  0.  0.5 1.  0.  1.  0.5 0.  0.5 0.  1.  0.  0.  0.5 0.  0.5
 0.  0.5 0.  0.  0.5 1.  0.  0.  0.5 1.  0.5 1.  0.5 0.5 0.  0.  0.  0.
 1.  0.  0.5 1.  0.5 0.5 0.5 1.  0.  0.5 0.  0.5 1.  1.  0.  0.  0.  0.5
 0.  0.5 0.  0.5 1.  0.5 0.5 0.5 0.  0.5 0.5 0.5 0.  0.5 0.5 0.5 0.5 0.
 1.  1.  0.  1.  0.  0.  0.5 0.5 0.5 0.5 0.5 0.5 1.  0.  0.  0.5 0.5 0.5
 0.  1.  0.5 0.  0.  0.  0.  0.5 0.5 1.  0.5 0.  0.  0.  0.  0.5 0.  0.5
 0.  0.  0.  0.  0.  0.5 0.5 0.  0.5 0.  0.  0.  0.5 0.5 0.  0.  0.5 0.5
 0.  1.  0.5 0.  0.  0.5 1.  0.  0.  0.5 0.  0.5 0.5 0.  0.5 0.  0.  0.
 0.  0.  0.5 0.  1.  0.  0.5 0.  1.  0.  0.5 0.  0.5 0.5 0.  0.  1.  0.
 0.5 0.  0.  0.  0.5 0.  0.  0.  0.  0.  0.5 0.  0.5 0.  0.  0.  0.  0.5
 0.  0.5 0.5 1.  0.  0.  0.5 0.5 0.5 0.5 0.5 0.  0.5 0.  0.5 0.5 0.  1.
 0.  1.  1.  0.  0.5 0.  0.5 0.  0.5 0.5 0.  1.  0.  0.5 0.5 0.5 0.  0.
 0.  0.  0.  0.5 0.5 0.  0.  0.5 0.  0.  0.5 0.  0.5 0.5 1.  0.5 0.5 0.5
 0.5 0.5 0.5 1.  1.  0.  0.5 0.  1.  0.  0.5 0.5 0.5 0.  0.5 1.  1.  0.5
 0.5 1.  0.5 0.5 0.  0.  0.  0.5 0.  1.  0.5 0.5 1.  0.  0.5 0.  1.  0.5
 0.5 0.  0.  0.  0.5 0.5 0.5 0.5 0.5 0.5 0.5 0.5 0.  0.5 0.5 0.5 0.5 0.5
 0.  0.5 0.5 0.5 0.  0.  0.5 0.  0.5 0.5 0.5 0.5]",0.355,"[1.03485492 1.05383641 1.01580629 1.00112263 1.02926092 1.
 1.00329635 1.00882404 1.         1.         1.00570949 1.
 1.         1.         1.         1.01854964 1.003441   1.0133155
 1.00068501 1.02096224 1.         1.        ]",1.0095302023466355,"[ 54.75841473  68.48568936  84.2198129   95.43190768  49.965379
  69.65295418  43.44940656  91.46868367  37.13313951  74.10970914
 113.77983791  76.05041393  51.02006419  76.56905663  83.28401918
  73.67544804 105.52840923 101.63106996  73.61906001  97.82273599
  76.71037413 113.5383104 ]",77.81381346894274,37.13313951197696,"[0.8        5.         5.         5.         5.         5.
 5.         5.         5.         5.         5.         5.
 5.         5.         5.         5.         5.         5.
 5.         5.         5.         5.         3.66088742 4.0602443
 5.         4.96916126 3.41987827 3.78273237 5.         5.
 5.         5.         5.         5.         5.         5.
 3.65769382 5.         4.3934883  4.80494592 5.         5.
 5.         5.         5.         5.         5.         5.
 5.         5.         5.         5.         5.         5.
 5.         5.         5.         5.         5.         5.
 5.         5.         5.         5.         5.         5.
 5.         5.         5.         5.         5.         5.
 5.         5.         5.         5.         5.         5.
 5.         5.         5.         5.         5.         5.
 5.         5.         5.         5.         5.         5.
 5.         5.         5.         5.         5.         5.
 5.         5.         5.         5.         5.         5.
 5.         5.         5.         5.         5.         5.
 5.         5.         5.         5.         5.         5.
 5.         5.         5.         5.         5.         5.
 5.         5.         5.         5.         5.         5.
 5.         5.         5.         5.         5.         5.
 5.         5.         5.         5.         5.         5.
 5.         5.         5.         5.         5.         5.
 5.         5.         5.         5.         5.         5.
 5.         5.         5.         5.         5.         5.
 5.         5.         5.         5.         5.         5.
 5.         5.         5.         5.         5.         5.
 5.         5.         5.         5.         5.         5.
 5.         5.         5.         5.         5.         5.
 5.         5.         5.         5.         5.         5.
 5.         5.         5.         5.         5.         5.
 5.         5.         5.         5.         5.         5.
 5.         5.         5.         5.         5.         5.
 5.         5.         5.         5.         5.         5.
 5.         5.         5.         5.         5.         5.
 5.         5.         5.         5.         5.         5.
 5.         5.         5.         5.         5.         5.
 5.         5.         5.         5.         5.         5.
 5.         5.         5.         5.         5.         5.
 5.         5.         5.         5.         5.         5.
 5.         5.         5.         5.         5.         5.
 5.         5.         5.         5.         5.         5.
 5.         5.         5.         5.         5.         5.
 5.         5.         5.         5.         5.         5.
 5.         5.         5.         5.         5.         5.
 5.         5.         5.         5.         5.         5.
 5.         5.         5.         5.         5.         5.
 5.         5.         5.         5.         5.         5.
 5.         5.         5.         5.         5.         5.        ]",5.0,0.053946672286147884,0.52859874862499
2024-09-30,"[0.  0.5 1.  1.  1.  0.5 0.5 0.5 1.  1.  1.  0.5 1.  1.  0.5 0.5 0.  1.
 0.  0.5 0.5 0.  0.5 0.5 1.  1.  0.5 0.5 1.  1.  0.5 0.5 0.5 1.  0.5 0.5
 1.  1.  0.  1.  1.  0.5 1.  0.5 0.5 1.  0.5 0.5 1.  1.  0.  1.  0.5 0.5
 0.5 1.  1.  0.5 0.  1.  0.5 1.  1.  0.5 0.5 0.5 0.5 0.  0.5 0.5 0.  1.
 0.5 1.  1.  1.  0.5 0.  0.  0.5 1.  1.  0.5 0.5 1.  0.5 0.5 0.  0.  0.5
 0.5 0.5 1.  0.5 1.  0.5 0.  1.  1.  0.5 0.5 0.  0.  1.  1.  0.5 1.  1.
 1.  0.5 0.5 1.  0.  1.  0.5 0.5 0.5 1.  0.5 1.  0.  1.  1.  1.  1.  1.
 0.  0.5 0.5 0.5 0.5 1.  1.  1.  1.  1.  0.5 1.  1.  0.  1.  1.  0.5 0.5
 1.  1.  1.  0.  0.5 1.  0.5 0.  1.  0.5 0.5 1.  0.  1.  1.  1.  0.5 1.
 0.5 1.  0.5 1.  1.  1.  0.5 1.  0.5 0.5 1.  1.  0.5 1.  1.  1.  0.5 1.
 0.5 1.  1.  1.  1.  0.5 1.  1.  0.5 0.5 0.5 1.  0.5 0.5 0.5 1.  1.  0.5
 1.  1.  1.  0.  1.  1.  1.  0.5 0.  0.5 0.  1.  0.5 1.  1.  0.5 1.  0.5
 1.  0.5 1.  0.  0.5 0.5 1.  1.  0.5 0.5 0.  0.5 0.5 1.  1.  0.5 0.5 0.5
 1.  1.  1.  1.  1.  0.5 0.5 1.  0.5 1.  0.5 0.  1.  0.5 0.  1.  0.5 0.5
 0.5 0.5 1.  0.  1.  0.5 1.  1.  1.  0.5 1.  0.5 0.5 0.5 0.5 0.5 1.  0.5
 0.  0.5 0.  0.  0.5 0.5 0.5 0.5 0.  0.5 0.  1.  1.  1.  1.  0.5 0.5 1.
 1.  1.  1.  1.  0.5 0.5 1.  0.5 1.  1.  0.5 0.5]",0.6666666666666666,"[1.         1.         1.00322529 1.00810174 1.01018411 1.02700213
 1.         1.         1.         1.00133679 1.00088052 1.
 1.00250105 1.         1.         1.00571854 1.00265797 1.
 1.00132532 1.         1.         1.0002807 ]",1.0028733702947987,"[255.80203334 155.26531069 174.15787752 163.85626442 138.62517223
 228.33257381 242.06523625 284.00115514 206.75485373 221.77572822
 222.33046935 268.79700262 193.60089496 197.05201211 193.51183212
 216.31213155 237.83630264 280.61070798 303.05402237 224.55070524
 236.94470946 151.67099814]",218.04127244979492,138.625172229153,"[0.8 5.  5.  5.  5.  5.  5.  5.  5.  5.  5.  5.  5.  5.  5.  5.  5.  5.
 5.  5.  5.  5.  5.  5.  5.  5.  5.  5.  5.  5.  5.  5.  5.  5.  5.  5.
 5.  5.  5.  5.  5.  5.  5.  5.  5.  5.  5.  5.  5.  5.  5.  5.  5.  5.
 5.  5.  5.  5.  5.  5.  5.  5.  5.  5.  5.  5.  5.  5.  5.  5.  5.  5.
 5.  5.  5.  5.  5.  5.  5.  5.  5.  5.  5.  5.  5.  5.  5.  5.  5.  5.
 5.  5.  5.  5.  5.  5.  5.  5.  5.  5.  5.  5.  5.  5.  5.  5.  5.  5.
 5.  5.  5.  5.  5.  5.  5.  5.  5.  5.  5.  5.  5.  5.  5.  5.  5.  5.
 5.  5.  5.  5.  5.  5.  5.  5.  5.  5.  5.  5.  5.  5.  5.  5.  5.  5.
 5.  5.  5.  5.  5.  5.  5.  5.  5.  5.  5.  5.  5.  5.  5.  5.  5.  5.
 5.  5.  5.  5.  5.  5.  5.  5.  5.  5.  5.  5.  5.  5.  5.  5.  5.  5.
 5.  5.  5.  5.  5.  5.  5.  5.  5.  5.  5.  5.  5.  5.  5.  5.  5.  5.
 5.  5.  5.  5.  5.  5.  5.  5.  5.  5.  5.  5.  5.  5.  5.  5.  5.  5.
 5.  5.  5.  5.  5.  5.  5.  5.  5.  5.  5.  5.  5.  5.  5.  5.  5.  5.
 5.  5.  5.  5.  5.  5.  5.  5.  5.  5.  5.  5.  5.  5.  5.  5.  5.  5.
 5.  5.  5.  5.  5.  5.  5.  5.  5.  5.  5.  5.  5.  5.  5.  5.  5.  5.
 5.  5.  5.  5.  5.  5.  5.  5.  5.  5.  5.  5.  5.  5.  5.  5.  5.  5.
 5.  5.  5.  5.  5.  5.  5.  5.  5.  5.  5.  5. ]",5.0,0.05158051198051214,0.8858491169493764
2024-10-31,"[1.  1.  1.  1.  0.5 1.  1.  1.  1.  0.5 1.  1.  1.  1.  1.  1.  1.  0.5
 1.  1.  1.  1.  1.  1.  1.  0.5 1.  0.5 1.  1.  1.  1.  1.  1.  0.5 1.
 1.  1.  1.  0.5 1.  0.5 1.  0.5 1.  1.  0.5 1.  1.  1.  0.5 1.  1.  1.
 0.5 1.  1.  1.  1.  1.  1.  1.  0.5 1.  1.  1.  1.  1.  1.  1.  1.  1.
 1.  1.  1.  1.  0.  0.5 1.  1.  1.  0.5 1.  1.  1.  1.  1.  1.  1.  1.
 1.  0.5 1.  1.  1.  1.  1.  1.  1.  1.  0.5 0.5 1.  1.  1.  0.5 1.  1.
 1.  1.  1.  1.  1.  1.  1.  1.  1.  1.  0.5 0.5 1.  1.  1.  1.  1.  1.
 1.  1.  1.  1.  1.  0.5 1.  1.  1.  1.  1.  1.  1.  1.  1.  0.5 1.  1.
 1.  1.  1.  1.  1.  1.  1.  0.5 1.  1.  1.  1.  0.5 1.  1.  1.  1.  1.
 1.  1.  1.  1.  1.  1.  0.5 1.  1.  1.  1.  1.  1.  1.  1.  1.  0.5 1.
 1.  1.  1.  1.  1.  0.5 1.  1.  1.  0.  0.5 1.  1.  1.  1.  1.  1.  1.
 1.  1.  1.  1.  1.  1.  0.5 1.  1.  1.  1.  1.  1.  1.  1.  1.  1.  0.5
 1.  1.  1.  1.  1.  1.  1.  0.5 0.5 1.  1.  1.  1.  1.  1.  1.  1.  1.
 0.5 1.  1.  1.  1.  1.  1.  1.  1.  1.  1.  1.  1.  1.  1.  1.  0.5 1.
 1.  1.  1.  0.5 1.  1.  1.  1.  1.  1.  1.  1.  1.  1.  1.  1.  1.  1.
 1.  1.  1.  1.  0.5 1.  1.  1.  1.  1.  0.5 1.  1.  1.  1.  1.  1.  1.
 1.  1.  1.  1.  0.5 1.  0.5 0.  1.  1.  1.  1. ]",0.9233333333333333,"[1.         1.00372246 1.01399846 1.00311075 1.00179964 1.
 1.         1.00534554 1.00595825 1.         1.         1.
 1.         1.         1.         1.00157496 1.         1.0006375
 1.         1.00192232 1.00046976 1.00864743]",1.0021448664478994,"[230.0059436  385.64384105 288.91159867 250.28625512 400.
 380.71574704 361.03484477 357.5003468  361.86654705 248.04772692
 390.36428664 400.         248.04806199 303.82515154 400.
 215.24252075 354.96638002 356.20391087 348.80301898 189.65063634
 372.57884717 347.55614151]",326.8750821291324,189.650636338074,"[0.8 5.  5.  5.  5.  5.  5.  5.  5.  5.  5.  5.  5.  5.  5.  5.  5.  5.
 5.  5.  5.  5.  5.  5.  5.  5.  5.  5.  5.  5.  5.  5.  5.  5.  5.  5.
 5.  5.  5.  5.  5.  5.  5.  5.  5.  5.  5.  5.  5.  5.  5.  5.  5.  5.
 5.  5.  5.  5.  5.  5.  5.  5.  5.  5.  5.  5.  5.  5.  5.  5.  5.  5.
 5.  5.  5.  5.  5.  5.  5.  5.  5.  5.  5.  5.  5.  5.  5.  5.  5.  5.
 5.  5.  5.  5.  5.  5.  5.  5.  5.  5.  5.  5.  5.  5.  5.  5.  5.  5.
 5.  5.  5.  5.  5.  5.  5.  5.  5.  5.  5.  5.  5.  5.  5.  5.  5.  5.
 5.  5.  5.  5.  5.  5.  5.  5.  5.  5.  5.  5.  5.  5.  5.  5.  5.  5.
 5.  5.  5.  5.  5.  5.  5.  5.  5.  5.  5.  5.  5.  5.  5.  5.  5.  5.
 5.  5.  5.  5.  5.  5.  5.  5.  5.  5.  5.  5.  5.  5.  5.  5.  5.  5.
 5.  5.  5.  5.  5.  5.  5.  5.  5.  5.  5.  5.  5.  5.  5.  5.  5.  5.
 5.  5.  5.  5.  5.  5.  5.  5.  5.  5.  5.  5.  5.  5.  5.  5.  5.  5.
 5.  5.  5.  5.  5.  5.  5.  5.  5.  5.  5.  5.  5.  5.  5.  5.  5.  5.
 5.  5.  5.  5.  5.  5.  5.  5.  5.  5.  5.  5.  5.  5.  5.  5.  5.  5.
 5.  5.  5.  5.  5.  5.  5.  5.  5.  5.  5.  5.  5.  5.  5.  5.  5.  5.
 5.  5.  5.  5.  5.  5.  5.  5.  5.  5.  5.  5.  5.  5.  5.  5.  5.  5.
 5.  5.  5.  5.  5.  5.  5.  5.  5.  5.  5.  5. ]",5.0,0.08393654043712949,0.8082011931280264
2024-11-30,"[0.5 1.  1.  1.  1.  1.  1.  1.  1.  1.  0.5 1.  1.  1.  1.  1.  1.  1.
 1.  1.  0.5 1.  1.  0.5 1.  1.  1.  1.  1.  1.  1.  1.  1.  1.  1.  1.
 1.  1.  0.5 1.  1.  1.  1.  1.  1.  1.  1.  1.  1.  1.  1.  1.  1.  1.
 1.  1.  1.  1.  1.  1.  0.5 1.  1.  1.  1.  1.  1.  1.  1.  1.  1.  1.
 1.  1.  1.  1.  1.  1.  1.  1.  1.  1.  1.  0.5 1.  1.  1.  1.  1.  1.
 1.  1.  1.  1.  1.  1.  1.  1.  1.  1.  1.  1.  1.  1.  1.  1.  1.  1.
 1.  1.  0.5 1.  1.  1.  1.  1.  1.  1.  1.  1.  1.  0.5 1.  1.  1.  1.
 1.  1.  0.5 1.  1.  0.5 1.  1.  1.  1.  1.  1.  1.  1.  1.  1.  1.  1.
 1.  1.  1.  1.  1.  1.  1.  1.  1.  1.  1.  1.  1.  1.  1.  0.5 1.  1.
 1.  1.  1.  1.  1.  1.  1.  1.  1.  1.  1.  1.  1.  0.5 0.5 1.  0.5 1.
 1.  1.  1.  1.  1.  1.  1.  0.5 1.  1.  1.  1.  1.  1.  0.5 1.  1.  1.
 1.  1.  1.  1.  1.  1.  1.  1.  1.  0.5 1.  1.  1.  1.  1.  0.5 1.  1.
 1.  1.  0.5 1.  0.5 1.  1.  1.  1.  1.  1.  1.  1.  0.5 1.  1.  1.  1.
 1.  1.  1.  1.  0.5 1.  1.  1.  1.  1.  1.  0.5 1.  1.  1.  1.  1.  1.
 1.  1.  1.  1.  1.  1.  1.  0.  1.  1.  1.  1.  1.  1.  1.  0.5 0.5 1.
 1.  1.  1.  1.  0.5 1.  1.  0.5 1.  1.  1.  1.  1.  1.  1.  0.5 1.  1.
 1.  1.  1.  1.  0.5 1.  1.  1.  0.5 0.5 1.  1. ]",0.9433333333333334,"[1.02129912 1.         1.         1.00042748 1.00054676 1.
 1.         1.         1.00431877 1.         1.00815319 1.00181139
 1.00018449 1.         1.         1.         1.00024479 1.
 1.00088507 1.         1.         1.        ]",1.001721411158324,"[254.69806169 243.31954461 249.18071514 298.91141044 344.69172102
 334.78380757 288.23007511 262.9343309  314.44978157 337.29915564
 229.51410359 218.77994856 294.85448313 190.36600386 400.
 282.50819035 297.53825099 312.18262899 269.55355476 227.74442173
 209.32934653 328.44100985]",281.33229754646476,190.366003859064,"[0.8 5.  5.  5.  5.  5.  5.  5.  5.  5.  5.  5.  5.  5.  5.  5.  5.  5.
 5.  5.  5.  5.  5.  5.  5.  5.  5.  5.  5.  5.  5.  5.  5.  5.  5.  5.
 5.  5.  5.  5.  5.  5.  5.  5.  5.  5.  5.  5.  5.  5.  5.  5.  5.  5.
 5.  5.  5.  5.  5.  5.  5.  5.  5.  5.  5.  5.  5.  5.  5.  5.  5.  5.
 5.  5.  5.  5.  5.  5.  5.  5.  5.  5.  5.  5.  5.  5.  5.  5.  5.  5.
 5.  5.  5.  5.  5.  5.  5.  5.  5.  5.  5.  5.  5.  5.  5.  5.  5.  5.
 5.  5.  5.  5.  5.  5.  5.  5.  5.  5.  5.  5.  5.  5.  5.  5.  5.  5.
 5.  5.  5.  5.  5.  5.  5.  5.  5.  5.  5.  5.  5.  5.  5.  5.  5.  5.
 5.  5.  5.  5.  5.  5.  5.  5.  5.  5.  5.  5.  5.  5.  5.  5.  5.  5.
 5.  5.  5.  5.  5.  5.  5.  5.  5.  5.  5.  5.  5.  5.  5.  5.  5.  5.
 5.  5.  5.  5.  5.  5.  5.  5.  5.  5.  5.  5.  5.  5.  5.  5.  5.  5.
 5.  5.  5.  5.  5.  5.  5.  5.  5.  5.  5.  5.  5.  5.  5.  5.  5.  5.
 5.  5.  5.  5.  5.  5.  5.  5.  5.  5.  5.  5.  5.  5.  5.  5.  5.  5.
 5.  5.  5.  5.  5.  5.  5.  5.  5.  5.  5.  5.  5.  5.  5.  5.  5.  5.
 5.  5.  5.  5.  5.  5.  5.  5.  5.  5.  5.  5.  5.  5.  5.  5.  5.  5.
 5.  5.  5.  5.  5.  5.  5.  5.  5.  5.  5.  5.  5.  5.  5.  5.  5.  5.
 5.  5.  5.  5.  5.  5.  5.  5.  5.  5.  5.  5. ]",5.0,0.09011573303898669,0.9999999999999969
