,sh600519,sh600036,sh601318,sh601166,sh600030,sh601328,sh600887,sh600000,sh601601,sh600048,sh600028,sh600309,sh601186,sh600031,sh601012,sh601628,sh601088,sh600585,sh600690,sh601888,sh600276,sh601766
2022-03-09,0.0,0.0,0.0,0.0,0.0,0.0,0.0,0.0,0.0,0.0,0.0,0.0,0.0,0.0,0.0,0.0,0.04098994586233573,0.0,0.0,0.0,0.0,0.0
2022-03-10,0.0,0.0,0.0,0.0,0.0,0.0,0.0,0.0,0.0,0.0,0.0,0.0,0.0,0.0,0.0,0.0,-0.013001485884101105,0.0,0.0,0.0,0.0,0.0
2022-03-11,0.0,0.0,0.0,0.0,0.0,0.0,0.0,0.0,0.0,0.0,0.0,0.0,0.0,0.0,0.0,0.0,0.012420022581859147,0.0,0.0,0.0,0.0,0.0
2022-03-14,0.0,0.0,0.0,0.0,0.0,0.0,0.0,0.0,0.0,0.0,0.0,0.0,0.0,0.0,0.0,0.0,-0.026022304832713727,0.0,0.0,0.0,0.0,0.0
2022-03-15,0.0,0.0,0.0,0.0,0.0,0.0,0.0,0.0,0.0,0.0,0.0,0.0,0.0,0.0,0.0,0.0,-0.07900763358778629,0.0,0.0,0.0,0.0,0.0
2022-03-16,0.0,0.0,0.0,0.0,0.0,0.0,0.0,0.0,0.0,0.0,0.0,0.0,0.0,0.0,0.0,0.0,0.02776626605884802,0.0,0.0,0.0,0.0,0.0
2022-03-17,0.0,0.0,0.0,0.0,0.0,0.0,0.0,0.0,0.0,0.0,0.0,0.0,0.0,0.0,0.0,0.0,-0.01733870967741935,0.0,0.0,0.0,0.0,0.0
2022-03-18,0.0,0.0,0.0,0.0,0.0,0.0,0.0,0.0,0.0,0.0,0.0,0.0,0.0,0.0,0.0,0.0,0.027082478457119308,0.0,0.0,0.0,0.0,0.0
2022-03-21,0.0,0.0,0.0,0.0,0.0,0.0,0.0,0.0,0.0,0.0,0.0,0.0,0.0,0.0,0.0,0.0,0.042748701558130264,0.0,0.0,0.0,0.0,0.0
2022-03-22,0.0,0.0,0.0,0.0,0.0,0.0,0.0,0.0,0.0,0.0,0.0,0.0,0.0,0.0,0.0,0.0,0.029885057471264354,0.0,0.0,0.0,0.0,0.0
2022-03-23,0.03374041297935104,0.005051614320228381,0.0020920502092049986,-0.05285920230658325,-0.0004796163069544779,-0.0020408163265307477,-0.008081896551724088,-0.003831417624521105,-0.0004293688278229624,0.0005807200929153211,-0.004819277108433884,0.01341093117408887,-0.0026385224274406704,-0.005079006772009009,0.00012423903590508267,-0.005032907471931858,-0.012276785714285698,-0.0018812147272239121,-0.005361930294906059,-0.006112253893623243,0.011369788846778528,-0.003669724770642313
2022-03-24,-0.01784053099264349,0.0002185314685316797,0.007306889352818313,0.007102993404363378,-0.007677543186180413,-0.006134969325153228,-0.00869092884302014,0.0,-0.0038659793814432852,-0.009286128845037767,0.004842615012106588,-0.00012484394506850904,-0.007936507936507908,-0.009642654566080489,-0.02099378881987579,-0.006225680933852118,0.024482109227871973,-0.007000538502961673,0.005840071877807773,-0.014724144048252619,0.007494646680942241,0.0
2022-03-25,-0.017972840266600065,-0.012890539654795807,-0.012849740932642462,0.011083123425692731,-0.014990328820115972,0.010288065843621297,-0.020547945205479423,0.0,-0.002587322121604285,-0.017574692442882345,0.00240963855421672,-0.02796853539767774,-0.009333333333333416,-0.020618556701030855,-0.0369242481918538,-0.008613938919342146,-0.0007352941176470562,-0.00027114967462049666,-0.02188476998660127,-0.022626335373904793,-0.033740701381509086,-0.012891344383056946
2022-03-28,-0.017278106508875735,-0.0028773793714033102,0.004618937644341736,-0.0019930244145490716,0.004418262150220897,0.012219959266802416,0.00783216783216778,0.007692307692307665,-0.025507998270644205,0.010137149672033496,0.03125,0.003853564547206423,0.020188425302826385,0.008187134502923854,-0.0006587615283268899,-0.0015797788309636074,0.07505518763796903,0.022511526986710217,-0.005022831050228271,-0.020571077678845584,-0.01292273852075887,-0.001865671641791189
2022-03-29,0.003733140655105993,-0.0008879023307436507,-0.013375130616509967,-0.007488766849725548,-0.01026392961876832,0.008048289738430636,-0.009159034138218058,-0.0050890585241730735,-0.0031055900621118626,-0.008264462809917439,0.00932400932400923,0.00012795905310292177,-0.00527704485488123,-0.030162412993039456,-0.01990771259063928,-0.011867088607595,0.029431895961670174,-0.0005305039787799615,-0.015603487838457997,-0.02131661442006272,0.0005571030640669772,-0.009345794392523366
2022-03-30,0.037852429514097174,0.027105087758275914,0.03156110993433603,0.020623742454728422,0.04049382716049377,0.005988023952095967,0.034733893557422846,0.012787723785166127,0.018246550956831253,0.05476190476190457,-0.002309468822170868,0.047850562947799435,0.019893899204244114,0.054425837320574155,0.01412429378531077,0.04083266613290637,-0.03490691489361697,0.02813163481953307,0.04428904428904423,0.07110826393337599,0.041759465478841795,0.016981132075471583
2022-03-31,-0.006415814114790974,0.012329656067488592,-0.005133470225872738,0.018728437654016883,-0.008068343616516427,0.01388888888888884,-0.0013535462912830365,0.010101010101010166,0.0017482517482518833,-0.0011286681715575453,0.0,-0.0123321123321124,-0.0039011703511053764,-0.006239364719228591,-0.042445947738426915,0.009230769230769154,0.02549087151222862,0.01935983479607639,0.03125000000000022,-0.016925837320574066,-0.016034206306787868,0.0018552875695734272
2022-04-01,0.035491564863292524,0.0064102564102566095,0.010526315789473717,0.0353168843734879,0.010526315789473717,0.001956947162426559,0.012198427758200125,0.008750000000000036,0.012216404886561838,0.028813559322034,0.011574074074073959,0.0635430831994066,0.007832898172323688,0.001712328767123461,0.005679456988502585,0.03315548780487809,-0.008061807188444736,0.005317801975183611,0.02813852813852802,0.06016913061994278,-0.0010863661053774898,0.0
2022-04-06,-0.008432536895860099,0.006157112526539166,0.011846405228758128,0.024299065420560817,0.0,0.009765625,-0.003749330476700563,0.012391573729863659,0.01810344827586219,0.0049423393739702615,0.009153318077803174,0.007555503893990512,0.059585492227979264,0.018803418803418737,-0.05509641873278237,0.0025820730357801747,-0.011175076193701394,0.030982367758186413,-0.005473684210526297,-0.05830368415012044,-0.01441000543773796,0.014814814814814836
2022-04-07,0.0,-0.011183794049377527,-0.021396851029471198,-0.015054744525547559,-0.02083333333333337,-0.007736943907156735,-0.010483870967741948,-0.012239902080783294,-0.01778154106689256,-0.03715846994535521,-0.0113378684807256,0.01061375173050294,-0.009779951100244544,-0.01230425055928408,0.003352769679300316,-0.024650478292862377,0.019863013698630194,-0.01026142193989743,-0.026248941574936513,0.005179768433881682,-0.025655172413793115,-0.0018248175182482562
2022-04-08,0.01076487252124636,0.006828851899274513,0.01567656765676584,0.018527095877721056,0.01934235976789167,0.007797270955165692,0.004074979625101838,0.004956629491945419,0.009051724137931094,0.03348467650397269,0.004587155963302614,0.01050228310502277,0.04444444444444451,0.0911664779161947,-0.013511550196135258,0.020746887966804906,0.0265278710543988,0.010120957788200435,-0.0073913043478262,-0.002849348287359832,-0.039354473386183475,0.012797074954296273
2022-04-11,-0.0358744394618834,-0.027130139889783855,-0.03290008123476862,-0.010914051841746208,-0.028937381404174567,-0.003868471953578201,-0.011904761904761862,-0.012330456226880337,-0.035027765912003406,-0.01537616694124111,-0.0091324200913242,-0.0033890646181653494,0.0011820330969267712,-0.03373118837571343,-0.03063328424153189,-0.02106430155210648,0.023879620543016067,-0.01026392961876832,-0.012264564169951697,-0.05088764591439676,-0.03330386089006787,-0.025270758122743597
2022-04-12,0.03604651162790695,-0.004357298474945481,0.01784964300713998,-0.0009195402298850519,0.030776746458231585,0.003883495145631022,0.025465498357064575,0.012484394506866447,0.010624169986719778,-0.043502509760178554,0.0023041474654377225,-0.013829063704375422,-0.0047225501770957745,0.00859291084854985,0.015800668489820868,0.02529256323140805,-0.011182108626198173,-0.0009876543209876854,0.03946784922394686,0.09999359426045729,0.026524390243902518,0.014814814814814836
2022-04-13,-0.007295173961840651,0.001094091903719896,-0.013410356921807254,-0.00046019328117818947,-0.018957345971564066,0.0019342359767891004,0.006141522029372348,-0.0012330456226880004,-0.0030661410424878133,0.03673469387755124,0.0,-0.0045977011494253706,-0.02016607354685651,-0.03301384451544198,-0.0025426263834879004,-0.011045655375552355,0.03360258481421652,-0.020019772614928377,0.018344709897610834,0.0016305613789890927,-0.0008910008910009148,-0.04014598540145997
2022-04-14,0.022611644997173608,0.00021857923497270448,0.007737348389795118,-0.0018416206261510082,0.01304347826086949,-0.005791505791505669,0.027070063694267565,0.0012345679012344402,0.002196836555360182,0.06467941507311581,0.009195402298850519,0.0,0.002421307506053294,0.032488986784140916,0.005098215624531388,0.003350707371556183,0.00906533291653644,0.016393442622950838,0.04105571847507328,0.055697674418604626,0.005350772889417321,0.005703422053231932
2022-04-15,-0.0016639027086787772,0.02338286713286708,0.002282631251296907,0.026752767527675303,-0.0042918454935622075,0.0,-0.0023255813953488857,0.004932182490752224,0.0048224462954846725,0.020602218700475516,-0.009111617312072884,-0.022517321016166103,-0.007246376811594013,-0.017066666666666674,-0.009398776667163933,-0.0007421150278292821,-0.038723667905824044,-0.008933002481389618,-0.008048289738430747,0.0036347615376142173,0.007983441750443632,-0.005671077504725952
2022-04-18,-0.008399825026716656,-0.07345718556480885,-0.026915113871635588,-0.02605570530098844,-0.028256704980842873,-0.01553398058252431,-0.007252007252007253,-0.014723926380368235,-0.02617801047120427,-0.04813664596273293,-0.013793103448275779,-0.010159480212640237,-0.02676399026763998,-0.022788931090613085,0.04216867469879504,-0.027849981433345716,-0.034160489848533704,-0.008262393590385497,-0.019066937119675442,-0.007462686567164201,-0.003813435024934031,-0.0076045627376425395
2022-04-19,-0.0002903697747400624,-0.02973035261581003,-0.01191489361702136,-0.01060885608856088,-0.003449975357318835,0.015779092702169706,-0.0046960605270023326,0.013698630136986356,-0.015681003584229414,-0.0005437737901033968,0.01631701631701632,-0.014918248000954759,0.013749999999999929,-0.018323153803442627,-0.0014450867052023808,-0.008785332314744099,0.027694361027694514,-0.018177227972734133,-0.011166253101736912,-0.012439186200796093,-0.025029446407538347,0.003831417624521105
2022-04-20,0.003742389543651914,-0.02375296912114011,-0.01141257536606377,-0.008857808857808736,-0.015331355093966326,-0.009708737864077777,0.01782437745740495,-0.0036855036855037993,-0.007282658170232104,-0.05168661588683343,-0.013761467889908396,-0.026774897019626986,-0.03575832305795301,-0.016968325791855254,-0.0332850940665701,-0.01348747591522148,-0.04025974025974033,-0.022627924916431064,0.02342116269343375,0.020321334602250385,0.036544850498339,-0.009541984732824416
2022-04-21,-0.009471341124095756,0.004379562043795637,0.006752341537791473,-0.006114769520225938,-0.0035158211953791874,-0.0019607843137254832,-0.010301313417460656,-0.004932182490752002,0.00687757909215958,0.004589787722317995,-0.013953488372092981,-0.0041080542761110506,-0.024296675191815886,-0.03797468354430378,-0.06317365269461073,0.010937499999999822,-0.011502029769959399,-0.01604840831360166,-0.017572537801389454,-0.038955338527378425,-0.03350815850815847,-0.015414258188824692
2022-04-22,-0.003921392375195287,0.029554263565891414,0.005192557334487313,0.013724562233790927,0.002016129032258007,0.017681728880157177,-0.002081706999739752,0.0024783147459725985,0.011839708561020013,0.015419760137064475,0.021226415094339535,-0.002375000000000016,0.0183486238532109,0.0071770334928229484,-0.009268136784915226,0.02395672333848542,0.016084873374401232,0.024598930481283476,0.02329450915141451,0.0103905001141813,-0.0051251130539644585,0.011741682974559575
2022-04-25,-0.036661026508742256,-0.08635294117647063,-0.034653465346534684,-0.053221288515406195,-0.032696177062374154,-0.025096525096525046,-0.026597131681877495,-0.03337453646477129,-0.06345634563456348,-0.04443194600674927,-0.03233256351039249,-0.05375266257361244,-0.030888030888030826,-0.09026128266033251,-0.08693548387096772,-0.04528301886792452,-0.033344560458066774,-0.032098121085594955,-0.03373983739837405,-0.0197197423437675,-0.09999999999999998,-0.03481624758220503
2022-04-26,0.014332552693208545,-0.010816379088333772,-0.028093645484949747,0.006903353057199135,-0.046801872074883066,-0.001980198019801982,0.014465577283685915,0.006393861892583175,-0.024026910139356095,0.03413772807533855,-0.009546539379474916,0.02356991525423724,0.025232403718459473,-0.04634464751958234,0.00989224518636278,-0.022529644268774685,-0.008013937282229988,0.0153680237260716,-0.0025241901556583013,0.03763905700616754,-0.06599326599326605,-0.02605210420841686
2022-04-27,0.036040820096047366,-0.00963290809684969,0.007341133287451118,0.005876591576885248,0.026186579378068675,0.001984126984126977,0.02983892263005017,-0.0050825921219822545,0.003446578040374293,-0.044963005122367616,0.016867469879517927,0.019146183699870756,0.03756476683937815,0.0691307323750856,0.07224068567430453,0.011726647796198808,0.017562346329469625,0.048592671269251264,0.003374103753690294,0.022053105210532165,0.011535688536409516,0.016460905349794164
2022-04-28,0.022329686002718674,0.04153522607781279,-0.0056934639034388335,0.024829600778967897,-0.0021265284423178654,0.005940594059405946,-0.02410256410256406,0.020434227330779153,0.001962708537782243,0.06078665077473189,0.02369668246445511,0.015105356689515181,0.03745318352059934,0.010243277848911658,0.05350734094616638,-0.02078337330135893,0.07732136693130842,0.015446948594580956,0.031105506515342718,-0.013098537964019719,0.013898788310762633,0.002024291497975561
2022-04-29,-0.0036076294277928023,0.007824331145885877,0.02061383417315632,-0.027078384798099764,0.04901438465636665,0.0,0.01077246452968983,0.005006257822277815,0.0186092066601371,0.01797752808988773,0.004629629629629539,-0.026509941227960576,0.013237063778579916,0.04562737642585546,0.05233818519665534,0.038775510204081653,-0.013777635373277808,-0.003491271820448838,0.05625764370158981,0.002257957924881593,0.03620386643233742,0.02020202020202011
2022-05-05,0.004714556055086971,-0.0167793638868019,0.01032315978456011,-0.003906250000000111,-0.01574403250380918,-0.017716535433070835,0.006498570314530827,-0.004981320049813109,0.0,-0.03200883002207511,0.0023041474654377225,0.04932562620423897,0.004750593824228044,0.0060606060606061,0.01648028251912903,0.003929273084479323,-0.004873294346978585,0.010510510510510551,0.02238517946738705,-0.012363316665750856,0.006784260515603879,-0.003960396039603853
2022-05-06,-0.0239520958083832,-0.0343861436576669,-0.02132385606397158,-0.021568627450980316,-0.02992776057791524,-0.022044088176352727,-0.02453512396694202,-0.017521902377972576,-0.03557692307692317,-0.06556442417331809,-0.016091954022988353,-0.02680866691149464,-0.027186761229314516,-0.02349397590361446,-0.029675738274464347,-0.017612524461839474,-0.012732615083251742,-0.0359088657751363,-0.03548508871272171,-0.08929564927116951,-0.011455525606469008,-0.02385685884691846
2022-05-09,-0.02286670384829892,-0.037984700606700006,0.006581933726736322,-0.017034068136272507,-0.0037234042553191404,-0.002049180327868827,0.001853322742917607,-0.003821656050955302,0.026420737786640114,-0.007321537522879895,0.004672897196261516,-0.008805031446540879,0.018226002430133725,-0.016656384947563274,0.034312994181709744,0.019521912350597637,-0.02083333333333326,-0.005137426149499191,-0.012133072407045087,-0.02254261103305022,-0.0013633265167006803,0.004073319755600657
2022-05-10,0.008099315068493151,0.013984096517685618,0.0027057497181510737,0.019367991845056,0.014949279231180057,0.008213552361396204,0.031976744186046346,0.0038363171355497716,-0.004371053909664857,0.011063306699446773,0.0,-0.010659898477157426,0.021479713603818507,0.016311166875784266,-0.013125631039953789,-0.0015631105900741904,-0.0314083080040527,0.0007745933384972759,0.015055467511885912,0.03718749999999993,0.0030716723549488734,0.0040567951318459805
2022-05-11,0.001024804805825008,0.006219578150351568,0.00584663818304465,-0.010999999999999899,0.006312467122566945,0.0,-0.008962868117797562,0.001273885350318471,0.006341463414634152,-0.03768996960486315,-0.0023255813953487747,0.053232426885582385,-0.01869158878504673,0.0,0.04355451622332662,-0.005870841487279899,0.019525801952580135,-0.011093911248709953,-0.01795472287275568,0.06447725218439304,0.01905410003402519,0.004040404040403844
2022-05-12,-0.003014705882352864,-0.01612469766191893,-0.016320143080706395,-0.007583417593528874,-0.002090956612650241,-0.008146639511201648,0.0018087855297157507,0.0012722646310432406,0.010179350460494563,-0.014529374605180112,-0.004662004662004726,0.002922908293752302,-0.005952380952381042,-0.01790123456790116,-0.02268907563025213,-0.0059055118110236116,-0.020519835841313228,-0.010957474563005554,0.015898251192368873,-0.02660628361166162,0.002671118530884975,0.0
2022-05-13,0.008833190557506532,0.014750068287353146,-0.0009090909090908594,0.006113092205807469,0.010476689366160308,0.014373716632443578,-0.008253804488006167,0.02287166454891998,0.01679462571976975,0.06346153846153846,0.00936768149882905,-0.0043715846994535346,0.0023952095808381646,0.0056568196103079504,-0.0002866150759529562,0.0011881188118811892,0.07541899441340782,0.008177261936164637,0.006259780907668322,0.0061064262867114305,-0.0016650016650017196,0.010060362173038184
2022-05-16,-0.011382040669425941,-0.006998654104979796,-0.01364877161055511,-0.02075949367088603,-0.011404872991187087,0.006072874493926905,-0.0293888166449936,-0.00993788819875785,-0.022652194431335593,0.021097046413502296,0.0046403712296985145,-0.0023173557750945095,-0.009557945041816063,0.014999999999999902,-0.025229357798165264,-0.008702531645569667,0.006493506493506551,-0.0026164311878598134,-0.00233281493001547,0.00763005780346826,-0.018345563709139423,-0.005976095617529764
2022-05-17,0.005688282138794021,0.0463540254811603,0.01060885608856088,0.01292657704239919,0.013109596224436304,-0.006036217303822755,0.008038585209003246,0.006273525721455453,0.019797199420569678,0.0005903187721367775,0.004618937644341736,0.007701711491442609,-0.00603136308805774,0.005541871921182162,0.033970588235294086,0.0035913806863527853,0.013870967741935525,-0.003672612801678965,0.008573655494933607,0.0034419458467187525,0.0010193679918450993,-0.004008016032064243
2022-05-18,-0.0039592760180995334,-0.002590673575129543,-0.004335919671382915,-0.00867789688616627,0.010351966873705987,-0.010121457489878694,0.0023923444976077235,-0.00872817955112215,-0.01562500000000011,-0.010619469026548645,-0.00919540229885063,0.011524930243843157,-0.01941747572815533,-0.01408450704225328,0.006542454842838774,-0.013518886679920517,-0.008590518612790365,-0.018167456556082096,0.0015455950540959051,-0.02612622913331808,-0.0027155465037339566,-0.002012072434607548
2022-05-19,-0.0028392958546280544,-0.012207792207792223,-0.007792803117121272,-0.007209062821833201,-0.007684426229508157,0.002044989775051187,-0.020684168655529023,-0.005031446540880502,-0.012987012987012991,0.025044722719141488,-0.004640371229698292,-0.02374670184696559,0.033415841584158334,-0.011801242236024967,0.0621732372474213,-0.011688835147118048,-0.0060975609756097615,0.006704210244033337,-0.02430555555555569,-0.014969181097739814,-0.004424778761061954,0.002016129032258007
2022-05-20,0.02506264236902056,0.050749408361819626,0.023562023562023526,0.021265560165975028,0.019617965926690628,0.006122448979591688,0.020308692120227567,0.0164348925410871,0.030701754385964897,-0.008726003490401535,0.006993006993007089,0.03415233415233421,0.0023952095808381646,0.042740414833438045,0.02008780098443541,0.016313213703099683,0.0445592508879562,0.011454448588172683,0.031237643337287402,0.04737783075089386,0.03384615384615386,0.008048289738430636
2022-05-23,-0.010561052438597507,-0.011761761761761691,-0.009478672985781977,-0.00050787201625202,-0.0025316455696202667,0.0020283975659229903,-0.013269639065817462,-0.011194029850746134,-0.005200945626477549,-0.05575117370892013,-0.0023148148148149916,-0.012235685435970534,-0.021505376344086002,-0.011452682338758402,-0.010172143974960912,-0.004414125200642216,0.004018547140649087,-0.012378193310508268,-0.018404907975460016,-0.05109530583214783,-0.004629629629629539,0.001996007984031989
2022-05-24,-0.01179112857944975,-0.014940491263611078,-0.01708817498291182,-0.010162601626016232,-0.023350253807106647,-0.004048582995951455,-0.002151694459386677,-0.008805031446540879,-0.013783269961977096,0.005593536357986428,-0.006960556844547439,-0.013469633193024744,-0.026862026862026878,-0.026219512195121863,-0.032542819499341236,-0.013301088270858408,0.000923645320197064,-0.015466666666666629,-0.030078125000000067,-0.014211189062781071,-0.04950166112956822,-0.019920318725099584
2022-05-25,-0.0025511363636363527,-0.0030848329048842604,0.0020862308762168436,0.002566735112936369,0.0036382536382537634,0.0,0.0010781671159030282,0.0,0.004819277108433884,0.0024721878862792313,0.014018691588784993,0.003413385346824338,0.008782936010037545,0.018159048215403928,0.007490126651232387,-0.011437908496732097,0.019071055059981745,0.005417118093174356,0.007652033830044314,0.007603406326033957,0.011184900384481056,0.004065040650406582
2022-05-26,-0.007240061292729805,-0.009025270758122761,-0.0018505667360628753,0.0,0.01605385810460902,0.004065040650406582,0.006192784060312206,0.002538071065989911,0.01870503597122286,0.012946979038224393,0.009216589861751112,0.009597861742194125,0.008706467661691475,0.051045510455104415,0.015139226818058793,0.004132231404958775,0.006036824630244464,0.0153556034482758,-0.0011990407673860837,-0.015695744038635606,0.0038022813688212143,0.014170040485829816
2022-05-27,0.007092035804452612,0.01795472287275568,0.00880648899188885,0.00972862263184826,-0.0005096839959226607,0.006072874493926905,0.005887075194006108,0.012658227848101111,0.0028248587570622874,-0.0073037127206330155,0.006849315068493178,0.004933814681107318,0.004932182490752224,-0.0064365125804564105,0.00026631158455403536,0.004526748971193317,0.03480348034803482,-0.01247015123374895,0.005202080832332978,0.011652867218644447,0.025482093663911964,0.009980039920159722
2022-05-30,0.013246655575560151,-0.001278118609406853,0.014243050769584098,-0.00963488843813376,-0.0056093829678735,-0.012072434607645843,0.0021282255919126136,-0.015000000000000013,-0.010328638497652642,-0.02759043531575711,-0.0022675736961450532,0.02191354328822892,-0.014723926380368235,-0.011189634864546605,0.015841320553780625,0.002048340843916474,-0.015366772977674747,-0.0037614185921547305,0.007563694267515908,0.042740224310397146,-0.002350570852921452,-0.005928853754940566
2022-05-31,0.014406126821149057,0.015868953160993016,0.0011325028312572094,0.006144393241167334,0.014871794871794908,0.0,0.008760286700292053,0.0076142131979695105,0.008064516129032251,-0.022068095838587598,0.013636363636363447,-0.014295758143894943,-0.011207970112079524,0.009529481834425368,0.03787183855326948,0.015944399018806177,0.0,-0.006742179072276144,0.00316080600553148,0.027325581395348797,0.0205318074722316,0.005964214711729587
2022-06-01,-0.008747082919907112,0.0,-0.0006787330316742057,-0.004580152671755711,-0.009095502779181364,0.0020366598778003286,-0.0368421052631579,-0.0037783375314861534,-0.0056470588235294494,0.01547388781431347,-0.013452914798206206,-0.009510223490252101,-0.006297229219143663,-0.008849557522123797,-0.0063131313131312705,-0.002012072434607659,-0.005005889281507692,0.009231604670105975,0.002756990941315429,-0.00441426146010182,-0.01121372031662271,0.001976284584980448
2022-06-02,-0.0012582133370613313,-0.01940035273368601,-0.00384876613085805,-0.010736196319018232,0.003569607343192338,0.0,-0.012021857923497414,-0.0025284450063212116,-0.0028395646000946018,-0.02857142857142858,0.004545454545454408,-0.019443110897743532,-0.0012674271229403677,0.008928571428571397,0.01626429479034308,0.012903225806451646,-0.017756732761171956,-0.025558245897228993,-0.008641005498821741,-0.003012733060481998,-0.004669779853235467,0.0039447731755424265
2022-06-06,0.0011198208286673506,0.001284686536485058,0.005909090909090864,-0.008268733850129162,0.014227642276422925,-0.0060975609756097615,0.0,-0.0038022813688212143,0.008068343616516316,-0.024183006535947738,0.00452488687782826,0.016034271725826166,-0.0076142131979695105,0.025368731563421898,-0.1,-0.0023885350318472165,0.025308827960229152,-0.027885146327995547,-0.006735340729001504,0.03181481270311881,0.023123324396782774,-0.0019646365422396617
2022-06-07,0.016722595078299873,0.009751090582499344,-0.002485314053321308,0.016675351745701006,0.007515030060120109,0.002044989775051187,0.00608407079646045,0.0025445292620864812,0.00894538606403028,0.023442732752846585,0.009009009009008917,0.011926273942898469,0.005115089514066584,0.007479861910241858,0.00016496205872651437,0.0027932960893854997,-0.00969732588892147,0.008236296506674234,-0.006781013163143279,0.021163728794827863,0.02161808057648207,0.0
2022-06-08,0.026239067055393583,0.00457433290978404,0.009966024915062377,0.006150691952844456,0.012431626056688128,0.0020408163265306367,0.020065970313358994,-0.0025380710659898,0.006066262249183385,-0.01308900523560208,0.006696428571428381,0.007023809523809543,-0.008905852417302795,-0.00913763563677894,-0.006927263730826305,0.001591723040191173,0.0442136498516319,0.007042253521126751,-0.02248995983935742,0.03658008658008649,0.02885540237255535,0.003937007874015741
2022-06-09,-0.006753859348198943,0.01922590437642291,0.0006727965911637046,0.02852776362710152,-0.006385068762278956,0.006109979633401208,-0.0021557531662623752,0.011450381679389388,0.0,0.03315649867374004,0.0022172949002217113,0.013949639437285555,0.007702182284980763,0.0034582132564839885,0.012788573326689923,0.010329757647993487,-0.010230179028132946,-0.005034965034965033,-0.03327855382087097,-0.024326581749843368,-0.03552508569647883,-0.005882352941176339
2022-06-10,0.025688073394495303,-0.0042194092827004814,0.007171671896010867,0.006934125804853641,0.02768166089965396,0.014170040485829816,0.008101539292465487,-0.002515723270440362,0.012987012987013102,-0.003209242618742003,-0.06415929203539805,0.01923749562784205,0.002547770700636942,-0.03446295232624941,0.0013119055428010284,0.009044435705859222,-0.0005742176284810885,0.0008434073657577201,0.020824479388015238,0.004547886570358539,0.019709208400646272,0.005917159763313418
2022-06-13,-0.023466273808271043,-0.03863409770687931,-0.017801513128615887,-0.021151008362026547,-0.02501202501202504,-0.019960079840319334,-0.006964907581033963,-0.020176544766708715,-0.025183150183150205,-0.045074050225370255,-0.014184397163120699,-0.027568062228322976,-0.013977128335451172,0.045806067816775764,-0.005240746806419949,-0.020265003897116163,-0.031025567365699613,-0.0025280898876405278,-0.017485428809325465,-0.05027962716378165,-0.008238276299112779,-0.0117647058823529
2022-06-14,0.0080818965517242,0.01737101374124972,0.024467603081105516,0.016582914572864427,0.04144055254070045,0.014256619144602967,0.01861343404370097,0.012870012870012992,0.02442461249412875,0.02090357383681729,0.016786570743405393,0.016351017527349798,0.005154639175257714,0.03754266211604107,-0.023213697728021176,0.04335719968178209,0.023124814705010488,0.018867924528301883,0.021186440677966045,0.01514216813414837,0.010223642172523917,0.015873015873015817
2022-06-15,0.0021913415285943483,0.031600407747196524,0.05373728438743908,0.02422145328719716,0.03600189483657035,0.00401606425702794,0.00820974576271194,0.020330368487928796,0.07290233837689142,0.048216644649933915,-0.009433962264150941,0.0670138888888887,0.024358974358974494,0.00328947368421062,-0.013989549974717685,0.09988562714449101,-0.023471457548536523,0.019347705914870117,0.016597510373443924,0.005358819954698557,0.03099304237824163,0.0234375
2022-06-16,0.0010132792917711964,-0.012845849802371467,-0.02413431269674704,-0.06322393822393813,-0.0480109739368999,-0.008000000000000007,-0.00026267402153923314,-0.013698630136986245,-0.03589743589743588,-0.017643352236924925,-0.014285714285714457,-0.021043497125501687,-0.015018773466833557,-0.02076502732240426,0.02478632478632492,-0.030849220103986164,-0.03857566765578646,-0.00949023861171372,-0.001224489795918382,0.0001099021870536454,0.0003067484662575559,-0.013358778625954248
2022-06-17,0.03942461374533823,-0.002752752752752774,0.011397849462365661,-0.0010303967027305294,0.0,0.002016129032258007,0.006043089858118744,0.0063131313131312705,0.0146276595744681,-0.0006414368184733954,-0.004830917874396046,0.054404432132963976,0.003811944091486774,0.003906249999999778,0.015012510425354453,0.01573676680972813,0.004938271604938427,0.015603613468382127,0.021250510829587288,0.046098901098901024,0.023305734437289116,0.0
2022-06-20,-0.004602767811378805,-0.0037641154328732496,-0.0355092494152669,-0.01340897369778249,-0.004803073967339144,-0.004024144869215207,-0.010185427004439807,-0.007528230865746499,0.006116207951070374,0.03080872913992283,-0.012135922330097082,-0.022698612862547263,-0.0012658227848102444,0.03279599777654263,-0.001314708299096079,0.016901408450704203,-0.04668304668304679,0.0,0.02200880352140855,0.03471820999002051,0.00269703326341042,0.005802707930367523
2022-06-21,0.001915531250965552,0.0158690176322418,0.016975308641975273,0.013068478829064256,0.013996138996139162,0.010101010101010166,-0.004221635883904895,0.007585335018963191,0.015197568389057725,0.013075965130759704,0.0,0.0010752688172042113,0.0,0.0,0.002961987822938994,0.042243767313019376,0.0045103092783504994,-0.06954177897574121,0.012529365700861383,0.002182741116751208,-0.013448894202032324,-0.0019230769230769162
2022-06-22,-0.005005807559077757,-0.025291346392263714,-0.015824842835465036,-0.014447884416924572,-0.011899095668729154,-0.006000000000000005,-0.007949125596184548,-0.006273525721455453,-0.00641573994867406,-0.01413644744929321,-0.009828009828009798,-0.02234156820622979,-0.012674271229404233,-0.03067814854682438,0.00656275635767023,-0.005980066445182675,-0.014432328415651008,-0.022595596755504044,-0.01662799690641914,-0.02598389302537607,-0.011208724628900213,-0.013487475915221592
2022-06-23,0.010898760330578572,0.021114220300177955,0.018722466960352513,0.010471204188481575,0.048651252408477674,0.0,0.00427350427350448,0.0063131313131312705,0.02281532501076189,0.03304239401496267,0.00992555831265518,0.009338606899582658,0.0038510911424904926,0.013881177123820088,0.007334963325183352,0.047794117647058876,0.020501138952163878,0.004149377593360981,0.0019661816751868066,0.03744149765990623,0.00888480392156854,0.009765625
2022-06-24,0.026523938480404796,0.001494768310911887,0.011027027027026959,-0.0056994818652849055,-0.006430868167202619,-0.004024144869215207,0.010638297872340496,-0.0025094102885820924,-0.013468013468013518,-0.02051901025950509,0.002457002457002311,0.016871666485250847,-0.006393861892583175,-0.008214676889375827,0.04126213592232997,0.013397129186602852,-0.005102040816326481,0.0023612750885477762,0.04474097331240201,0.00812030075187975,0.017916793197692238,0.0
2022-06-27,0.0007665467070845366,0.026119402985074647,0.0008554319931566301,0.008858780614903417,0.007859454461396354,0.002020202020202033,0.018421052631579116,0.002515723270440251,0.0046928327645050505,0.022181146025878062,0.004901960784313708,0.023870691500749386,0.0012870012870014325,0.025400331308669255,0.0035742035742036826,-0.01007239534151716,0.039102564102564186,0.010895170789163577,0.02554470323065372,0.06603023070803493,0.06085918854415273,0.003868471953578423
2022-06-28,0.012658227848101333,0.0007272727272726875,0.002136752136752129,0.005681818181818121,-0.002293577981651418,0.002016129032258007,0.0025839793281652312,0.008782936010037545,-0.00721868365180478,-0.02591922845087402,0.0,-0.008468374281233704,0.006426735218509005,0.003231017770597644,0.04676370393310614,-0.03275039745627972,0.012954966070326979,0.002330323332362383,-0.010622710622710585,0.03955223880597014,0.0028121484814396247,0.00963391136801528
2022-06-29,-0.0029469548133594925,-0.006540697674418672,-0.002345415778251536,0.009758602978942044,-0.015632183908045993,0.004024144869215318,-0.019329896907216537,0.0012437810945276073,-0.002138579982891353,0.0705445544554455,0.0,-0.003901307465204562,0.007662835249041988,-0.012345679012345734,-0.05088757396449706,0.002958579881656709,0.0039585870889158326,0.007265329845975055,-0.007034431691965937,-0.01718413496051685,-0.0039259674705550696,-0.009541984732824416
2022-06-30,0.00738916256157629,0.029017312850524446,-0.002137208805300328,0.012207527975584886,0.011676786548341811,-0.002004008016032066,0.02365308804205002,-0.00496894409937898,0.00857265323617673,0.009248554913294793,-0.004878048780487698,0.026675134963480396,0.0012674271229404788,0.035869565217391264,0.03849750623441395,0.018682399213372447,0.010009099181073733,0.0178880553952685,0.02386278896346017,0.06336452864642772,0.04420045045045051,0.0019267822736031004
2022-07-01,-0.007799511002445025,-0.019431279620853115,-0.008138787748982579,0.0,-0.014773776546629702,0.002008032128514081,-0.013093709884467342,-0.0024968789013731785,-0.002974925626859304,0.0034364261168384758,0.0,-0.004124136508918408,0.005063291139240533,0.04092339979013637,-0.02611436289959468,-0.002574002574002532,-0.00540540540540535,0.007936507936507908,-0.016751638747268816,-0.03357231786373582,0.04987867349689923,-0.00576923076923086
2022-07-04,-0.0054458983268032,-0.007974867085548731,0.003239041243791707,-0.01155778894472348,0.004686035613870709,-0.004008016032064243,-0.016129032258064502,-0.003754693366708417,-0.004688832054560943,-0.0057077625570775,0.004901960784313708,-0.004037685060565233,0.0012594458438286438,-0.0005040322580646128,-0.008013561411619574,-0.015483870967741953,0.008454106280193274,0.01237345331833506,0.006666666666666599,0.004486695393363105,0.057267591165896414,0.0
2022-07-05,0.007438057482656024,-0.001705237515225333,0.0032285837279379948,0.0015251652262326942,-0.013059701492537323,0.00201207243460777,-0.011634056054997344,0.002512562814070307,0.0008565310492505418,-0.023536165327210146,0.004878048780487809,0.005613305613305641,0.005031446540880502,-0.021684316691880978,-0.003417741183781242,0.010484927916120546,0.029940119760478945,-0.003055555555555589,-0.021707137601177373,-0.023040863258446898,-0.01603109059995156,-0.0019342359767891004
2022-07-06,-0.015253245188169284,-0.0287945339189849,-0.01630551383823209,-0.015736040609137025,-0.011342155009451682,-0.002008032128514192,-0.009630818619582704,-0.010025062656641603,-0.00941377834830992,-0.04761904761904778,-0.012135922330097082,-0.03245813520777341,-0.017521902377972576,-0.03711340206185565,-0.010132501948558192,-0.011024643320363126,-0.05959302325581384,-0.025912510448592885,0.0011282437006394641,-0.051695260513331176,-0.026906936558874217,-0.013565891472868241
2022-07-07,-0.005994005994006013,-0.0012562814070351536,-0.005452562704471142,-0.008767405879319345,-0.0014340344168261021,-0.002012072434607548,-0.010804970286331872,-0.0037974683544304,-0.00647948164146861,-0.006790123456790087,-0.002457002457002644,0.0038461538461538325,-0.005095541401273884,0.012847965738758127,0.012598425196850283,-0.011147540983606596,0.026275115919629055,-0.003432494279176135,-0.012021036814425234,-0.0003818798033319304,-0.019533231861999067,0.007858546168958647
2022-07-08,0.004522613065326642,0.0015094339622641062,0.004824561403508731,0.004682622268470382,-0.010531354715174635,0.0040322580645162365,-0.0076460950300381025,0.0012706480304955914,-0.00521739130434784,0.00807955251709136,0.0049261083743843415,0.0036185610898253895,0.008962868117797784,0.004756871035940691,-0.03297045101088647,0.002984084880636617,0.0075301204819278045,0.004592422502870175,-0.004562737642585635,0.012224822119287548,-0.005174644243208126,0.01949317738791434
2022-07-11,-0.017708854427213705,-0.009294147199196301,-0.00960279353993887,-0.007250129466597421,-0.022738268021286978,0.002008032128514081,-0.006329113924050778,-0.0012690355329948444,-0.05157342657342656,-0.020345252774352507,0.0,-0.02672322375397662,0.011421319796954377,-0.008416622830089482,-0.03119974268253456,-0.0072727272727272085,-0.1,0.004285714285714226,0.005729564553093924,-0.02179553710430726,-0.009882964889466939,-0.005736137667304075
2022-07-12,-0.007735791403544412,-0.003549695740365122,0.002864698104891872,0.005738132498695814,0.000990099009900991,-0.07014028056112231,0.007477153143173654,0.0050825921219821435,0.00691244239631339,0.02013845185651353,0.002450980392156854,0.007953802571366353,0.016311166875784266,0.0005305039787797394,-0.021746347941567157,-0.005661005661005691,0.025172413793103532,0.018207681365576045,0.025446259020129203,-0.018374728719556366,-0.03152088258471242,-0.0019230769230769162
2022-07-13,0.00537874472005373,-0.03562340966921118,-0.009448472863107016,-0.03526970954356845,0.0,-0.012931034482758563,-0.011544804837823053,-0.007585335018963413,-0.016933638443935917,0.024059222702035754,-0.004889975550122161,-0.00010809642200848568,0.0037037037037037646,0.024390243902439046,0.04479891396572211,-0.014735432016074967,-0.012108980827447047,-0.012293936853869702,-0.024814814814814845,0.010120860764468942,0.002983455383780864,0.0019267822736031004
2022-07-14,-0.0030068048741890285,-0.037467018469657054,-0.03283052351375326,-0.032258064516129115,-0.009891196834816984,-0.015283842794759916,0.003615127919911032,-0.007643312101910826,-0.016294227188082044,0.00120481927710836,-0.002457002457002644,-0.01091891891891894,-0.02337023370233704,-0.02018633540372672,0.0055221698879324155,-0.03263086335825971,0.006809669731018042,-0.016407355021216374,-0.033421952145841205,0.018968871595330672,0.04191454840454312,-0.009615384615384581
2022-07-15,-0.0017921146953404632,-0.044133771929824595,-0.020412844036697297,-0.02055555555555566,-0.022477522477522438,0.0,-0.011360487669714758,-0.015404364569961526,-0.028395646000946462,-0.05054151624548742,-0.009852216748768461,-0.018362662586074885,-0.028967254408060472,-0.06708927628103534,0.002099822322726652,-0.016514406184118147,0.006087250591815918,-0.022145527753810845,-0.03143418467583503,-0.024534606205250498,-0.03348040487931481,-0.01553398058252431
2022-07-18,0.0011079764042063456,0.02179523946085471,0.017326153125731825,0.0096426545660806,0.015329586101175297,0.006651884700665134,0.010369955156950494,0.015645371577575062,0.018022406234778243,0.04499366286438522,0.01990049751243772,0.026277697361095642,0.009079118028534339,0.06172140430351081,0.0009671179883945502,0.02893890675241173,0.026218487394958023,0.03264705882352947,0.03326572008113593,0.01086318261890784,0.018528464017185664,0.015779092702169706
2022-07-19,-0.004386009858274531,0.0022452989054166927,-0.0011507479861910808,-0.002808988764045006,0.00452944136889788,0.006607929515418665,0.0030513176144244536,0.0025673940949935137,0.003827751196172402,0.0006064281382656134,0.0,-0.013670391667570891,0.0025706940874035134,-0.019199999999999995,-0.03140096618357491,-0.011111111111111072,-0.01441205371765486,-0.01053830817430923,-0.012956419316843326,0.011714589989350266,-0.0076456630635380884,0.0019417475728153999
2022-07-20,0.00360249086511244,0.003920470456454828,0.0,0.0,0.0010020040080160886,0.006564551422319376,0.009402654867256777,-0.002560819462227859,0.0014299332697806921,-0.009090909090909038,0.0,-0.015619843801562006,-0.002564102564102555,-0.009787928221859699,-0.005486284289276777,0.0158005617977528,-0.011299435028248594,-0.005469199769718047,0.009546539379474916,0.028468899521530977,0.010095642933050097,0.005813953488372103
2022-07-21,-0.0056920157940617555,-0.01087866108786617,-0.015207373271889368,-0.021971830985915486,-0.010510510510510551,-0.0021739130434782483,-0.010410958904109702,-0.05905006418485237,-0.015706806282722585,-0.034862385321101086,-0.0024390243902439046,-0.023354564755838525,-0.010282776349614386,-0.0159253157605711,-0.01153460381143423,-0.025233321811268583,-0.05579831932773105,-0.01534008683068,-0.01694247438928287,-0.027913468248429885,0.01788532351394001,-0.009633911368015502
2022-07-22,0.004125838060856202,0.0036661026508741923,0.007253158633598433,0.009792626728110765,0.005563985837127028,0.008714596949891185,0.0044296788482836025,0.0027285129604364133,0.003868471953578423,-0.009505703422053147,0.004889975550122383,-0.006979405034324926,0.003896103896103842,-0.0005580357142858094,0.017081007948587912,0.0007092198581559739,0.008899964400142402,-0.02175191064079962,0.00040080160320643543,0.02713567839195985,0.007751937984496138,0.005836575875486361
2022-07-25,-0.0012069851052901592,0.007305422871593192,-0.0030197444831590037,0.003993154592127901,-0.011066398390341958,0.004319654427645814,0.009095920617419928,0.0,-0.00337186897880537,0.0300703774792066,-0.0024330900243311193,-0.006221914967162179,-0.0012936610608021981,-0.004466778336125188,-0.022115064848686417,-0.0014174344436569397,0.00917431192660545,-0.002704326923076983,0.007612179487179294,0.023250396048830613,-0.01333333333333342,-0.009671179883945835
2022-07-26,0.0028591263209316597,0.013389121338912124,0.006523765144454741,0.017045454545454364,0.008646998982705822,0.004301075268817067,-0.0008194482381863599,0.004081632653061273,0.00579990333494429,0.05776397515527942,0.004878048780487809,0.0059130434782608265,-0.024611398963730546,0.015143017386427537,0.014283285155585634,0.006742370475514514,0.015734265734265618,0.0069297981319675905,0.017892644135188984,-0.0027776512909248874,-0.060031185031184875,0.001953125
2022-07-27,-0.015695745586372767,-0.007707129094412402,-0.009490740740740855,-0.003910614525139633,-0.0010085728693898233,-0.004282655246252598,-0.004647348277747487,-0.005420054200542035,-0.012974531475252293,0.011156782149148503,-0.004854368932038944,-0.017404333794375337,0.0026560424966799445,-0.014917127071823355,0.026990779547359622,-0.013746915756080336,-0.0075731497418245475,-0.015260323159784761,-0.013281250000000022,-0.01904109589041092,0.0016588332872544687,-0.0038986354775827348
2022-07-28,-0.01125234423838295,-0.00748959778085978,-0.0016358962374386499,0.003925967470555181,0.003028773346794633,-0.0021505376344087557,0.009887393573194458,-0.0013623978201634523,-0.0004868549172345471,-0.013937282229965042,0.004878048780487809,-0.0011730205278591699,-0.01059602649006619,-0.006730229949523103,-0.0013059092393078453,0.0042887776983560055,-0.003121748178980255,0.002127013065937433,-0.004354711005542522,0.023972443327281878,-0.0035881865857023687,0.011741682974559575
2022-07-29,0.00023182297154900056,-0.019843487982112884,-0.014044943820224698,-0.007262569832402144,-0.013588324106693528,-0.004310344827586077,-0.025564318738101832,-0.009549795361528002,-0.016561130053580064,-0.018256772673733712,-0.0024271844660194164,-0.01702877275396364,-0.014725568942436373,-0.03783173348390745,0.0052304674730303535,-0.008185053380782903,-0.022268615170493944,-0.014554275318374721,-0.014314115308151076,-0.04582234748613501,-0.022437673130193958,-0.003868471953578201
2022-08-01,-0.004287730979119719,-0.015682919874536516,-0.006647673314339797,-0.012380416432189012,-0.013265306122449028,-0.006493506493506551,0.0002790957298355323,-0.004132231404958553,-0.013868251609707838,-0.0251949610077985,0.0,-0.019474313022700196,-0.0013586956521740579,0.0005868544600939885,-0.004715447154471586,-0.013993541442411161,0.012099644128113818,-0.004307692307692346,-0.01855586930213804,0.008575512148642161,-0.0031170303202040506,-0.005825242718446644
2022-08-02,-0.005459450880812566,-0.017670915411355903,-0.01601338432122379,-0.009686609686609837,-0.02792140641158214,-0.004357298474945481,-0.015066964285714413,-0.012448132780083054,-0.021094927172275346,-0.012923076923076926,-0.007299270072992803,-0.013037650785914345,-0.023129251700680253,-0.03753665689149566,-0.02646626368240479,-0.03384279475982532,-0.016526019690576765,-0.03213844252163167,-0.02055076037813397,-0.025696740670760554,-0.027856736782262526,-0.03515624999999989
2022-08-03,0.002670241172778365,-0.02506635210852237,-0.00825844061209624,-0.012082853855005626,-0.0026595744680851796,-0.004376367614879806,-0.003966005665722361,-0.009803921568627416,-0.014879425346331354,-0.04052369077306728,-0.004901960784313819,-0.0024691358024692134,-0.0069637883008356605,-0.017672151127361313,-0.045813055881859466,-0.017325800376647882,-0.012513407222023543,-0.014048531289910682,-0.02182123373898448,-0.030107631145156466,0.014619883040935644,-0.006072874493927127
2022-08-04,0.016450928381962937,0.01814882032667864,0.006122948812147921,0.015725101921956863,0.0047999999999999154,0.004395604395604602,0.011945392491467643,0.0028288543140027045,0.009895833333333437,-0.003898635477582846,0.0024630541871923928,-0.001361386138613807,0.007012622720897532,0.011786600496277666,-0.01934576151952161,0.016864699118436244,-0.00036205648081111264,0.010038860103626979,-0.00042900042900029245,0.001999500124968634,0.05792507204610953,0.004073319755600657
2022-08-05,0.004149247655283572,0.019013666072489555,0.011197663096397248,0.00917431192660545,0.02441613588110414,0.006564551422319376,0.021922428330522825,0.008462623413258097,0.015471892728210479,0.001956947162426559,0.002457002457002311,0.020200768372784728,0.011142061281337101,0.011649294911097563,0.01739598278335719,0.011684885035808446,-0.011590003621876122,0.026931708881051675,0.006437768240343367,-0.007732601646295745,0.03595750476709347,0.014198782961460488
2022-08-08,-0.006460633277199146,-0.011370262390670627,-0.008666345690900301,-0.00454545454545463,0.006735751295336767,-0.004347826086956386,-0.0005500550055004272,-0.004195804195804231,-0.006602336211274928,-0.01627604166666663,0.004901960784313708,-0.007288629737609242,-0.0013774104683195176,0.0060606060606061,-0.0031729243786355887,-0.01266766020864385,0.02198607548552589,0.01623477989384936,0.0029850746268655914,-0.04680744092508804,0.0015777018143572352,0.006000000000000005
2022-08-09,-0.0008004059575313915,-0.009141846063108083,-0.005342399222923677,-0.003995433789954372,-0.00257334019557387,-0.0021834061135370675,0.0011007154650521933,0.0,0.0,0.001323626737260275,0.0024390243902441266,-0.0012236906510033618,-0.004137931034482789,-0.008433734939759074,0.027055702917771818,-0.007924528301886835,0.021513087128002706,-0.001536098310291778,-0.00170068027210879,0.0415106281976898,-0.01995274350223164,0.0
2022-08-10,-0.017801047120418856,-0.013392857142857206,-0.013671875,-0.005730659025787843,0.005159958720330371,0.0,-0.011819681143485417,-0.004213483146067398,-0.008691206543967156,-0.013879709187045619,0.0,0.00232786081842673,-0.006925207756232621,-0.01883353584447156,-0.005853994490358061,-0.011030810193990104,-0.004914004914004844,-0.004000000000000115,-0.028960817717206155,-0.007393902562544352,-0.01285829091883195,0.00397614314115291
2022-08-11,0.016471215351812507,0.036500754147813064,0.02623762376237626,0.028818443804034644,0.03542094455852163,0.006564551422319376,0.015299026425591,0.012693935119887145,0.032490974729241895,0.024128686327077764,0.007299270072992581,0.018701870187018743,0.013947001394700065,0.037151702786377694,0.004502944232767536,0.05807692307692314,0.003527336860670083,0.010812480691998916,0.029824561403508865,0.02647959183673465,0.015739484396200876,0.017821782178217838
2022-08-12,0.011065079448319137,0.00029103608847491635,0.003617945007235779,0.0011204481792717047,-0.005453644025780968,0.0,0.0032876712328766544,0.008356545961002881,0.004495504495504399,0.017670157068062853,0.0024154589371983004,0.05435565154787625,0.005502063273727709,0.0029850746268658135,0.010000000000000009,0.015994183933115247,0.01722319859402477,0.004889975550122383,0.008517887563884052,-0.027486455589244008,0.0002671653753671954,-0.03112840466926059
2022-08-15,-0.004206431535269672,-0.018620890311317972,-0.01129536169190093,-0.01734750979294919,-0.0054835493519441725,-0.004347826086956386,-0.010103768432550453,-0.004143646408839796,-0.006464445549477782,0.005787781350482302,-0.002409638554217053,0.002048480710139966,0.0,-0.008928571428571508,0.025264595425059877,-0.02754919499105546,0.009675190048375804,-0.006386861313868675,-0.002956081081081141,-0.0046509250741081365,-0.014423076923076872,0.002008032128514081
2022-08-16,-0.0010677695076281024,0.00533649570115613,-0.003646086533787063,0.0005694760820047495,-0.0005012531328320025,0.0,0.0016551724137932045,-0.002773925104022079,-0.006006006006006093,0.005754475703324768,-0.004830917874396046,-0.018852924474730193,-0.004103967168262557,-0.0030030030030028243,0.005494505494505475,-0.015084621044885949,-0.0010266940451744144,0.0024487297214570436,0.00042354934349853046,-0.02346598202824135,-0.012195121951219412,-0.004008016032064243
2022-08-17,8.342718892095924e-05,0.009731642583308941,0.007318858258111627,0.01878201479795094,0.013039117352056095,0.004366812227074135,0.0008262186725420673,0.012517385257301727,0.011077542799597051,0.0400508582326764,0.00728155339805836,-0.004514411390207251,0.008241758241758212,0.0030120481927708997,0.0036429872495447047,0.034366828539409866,-0.004453579993148438,0.0003053435114503955,0.029635901778154006,0.015669365863918427,0.004938271604938205,0.010060362173038184
2022-08-18,-0.011730969760166854,-0.015186915887850594,-0.011625090821021922,-0.013966480446927387,-0.008910891089108919,-0.006521739130434634,-0.009356081452944531,-0.009615384615384692,-0.009462151394422191,-0.00916870415647908,-0.004819277108433884,-0.011744186046511729,-0.014986376021798309,-0.01621621621621616,0.005279656822306578,-0.019862766341639637,-0.002752924982794114,-0.034798534798534675,-0.013157894736842146,-0.023503831020915245,-0.016107016107016148,-0.009960159362549792
2022-08-19,-0.0002585069902399928,0.0038552787663108656,0.003920607694192446,0.008498583569405138,-0.0019980019980019303,0.0,-0.006111111111111067,-0.001386962552011095,0.0,0.03701418877236251,0.002421307506053294,-0.0012942699141075265,0.0055325034578146415,-0.007326007326007189,-0.07894304940095198,0.001105379513633098,0.024844720496894457,0.008855154965211831,0.012916666666666687,-0.0032870321280882298,-0.0038845726970033745,0.00201207243460777
2022-08-22,-0.0005435327518060751,-0.00679468242245207,0.004393458628264568,-0.0022471910112359383,-0.0015015015015015232,0.002188183807439792,0.002515371716042436,0.004166666666666652,-0.004524886877828038,-0.006543723973825077,0.007246376811594235,0.0527803958529689,0.009628610729023324,0.0018450184501843658,-0.04828937990021387,-0.003680529996319515,0.015151515151515138,0.008777429467084596,0.0037021801727683545,0.027287234042553177,-0.02395543175487469,0.00401606425702794
2022-08-23,-0.012655888657747139,-0.01546698393813195,-0.010449574726610011,-0.008445945945946054,-0.0025062656641604564,-0.004366812227074357,-0.012266517981600167,-0.008298755186722073,-0.009090909090909038,-0.014371257485029876,0.004796163069544557,0.017009847806624734,-0.00544959128065392,-0.013505217925107393,0.01479123759595602,-0.00406353897303291,0.013598673300165842,-0.02206339341205721,-0.0057377049180327155,-0.0007766789209341374,-0.011986301369863117,-0.008000000000000007
2022-08-24,-0.008454500243314178,-0.007854984894259731,0.02185658153241654,-0.0017035775127769437,-0.018090452261306456,0.0,-0.007620660457239747,-0.002789400278939924,0.004587155963302836,-0.002430133657351119,-0.007159904534606243,-0.020686619718309762,-0.009589041095890316,-0.037958929682638476,-0.028044280442804492,0.04970326409495551,0.009162303664921545,-0.013981569748967249,0.0016488046166529546,-0.016478391543164994,-0.004043905257076874,-0.008064516129032251
2022-08-25,0.01661093733146357,0.02588306942752716,0.03580869983177126,0.018202502844141044,0.029682702149437246,0.004385964912280826,0.018202502844141044,0.006993006993006867,0.028411973617453068,0.02862362971985366,0.016826923076923128,0.005505617977528132,0.011065006915629283,0.009055627425614388,0.003227031131359137,0.03180212014134276,0.049935149156939085,0.034482758620689724,0.006584362139917754,0.0159114857744993,0.014791183294663668,0.0060975609756097615
2022-08-26,0.006896551724137945,0.0002968239833780473,0.00046403712296982924,-0.0011173184357541333,-0.03578528827037786,0.0,0.010893854748603271,0.002777777777777768,0.0009866798223976403,-0.01243339253996456,0.004728132387706863,-0.009163034975974926,-0.002735978112175075,-0.00512820512820511,0.003973509933774766,0.008219178082191858,-0.03458925262507728,-0.00903426791277262,-0.005314799672935466,-0.0021263354423814995,-0.0062875107173477884,-0.0060606060606061
2022-08-29,-0.010105374077976848,-0.012462908011869445,-0.001159554730983281,-0.05313199105145405,-0.001546391752577203,-0.004366812227074357,-0.006631666206134201,-0.00969529085872567,-0.005914243469689384,-0.004196642685851293,0.0023529411764704466,-0.009811661215743839,0.00274348422496562,0.002577319587628857,0.0065963060686013986,-0.014266304347826164,0.019833653230965975,-0.012260295504558205,0.009864364981504448,-0.0008315576113507861,-0.015530629853321987,0.022357723577235866
2022-08-30,-0.004694435869322167,0.015324519230769162,-0.004179243092639839,-0.006497341996455908,-0.00619514713474445,0.0,0.005006954102920735,0.005594405594405494,0.014873574615765772,0.02046959662853709,0.007042253521126751,0.007403189066059301,0.008207934336525335,0.0012853470437017567,-0.011421082194345566,0.016540317022742945,-0.042659974905897124,-0.01368555060471044,0.03378103378103381,-0.009622886866059832,-0.01635991820040883,0.0
2022-08-31,0.02887700534759352,0.037289138798461074,0.022149685241314998,0.01724137931034475,0.014025974025974053,0.004385964912280826,-0.010794353722668126,0.011126564673157091,0.024425989252564673,0.0206489675516226,-0.004662004662004726,0.0013566986998303499,0.008141112618724522,0.010911424903722766,-0.030303030303030165,0.04067796610169494,-0.005897771952817821,0.030009680542110395,0.018503937007874116,0.02678571428571419,0.02940302940302919,-0.003976143141153132
2022-09-01,-0.022406444906444833,-0.015691868758915706,-0.004333941605839553,0.0,-0.01127049180327866,-0.0021834061135370675,-0.033296026860660466,-0.005502063273727487,-0.007153075822603605,0.0005780346820807303,-0.009367681498828828,-0.005193632155357286,0.008075370121130687,0.006349206349206327,0.0087890625,-0.008143322475570036,0.025379037574159602,-0.010025062656641603,0.013142636258214102,-0.044501278772378416,-0.009232544720138347,-0.009980039920159611
2022-09-02,-0.0031314962597494,-0.00521739130434784,0.001145475372279492,-0.004675628287551081,-0.0031088082901555847,0.002188183807439792,-0.01881331403762654,-0.0027662517289074318,-0.00336215177713739,-0.01675332177931832,0.007092198581560183,-0.013165361479968163,-0.002670226969292422,-0.015141955835962118,-0.013552758954501365,-0.024630541871921152,-0.014464802314368308,-0.013607594936708822,-0.022128958412819588,-0.034743040685224935,-0.012813046010483498,-0.004032258064516014
2022-09-05,-0.021333333333333315,-0.002622377622377714,0.0022883295194506825,0.0029359953024072905,0.0015592515592515177,0.004366812227074135,-0.015634218289085622,0.006934812760055475,0.0072289156626506035,0.011750881316098694,0.018779342723004744,0.019551466359976954,0.0053547523427042165,-0.010249839846252384,-0.009028459273797806,0.005387205387205496,0.061969993476842955,-0.005133140840551831,-0.0019508388607101246,-0.0011646608618490761,-0.005014749262536977,0.004048582995951344
2022-09-06,0.005449591280654031,-0.017820625182588312,0.0022831050228311334,-0.0011709601873536313,0.01089776855215363,0.0,0.007791429427629781,0.0,0.008612440191387627,0.023809523809523725,0.016129032258064502,0.032148900169204575,0.0026631158455392434,0.018122977346278324,0.0528817587641115,0.016075016744809156,0.00982800982800991,-0.00032247662044504466,0.004300234558248794,0.014547473625763585,0.0044470797509637006,0.008064516129032251
2022-09-07,-0.014628726287262861,-0.007138607971445388,-0.006833712984054552,0.0017584994138335475,-0.0056468172484599455,-0.0021739130434782483,-0.012191495688373633,-0.005509641873278293,-0.004743833017077703,-0.004537719795802531,0.0,-0.010710382513661298,-0.0013280212483400833,-0.008264462809917439,0.0056433408577878375,-0.0029663810151614456,-0.008211678832116931,-0.01903225806451614,0.004281821720513834,0.006731611208406152,-0.013282172373081602,0.006000000000000005
2022-09-08,-0.0016556564595354706,-0.002396644697423733,0.005504587155963359,-0.004681100058513632,-0.0030975735673723914,0.004357298474945592,0.001505117399157152,0.0027700831024930483,-0.0014299332697808032,0.0017094017094014813,0.0,0.016460450729120835,0.0026595744680850686,0.009615384615384581,-0.0013093901982791367,0.016859504132231473,-0.009506286415210119,-0.0069056231502795384,0.0031007751937983663,0.011144332699102977,0.008973975471133544,0.00397614314115291
2022-09-09,0.01641322314049587,0.03603603603603611,0.01938868613138678,0.021751910640799288,0.024339720352149374,0.008676789587852562,0.012924556657649466,0.00966850828729271,0.02482100238663487,0.05062571103526747,0.009070294784580435,0.039126181936745885,0.0053050397877985045,0.0323809523809524,-0.003933320846600474,0.024057217165149414,0.013312693498451988,0.03874172185430469,0.02395672333848542,0.027365591397849443,0.031129558256744794,0.001980198019801982
2022-09-13,0.018544116132459543,0.02463768115942022,0.00827925710449784,0.012082853855005737,0.0025278058645095136,-0.0021505376344087557,0.001186943620178127,0.00547195622435015,0.0023288309268747476,-0.020573903627503998,-0.004494382022471988,-0.027298399748980184,-0.0026385224274406704,0.002460024600245969,0.0016923655509590851,-0.0012698412698411987,-0.008554842652001016,0.01880777813197332,-0.0007547169811320531,0.0072217279815793844,0.021276595744680993,0.0
2022-09-14,-0.0053219797764768595,-0.013861386138613874,-0.009098979138925989,-0.011938601478112654,-0.01260716086737268,-0.0021551724137930384,-0.004149377593360981,-0.00952380952380949,-0.012081784386617,0.0027639579878386833,-0.011286681715575564,-0.017634408602150597,-0.01058201058201047,-0.00920245398773023,-0.0135160503097429,0.0054036872218690135,-0.0030816640986133237,-0.011576971214017573,0.0003776435045317328,-0.004779965708941569,0.0045045045045044585,-0.009881422924901129
2022-09-15,0.005885500267522659,0.03298909925415949,0.009854423292273262,0.01783659378596103,-0.0025536261491315715,0.004319654427645814,0.002678571428571308,0.005494505494505475,0.002351834430855959,0.03914002205071676,0.004566210045662267,0.001532399299474685,0.0053475935828875,0.003095975232198178,-0.0740247383444339,0.0034777110338286565,0.0012364760432765909,0.02025957581513138,0.014722536806341946,-0.0010441138084051893,-0.005325112107623209,-0.003992015968063756
2022-09-16,-0.011170212765957421,-0.029436267703415564,-0.02572632512752282,-0.026568682871679017,-0.056835637480798784,-0.010752688172043112,-0.024042742653606286,-0.024590163934426257,-0.020178320037541053,-0.04244031830238726,-0.022727272727272818,-0.012240437158470008,-0.037234042553191404,-0.03703703703703698,-0.007398273736128225,-0.021424070573408893,-0.044149428836060545,-0.03226807322370451,-0.03050595238095244,-0.014841912725372386,-0.018596787827557137,-0.024048096192384794
2022-09-19,0.006799354491662246,0.004005722460658001,0.0,0.006968641114982743,0.0,0.010869565217391353,0.00060827250608253,0.0028011204481792618,-0.02203065134099602,0.02160664819944591,-0.027906976744186074,0.010843106882053588,-0.0013812154696132284,-0.04038461538461535,-0.003726708074534124,-0.006439150032195751,0.01744186046511631,-0.023725553061878846,0.0038372985418266836,-0.000318285502095339,-0.0040195233993683965,-0.012320328542094527
2022-09-20,0.003398089376162039,-0.015673981191222652,-0.015706806282722474,-0.014994232987312617,0.0,0.0,-0.00729483282674781,-0.006983240223463638,-0.015670910871694477,-0.04338394793926248,0.009569377990430672,-0.019811733800350284,-0.004149377593360981,-0.0006680026720107257,0.03990024937655856,-0.033052495139338944,-0.004761904761904745,-0.02857142857142858,-0.011085626911314983,0.030671265587689067,-0.016142980686076558,0.0020790020790022457
2022-09-21,-0.015974440894568676,-0.0037637521713955735,-0.002081406105458039,0.004098360655737654,0.0005428881650380024,-0.004301075268817289,-0.005511328842620955,0.002812939521800173,0.00746268656716409,0.010770975056689114,0.007109004739336511,-0.017978782802903437,0.005555555555555536,0.006684491978609541,-0.016986410871303037,-0.0006702412868632157,-0.005422647527910773,-0.013522650439486084,-0.026285272516428315,-0.04474077125057918,-0.020509815411661414,0.0
2022-09-22,-0.014713203463203484,-0.006974716652135893,-0.015527230590961838,-0.005830903790087327,-0.0021703743895821193,0.004319654427645814,-0.01477832512315258,-0.0014025245441794398,0.0004938271604939537,-0.01738642736960172,0.03294117647058825,0.0012508528542187758,-0.008287292817679592,-0.024568393094289598,-0.00020329335230728773,0.003018108651911433,0.025978191148171792,-0.015421521590130216,-0.02500992457324347,0.008407890481836766,-0.02363146874065203,0.006224066390041472
2022-09-23,0.007480187389129034,0.005560433128475095,0.01271186440677985,0.0029325513196480912,-0.0016313213703099683,0.0,0.014062500000000089,0.00561797752808979,0.006416584402763936,0.001712328767123461,0.018223234624145768,-0.00329358319136841,0.00417827298050133,-0.018379850238257278,-0.013013420089467265,0.03243062520896012,-0.025320412628946465,-0.002436477549599747,-0.002442996742671011,-0.009032602886157148,0.00888480392156854,0.004123711340206171
2022-09-26,0.01557432008852877,-0.01193247962747368,-0.012319851231985202,-0.020467836257309968,-0.01851851851851849,-0.010752688172043112,-0.0027734976887520135,-0.013966480446927498,-0.024031387935262494,0.007977207977208023,-0.044742729306487705,-0.005469462169553352,-0.02496532593619971,-0.02565880721220526,0.005356407086938519,-0.0019430051813471572,-0.026298909557408656,-0.011514305652477352,0.01836734693877551,0.04908041637452132,-0.031278469480716664,-0.026694045174537995
2022-09-27,0.013419216317767102,-0.0014727540500737435,-0.001176747469993078,0.0035820895522387097,0.002774694783573839,-0.0021739130434782483,0.026576019777503124,0.0014164305949009304,0.006532663316582976,-0.0011305822498586249,0.0023419203747074846,0.004353803849679094,0.007112375533428139,0.022775800711743566,0.0038934426229508823,0.009085009733938998,0.0013175230566535578,0.009883515707730384,0.02605210420841697,0.040820523366407846,0.054858934169278895,0.012658227848101111
2022-09-28,-0.0026483050847457834,-0.006784660766961603,-0.012959472196041433,0.0017846519928614857,-0.019369120088544634,0.006535947712418277,0.0012040939193256328,0.0014144271570013522,0.0024962556165750716,-0.008488964346349825,-0.007009345794392607,-0.006616472735569201,-0.008474576271186529,-0.019485038274182243,-0.022249438660951304,0.01221864951768481,0.007894736842105399,-0.010835372247465891,-0.01171875,0.00014818473697220114,-0.005349182763744409,-0.01666666666666672
2022-09-29,-0.0014073287307488913,-0.015444015444015524,-0.013607066125566947,-0.017814726840855166,-0.018058690744921058,-0.008658008658008698,0.0012026458208056479,-0.012711864406779627,-0.01344621513944222,-0.013698630136986245,0.0023529411764704466,0.027675700505282563,-0.012820512820512775,-0.017033356990773574,0.045511482254697366,0.009212198221092649,0.02513054830287209,-0.006713780918727985,-0.014229249011857736,-0.025829711576451975,0.04481625336121908,-0.008474576271186418
2022-09-30,-0.004174754699922789,0.015082956259426794,0.006292352371732868,0.006650544135429204,0.0011494252873565092,0.008733624454148492,-0.00960960960960966,0.007153075822603716,0.026249369005552747,0.04166666666666652,0.007042253521126751,0.02916526986255441,0.005772005772005873,0.0021660649819494893,-0.043330670926517656,-0.004406672961913771,0.007322508755173596,0.02490217004624684,-0.006816359262229454,0.005069708491761693,0.003717472118959231,0.002136752136752351
2022-10-10,-0.04619492656875834,-0.054977711738484314,-0.003607503607503615,-0.00960960960960966,-0.005166475315729224,-0.0021645021645021467,-0.020618556701030966,-0.0014204545454544748,-0.010821446138711166,0.017777777777777892,0.011655011655011593,-0.02356134636264917,0.0057388809182210565,-0.0136887608069165,-0.042162387810477875,-0.013910844135314515,0.01074589127686476,-0.02152030544949657,0.0016148566814695453,-0.05271122320302646,-0.02393162393162407,-0.006396588486140775
2022-10-11,-0.0033650615901456016,-0.012578616352201366,-0.005551532705768691,-0.009702850212249814,0.0034622042700520606,0.0,0.0018575851393189957,-0.002844950213371278,-0.012431626056688239,-0.02347161572052403,-0.004608294930875445,0.031580117869453916,-0.005706134094151216,-0.005843681519357213,0.013510568751361918,-0.011221545367104846,-0.011569731081926271,-0.008513657325292745,0.0012091898428052694,-0.01155484558040476,-0.004670169293636839,0.0
2022-10-12,-0.011230400170787469,-0.014331210191082744,0.01747572815533971,0.009185548071034999,0.023001725129384587,0.0,0.006180469715698411,0.005706134094151327,0.04279959718026194,0.013415315818893214,0.004629629629629539,0.015414465883367479,0.012912482065997155,0.06539309331373988,0.04020640722425295,0.04215304798962394,0.010123378677633577,0.013953488372093092,0.006038647342995196,-0.024780477293540937,-0.024926686217008887,0.012875536480686511
2022-10-13,-0.034096590909090896,-0.034248788368336,-0.013358778625954248,-0.010922330097087318,-0.0044969083754917705,0.0,0.0,-0.007092198581560294,-0.0009657170449057784,-0.024820739106453327,-0.013824884792626668,-0.012845010615711305,-0.008498583569405027,-0.0034482758620689724,-0.028524183546920212,0.009023024268823843,-0.026933917945505814,0.010232886379675232,-0.03201280512204874,-0.004861072750372841,0.03879699248120305,-0.0021186440677966045
2022-10-14,0.022129541938481934,0.03981264637002324,0.014023210831721533,0.012883435582822234,0.02032749858836813,0.0,0.007678132678132776,0.004285714285714226,0.0053165780570323395,-0.024321266968325816,0.011682242990654235,-0.006237229809656908,0.0128571428571429,0.01453287197231834,0.08978723404255318,-0.036386062288004895,0.015127132281943956,0.0094306671323785,0.018602728400165303,0.029475437135720206,0.09988419224088019,0.00849256900212314
2022-10-17,-0.010997864883374286,-0.0019305019305019266,0.003814973772055419,0.0012113870381587066,0.006087437742114066,-0.002169197396963307,0.0060957025297163625,-0.0014224751066856944,-0.0004807692307693401,-0.00927536231884063,-0.009237875288683584,0.0030299751109188477,0.0,0.023192360163710735,-0.015033190160093635,0.015039999999999942,-0.011414077362079889,-0.00934256055363325,-0.008522727272727293,0.007926237463603991,0.041063437746775344,0.004210526315789442
2022-10-18,-0.007372708757637514,-0.007092198581560294,-0.008313539192399078,0.001814882032667775,-0.0005500550055004272,0.0,-0.007270524083610841,0.0,-0.01443001443001446,-0.017554125219426564,0.0,-0.01931168410831796,-0.0028208744710859213,-0.014666666666666717,-0.007928642220019988,-0.04476670870113486,-0.006093649775497201,-0.008732099196646859,0.013917314776913603,0.011073663938372613,-0.0022756005056888684,-0.002096436058700135
2022-10-19,-0.03390138524940933,-0.01753246753246751,-0.011497005988023834,-0.024758454106280192,-0.0038525041276830096,-0.0021739130434782483,-0.008239243210253377,-0.00712250712250706,-0.0165934602244997,0.004764740917212684,-0.006993006993007089,-0.05929592959295926,-0.005657708628005631,-0.010148849797022907,-0.018381618381618225,-0.024422442244224518,0.0016134236850597894,-0.012684989429175508,-0.05086798546628979,-0.049735449735449744,-0.011657374556512945,-0.010504201680672232
2022-10-20,-0.0027305825242718296,-0.006278916060806439,-0.030530651805185438,-0.0037151702786376584,0.0,0.0,-0.06769230769230772,0.0,-0.007444168734491274,-0.016004742145820927,0.0023474178403755097,0.013448719448017732,-0.0014224751066856944,-0.004784688995215336,-0.03969061673112162,0.008457374830852515,-0.01900773195876293,-0.007137758743754441,-0.005529561888558132,-0.00111358574610243,0.004615384615384688,0.002123142250530785
2022-10-21,-0.01186492242166104,-0.016295310941137453,-0.008997750562359408,-0.00621504039776255,0.0055248618784529135,0.0,-0.011881188118811892,-0.00717360114777621,-0.00649999999999995,0.010240963855421503,0.016393442622950838,-0.002769443803369409,0.031339031339031376,-0.004807692307692291,0.006782534972445964,-0.014760147601475926,0.012151067323481257,-0.0010783608914450848,-0.01283147989734823,-0.0213489409141584,0.020163348647268986,0.02330508474576276
2022-10-24,-0.07556650246305419,-0.05273833671399586,-0.0491803278688524,-0.04315196998123827,-0.02417582417582409,-0.0065359477124183885,-0.03473613894455585,-0.015895953757225523,-0.05385002516356319,-0.031604054859868835,-0.0023041474654377225,-0.0042814163388105175,-0.0303867403314918,-0.02346445824706689,-0.03410526315789464,-0.03711270003404832,-0.03147306943543149,-0.044980208708168434,-0.03986135181975725,-0.04881243948282732,-0.02476857643232433,-0.01449275362318847
2022-10-25,-0.01434109559842267,0.006067094932191264,0.0005305039787797394,0.0039215686274509665,-0.012950450450450512,0.0,0.00865051903114189,0.004405286343612369,-0.007978723404255428,-0.005541871921182273,-0.011547344110854452,-0.02963393375944212,0.009971509971510084,0.018374558303887012,0.06146469049694847,0.009193776520509234,-0.0006700167504188892,0.010173323285606717,-0.0036101083032491488,0.026287425149700505,-0.022062596203181073,0.006302521008403339
2022-10-26,-0.010589626626119286,-0.009223128769067057,-0.0013255567338281704,-0.00846354166666663,0.0,-0.010964912280701733,-0.0017152658662091813,-0.0029239766081871066,-0.0016085790884716733,-0.04086687306501535,-0.011682242990654124,-0.013652694610778449,-0.0014104372355430161,0.020818875780707957,0.02525667351129357,-0.009810791871058044,-0.02748910492792478,-0.0018649757553150792,-0.013134057971014412,0.009452126728513921,0.04197271773347322,0.008350730688935215
2022-10-27,-0.04308507731817923,0.0003580379520229382,-0.00026546323334231126,0.0013131976362441566,0.003993154592127901,-0.008869179600886956,-0.011683848797250818,0.0,-0.0026852846401719255,0.01355713363460298,0.011820330969267046,0.009349198640116407,0.009887005649717562,0.007477906186267758,0.008411776487081912,-0.010969568294409093,0.011030679076180494,0.010837070254110515,-0.004130335016062414,-0.02317785099127212,0.0,-0.0020703933747411307
2022-10-28,-0.029264810849393252,-0.027201145311381625,-0.024694636218799748,-0.012459016393442601,-0.021590909090909216,0.0022371364653246406,-0.1,-0.0029325513196482023,-0.03015616585891212,-0.023566878980891715,0.0,-0.011187297004691343,-0.013986013986014068,-0.031039136302294268,-0.021847070506454846,-0.02468694096601065,0.001022843504943749,-0.06469500924214422,-0.018433179723502224,-0.00917159763313613,-0.01938569989929495,-0.026970954356846488
2022-10-31,-0.007352941176470562,-0.013245033112582738,-0.015790906615845368,-0.0019920318725100694,-0.0005807200929150991,-0.006696428571428603,-0.02472952086553326,-0.02352941176470591,0.05663520266518596,-0.09980430528375728,-0.0490654205607477,-0.022384428223844344,-0.025531914893616947,-0.05988857938718661,-0.025786802030456912,-0.02421129860601612,-0.04529972752043587,-0.04031620553359683,-0.023474178403755874,-0.042340997312630524,0.03209242618741981,0.012793176972281328
2022-11-01,0.08297037037037036,0.05108128262490674,0.036237897648686124,0.02594810379241519,0.04009296920395111,0.006741573033707926,0.05150554675118868,0.015060240963855609,0.08460325801366264,-0.013768115942029091,0.00982800982800991,0.014808362369338024,0.02183406113537112,0.09999999999999987,0.06398499374739486,0.05451127819548862,0.013913663931502063,0.04077429983525538,0.03125,0.1,0.03208955223880605,0.02947368421052632
2022-11-02,0.006805699003426868,0.008158921603405478,-0.0016017084890550537,-0.004539559014267169,0.0005586592178772332,0.0022321428571427937,0.03014318010550121,-0.004451038575667643,-0.0033914728682170603,0.026451138868479163,0.0024330900243307862,0.0029429797670141866,0.0014245014245015675,0.020875420875420936,0.0099902056807053,-0.012121212121212088,0.025686136523574765,0.0003957261574991655,0.019114219114219066,0.033446712018140534,0.011810074716799068,0.008179959100204526
2022-11-03,-0.02205222968015441,-0.013019000703729855,-0.012566844919786102,-0.013680781758957594,-0.01005025125628134,-0.0044543429844099425,-0.02560351133869787,-0.007451564828613977,-0.007292173067574015,-0.022190408017179752,0.01941747572815533,-0.003545665729306813,-0.007112375533428139,0.0032981530343008103,-0.027928626842513626,0.0036088054853842255,-0.010977701543739338,-0.013449367088607556,-0.020128087831655872,0.0017004936917168756,0.002620295378751969,0.028397565922920975
2022-11-04,0.05353942341090656,0.036720142602495454,0.037367993501218555,0.019154557463672228,0.02932882120699376,0.013422818791946511,0.04091591591591581,0.019519519519519468,0.04652301665034275,0.029282576866764387,0.0071428571428571175,0.011165644171779121,0.012893982808023008,0.009861932938855844,0.045490822027134836,0.0593311758360302,0.031564342698577885,0.030473135525260542,0.03734827264239016,0.07929467170472582,-0.006889997624138888,0.0019723865877712132
2022-11-07,-0.00623776020889244,0.0027510316368639653,0.012529365700861383,0.0025923525599482744,0.0010958904109588108,-0.004415011037527727,-0.0007212405337180261,0.002945508100147265,0.009358914365933613,-0.0014224751066856944,0.009456264775413503,0.005339157869190592,0.0028288543140027045,-0.005859375,-0.005534351145038197,0.017651052274270107,0.01445864156018839,0.014007782101167265,0.01035103510351032,-0.02937744177786794,0.00454545454545463,0.0
2022-11-08,-0.014750084599000624,-0.0003429355281208135,-0.002577984016499113,-0.0012928248222366934,0.0005473453749316182,0.004434589800443645,-0.012630819198845233,-0.002936857562408135,0.0018544274455261078,-0.002849002849002802,0.0023419203747074846,-0.008207604103801946,0.0014104372355430161,-0.015062213490504295,-0.015160237958165457,0.005670446964643139,-0.00861783228372559,-0.0019186492709131198,0.0017817371937638438,0.000261369576581183,-0.0307216003810431,0.0334645669291338
2022-11-09,-0.016822908248477986,0.0010291595197255976,-0.008270871026104909,0.0025889967637540146,-0.001641137855579955,0.002207505518763808,-0.005482456140350811,0.0,-0.02452568255437304,0.02499999999999991,0.0,0.001825483753194579,-0.0028169014084505895,0.0006648936170214892,-0.026500389711613392,-0.01492537313432829,-0.016716817118020755,0.0,-0.003112494441974034,-0.011706297360856932,0.0012285012285011554,-0.01333333333333342
2022-11-10,0.01034317419001285,0.00034270047978068874,0.0023455824863174435,0.004519044544867734,0.009863013698630185,-0.0022026431718060735,0.01837559720690929,-0.0014727540500736325,0.009487666034155628,0.0027874564459930973,-0.007009345794392607,-0.008989310009718143,-0.0014124293785310327,-0.005980066445182675,-0.03202562049639712,0.011111111111111072,0.0013600816048962017,0.0011534025374855261,-0.002676181980374781,-0.0006345513193379837,-0.013742331288343568,-0.0019305019305019266
2022-11-11,0.036033898305084744,0.07022953066118531,0.04862194487779514,0.03791773778920304,0.028757460661964274,0.011037527593819041,0.02562251894622891,0.02359882005899716,0.03477443609022557,0.1,0.009411764705882453,0.06006374111301804,0.01555869872701554,0.0628342245989304,-0.00041356492969391034,0.044955044955044876,0.01358234295415972,0.03686635944700467,0.05903398926654746,0.03645695539446514,-0.0241353570539935,0.01740812379110257
2022-11-14,0.003173772208225678,0.06081946222791301,0.031490205802132465,0.032198142414860964,0.012658227848101111,0.004366812227074135,-0.002111189303307559,0.012968299711815456,0.018619436875567663,0.029058749210360002,0.0,0.025092506938020342,0.00417827298050133,-0.002515723270440362,-0.02047993380223423,0.03537284894837489,-0.041876046901172526,0.021481481481481435,0.01520270270270263,-0.042781294670206194,0.03926568077511461,-0.011406844106463754
2022-11-15,0.035877364644487875,0.004224502112251116,0.02139423076923075,0.00179964007198552,0.03125,0.0021739130434783593,0.02961918194640334,0.00426742532005675,0.01471243869817207,-0.011663597298956274,-0.002331002331002252,0.006091370558375608,0.001386962552011095,0.013240857503152625,0.013093980992608278,0.0003077870113881165,-0.00034965034965039887,0.0547498187092097,0.0045757071547420924,0.01866666666666661,-0.012757605495583801,0.0019230769230769162
2022-11-16,-0.0017317380352644962,0.0030048076923077094,-0.004471640385973252,-0.011377245508981892,-0.01868686868686875,-0.004338394793926392,0.0,-0.004249291784702458,-0.020210896309314608,-0.02795031055900632,0.004672897196261516,-0.00941809619912548,-0.006925207756232621,-0.019290603609209755,-0.027517198248905528,-0.022769230769230764,0.008744316194473578,-0.01925060158129932,-0.00703933747412,0.01675392670157061,0.006461232604373812,0.0019193857965451588
2022-11-17,-0.011512379750827972,-0.032055122828040794,0.006146572104019032,-0.007874015748031704,0.0015440041173444552,0.002178649237472685,0.00136986301369868,-0.007112375533428139,0.022869955156950672,0.0031948881789136685,0.0023255813953488857,0.0037351443123940786,-0.001394700139469962,-0.0031725888324872775,-0.0038585209003215715,0.01416876574307313,-0.020804438280166537,-0.005257623554153601,-0.0016680567139282232,-0.006230690010298523,-0.0024691358024692134,0.0
2022-11-18,8.296107211247516e-05,-0.007428040854224771,-0.009398496240601628,-0.009768009768009733,-0.015930113052415318,-0.006521739130434634,-0.004103967168262557,-0.01002865329512903,0.006137658921525624,-0.00828025477706995,-0.013921113689094988,0.0036084799278304214,-0.005586592178770999,-0.014640356460852932,0.011405207660856398,-0.0034150884818379135,0.0014164305949009304,-0.01761804087385488,0.003341687552213868,-0.011347738224778525,-0.0032178217821781097,0.003831417624521105
2022-11-21,-0.03008684665598904,-0.006236357966947326,-0.02253320683111948,-0.006781750924784169,-0.015665796344647376,0.0,-0.013049450549450614,-0.00434153400868309,-0.004793028322440107,0.004495825305073975,-0.0023529411764705577,-0.028651685393258353,-0.004213483146067398,-0.006459948320413411,0.015957446808510634,-0.022741433021806867,-0.010254596888260359,-0.012912482065997155,-0.017485428809325465,-0.03291404612159332,0.01291283834119672,-0.013358778625954248
2022-11-22,0.013138330767510142,0.018198933165986864,0.01844212569764614,0.024829298572315528,0.01644562334217503,0.013129102844638973,-0.002435629784272697,0.02034883720930236,0.02977232924693518,0.005115089514066584,0.018867924528301883,0.012145748987854255,0.05923836389280668,0.005201560468140354,-0.024921465968586354,0.04430985017532674,0.020721686316541588,0.005087209302325535,0.01313559322033897,-0.006882722740082392,-0.021328757048296065,0.04061895551257244
2022-11-23,0.0058768141822787,-0.007087827426810578,-0.004765308553728698,0.01150817686250738,0.0031315240083507057,0.006479481641468832,-0.006975933031043047,0.004273504273504258,-0.010629251700680298,0.006361323155216203,0.0185185185185186,-0.011542857142857188,0.055925432756325,0.0006468305304010435,0.022121993127147688,-0.0006105006105004973,0.02695134756737838,-0.0025307302964570066,0.0037641154328733606,-0.011405184174624883,-0.010521042084168375,0.016728624535315983
2022-11-24,-0.018728211749515777,0.0,0.0007182188173329163,-0.004790419161676551,-0.006243496357960288,-0.0021459227467810482,0.00035124692658938805,-0.0028368794326240065,-0.013321873657069161,0.006953223767383054,-0.00454545454545463,0.0003468609087755592,-0.032786885245901565,0.007110536522301203,-0.009245639840302688,-0.007330482590103937,0.0023858214042262738,0.004349401957230992,-0.007499999999999951,-0.011371163612276414,-0.003291139240506391,-0.031078610603290646
2022-11-25,0.0013289561115532589,0.024829298572315528,0.022727272727272707,0.023465703971119245,0.01308900523560208,0.015053763440860068,0.000702247191011196,0.019914651493598834,0.03876306620209058,0.05712492153170112,0.02511415525114158,0.015950069348127816,0.02346805736636237,0.020539152759948776,-0.030116648992576933,0.03446153846153832,0.028901734104046284,0.018404907975460016,0.015952980688497043,-0.0024567280848687423,0.006604013208026505,0.00943396226415083
2022-11-28,-0.007969724246226995,-0.03210175651120539,-0.03134502923976612,-0.016460905349794275,-0.017571059431524594,0.0,-0.001052631578947416,-0.013947001394700065,-0.016771488469601747,-0.030285035629453727,-0.008908685968819552,-0.01035267349260538,-0.01273885350318471,-0.03584905660377358,-0.02492893068007862,-0.00743604997025582,0.0036351619299404003,-0.027285613040396894,-0.027272727272727226,0.029105563640434484,-0.011355034065102299,-0.014953271028037451
2022-11-29,0.059024558243039094,0.09073842302878599,0.08138130886259365,0.06455469216975485,0.03840084166228275,0.008474576271186418,0.022479803301721057,0.028288543140028155,0.04221748400852876,0.09614206981016538,0.008988764044943753,0.04517760662145087,0.05161290322580658,0.056099151989563056,0.008297824624355243,0.0722205573868746,-0.003951267698386607,0.0564663023679417,0.04502973661852172,0.060426411399978175,0.022205206738131533,0.011385199240986799
2022-11-30,0.0,0.002868617326448719,0.0037963376507370583,-0.006176305446378372,0.004052684903748771,-0.008403361344537785,-0.00893163861216073,-0.00687757909215958,-0.004091653027823328,-0.06983240223463683,0.008908685968819663,-0.015618125824901075,-0.004907975460122782,-0.01729462631253864,0.018238434163700967,0.010340972610396904,0.009917355371900749,-0.014137931034482798,-0.0028455284552845184,0.012873775452633796,-0.00549313358302117,0.0056285178236397115
2022-12-01,0.019887429643527188,0.0011441647597254523,-0.0026696329254728424,-0.009604519774011222,0.007568113017154321,-0.0021186440677966045,0.03674176776429805,0.0,-0.006573541495480728,-0.004804804804804719,-0.004415011037527727,0.010614525139664766,-0.023427866831072675,0.0006285355122563896,0.0268676277850588,-0.01576763485477184,-0.022585924713584338,0.00034977264777902306,-0.0016306563391765838,0.03301600162041729,0.01606829023349232,-0.007462686567164201
2022-12-02,0.0018886436104981197,-0.01742857142857146,-0.004684363149676574,-0.0068454078722191,-0.0070105157736605195,-0.004246284501061459,-0.00568371782012711,0.0013850415512466352,-0.013647642679900707,-0.025347012673506475,-0.0022172949002217113,-0.005638474295190821,-0.0012626262626261875,-0.013819095477387022,0.020633907679217245,-0.00786958965711082,-0.015740120562625526,-0.014685314685314754,-0.019191506737443853,-0.022549019607843057,0.000741289844329085,-0.009398496240601628
2022-12-05,0.01898548240996889,0.04972375690607733,0.05961452263558953,0.028719126938541173,0.05042864346949072,0.012793176972281328,0.030262273032952258,0.017980636237897585,0.06247379454926616,0.009287925696594534,0.026666666666666616,0.014009339559706513,0.09987357774968375,0.0394904458598726,-0.033764068361817334,0.05099150141643083,0.01497107859816249,0.05748757984386099,0.03205661948376348,0.02768304914744224,-0.015308641975308568,0.04933586337760931
2022-12-06,0.013874707189621027,-0.006925207756232732,0.0033840947546530664,-0.006700167504187671,0.00336053768602973,0.00210526315789461,0.01762402088772852,0.0,0.003946329913180779,-0.012883435582822123,0.006493506493506551,0.018421052631578894,0.0011494252873565092,-0.004901960784313819,-0.010785159620362417,-0.006738544474393482,0.004022795843110938,-0.023154362416107466,0.0,0.024790162014444617,0.0,-0.018083182640144746
2022-12-07,-0.0023696682464454666,-0.014783821478382198,-0.015598650927487245,-0.01180438448566612,-0.01483253588516742,-0.0021008403361344463,0.012828736369467464,-0.0027173913043478937,-0.023191823899371022,-0.02423865755127408,-0.012903225806451757,-0.0026916451335056157,0.008036739380022695,-0.01231527093596052,0.0015263846489315114,-0.019810040705563248,-0.02370617696160271,-0.010649261422191691,-0.010084711577248884,0.020952380952381056,0.01755265797392158,-0.014732965009208066
2022-12-08,0.0017933491686461522,0.0036806342015855975,0.009635974304068373,0.009101251422070522,-0.0038853812530353915,0.006315789473684275,-0.011082963901203224,0.005449591280654031,0.006438631790744553,0.015923566878981,-0.013071895424836555,-0.002051171326784007,0.009111617312072884,0.0006234413965087171,0.01241018941868055,0.006644518272425293,-0.004787961696306353,0.006597222222222143,0.0024449877750611915,0.00046641791044765846,-0.042138984721537764,-0.005607476635513864
2022-12-09,0.025476876385579272,0.03667136812411842,0.009544008483563182,0.014656144306651742,0.006338371526084741,-0.004184100418410108,0.02433557476785131,-0.008130081300812941,0.010795681727309159,0.03134796238244508,-0.004415011037527727,0.010385114668974627,-0.010158013544018019,0.05358255451713401,-0.004301075268817289,-0.004400440044004306,0.0003436426116838476,0.043463263194204904,0.03455284552845517,-0.0059207459207459845,-0.0012863390789811247,0.007518796992481258
2022-12-12,0.005213872832369848,-0.026122448979591817,-0.030042016806722693,-0.026111111111111085,-0.019379844961240456,-0.008403361344537785,-0.007502344482650747,-0.00819672131147553,-0.049050632911392444,-0.04255319148936165,-0.006651884700665023,-0.02773019271948607,-0.03534777651083221,-0.01714961561206385,-0.01749460043196538,-0.023480662983425438,-0.02335967021642049,-0.02347107438016527,-0.02161100196463661,0.011912019884631642,0.0015455950540959051,-0.018656716417910557
2022-12-13,0.006313900932709338,0.00977926795194195,0.011479315572882953,0.0096976611523103,0.0029644268774704496,0.004237288135593209,-0.014488188976377936,0.008264462809917328,0.02079866888519133,0.01333333333333342,0.0,0.0037440810483426734,0.0,-0.0030084235860409203,-0.012969883490877243,0.0031117397454030193,0.007738304607808555,0.005416384563303955,0.00040160642570286065,-0.009408166102794602,-0.012860082304526732,0.0038022813688214363
2022-12-14,0.011925714285714317,0.021306032097398786,0.0040685224839400735,0.003389830508474745,0.011822660098522064,0.002109704641350074,0.013742409715564063,0.0,-0.00040749796251016157,-0.011904761904761973,-0.0044642857142858094,0.007131102578167736,-0.013002364066194039,0.012673506336753126,-0.006013363028953167,-0.001974055273547659,0.005933682373473026,0.0,0.0008028904054595554,0.023860765415925966,0.0015633142261592958,-0.0037878787878788955
2022-12-15,0.009102870340567115,-0.015713898672446436,-0.009810194071230516,-0.011261261261261368,-0.01314508276533588,-0.008421052631578996,-0.011349306431273631,-0.010928961748633892,-0.014268242967794609,-0.003170577045022105,-0.008968609865470878,-0.005882352941176339,-0.0011976047904190823,-0.013706793802145456,0.012323549182164495,-0.005368748233964382,-0.01526717557251911,-0.030303030303030276,-0.009626955475330878,0.003929811734600497,-0.012486992715920797,-0.005703422053231821
2022-12-16,-6.715202659224317e-05,0.020919350399119407,0.010122765453370652,0.005125284738040969,0.006906758756783482,0.01273885350318471,0.001913265306122458,0.015193370165745845,0.021918941273780135,0.01908396946564883,0.006787330316742057,0.0015340784571553634,0.00599520383693064,0.009667673716012182,-0.012173528109783005,0.012215909090909083,0.007047216349541863,0.029166666666666563,0.012555690562980892,0.00910332271279013,0.0010537407797681642,0.009560229445506607
2022-12-19,-0.007762176319485947,-0.015907252628741042,-0.024093816631129972,-0.018130311614730887,-0.02204801567858894,-0.01467505241090139,-0.0009548058561426043,-0.014965986394557707,-0.028328611898016942,-0.01560549313358306,-0.022471910112359716,-0.007330415754923436,-0.052443384982121644,-0.0191502094554159,-0.0006721935917544108,-0.01796239124333432,-0.015395381385584272,-0.03238866396761142,-0.008400000000000074,-0.016689219666215505,-0.021315789473684288,-0.030303030303030276
2022-12-20,-0.03271291596164694,-0.021369863013698698,-0.018352632728861784,-0.020196191575302835,-0.012525050100200441,-0.008510638297872353,-0.028352978655622807,-0.013812154696132617,-0.006663890045814247,-0.02409638554216864,-0.0022988505747125743,-0.01234431830706495,-0.0012578616352201255,-0.03599755948749239,0.004484304932735439,-0.006573306659045541,-0.008173418621179818,-0.019525801952580135,-0.03025413473174665,-0.022018348623853212,-0.018284485076633494,0.00390625
2022-12-21,0.013994169096209985,0.00643896976483771,0.007344758513242677,0.007656065959952718,0.0015220700152205335,0.0,0.014098360655737663,0.0070028011204483764,0.0062893081761006275,-0.0006497725795970855,0.004608294930875667,0.0026782725142282526,-0.005037783375314908,0.012025316455696267,-0.026562499999999933,0.019850402761795394,-0.00644930132568966,0.0035561877667140696,0.017470881863560717,0.008864915572232679,-0.010134209805532701,-0.0058365758754862496
2022-12-22,0.016676250718803853,0.015299026425591,0.013698630136986356,0.008766803039158555,0.006585612968591725,0.006437768240343367,-0.002586485612673717,0.006954102920723182,-0.002083333333333326,0.005201560468140354,0.0,0.01914301613800773,-0.010126582278481067,0.013758599124452875,-0.06305893143774366,0.01128349788434413,-0.007573025604038941,0.007795889440113557,0.011447260834014594,0.027662838811660206,0.013558384061981288,-0.005870841487279899
2022-12-23,0.0016968325791855143,-0.0035616438356165236,-0.005231037489102031,-0.0005793742757822518,-0.004026170105687066,-0.002132196162047073,0.008103727714748876,-0.006906077348066253,0.0008350730688935215,0.012936610608020649,-0.004587155963302836,-0.0301408758326962,-0.002557544757033292,-0.004318322023442289,-0.007831620166421915,0.014783821478382198,0.00545058139534893,-0.004922644163150469,-0.006871463217461571,0.010360115816141935,0.003276003276003303,-0.0019685039370078705
2022-12-26,-0.016341050254093714,-0.01154797910365668,-0.021472392638036908,-0.00521739130434784,-0.006063668519454168,-0.0064102564102562765,-0.017041800643086802,-0.01251738525730195,-0.0204422194409678,-0.0338441890166028,-0.00691244239631339,0.016552190068686023,-0.0012820512820512775,0.004337050805452325,0.03601381351751365,-0.02171522814733362,0.0,-0.010600706713780994,-0.013838013838013863,-0.02319437603546326,0.022040816326530654,0.0019723865877712132
2022-12-27,-0.005200739354557227,0.02002781641168294,0.020600089565606883,0.015734265734265618,0.023894255210981097,0.012903225806451424,0.019299967288191056,0.016901408450704203,0.027683134582623392,0.008592200925313875,0.013921113689095321,0.017279574656623886,0.0038510911424904926,-0.0018507094386182033,0.009285714285714342,0.03680809216071923,0.014456089627755686,0.005357142857142838,0.03549319026000819,0.0002750401100160005,-0.013045793397231109,0.0019685039370078705
2022-12-28,0.0,0.01799836378511044,0.015357612988152747,0.010327022375215211,-0.004468718967229335,0.00849256900212314,-0.007381258023106518,0.011080332409972415,0.0058019063406549165,0.007208387942332806,0.011441647597253857,0.011106271777003407,-0.008951406649616356,-0.021013597033374576,0.00967209247464007,0.0013550135501356753,0.0032062700391877197,-0.008170515097690845,-0.005978477481068056,0.0027038174235827217,0.008902077151335286,-0.003929273084479323
2022-12-29,-0.008078476630121179,-0.0026788106080900542,-0.009939498703543714,-0.009653605905735274,-0.013466334164588534,-0.008421052631578996,-0.0019398642095053154,-0.008219178082191747,-0.016481252575195615,-0.02342225113858165,-0.018099547511312264,0.0005384449709240346,-0.014193548387096855,-0.011363636363636354,-0.004205607476635453,-0.0062246278755075934,-0.020951704545454586,-0.019340974212034512,-0.010024057738572623,-0.012111517367458857,0.01951871657754012,-0.0039447731755425375
2022-12-30,0.0046538685282140335,0.0008058017727639033,0.025752946311654368,0.008600917431192512,0.0065722952477249574,0.006369426751592355,0.00421120829284094,0.005524861878453136,0.027230833682446498,0.00799467021985345,0.004608294930875667,-0.0027984070605961975,0.01178010471204205,0.008939974457215838,-0.008446738620366046,0.01089324618736387,0.0018135654697135628,0.0,-0.0093155123531794,-0.0005551700208189514,0.010490427484920017,0.011881188118811892
2023-01-03,0.0017429067747538607,0.008588298443370945,0.0031914893617019935,0.010233086981239259,-0.0005022601707684871,0.0,-0.009677419354838679,-0.006868131868131844,-0.02446982055464919,0.01916721744877714,0.00917431192660545,-0.002698327037236936,0.02069857697283295,0.0,-0.005442498816847996,-0.011314655172413701,0.014120202751629174,0.01205259313367435,-0.003679476696647588,-0.008933944359579726,-0.0023358422008825652,0.003913894324853118
2023-01-04,-0.002890156704296487,0.02847259180415107,0.029268292682926855,0.01688238604389425,0.012562814070351758,0.012658227848101111,-0.003908794788273662,0.011065006915629283,0.03302675585284276,0.03891050583657596,0.002272727272727204,0.00054112554112562,0.005069708491761693,0.015822784810126667,-0.032833690221270584,0.028065395095367762,-0.009996429846483412,0.01551786358715268,0.020106688551497776,0.004717421765530139,0.0085848074921957,0.005847953216374213
2023-01-05,0.044051918539602664,-0.0038809831824061503,0.00824232433546257,0.0011068068622024363,0.01439205955334999,0.002083333333333215,0.03139306736429037,0.00547195622435015,0.011736139214892694,0.02122347066167296,-0.0045351473922903285,0.004867495943753353,-0.0025220680958385477,0.018068535825545018,0.010332103321033292,0.005300821627352237,-0.004688063469166948,0.008528784648187626,0.034191472244569754,0.05016038305982984,0.02011864843951483,0.0
2023-01-06,0.0015380344253193012,-0.0031168831168830735,0.016554261189454467,0.0005527915975678255,-0.0014677103718200302,0.0,-0.0012682308180088642,-0.0013605442176870541,-0.006800000000000028,-0.014058679706601462,-0.002277904328018221,0.008396124865446719,-0.011378002528445008,0.009791921664626724,0.03895787679571461,-0.023727919852359558,0.0007246376811593791,0.007047216349541863,-0.002722676001555846,-0.0054448871181940195,-0.006068268015170575,-0.00387596899224818
2023-01-09,0.020750982664086814,0.010943199583115959,0.023522316043425695,-0.0011049723756907381,0.011758941695247271,0.0,0.0031746031746031633,0.0,0.002416431735803526,-0.017978921264724113,0.0,-0.006084543125533859,-0.005115089514066473,0.027272727272727337,-0.009374267635340994,0.006481231433972612,0.002896451846488013,-0.004898530440867632,-0.0031201248049922414,0.0044954822628744395,0.006105316713304276,0.001945525291829009
2023-01-10,0.007196393656311084,-0.014175257731958713,-0.0333922608524847,-0.016592920353982188,-0.010169491525423568,-0.004158004158004047,0.02879746835443031,-0.008174386920980825,-0.029329047810365605,0.0037878787878788955,-0.0022831050228310223,-0.023735366770486488,-0.006426735218509005,-0.004129793510324498,0.007097232079488869,-0.023343171451569722,-0.009386281588447565,-0.0031645569620253333,0.007433489827856077,0.02791563275434239,-0.004298356510745727,-0.003883495145631133
2023-01-11,-0.005122812693790557,0.017516339869281028,0.03027839869945148,0.011248593925759165,-0.004892367906066619,0.008350730688935215,-0.0018455859735464486,0.0027472527472527375,0.038079470198675525,0.024528301886792336,0.009153318077803174,-0.004730473047304784,-0.0038809831824062613,-0.009478672985781977,-0.003993422598073781,0.016208791208791373,0.050291545189504294,0.007054673721340388,0.012815533980582439,-0.014570221570825104,-0.023616048755713548,0.011695906432748648
2023-01-12,-0.005935120192959165,0.003340184994861106,0.004142011834319392,0.0038932146829810943,0.005899705014749346,0.0,-0.006779661016949379,-0.004109589041095929,0.011961722488038395,-0.023941068139963106,0.006802721088435382,0.008068973140267444,-0.011688311688311637,0.0017942583732057926,0.023349056603773732,0.003514463368477827,-0.000693962526023606,-0.017513134851138368,-0.0130368098159509,-0.015660542432195945,-0.01716514954486359,-0.009633911368015502
2023-01-13,0.02889858233369691,0.015620998719590329,0.02828520919269306,0.009972299168975018,0.014173998044965774,0.008281573498964745,0.011169717654359479,0.009628610729023324,0.022458628841607542,-0.004402515723270439,0.0022522522522521182,0.0233552631578946,0.010512483574244502,0.016119402985074638,0.00023046784973490553,0.02505387931034475,0.006250000000000089,0.031016042780748654,0.025252525252525304,0.01546529197404678,0.03916379994707597,0.0077821011673151474
2023-01-16,0.013725490196078383,0.0204236006051437,-0.004966571155682886,0.0,0.038072289156626526,-0.006160164271047264,0.02485424976986783,-0.0013623978201634523,0.010789980732177407,0.008212255211623498,0.004494382022471877,0.022822243651558827,0.010403120936280708,0.0,0.01382488479262678,-0.0162943495400788,-0.012422360248447228,0.013831258644536604,0.0314513073133762,0.018818380743982566,0.09829386299974541,0.0038610038610038533
2023-01-17,-0.002561555753045175,0.005189028910304039,-0.011326550201574248,-0.001645639056500392,0.00417827298050133,0.004132231404958775,0.010479041916167775,-0.004092769440654842,-0.014105985512771646,0.005639097744360999,-0.004474272930648726,0.0019903624554789,-0.005148005148005064,0.009400705052879044,0.006363636363636349,-0.035532994923857864,0.0013976240391333494,-0.004433833560709366,-0.010286554004408477,-0.007774914089347051,-0.022026431718061734,0.0038461538461538325
2023-01-18,-0.00786163522012584,-0.007374631268436516,0.000970873786407811,-0.00879120879120876,-0.011558021266759089,0.002057613168724215,-0.0450370370370371,0.00136986301369868,-0.0019334880123743625,-0.019314641744548333,0.004494382022471877,-0.007527443805541045,0.0,-0.004656577415599439,0.010162601626016121,0.0027700831024930483,-0.005233775296580534,-0.005481329222336462,-0.014476614699331924,-0.0073163340404346355,-0.014461830251303875,-0.0019157088122604415
2023-01-19,-0.006756471209720005,0.006686478454680511,0.005043646944713931,0.001662971175166339,0.01122544434050532,0.002053388090349051,0.0058951287620230275,0.002735978112175186,0.0011623401782254739,-0.0025412960609911828,0.004474272930648837,0.009691351522174152,0.0077619663648123005,0.0011695906432749315,0.0,-0.005801104972375737,0.0017537706068044834,0.0010334137099552443,-0.007156308851224202,0.010204971652856498,0.04979552561943712,0.0057581573896352545
2023-01-20,-0.010743480781402082,0.009840098400983877,0.005597375024126494,-0.006087437742113955,0.0023126734505087843,-0.002049180327868827,-0.002776064157927305,0.004092769440654953,0.01741486068111442,0.006369426751592355,0.011135857461024523,-0.009702660406885721,0.02695763799743256,0.008761682242990565,0.05410239213056123,0.003056404556821324,0.005252100840336116,0.014452856159669736,0.0011380880121396597,-0.004921429804869537,-0.0022914757103574823,0.011450381679389166
2023-01-30,0.015048306191902228,0.023873325213154883,-0.011900191938579718,-0.0033407572383075124,-0.0027688047992617815,0.002053388090349051,0.028456541911537236,0.005434782608695565,-0.011030810193990104,-0.017721518987341867,-0.00440528634361248,0.03107880320269696,-0.012499999999999956,-0.0005790387955991738,0.01802757158006374,-0.03601108033241007,-0.022640195053988177,-0.011872455902306678,-0.009094353921940246,-0.05644251626898045,-0.006660542030316963,0.00943396226415083
2023-01-31,-0.022372881355932184,-0.019509873899595576,-0.009712509712509698,-0.01564245810055853,-0.00925497454881996,-0.006147540983606592,-0.020150375939849696,-0.004054054054054124,-0.007692307692307665,0.013530927835051498,0.0,-0.012874220905282563,0.0012658227848101333,0.015063731170335881,0.0031250000000000444,-0.02183908045977001,0.011760513186030108,0.00995537246824596,-0.017208413001912004,-0.023863166122580326,-0.024046242774566462,0.0
2023-02-01,-0.00042800797503461663,-0.016258189759767117,0.007257748136524134,-0.006810442678774176,0.03176085941148998,0.0020618556701033075,0.0,-0.0013568521031207537,0.0073643410852712865,-0.008900190718372558,0.0,0.003519304419832281,0.013906447534766109,-0.01655251141552505,0.01121495327102795,-0.002937720329024729,-0.00387460373370907,0.003399048266485405,0.0023346303501945442,0.002590673575129543,0.01018715944089088,0.013084112149532867
2023-02-02,-0.004802246106982877,-0.012580167735569803,-0.010126582278481067,-0.005142857142857116,-0.02987777274784975,-0.002057613168724437,-0.0018416206261508972,0.0,-0.0053866871873796685,0.0038486209108403724,0.0,0.031872099020113565,-0.004987531172069737,-0.013929193267556705,-0.0008215239268843932,-0.0014731879787860391,0.007425742574257432,0.0027100271002711285,0.02329192546583836,0.011134601832276214,0.008442776735459567,-0.005535055350553542
2023-02-03,-0.0098632434875906,-0.018236322757931633,-0.024198308085776055,-0.00861573808156224,-0.003266448903406438,-0.0020618556701030855,-0.015067650676506839,-0.0122282608695653,-0.013539651837524258,-0.020447284345047945,-0.011061946902654829,-0.0005997600959616323,-0.015037593984962405,-0.019423190111830357,-0.033710174717368924,-0.011212747123045208,-0.008424008424008367,-0.017905405405405417,-0.017071320182094007,-0.0197936994703094,-0.0046511627906977715,-0.0055658627087197265
2023-02-06,-0.0126512651265126,-0.024173027989821794,-0.02903225806451626,-0.006373117033603881,-0.023876404494381887,0.0,-0.028410864814236603,-0.0027510316368637433,0.0015686274509802978,-0.02022178734507507,0.004474272930648837,-0.00790158031606325,0.003816793893129722,-0.010804321728691502,-0.012975962561157184,-0.0005968367651446593,-0.004601769911504405,-0.014791881664946716,-0.016209957545349374,-0.022753128555176416,-0.007242990654205528,0.003731343283581934
2023-02-07,0.0011142061281337323,0.0015645371577572842,0.011212624584717723,0.0011661807580176653,0.0023980815347719453,0.0020661157024792765,-0.0032133676092545027,-0.0013793103448275223,-0.005481597494126911,0.017310252996005415,0.00222717149220486,-0.011593910676479413,0.019011406844106293,0.0024271844660193054,-0.00775862068965516,0.006270528515974982,0.001066856330014243,0.0080307262569832,0.015692428403295544,-0.0029103608847497187,-0.009178630265944898,0.009293680297397744
2023-02-08,-0.0072342793544797335,0.0020827909398595246,-0.004106776180698213,-0.0034944670937683275,-0.0014354066985644565,0.004123711340206171,0.007736943907156846,-0.0013812154696132284,0.013779527559055094,0.017015706806282616,0.0022222222222221255,-0.00795593635250924,-0.01990049751243772,-0.004237288135593209,-0.0034752389226758718,-0.008605341246290976,-0.008525754884546988,-0.00969864911673024,0.010428736964078755,-0.006080949601089736,0.020427553444180457,0.0
2023-02-09,0.01905829596412567,0.0,0.01690721649484539,0.004675628287551303,0.01437470052707246,0.002053388090349051,0.007677543186180413,0.004149377593360981,0.03650485436893214,0.009009009009009139,0.0,0.0022619782027555324,0.0050761421319796,0.011550151975683987,0.007846556233652935,0.02304699191858739,0.004299534217126588,0.0034977264777895645,0.004587155963302836,0.006754441779648568,0.0160614525139664,0.009208103130755152
2023-02-10,-0.004400440044004417,-0.00857365549493394,-0.00040551500405516805,0.0,-0.009919697685403905,0.004098360655737876,-0.0012698412698411987,-0.0027548209366390353,-0.010116148370176048,0.0063775510204080454,-0.0022172949002217113,0.005231842429216149,0.007575757575757569,-0.006610576923076872,-0.018598615916954997,0.0014628437682855377,-0.011773100249732549,0.007319623562216604,-0.004566210045662156,-0.006174340026253167,-0.001145475372279381,0.0018248175182480342
2023-02-13,0.0256077348066297,-0.011530398322851076,-0.001014198782961384,-0.013961605584642323,-0.0014312977099236734,-0.004081632653061273,0.004132231404958553,-0.0013812154696132284,0.026873580620741855,-0.013307984790874472,-0.0022222222222221255,-0.00020410245943458527,0.010025062656641603,0.09981851179673318,0.005288673424415968,0.010809231668127417,-0.00974729241877259,0.0387543252595155,0.020642201834862428,0.01751296350650633,0.03142201834862379,0.014571948998178597
2023-02-14,-0.006765965469873625,0.007423117709437932,0.013197969543147225,0.005899705014749346,-0.00047778308647861145,-0.002049180327868827,0.001266223488445739,0.0013831258644536604,0.023221525985993363,0.0019267822736031004,0.00445434298440972,0.020720628763907234,-0.004962779156327701,0.008800880088008833,-0.003945637878123631,0.018208092485549,0.0032810791104629367,-0.0019986675549633626,0.0026217228464420206,-0.012259615384615397,0.005559261730042175,-0.0035906642728905647
2023-02-15,-0.0015131875105082182,-0.021842105263157885,-0.020440881763526986,-0.005278592375366542,-0.008126195028680727,-0.002053388090349051,-0.014226999683844443,-0.0055248618784530246,-0.004682997118155674,-0.03076923076923077,0.0,-0.005900000000000016,-0.00872817955112215,-0.005997818974918134,-0.004401408450704136,-0.013340902639795593,-0.011264534883720922,0.0010013351134845472,-0.019051176690324967,-0.024093453394986586,-0.009066784608580236,-0.0018018018018017834
2023-02-16,0.011309071156979877,0.002690341673392549,0.00654664484451728,0.000589622641509413,-0.00867469879518068,-0.002057613168724437,-0.009621552277100709,-0.001388888888888884,-0.003981179876945351,-0.004629629629629539,0.0,-0.004124333568051419,0.0,-0.0224904004388371,-0.017683465959328126,-0.009781357882623576,-0.011392870268283839,0.004334778259419858,0.0015232292460014563,0.018354114713216907,-0.022762776166034393,-0.009025270758122761
2023-02-17,-0.022042947223684384,-0.015025489669975967,-0.008130081300813163,-0.015321154979375251,-0.016042780748663166,0.0,-0.006152849740932553,-0.00834492350486793,-0.014534883720930147,-0.0033222591362126463,0.0022172949002217113,0.026363636363636367,-0.015094339622641506,0.011784511784511897,-0.02407740774077405,0.0,0.004832713754646889,-0.0019920318725100694,-0.013688212927756682,-0.017827407189734634,0.008677780315140549,-0.0018214936247722413
2023-02-20,0.029778446599808994,0.04848815036774723,0.023565573770491843,0.025733093955715214,0.03952569169960474,0.014432989690721598,0.021505376344086002,0.018232819074333717,0.05752212389380529,0.017333333333333423,0.02212389380530988,0.02361972246826105,0.03831417624521083,0.08485856905158062,0.017293059718699544,0.051133062173155164,0.020347761746207782,0.056553559547571686,0.06206630686198911,0.02707689239054556,0.023771790808240878,0.02737226277372251
2023-02-21,-0.004266666666666641,0.005196154845414247,0.001201201201201041,0.0040840140023337135,0.002376425855513231,-0.004065040650406471,0.004465709728867617,0.004132231404958775,-0.001394700139469962,0.00589777195281771,0.015151515151515138,0.026824343813094842,0.004920049200491938,-0.015337423312883236,0.024252039891205834,-0.0008291873963516272,0.011240029006526653,0.00598236775818628,0.001814882032667997,-0.011992037675389589,-0.015922158337019043,-0.003552397868561208
2023-02-22,-0.016604177825388367,-0.013698630136986356,-0.016596680663867214,-0.009877977919814152,-0.013750592697961084,-0.004081632653061273,-0.013655128612257816,-0.006858710562414272,-0.011871508379888263,-0.01042345276872969,-0.008528784648187626,-0.0337078651685393,0.001223990208078396,0.004153686396676903,-0.01814560743527327,-0.008298755186721962,-0.0010756543564002241,-0.012832550860719882,-0.0068840579710145455,-0.014545454545454639,-0.008764044943820215,0.012477718360071277
2023-02-23,-0.009803921568627416,0.002882599580712908,-0.004066693777958541,0.0005868544600939885,0.01105769230769238,0.0,-0.0019317450096586475,-0.0013812154696132284,-0.010247349823321539,0.0026333113890717463,0.0,-0.0049418604651163545,-0.007334963325183463,-0.009824198552223384,0.032003606040117205,-0.0002789400278939702,0.005743000717875146,0.0069752694990488084,-0.009850419554906953,-0.0027425949935173666,-0.013375651779641728,-0.0017605633802816323
2023-02-24,-0.01650165016501648,-0.02116540371047826,-0.015924867292772427,-0.008797653958944385,-0.020922491678554533,0.0,-0.012580645161290316,-0.006915629322268413,-0.012495537308104265,-0.020354563361785982,-0.004301075268817289,-0.009251144220469354,-0.006157635467980205,-0.025587467362924166,-0.023585935793841384,-0.008649553571428603,-0.006067094932191264,-0.021095717884131004,-0.022107590272660294,-0.012400620031001619,-0.007582720588235392,0.005291005291005346
2023-02-27,0.012533557046980004,-0.008008542445275046,-0.008298755186722073,-0.004733727810650734,-0.0072850898494414285,-0.004098360655737654,-0.003593596863770032,-0.0027855153203342198,-0.009399855386840295,0.006702412868632601,-0.004319654427645703,0.010910163160998687,-0.00619578686493194,0.005359056806002238,-0.011406844106463865,0.0045032367013790875,0.003949730700179455,-0.012544226439369588,-0.011303692539562982,-0.0010126069566097629,-0.0013892104653854265,-0.010526315789473717
2023-02-28,0.0018393623543837556,0.004036598493003307,0.008368200836820217,0.005350772889417321,0.010273972602739656,0.008230452674897082,-0.0013114754098360049,0.0027932960893854997,0.00802919708029215,0.0046604527296938425,0.010845986984815648,0.013709285367039525,0.01122194513715713,-0.0015991471215351938,0.0009049773755656076,0.0022415242364810517,0.0014306151645206988,-0.0006514657980455363,0.0026676829268292845,0.00136840504789415,0.008578715511245116,0.010638297872340496
2023-03-01,0.013667890656874793,0.025194317877244687,0.037136929460581,0.014784151389710232,0.012106537530266248,0.004081632653061051,0.02166776099803025,0.011142061281337101,0.03910209992758862,0.002650762094102088,0.0193133047210301,-0.010070976405141097,0.022194821208384674,0.028830752802989856,-0.0022603978300180794,0.03718199608610573,0.002142857142857002,0.018252933507170832,-0.0053211706575445605,-0.003694705941897025,0.006206896551724128,0.015789473684210575
2023-03-02,-0.005727401782946173,0.0,0.0042008401680335705,0.0011655011655011815,-0.000956937799043045,0.0060975609756097615,0.0006426735218509894,0.0013774104683195176,0.001045296167247356,-0.013879709187045619,0.021052631578947212,0.030229628911927264,0.03498190591073591,0.0015568240788792487,-0.016764839148164956,-0.0024258760107818134,0.004276550249465494,0.012804097311139628,-0.006495987772258349,-0.006756413512826964,-0.013251085218186076,0.02590673575129543
2023-03-03,-0.005448577680525202,0.0,0.0015936254980080111,0.0075669383003491575,0.013888888888889062,0.010101010101010166,-0.0025690430314708745,0.011004126547455195,-0.00800556909154193,0.009383378016085908,0.035051546391752675,-0.00300949873036771,0.034965034965035,-0.0005181347150260418,-0.0009216589861751334,-0.0035125641718453116,0.009936124911284594,0.0025284450063209896,-0.0007692307692307443,0.0027618657937806823,0.004862236628849326,0.05555555555555536
2023-03-06,-0.0059954676464764045,-0.0326797385620915,-0.03381066030230717,-0.01906412478336217,-0.022673594709494593,0.0020000000000000018,-0.01062459755312295,-0.0027210884353741083,-0.017192982456140316,-0.019920318725099695,0.015936254980079667,-0.01801716819168009,-0.015765765765765827,-0.038880248833592534,0.03828413284132859,-0.023047722342733223,-0.01124385101897396,-0.024905422446406034,-0.028098537336412654,-0.021064980108130182,0.00046082949308767773,0.006379585326953707
2023-03-07,-0.010425312925396057,-0.011891891891891881,-0.013791683820502332,0.0011778563015312216,-0.008699855002416657,0.009980039920159722,-0.025707777416205668,-0.0027285129604366354,-0.021777936451267466,-0.01490514905149054,0.031372549019607954,-0.013928914505283219,0.0022883295194506825,-0.017799352750809017,-0.012883163038649559,-0.014987510407993287,0.025941719971570798,-0.018428709990300662,-0.01861386138613852,-0.017350075548377086,-0.029940119760479167,-0.017432646592709933
2023-03-08,-0.009998322429122575,-0.015317286652078876,-0.014193279064913411,-0.0052941176470587825,-0.0073135056070210425,0.005928853754940677,-0.002338009352037429,0.0,-0.008759124087591164,0.004126547455295837,0.009505703422053147,-0.016171456405260742,0.0022831050228309113,0.0038440417353102774,-0.013051305130513002,-0.01098901098901095,-0.01350883269830272,-0.005270092226614009,-0.008071025020177647,-0.005037115588547136,-0.003798670465337106,-0.003225806451612967
2023-03-09,-0.00022593508884904967,-0.011666666666666714,-0.012492060131272464,-0.00473092844470735,-0.003929273084479323,-0.005893909626719096,-0.010713090056913344,-0.005471956224350261,-0.01178203240058906,-0.010958904109588996,0.0,-0.01881374393504298,-0.010250569476081939,-0.018052516411378616,-0.019151846785225635,-0.0011396011396010985,0.002457865168539408,-0.016887417218543033,-0.017493897477624087,-0.016839861444177928,-0.005481410867492986,0.008090614886731462
2023-03-10,-0.011310606659811762,-0.015458122540753183,-0.013722126929674117,-0.013666072489601722,-0.014299802761341351,-0.01383399209486158,-0.01489001692047387,-0.016506189821182793,-0.02794336810730258,-0.010387811634349098,-0.01883239171374762,-0.00857806034917763,-0.024165707710011364,-0.009470752089136392,-0.02092050209205032,-0.00998288648031953,-0.015061295971979027,-0.016840687100033724,-0.026915113871635588,-0.01496016044230053,0.0031152647975078995,-0.020866773675762618
2023-03-13,0.006857142857142895,0.0005709391949755283,0.010869565217391353,-0.002409638554217053,0.007003501750875385,0.012024048096192397,0.012366884232222652,-0.012587412587412694,0.033729398236872266,-0.011896431070678837,0.06142034548944353,0.007736156351791479,0.05306603773584895,0.008436445444319318,-0.0030864197530863224,0.017574186113511914,0.032005689900426626,0.0017129153819799292,0.025957446808510642,0.027953557475375534,-0.010511227902532227,0.01967213114754096
2023-03-14,0.002270147559591429,-0.013409415121255264,-0.022365591397849438,-0.004227053140096637,-0.01341281669150518,0.001980198019801982,0.002375296912114022,-0.005665722379603388,-0.027437893956247628,0.0021246458923513956,-0.001808318264014619,-0.007979797979798087,-0.0011198208286673506,-0.02788622420524256,-0.002619671350321484,-0.03850509626274068,-0.009993108201240442,-0.006155950752393946,-0.02198257984238905,-0.0024623949467373896,0.0014485755673585565,-0.01768488745980701
2023-03-15,-0.008539071347678284,0.008675534991324563,0.010778706555213402,0.00545785324439052,0.009566968781470342,0.007905138339920903,-0.011848341232227444,0.008547008547008517,0.0076248570339305655,0.013427561837455748,0.0018115942028986698,-0.0049893086243762985,0.06614349775784745,0.0068846815834768815,0.008595988538681931,0.010895170789163577,0.0038287504350853485,0.01961459050240877,0.0050890585241729624,-0.018245237456399277,-0.0024108003857279403,0.016366612111292866
2023-03-16,0.0006111073035890424,-0.006594036697247785,-0.015669205658324414,0.006031363088057962,-0.006982543640897787,0.0,-0.0030832476875641834,0.005649717514124353,-0.006810442678774065,-0.001394700139469962,-0.01446654611211573,-0.009926320098239905,0.013669821240799296,-0.01025641025641022,-0.053030303030303094,-0.01776871540926306,-0.0277392510402219,-0.007424907188660068,0.00042194092827019247,0.007160426345996118,-0.004591590140164414,-0.01610305958132041
2023-03-17,-0.005702087340681228,-0.00836940836940836,0.02144594295821367,0.0023980815347721673,0.01255650426921151,0.00588235294117645,-0.007903780068728494,-0.001404494382022392,0.026285714285714246,0.006284916201117374,0.04220183486238516,0.006925064599483166,0.018672199170124415,0.005757052389176565,-0.016750000000000043,0.020462633451957313,0.01890156918687591,-0.0006800408024481008,-0.013918177983973101,0.005644198415282853,-0.00898276280650634,0.02127659574468077
2023-03-20,-0.007118254879448949,-0.006984866123399325,-0.013419913419913554,-0.005980861244018976,-0.005456349206349187,0.00974658869395717,-0.011430550744717771,0.002812939521800173,0.021900519673348162,-0.005551700208188737,-0.0035211267605632646,-0.003490043112297281,-0.01120162932790214,-0.014310246136233551,-0.0030511060259343914,-0.0023249055507119643,0.009100455022751142,-0.008506294658046976,-0.01283147989734823,-0.014193200215866342,-0.010289073983341557,-0.019230769230769273
2023-03-21,0.026248843663274846,0.0032239155920281704,0.00943396226415083,0.0,0.007980049875311757,-0.015444015444015413,0.015416958654520085,0.0,-0.03523428986560129,-0.011165387299371998,-0.01590106007067138,0.009682735887927452,-0.016477857878475777,0.004645760743321903,0.006120887528691776,-0.0026216137489075697,-0.010405827263267331,0.0013726835964309458,0.03249566724436748,0.029178299666064555,0.02970297029702973,0.006535947712418277
2023-03-22,-0.0009295774647888333,0.009056383289512082,0.010649858726363925,0.00902527075812265,0.004453240969816807,0.009803921568627638,-0.0034506556245686992,0.007012622720897532,-0.01016566265060237,0.022582921665490474,0.012567324955116588,-0.0017343399306264384,-0.005235602094240899,0.008092485549132888,-0.001774397972116648,-0.009929906542056166,0.011917280056081392,0.0006854009595613775,-0.014687368862777883,-0.01760638297872341,0.024759615384615463,-0.011363636363636465
2023-03-23,0.0008514957566188031,0.019108280254777288,0.008172043010752805,0.005963029218843285,0.009359605911329894,0.003883495145631022,0.004501385041551398,0.00417827298050133,0.030810193990110424,-0.0041407867494824835,0.010638297872340496,-0.007562595809913031,0.03263157894736857,-0.0034403669724771824,0.0033011681056371867,0.016814159292035447,0.017665396605472727,0.001027397260274121,-0.0034071550255537764,-0.0007038821809518536,0.0009383063570256311,0.003284072249589487
2023-03-24,0.0021184769502946565,-0.02187500000000009,-0.014505119453924853,-0.005334914048606976,0.0014641288433383526,-0.011605415860734936,0.004136504653567741,0.0,-0.02988929889298897,-0.006237006237006182,-0.03157894736842115,-0.015549376995160236,-0.033639143730886834,-0.025316455696202445,0.013667425968109326,-0.02030751378009854,-0.013614703880190593,-0.009579199452617204,0.0034188034188034067,0.009536194191590797,-0.022732599015701904,-0.022913256955810257
2023-03-27,-0.006088990340825995,-0.006389776357827448,-0.004545454545454519,-0.008939213349225428,-0.005847953216374324,-0.00391389432485334,-0.00034328870580147,-0.00832177531206657,-0.028147584632940204,-0.01324965132496514,-0.030797101449275388,-0.007531380753138084,-0.029535864978903037,-0.00767414403778055,0.005992509363295984,0.018951732306780933,-0.04485852311939276,-0.025215889464594188,-0.005110732538330498,-0.008426363246028301,0.03788968824940042,0.0
2023-03-28,0.007925149480424665,0.005553931598947681,-0.002391824309632473,0.0036079374624173877,-0.0004901960784312598,0.003929273084479545,-0.004120879120879106,0.00419580419580412,0.004305283757338518,-0.01272084805653706,0.03925233644859816,0.01022344013490728,0.0021739130434783593,-0.002379535990481796,-0.010920824025812848,-0.017436791630339843,-0.010838150289017356,-0.0014174344436569397,0.0021404109589040488,-0.011583220568335495,-0.006469500924214389,0.0
2023-03-29,0.0046020877764059165,-0.008139534883720989,-0.01002615518744554,-0.005392450569203122,-0.008827856792545385,0.0,-0.010344827586206917,-0.0027855153203342198,0.001558846453624252,0.010737294201861092,-0.01618705035971224,-0.0090766823161188,-0.033622559652928485,0.02027429934406677,0.0045169385194478995,0.005915409642117675,-0.0040175310445580426,-0.004613200851667831,0.0034173430158050966,-0.00038333059525774704,0.0037209302325580396,-0.00670016750418756
2023-03-30,0.005586592178770999,0.006740914419695265,0.0013210039630118242,0.013253012048192625,0.013359722909450644,0.003913894324853118,0.017421602787456525,0.0041899441340782495,0.0019455252918287869,0.02053824362606238,0.02376599634369292,0.015266371867761697,0.012345679012345512,0.005844535359438963,0.011991006744941135,-0.032931490738018154,0.0315364869820316,0.0121212121212122,0.031077054065559828,0.027007779116905883,-0.0034754402224281833,0.008431703204047292
2023-03-31,0.011111111111111072,-0.002328966521106257,0.0026385224274407815,0.004161712247324534,0.0,-0.0038986354775827348,-0.002739726027397249,0.0,0.0066019417475728925,-0.019430950728660634,0.0035714285714285587,-0.0057036192056415524,-0.0011086474501108556,-0.006972690296339401,-0.0024685262898049842,0.012161751292186107,0.0014219694276573769,-0.004931313842902463,-0.06358381502890165,-0.022563610177628313,-0.004417577307602838,0.02341137123745818
2023-04-03,-0.009851648351648423,0.0029180040852054834,0.0017543859649122862,0.0,0.025390625,-0.001956947162426781,-0.0044642857142858094,0.0,0.016975308641975273,0.034677990092002675,-0.01067615658362997,-0.0006257822277847547,0.019977802441731418,0.03510825043885313,0.005444196980945559,0.010814058275758542,-0.009939652112176067,0.003185840707964571,-0.017636684303350858,0.006275922287710012,-0.006071929005137755,0.03921568627450989
2023-04-04,0.0069475658548225905,-0.0026185627000290257,-0.0024080560420315367,0.006512729425695696,0.0033333333333334103,0.013725490196078383,0.004139358399448012,0.0027816411682892728,0.006069802731411222,0.0020519835841315004,0.04136690647482033,-0.008766437069505195,0.09793253536452662,0.0005652911249292014,-0.010829436377061352,0.0017830609212481363,0.011473646468268317,0.008468595624558928,-0.012567324955116699,-0.03443787624057704,0.013862781954887105,0.05817610062893075
2023-04-06,-0.009715693352217225,-0.014002333722287208,-0.010752688172043001,-0.004705882352941115,-0.008542952064546694,0.005802707930367523,-0.006526966678117363,-0.004160887656033285,-0.012443438914027105,-0.0027303754266212454,0.003454231433505983,-0.010212676352916339,-0.0049554013875124925,-0.005084745762711895,0.0024881811395869313,-0.012755858795609587,-0.010280042538106993,-0.00629811056682994,0.013181818181818183,-0.0068523927207368995,-0.008574739281575816,-0.011887072808320909
2023-04-07,-0.0033222776244323793,0.010059171597633254,0.012200532386867913,0.002955082742316595,0.013403542364767818,-0.0038461538461539435,0.007607192254495132,0.0069637883008357715,0.020236731576937617,0.03422313483915129,-0.01721170395869187,0.010105307945962982,-0.02390438247011939,-0.011925042589437829,0.004467609828741725,0.009314903846153966,-0.006446991404011615,0.006690140845070358,0.008972633467922764,0.028277344191833587,0.05539971949509104,-0.007518796992481258
2023-04-10,-0.01077057940021997,0.0029291154071471315,0.009423624808240216,0.004714201532115547,-0.002361832782239004,0.0,-0.009608785175017176,-0.0027662517289074318,0.0291916167664672,0.002647253474520328,0.031523642732048884,-0.01432181971356361,0.02244897959183656,-0.021264367816091756,0.018779342723004744,0.011015183090205438,-0.004686373467916338,-0.0010493179433368471,0.002667852378835045,-0.010834891651083534,0.024806201550387597,0.0121212121212122
2023-04-11,-0.014788056668736282,-0.014894859813084249,-0.008684324793747367,-0.0035190615835778427,0.010416666666666519,0.0038610038610038533,-0.011781011781011763,-0.004160887656033285,-0.019636363636363563,0.007260726072607193,0.018675721561969505,-0.0036324786324785086,-0.0059880239520956335,0.028772753963593578,-0.018675721561969394,-0.016195524146054296,-0.0010865628395508864,0.017507002801120386,0.007538802660753907,-0.003224909646927898,-0.005619191700886206,0.010479041916167775
2023-04-12,-0.029447149813807028,0.0002964719833977725,-0.0013140604467803962,-0.0005885815185402432,0.0,0.011538461538461497,-0.012622720897615736,0.00417827298050133,0.023738872403560762,-0.004587155963302725,0.026666666666666616,-0.012223890199442478,0.012048192771084265,-0.00742009132420085,-0.021008403361344574,0.008081412750673644,0.009789702683103751,0.0013764624913972234,0.01188380281690149,-0.0182406426061249,-0.008259074114322917,0.01333333333333342
2023-04-13,0.017059205477834904,0.008002371072910464,-0.010526315789473717,0.005300353356890497,-0.018744142455482615,0.0076045627376426506,-0.0021306818181817677,0.00554785020804438,0.0036231884057971175,-0.0013166556945358732,-0.01461038961038963,-0.002171081198436897,0.001984126984126977,-0.01840138010350778,-0.005806614491290052,0.0014845605700710696,0.011490125673249585,-0.016151202749140947,-0.009134406263592743,0.00369318181818179,0.03769449923296064,-0.01023391812865504
2023-04-14,-0.005560069645966337,0.011173184357541999,0.008200354609929184,0.0023432923257176164,0.00047755491881562584,0.0,-0.006405693950177871,0.0027586206896550447,-0.004693140794223782,-0.006591957811469928,0.0049423393739702615,0.0006527415143602333,0.02871287128712874,-0.004686584651435344,-0.003047232097511565,-0.00029647198339755043,0.008164714235001647,-0.0006985679357317531,-0.0008779631255486642,-0.010585904330597251,0.007814149947201532,0.010339734121122657
2023-04-17,0.02309999883274383,0.023553358534457836,0.043745878214992207,0.012273524254821755,0.03961813842482109,0.03207547169811309,0.009312320916905481,0.016506189821182904,0.040261153427638696,-0.013934970139349745,0.040983606557376984,0.05751250271798214,0.031761308950914335,0.01942319011183069,0.009169638308711203,0.043890865954923086,0.022535211267605604,-0.0010485844110451614,0.028119507908611396,0.028779036503032485,0.03290025146689013,-0.004385964912280715
2023-04-18,0.0028522532800911993,0.013636363636363447,0.024010109519797762,0.0051963048498844255,-0.0022956841138659367,0.007312614259597838,0.01100070972320788,0.020297699594046037,0.056136680613668055,-0.009421265141318913,-0.0031496062992125706,0.008841369384188447,0.027985074626865503,-0.0017321016166282899,0.009843513377082225,0.051136363636363535,0.011363636363636465,-0.002799160251924393,0.00512820512820511,0.002725098715310681,-0.0073037127206330155,0.0
2023-04-19,0.0005688282138793799,-0.005044843049327397,-0.004524886877828038,-0.0022975301550832716,-0.011504832029452405,0.003629764065335772,-0.009477009477009468,-0.0013262599469495706,-0.001320567844173004,-0.02309782608695654,-0.007898894154818259,-0.01752776928564148,-0.020871143375680634,-0.016194331983805488,-0.026993251687078224,-0.007297297297297334,-0.0027238678924073056,-0.018596491228070167,-0.0250850340136054,-0.018524681087077166,-0.005518087063151489,-0.007342143906020504
2023-04-20,-0.009732802728823153,-0.014366197183098506,0.0080578512396694,0.0011514104778354017,0.0032588454376163423,-0.001808318264014619,-0.0049610205527994555,0.019920318725099584,0.01785123966942148,-0.007649513212795611,0.009554140127388422,-0.018773986101026874,0.06672845227062107,-0.0064667842445621515,-0.03390701258669404,0.0068064252654505,-0.0013656538067599033,0.0010725777618878496,0.024422154382904404,-0.03367992766726946,-0.017673653925195265,0.028106508875739733
2023-04-21,-0.009420855627253366,-0.014004001143183786,-0.04201680672268904,-0.016101207590569322,-0.03433874709976803,-0.005434782608695565,-0.002849002849002802,-0.01171875,-0.039298473530367084,0.00700770847932719,-0.014195583596214534,-0.022410147991543283,-0.010425716768027726,-0.017751479289940697,-0.004520074448285061,-0.027852893455922012,-0.00752136752136745,-0.01571428571428579,-0.018731375053213983,-0.022397660818713527,-0.010041841004184038,-0.007194244604316502
2023-04-24,-0.011863434310651622,-0.02608695652173909,-0.007274283269148585,-0.010520163646990044,-0.009130225852955198,0.0036429872495444826,-0.02285714285714291,-0.013175230566534912,0.01656524678837057,-0.018789144050104345,0.011200000000000099,-0.0188148788927337,0.013169446883230851,-0.03614457831325313,-0.032318376068376065,0.008623087621696612,-0.004133654839820866,-0.01669085631349776,-0.019088937093275526,-0.0196207453490459,0.02176669484361793,-0.01594202898550734
2023-04-25,0.014885630498533864,0.012797619047619113,-0.0066810344827584744,0.02008269344359115,0.004849660523763344,0.021778584392014633,0.005482456140351033,0.009345794392523255,-0.002327901563019652,-0.004255319148936176,0.03322784810126578,0.0386819484240688,-0.013864818024263315,0.010625000000000107,-0.03367375103505377,0.01737451737451745,-0.0041508128675199485,-0.0036900369003690647,-0.005307386112339718,-0.01183720788333642,-0.007652533609100454,0.00589101620029453
2023-04-26,0.007819091760191466,-0.0061710255656773905,-0.006509004122369322,-0.0011580775911985697,-0.004343629343629307,-0.014209591474245165,-0.0018175209014903437,-0.013227513227513144,-0.01966666666666661,-0.010683760683760535,-0.003062787136294043,-0.026737400530503885,-0.033391915641476366,-0.008658008658008698,0.03570408454727225,-0.020330712930333394,-0.003473428273706114,-0.004814814814814827,-0.0013339261894174115,0.0003087372645877995,0.00458524385160497,-0.020497803806734938
2023-04-27,0.008033671462403413,-0.035186280307510254,0.1,-0.006376811594202891,0.019389238972370437,0.003603603603603789,0.012381646030589888,0.002680965147453085,0.06664399863991832,-0.0007199424046075986,0.01228878648233489,0.019295759293578962,0.015454545454545388,0.011852776044915636,-0.007997793712079426,0.06447149972329824,0.0010456605088879911,-0.00781540751767773,-0.00044523597506684887,-0.0024691358024692134,0.0,0.022421524663676973
2023-04-28,0.001479020660780872,0.029727244866686986,0.028389914631725244,0.004667444574095514,-0.0004755111745127216,0.0,0.06330935251798553,0.016042780748662944,-0.005100414408670706,0.002161383285302465,0.018209408194233667,-0.014117647058823457,0.06535362578334825,0.016646115906288506,-0.030581039755351758,0.013776969066805256,0.012534818941504211,0.008252063015753874,0.055679287305122394,-0.0038366336633663956,0.009336099585062207,0.021929824561403466
2023-05-04,-0.006032308636084727,0.01577380952380958,0.03667953667953672,-0.026713124274099775,0.0118934348239772,0.06283662477558338,0.009810554803789007,0.010526315789473717,0.09195770586350527,-0.014378145219266614,0.0,-0.023106964634411087,0.04117647058823537,-0.009702850212249814,-0.022368798394034828,0.029743589743589594,0.016850068775791094,0.004836309523809534,-0.008438818565400852,-0.04758355075164611,0.012744090441932254,-0.0028612303290415086
2023-05-05,5.714612263552077e-05,0.016407852329328954,0.0024208566108006035,0.022076372315035675,0.031029619181946355,0.01858108108108114,-0.004690117252931336,0.01041666666666674,-0.0199530516431925,0.0401167031363967,-0.01788375558867361,0.0006662965019434974,-0.008878127522195411,-0.005511328842620955,-0.02728072748606647,-0.030129482071712954,0.010821778829895212,0.001851166234727808,-0.038297872340425476,-0.0028698147665013884,-0.0365333874568704,-0.03012912482065999
2023-05-08,-0.01684571428571424,0.02623234361487481,0.02024893182240395,0.029188558085230687,0.03465572275421813,0.04809286898839149,0.014136654325142883,0.0399484536082475,0.04580838323353298,0.018934081346423604,0.04552352048558417,-0.007768283209410698,0.02035830618892498,0.006157635467980427,0.011158021712907251,0.018228498074454258,0.061559049849448044,0.01367331855136733,-0.009734513274336387,-0.01975405546834108,-0.020223298925637234,0.041420118343195256
2023-05-09,0.0008602050542858564,-0.017134831460674183,-0.0262199563000729,-0.003970504821327325,0.002203613926839987,-0.017405063291139333,-0.007633587786259555,-0.013630731102850069,-0.024906956770684108,0.015829318651066737,-0.011611030478955064,0.003802706632367814,-0.04469273743016755,-0.008567931456548328,-0.014912019087384376,-0.029500756429651886,-0.0015757957768673947,0.008384979948961035,-0.005361930294906059,-0.015014013078873623,-0.012470436465276236,-0.019886363636363535
2023-05-10,0.0017421602787457413,-0.016861960560160094,-0.02187733732236341,-0.014236902050113853,-0.037379067722075554,-0.04508856682769735,-0.00234113712374584,-0.03266331658291455,-0.04403992953611269,-0.01897018970189701,-0.04992657856093974,0.0015598885793872697,-0.027568922305764465,0.0018518518518519933,0.01150469270360266,-0.012730579371265316,-0.010101010101010055,-0.007592190889370909,0.017070979335130243,-0.017817221055484223,0.009144350097975318,-0.02898550724637683
2023-05-11,-0.004597101449275387,0.0014534883720931369,0.0007646721468170803,-0.0034662045060658286,-0.004111466423024179,-0.003372681281618828,-0.008380824673147824,-0.003896103896103953,-0.007678132678132665,-0.012430939226519278,-0.021638330757341562,-0.00990099009900991,0.010309278350515427,-0.008626001232285962,0.010176593834181569,0.025000000000000133,-0.010522959183673408,-0.0029143897996356527,-0.011925795053003507,-0.00641467788660488,0.0017259978425026024,-0.014925373134328401
2023-05-12,-0.006214073974852408,-0.011901306240929,-0.020630372492836613,-0.012753623188405783,-0.013761467889908285,-0.013536379018612488,0.006423258958756062,-0.006518904823989535,-0.020427112349117982,-0.010489510489510523,0.0015797788309637184,-0.014044943820224698,-0.06547619047619047,-0.023617153511497735,-0.028148148148148255,0.006161745827984566,-0.006123106670963607,-0.011326269638290198,0.0017881090746534323,-0.030197847969455238,-0.019814774930002166,-0.018181818181818077
2023-05-15,0.005801687763713037,0.019388954171563055,0.047591183928223035,0.007046388725777897,0.014883720930232602,0.012006861063464935,0.016459523009741517,0.009186351706036877,0.0600315955766193,-0.004946996466431153,0.006309148264984188,0.00911680911680901,0.0009099181073703999,0.026098026734564073,0.03140243902439033,0.09083949987241646,0.0003242542153047978,0.008130081300813163,0.0017849174475679241,0.016463851109520533,0.0424082619204571,0.016975308641975273
2023-05-16,-0.007580259861329597,0.0034582132564839885,-0.009495438465835004,0.005247813411078717,-0.0009165902841429263,-0.0016949152542373724,-0.006939854593522865,-0.002600780234070288,-0.017287630402384457,-0.008522727272727182,0.004702194357366851,0.00033879164313943555,-0.036363636363636376,-0.006203473945409543,-0.005616316878510164,-0.03649122807017546,0.01004862236628834,-0.016129032258064613,-0.005790645879732659,-0.02267605633802816,0.03562394603709951,-0.006069802731411222
2023-05-17,-0.0013444569039916532,-0.009190120620333198,-0.024248120300751963,-0.0058004640371228655,-0.006422018348623881,-0.008488964346349714,-0.007653910149750476,-0.00782268578878742,-0.050652107976948635,-0.007163323782235054,0.006240249609984483,-0.012305260781214744,-0.0018867924528301883,0.011235955056179803,0.0002972651605230858,-0.019179412478756985,-0.012516046213093768,-0.013785394932935957,-0.010304659498207913,-0.016861219195849597,-0.012823122328516234,0.0015267175572519776
2023-05-18,-0.005878894767783693,-0.0014492753623187582,-0.001733769986515088,0.002333722287047868,0.00046168051708228575,0.015410958904109595,-0.005030181086519092,0.009198423127463773,0.013738019169329041,-0.005050505050505083,0.021705426356589008,-0.004343353526117255,0.020793950850661602,-0.00864197530864197,-0.016939078751857406,0.01881188118811883,0.004874878128046767,-0.000755572346052169,0.0,-0.018762826150688916,-0.009896907216494832,0.024390243902439046
2023-05-19,0.0050266114725014965,-0.014513788098693747,-0.015052103434967212,-0.008149010477299212,-0.017535763728657283,-0.018549747048903775,0.006066734074823055,-0.01822916666666663,-0.022691459186889307,-0.01740391588107315,-0.0273141122913505,-0.00126277120881646,-0.02592592592592602,-0.013698630136986245,-0.0036275695284159193,0.010689990281827155,0.0003234152652005218,-0.003024574669187041,0.013128112267994485,0.009560800717060003,0.02311536859641805,-0.022321428571428492
2023-05-22,0.027360988526037078,0.007363770250368162,0.007445141065830718,0.0023474178403755097,0.00046970408642565964,0.0,0.02010050251256268,0.0,0.020316027088036037,-0.0014760147601476925,-0.01404056162246492,0.02183908045977012,-0.016159695817490438,0.015782828282828287,0.011832524271844669,-0.015625,-0.0032331070158422293,0.010618126659082128,0.032618409294012496,0.02744894939331166,-0.00875228984327292,0.0
2023-05-23,-0.012285223367697662,-0.01754385964912286,-0.029560482302605995,-0.007611241217798548,-0.021126760563380254,-0.013745704467354014,0.007224958949096916,-0.011936339522546358,-0.04867256637168138,-0.011086474501108556,-0.014240506329113889,-0.012373453318335281,-0.01159420289855062,-0.013051584835301333,-0.013493253373313419,-0.041269841269841345,-0.0022705157314303337,-0.005253283302063649,-0.007788836001730859,-0.016994311226326886,0.008213552361396204,-0.019786910197869045
2023-05-24,-0.007915108289118788,-0.01994047619047623,-0.028657314629258468,-0.013569321533923318,-0.027338129496402908,-0.024390243902439157,-0.021845451581349873,-0.021476510067114152,-0.04318936877076418,-0.03736920777279518,-0.022471910112359605,-0.0010250569476082383,-0.040078201368523914,-0.021410579345088276,0.006382978723404209,-0.04482934284258788,-0.01853055916775037,-0.021501320256506973,-0.02791103358046232,-0.02197641198446998,-0.02321792260692468,-0.021739130434782705
2023-05-25,-0.005786428195686533,-0.015487397509869383,-0.0014441922838869248,-0.0029904306220094323,0.0019723865877712132,0.008928571428571619,-0.009000000000000008,0.00274348422496562,-0.005902777777777812,-0.0038819875776398005,0.0,-0.011287196442822833,0.003054989816700493,-0.01608751608751613,-0.02023557837511336,0.0013333333333331865,-0.004637297118251116,-0.013107170393215073,-0.00044863167339603827,-0.015804059621002065,0.002085070892410279,0.004761904761904745
2023-05-26,-0.006137566137566219,0.009870450339296788,0.0008264462809917106,0.006598680263947276,0.002460629921259949,0.028318584070796238,-0.00874537504204509,0.001367989056087593,-0.005937827453719846,0.02104442712392829,0.01477832512315258,-0.00518911439114389,-0.01015228426395931,-0.0065402223675604665,-0.029284833538840926,0.003994673768308976,-0.024958402662229595,0.020312499999999956,-0.0053859964093357915,-0.0053272450532725335,0.0070744902205575055,0.0031595576619272148
2023-05-29,-0.0009227711527540761,-0.0015271838729384868,-0.008257638315441795,-0.0017878426698451078,-0.0009818360333824216,0.025817555938038028,-0.009840515778757997,0.012295081967213184,-0.011595221363317032,-0.012213740458015265,0.05339805825242716,-0.029674278428190592,0.02871794871794875,-0.0039499670836075085,-0.03937758018418536,-0.004774535809018543,0.005119453924914641,-0.025650842266462526,-0.010830324909747224,-0.02494261667941844,-0.0020661157024793875,0.017322834645669305
2023-05-30,-0.012261693309650656,-0.0015295197308043962,-0.0010407993338883426,-0.0035820895522387097,0.0004914004914002845,-0.01342281879194629,0.00034270047978068874,-0.005398110661268607,-0.0003554923569142332,0.0007727975270479526,-0.009216589861751112,-0.007525982558833966,0.04287138584247274,-0.005287508261731633,-0.024793388429752095,0.014125799573560638,-0.009507640067911605,-0.0066797642436148275,-0.010036496350365076,0.0028248587570620654,-0.00020703933747412417,0.07585139318885448
2023-05-31,-0.023611002883191734,-0.01041666666666674,-0.020629297770368815,-0.007789095266626855,-0.015225933202357544,-0.005102040816326592,-0.013018156903049083,-0.0027137042062416183,-0.009601706970127966,-0.01621621621621616,-0.013953488372092981,-0.009870004814636402,-0.006692160611854736,-0.02458471760797354,-0.02305084745762709,-0.018659658344283625,-0.03222488858416184,-0.008702531645569667,-0.010138248847926246,-0.036776212832550836,-0.056740525988817625,0.012949640287769792
2023-06-01,0.004309656823623387,-0.007430340557275428,0.009574468085106425,-0.0006038647342994086,0.0024937655860348684,-0.005128205128204999,0.00971884762235331,-0.00952380952380949,0.012567324955116588,0.005494505494505475,0.020440251572326984,-0.0007293946024800047,0.010587102983637964,0.017029972752043543,-0.006592643997224146,0.012319228709158914,-0.00921006021962456,-0.002394253790901746,-0.0009310986964617962,-0.017465475223395588,0.008342480790340279,-0.022727272727272707
2023-06-02,0.021199080639640044,0.03150343106674969,0.03477344573234986,0.009063444108761143,0.004477611940298498,-0.001718213058419349,0.023031969749054637,0.009615384615384581,0.012411347517730542,0.060109289617486406,0.0,0.027250608272505916,-0.027619047619047543,0.022772940388479546,0.021306322039818415,0.015873015873015817,0.010368251698248176,0.018799999999999928,0.06011183597390479,0.01537825547746996,0.0021772262138035625,-0.029069767441860517
2023-06-05,-0.0033520890697952277,-0.000907166616268551,-0.012016293279022427,0.001796407185628901,-0.009410599306587497,0.010327022375215211,-0.008400537634408622,0.008163265306122547,-0.0014010507880910517,-0.004418262150220897,0.012326656394453073,0.000710563713879786,-0.014691478942213565,-0.008513425016371867,-0.02838577291381661,-0.017968749999999978,0.010615711252653925,0.004318806438947664,0.00439560439560438,-0.026545069619737793,0.010210732131218814,-0.008982035928143617
2023-06-06,0.0011951951951951756,0.0009079903147699575,0.0051535765821479895,0.000597728631201333,-0.008500000000000063,0.006814310051107331,-0.0003388681802779514,-0.004048582995951455,0.026657313223430235,0.0007396449704142327,-0.003044140030441511,0.014911242603550257,0.008946322067594492,-0.003963011889035695,-0.026399155227032733,-0.006099177936886857,0.02626050420168058,-0.005863956215793498,-0.004376367614879695,-0.015391049769970744,-0.004086021505376292,0.0015105740181269312
2023-06-07,-0.009652127487267403,0.006954944058058521,0.005127153404429929,0.004181600955794451,0.0020171457387798686,0.006768189509306355,0.0,0.01084010840108407,0.001708233686368299,0.009608277900960971,-0.0015267175572518665,-0.011194029850746356,-0.010837438423645485,-0.006631299734747964,-0.005784526391901634,0.005336179295624355,0.0003411804844763999,0.007471490365709821,-0.005274725274725278,-0.009599864072721065,-0.01749082271647595,-0.004524886877828038
2023-06-08,0.010357986552789411,0.023423423423423406,0.013466639461334529,0.016061867935752483,0.016607951685958744,0.020168067226890685,0.003728813559322086,0.014745308310992078,0.014665757162346527,0.025622254758418617,0.01987767584097866,0.025589622641509546,0.04382470119521931,0.04739652870493982,-0.0058181818181818334,0.015392781316348136,0.009549795361528002,0.03512880562060894,0.016349977905435242,0.008577800651912826,0.0019780219780221042,0.003030303030303161
2023-06-09,-0.0011990407673860837,-0.009976525821596138,-0.003825246627743195,0.0011709601873537423,-0.000990099009900991,-0.0032948929159802853,0.0077676460655184965,-0.0013210039630119352,0.002016806722689113,-0.04425410421127762,0.016491754122938573,0.004369322754973037,0.00190839694656475,-0.01274697259400892,0.009509875640087762,-0.009932043910088728,-0.005067567567567655,-0.011689291101055765,-0.008695652173912993,-0.006633781255315552,0.00438692695766596,-0.013595166163141936
2023-06-12,0.01800720288115243,-0.0002963841138116097,0.001818916734034115,-0.009356725146198785,-0.016352824578790837,-0.026446280991735516,0.0016756032171580948,-0.01719576719576721,-0.0013418316001341246,0.0037341299477220424,-0.02359882005899705,0.014882655981683035,-0.017142857142857126,0.01420271142672691,0.007971014492753614,-0.008183738120380202,0.012903225806451646,-0.02479969477298749,0.022368421052631593,0.02748287671232874,-0.023804324088228745,0.0
2023-06-13,0.001768867924528239,0.0,0.0012104095218883337,0.004132231404958775,0.00654911838790917,0.00679117147707986,-0.03211776513884246,0.004037685060565233,-0.0006718172657037558,0.009672619047619069,-0.007552870090634434,0.01094190637337844,-0.018410852713178216,-0.0019096117122852085,-0.0025161754133716796,0.00984828320468445,-0.007039892725444141,0.005086071987480567,-0.002574002574002532,0.006582784767935834,0.006711409395973034,-0.015313935681470214
2023-06-14,0.0164096527369042,-0.01008004743551727,-0.03183558331654257,-0.0064667842445621515,0.0010010010010010895,-0.0202360876897133,0.004839267196681707,-0.008042895442359144,-0.0043697478991596705,-0.01179071481208549,0.0015220700152207556,0.009372907833072874,-0.015794669299111552,0.03571428571428559,-0.015495495495495448,0.001581444385872599,0.013841998649561038,0.003114052160373637,0.0034408602150537426,0.0027317880794701654,0.022222222222222143,-0.0031104199066873672
2023-06-15,0.016283702399703337,0.009883198562443685,0.007700312174818036,0.00591715976331364,0.015000000000000124,0.008605851979346157,0.007911936704506406,0.006756756756756799,-0.02903443619176227,0.005965697240865042,-0.00911854103343468,0.012602255140393481,0.008024072216650024,0.041871921182266236,0.06808199121522684,-0.006315789473684275,-0.0009990009990010762,0.021730694606131085,0.018859837119588496,0.0732271113679519,0.020217391304347743,0.0031201248049921304
2023-06-16,0.024324786324786407,0.006227758007117501,0.0037174721189590088,-0.0005882352941177782,0.004433497536945774,-0.0068259385665528916,0.0023890784982936175,-0.0026845637583893245,-0.009040333796940248,0.004447739065974732,-0.0015337423312883347,-0.00338427947598241,0.03681592039800985,0.0076832151300236795,0.015421521590130105,0.0034427966101695517,-0.0013333333333332975,0.011393847322445971,0.0033655868742112904,0.0012307692307691465,0.012145748987854255,0.018662519440124425
2023-06-19,-0.029866105947076504,-0.010315355142941351,-0.02263374485596714,-0.07062978222483807,-0.011770475723393958,-0.01718213058419249,-0.01089547156962889,-0.012113055181695809,-0.023157894736842155,-0.008856088560885711,-0.004608294930875445,0.0066820024099025765,-0.03454894433781186,-0.011730205278592365,-0.021937225784677605,-0.03721298495645298,-0.004672897196261738,-0.013143071723619948,-0.018448637316561878,-0.021972956361401397,-0.013052631578947316,-0.021374045801526687
2023-06-20,-0.00030963302752295974,-0.011614055985705751,-0.012842105263157877,-0.0006333122229258414,-0.004466501240694809,-0.0017482517482516613,-0.00791738382099827,-0.006811989100817373,-0.021910919540229834,-0.02084884586746083,-0.024691358024691357,-0.012948857453754181,-0.02982107355864816,-0.001186943620178238,-0.008626639061421693,-0.01398026315789469,-0.0006706908115358123,-0.07534246575342463,0.008116189662537465,-0.008012568735271008,-0.002133105802047841,0.0
2023-06-21,-0.004376355064068083,-0.0006025911419100805,-0.005331627212625256,-0.0006337135614702394,-0.010468594217347804,0.005253940455341555,-0.000693962526023606,-0.002743484224965731,-0.02240176276165995,-0.0022813688212928174,-0.017405063291139333,-0.010693418586704917,0.0030737704918031294,-0.0148544266191325,-0.02575704838148285,-0.0144564915207116,0.00033557046979848515,-0.011934156378600735,-0.007627118644067732,-0.03270509977827052,-0.008123129542539576,-0.01092043681747279
2023-06-26,-0.015456582729875601,-0.01688272535423585,-0.015222984562607178,-0.010145846544071024,-0.028211586901763286,-0.015679442508710784,-0.0024305555555556024,-0.015130674002750921,-0.023666416228399823,-0.007621951219512146,-0.02254428341384862,-0.010140405616224646,-0.0449438202247191,-0.013872135102532934,0.0007145409074671427,-0.016643159379407746,-0.004025494800402485,-0.017492711370262426,0.00042698548249342494,-0.03855914858780196,-0.0008620689655172153,-0.02050473186119872
2023-06-27,0.0011995318899942209,0.0064397424103035394,0.008055736991073426,0.004484304932735439,0.010368066355624705,0.019469026548672552,-0.004524886877828038,0.0041899441340782495,0.02616390919584477,0.03149001536098317,0.02471169686985175,0.0064167510976023134,0.05026737967914441,0.01284403669724754,0.006069260978222024,0.009179575444635768,0.009767598518019449,0.030945315811784724,0.015791720017072075,-0.006386239782016356,-0.008843830888697113,0.0370370370370372
2023-06-28,0.010128283802343763,0.007007921998781086,0.0051835853131749765,0.0006377551020408934,0.0005130836326321386,-0.0017361111111110494,-0.002447552447552459,0.0027816411682892728,0.013498312710911176,-0.0022338049143707517,0.016077170418006492,-0.00727069351230436,-0.009164969450101812,-0.0018115942028984477,0.04045422285308731,-0.0017055144968732838,0.013008672448298952,-0.0074013157894736725,0.0012605042016806678,-0.007712743165652514,0.005440696409140466,0.0
2023-06-29,-0.008487716821532376,-0.011195158850226816,-0.005156854318865589,-0.008922880815806167,-0.003076923076922977,-0.003478260869565153,-0.01051524710830709,-0.004160887656033285,-0.029226785053644178,-0.015671641791044855,-0.0031645569620254443,-0.009577464788732337,0.0020554984583760483,-0.007259528130671544,-0.016030013642564733,0.001993166287015846,-0.007243990780375409,-0.01905550952775481,-0.012169534200587417,-0.04231798946368426,0.01839826839826819,0.017080745341614856
2023-06-30,-0.013251950446691696,0.00244798041615657,0.002159827213823018,0.006430868167202508,0.017489711934156382,0.012216404886561838,0.0031880977683316214,0.008356545961002881,-0.009908536585365724,-0.012130401819560266,0.009523809523809712,-0.0006825938566553669,0.01025641025641022,0.013406459475929333,-0.006239168110918514,-0.006535947712418166,0.019900497512437942,0.0025337837837837718,-0.002548853016142716,-0.0032464604563080535,0.018065887353878818,-0.007633587786259555
2023-07-03,0.019574216439976366,0.029304029304029422,0.038362068965517304,0.011501597444089517,0.02325581395348819,0.01551724137931032,0.028601694915254106,0.011049723756906049,0.046959199384141614,0.0069071373752878085,0.02672955974842761,-0.0029599271402550587,0.03756345177664988,-0.0018039687312084718,0.007324729682594899,0.036327231121281445,0.01333333333333342,0.010109519797809607,-0.0076660988074956915,0.04252239211073916,-0.011273486430062651,0.01692307692307704
2023-07-04,0.0037700829418247928,-0.006227758007117501,-0.0047737650477376325,-0.009475679090334865,0.001976284584980448,-0.01358234295415961,0.000343288705801692,-0.005464480874316946,0.004779411764705754,-0.030487804878048697,-0.004594180704441064,-0.002055263758849013,-0.001956947162426781,0.0030120481927708997,-0.0020775623268697307,-0.012420645873585268,-0.0016046213093710016,-0.0029190992493745016,-0.009871244635193177,0.0005206977349647701,0.031461148648648685,0.00605143721633894
2023-07-05,-0.008794637697908114,-0.01432408236347349,-0.012513034410844615,-0.005102040816326481,-0.0064102564102564985,-0.0034423407917383297,-0.012697323266987026,-0.004120879120879106,-0.008781558726673966,-0.0062893081761006275,-0.003076923076922977,-0.012242562929061895,0.0009803921568629637,0.0018018018018017834,-0.023247744621790467,-0.01062045835662384,-0.07264545162327218,-0.007528230865746499,-0.00563502384048542,-0.021424234538988784,0.006960081883316205,0.0015037593984961184
2023-07-06,-0.00722871900103772,-0.013623978201634968,-0.0010559662090814381,-0.002564102564102555,-0.004962779156327479,-0.006908462867012077,-0.005213764337851923,-0.0055172413793103114,0.01218161683277974,0.015822784810126445,0.0015432098765431057,-0.004749218116529508,-0.004897159647404559,-0.00959232613908878,-0.009236234458259274,-0.0048022598870056665,-0.007625649913345023,-0.007585335018963302,-0.006102877070619073,-0.016043254742066915,-0.021955682049196956,-0.010510510510510551
2023-07-07,-0.007604317138193095,-0.008287292817679481,-0.0019027484143762097,-0.0025706940874036244,0.003990024937655878,0.0,0.002096436058700135,0.001386962552011095,0.0018234865061996786,-0.0031152647975076775,0.009244992295839749,-0.005935754189944187,0.009842519685039353,0.001210653753026536,-0.01900322696306922,-0.013057053647459349,0.0024449877750611915,-0.004670912951167727,0.002631578947368318,-0.012161066570579249,0.005819995842860193,0.006069802731411222
2023-07-10,0.00643183848807416,0.004333023831631033,-0.012709171785638684,-0.003865979381443174,-0.0004967709885741467,0.00521739130434784,-0.010460251046025104,0.0,-0.019657808518383613,-0.007812500000000111,-0.016793893129770865,0.02212855637513167,0.00974658869395717,0.0054413542926239344,0.08516081871345027,-0.015530629853321987,-0.0024390243902439046,0.0008532423208191808,0.011811023622047223,0.07204085354732825,-0.016119032858028515,-0.0015082956259426794
2023-07-11,0.005350108765947326,0.008012326656394286,0.012658227848101333,0.001293661060802087,0.005964214711729587,0.0034602076124565784,0.0042283298097252064,0.008310249307479367,0.005941329372447068,0.0031496062992126816,0.0015527950310558758,0.025200458190149044,-0.0028957528957528345,0.004810583283223258,-0.015156618390030463,-0.0011685655857435195,-0.004191407614390408,0.0012787723785165905,0.009079118028534339,-0.014375637972099287,0.013232514177693888,0.0030211480362536403
2023-07-12,0.0022222222222221255,0.014980128401100634,0.001906779661016822,0.0019379844961240345,-0.007905138339920903,-0.06379310344827593,-0.0049122807017544234,-0.004120879120879106,0.015503875968992276,-0.023547880690737877,0.0046511627906977715,0.01508379888268152,-0.03291384317521784,-0.005984440454817608,0.04480164158686728,-0.006142146826557449,-0.0031567870922483143,-0.010217113665389466,-0.006855184233076295,0.0024165012514023587,-0.009742951907131037,-0.028614457831325213
2023-07-13,0.014354066985646119,-0.0406626506024097,0.028124339183759783,0.010960670535138606,0.019422310756972205,0.014732965009208066,0.02221438645980256,0.020689655172413834,0.039985459832788006,0.010450160771704242,0.026234567901234573,0.008805723720418435,0.02402402402402415,0.004816375677302975,0.003927986906710368,-0.008534432018834637,0.009148486980999238,0.012043010752688321,0.006039689387403069,0.02539819199311233,0.005024073686413999,0.02325581395348819
2023-07-14,0.008398527381500154,0.0025117739403452966,0.00041135335252984184,0.0,0.0014655593551540225,0.012704174228675091,-0.03173508106243528,0.00540540540540535,0.012932541069556214,0.0023866348448686736,0.0015037593984961184,-0.005673758865248346,0.003910068426197455,0.028759736369083244,-0.020541245516791706,0.008904719501335867,0.006276150627614996,0.0021249468763280266,-0.011578044596912473,-0.017212426532325797,-0.01020620704019981,0.007575757575757791
2023-07-17,-0.013137478608100439,-0.008769182586908952,-0.012129934210526438,-0.005739795918367374,-0.01073170731707307,-0.010752688172043112,-0.018525115781973578,-0.0026881720430108613,-0.030365769496204287,-0.01111111111111096,-0.01501501501501512,-0.007242400965653428,0.0009737098344693162,-0.0005824111822947398,-0.008322237017310274,-0.034716092968520185,-0.038115038115038025,-0.005513146734520746,-0.009978308026030391,-0.01409653994019644,-0.006734006734006703,0.006015037593984918
2023-07-18,-0.0041445805418591775,-0.006003159557661841,-0.009365244536940653,-0.0019243104554200752,0.0004930966469427478,-0.0036231884057970065,-0.00907441016333943,-0.0040431266846361336,-0.01708185053380784,0.009630818619582593,-0.010670731707317027,0.005858295567591432,-0.0058365758754862496,0.006993006993007089,-0.00973481033903989,-0.003657421517830106,0.002521613832852987,0.0,-0.0008764241893075564,-0.007712305025996513,0.0,-0.008968609865470878
2023-07-19,0.0001160900859067393,0.0038143674507309377,0.0035714285714285587,0.010282776349614497,0.005914243469689495,0.0036363636363636598,-0.002197802197802301,0.0027063599458727605,-0.0025343953656770113,0.013513513513513598,0.006163328197226425,0.0016483516483516425,0.0009784735812132794,0.005208333333333259,-0.008813559322033981,-0.0030590394616089034,0.004671218109953301,0.0051172707889126645,0.011403508771929749,-0.002445201292463506,-0.010805084745762805,-0.007541478129713397
2023-07-20,0.0005803830528148257,0.003483217226092572,-0.007326774126020563,0.004452926208651231,-0.005389514943655027,0.007246376811594235,-0.0022026431718060735,0.0013495276653170407,-0.024319419237749607,0.0007843137254901489,-0.024502297090352232,0.012068019747668579,-0.016617790811339184,-0.0063327576280943765,0.010943912448700521,-0.018410555385087624,-0.007153075822603716,0.0038184132371659185,0.002601908065915204,-0.009454609121946955,-0.015635039623045577,-0.010638297872340496
2023-07-21,0.02743619489559168,0.0034711265383402523,-0.009489666807254382,-0.0006333122229258414,0.002955665024630516,-0.0017985611510791255,0.008830022075055233,-0.040431266846361114,-0.014880952380952328,0.009404388714733702,-0.0015698587127158659,-0.0069376693766938224,-0.011928429423459397,0.009269988412514474,-0.029431664411366576,-0.01031572366364486,-0.0032420749279539196,0.007185122569737912,-0.007352941176470673,0.005037560760053017,-0.0006527415143603443,-0.006144393241167445
2023-07-24,-8.468356574264924e-05,-0.011006289308176154,-0.007451564828614088,-0.0076045627376425395,0.0014734774066798018,-0.005405405405405461,-0.005470459518599591,0.001404494382022392,-0.012839879154078582,-0.020962732919254767,0.0,0.004257177164065151,0.010060362173038184,-0.016647531572904883,-0.012199372603694747,-0.0018951358180668842,-0.003252620166245168,0.0020981955518255546,-0.0117647058823529,-0.021544143510376368,0.029610276507729072,-0.0015455950540957941
2023-07-25,0.032408322276487045,0.05786963434022274,0.06284856284856288,0.017879948914431676,0.058361942128494215,0.01449275362318847,0.01796846351301795,0.019635343618513268,0.09984697781178276,0.08723235527359252,0.015723270440251458,0.03130434782608682,0.030876494023904355,0.0321074138937536,0.031051517290049402,0.06012658227848089,0.023567802755620093,0.03433835845896138,0.051587301587301626,0.06237080974206877,0.009938676252907674,0.018575851393188847
2023-07-26,0.0,0.002404568680492991,-0.0018163471241169349,0.0006273525721456341,0.009267840593141896,0.0035714285714285587,-0.0014409221902018654,0.0027510316368639653,0.02191304347826084,0.002188183807439792,-0.02941176470588236,0.001264755480607116,-0.01545893719806768,-0.020927601809954788,0.0023956194387406704,0.00805970149253743,0.007793127878143791,0.00890688259109318,0.0016771488469602414,0.00076135690719914,0.00670016750418756,-0.015197568389057725
2023-07-27,0.00518443575510652,0.009295352323837935,0.008491710473109704,0.0031347962382446415,-0.011937557392102893,0.010676156583629748,0.0014430014430015792,0.010973936899862924,-0.0166780122532334,-0.0021834061135370675,-0.006379585326953596,-0.003578947368421126,-0.013738959764474812,-0.013864818024263315,-0.021850460908159786,0.02072845721054173,-0.002460456942003475,0.008426966292134797,-0.011301799916282995,0.02273879966187664,0.0006239600665558509,-0.00462962962962965
2023-07-28,0.03208326305881837,0.042780748663101775,0.0410986367281474,0.030624999999999902,0.09990706319702602,0.01760563380281699,0.025936599423631135,0.01763907734056991,0.05919003115264809,0.0495988329686361,0.004815409309791185,0.011092330445805931,0.028855721393034717,0.02870533099004091,0.029668411867364908,0.05744125326370764,0.0010570824524314126,0.03064066852367686,0.03513971210838274,0.04116042648152751,0.019538557472458917,0.024806201550387597
2023-07-31,-0.008655772272008422,0.013105413105413133,0.012901983439245202,0.01030927835051565,0.01816645542881279,0.006920415224913601,0.006320224719101208,0.013333333333333197,-0.022875816993464193,-0.011118832522585165,-0.009584664536741117,0.02141886950161953,0.03965183752417789,0.010820045558086688,0.011864406779661163,0.006035665294924497,-0.001055966209081327,0.04787644787644796,0.010224948875255713,-0.0015876796062554988,-0.09113149847094804,0.015128593040847127
2023-08-01,0.0044773420965873445,-0.016029246344206993,-0.0163498098859316,-0.0018007202881152873,-0.01784232365145222,-0.003436426116838587,-0.014305652477320296,0.0,-0.0073578595317725926,-0.0014054813773717312,0.011290322580645107,-0.0016366612111293755,0.0027906976744185297,-0.02704225352112677,-0.018425460636515956,-0.0005454049631852254,0.0021141649048626032,-0.017686072218128235,-0.0052631578947367474,-0.01693567623439607,-0.026917900403768402,-0.0014903129657227732
2023-08-02,-0.004764425622022284,-0.02743641040297229,-0.006378044066486344,-0.01623571858087791,0.0076045627376426506,-0.024137931034482696,0.0,-0.015789473684210464,-0.006738544474393482,-0.002111189303307559,-0.038277511961722355,-0.00563524590163933,-0.026901669758812585,0.00810654313839021,-0.0071672354948806305,-0.0021828103683492195,-0.01863572433192695,0.008627156789197343,0.0,-0.005661598188288597,-0.025357307514983884,-0.004477611940298498
2023-08-03,-0.0008138297872339884,0.019100793417572648,0.019451468585878207,0.009168704156479413,0.02431865828092228,0.008833922261484162,0.00920353982300881,0.010695187165775222,0.02917232021709637,0.01833568406205921,-0.0066334991708125735,-0.004121586810922118,0.007626310772163913,0.00861573808156213,0.06050189068408396,0.039103089964451776,-0.0007165890361877647,0.004090740052064001,0.005291005291005346,0.009679518464291492,-0.00023651844843897152,0.0
2023-08-04,0.00798522201578944,0.005767012687428075,-0.009730967372638788,0.0030284675953966556,0.011051985264019626,-0.0017513134851138146,-0.0070150824272186,0.002645502645502784,0.0003295978905735186,-0.0027700831024930483,0.01001669449081799,-0.001138127263321298,-0.0028382213812678803,-0.003416856492027276,-0.002917341977309529,-0.0005263157894738191,-0.0032269630692004503,-0.0092592592592593,-0.004048582995951344,0.01393700153065347,-0.02838892831795603,0.0029985007496251548
2023-08-07,-0.002925845141459882,-0.010894495412844152,-0.0038535645472060898,-0.0036231884057970065,0.002834008097166052,-0.00877192982456132,-0.00706464146944541,-0.007915567282322011,-0.03196046128500829,-0.033333333333333326,0.013223140495867813,0.004143360265175033,-0.016129032258064502,-0.006285714285714228,-0.008127438231469442,-0.02132701421800931,0.0021582733812948174,-0.01570093457943933,-0.010569105691056957,-0.007150802478944951,-0.0472364256148039,0.001494768310911887
2023-08-08,0.0010964389569527722,-0.010144927536231974,-0.008510638297872464,-0.00303030303030305,0.005248284214775856,-0.0070796460176991705,-0.0007114905727498844,0.0,-0.003403675970047537,-0.011494252873563204,0.0032626427406199365,0.001031565917062105,-0.0009643201542911539,-0.020126509488211708,-0.009177318911832266,-0.0013451708366963855,0.002153625269203152,-0.01519179642992774,-0.005341002465078071,-0.008882842509603028,0.02581139790442122,-0.0029850746268657025
2023-08-09,0.00014814814814823052,-0.0038067349926792504,0.0,0.003039513677811634,0.00040160642570286065,0.0017825311942958333,0.0024919900320399258,0.003989361702127603,0.0044398907103824214,0.01744186046511631,-0.003252032520325243,-0.0008244023083265883,0.007722007722007707,-0.032863849765258135,-0.003969566655640078,-0.0013469827586206629,-0.003223495702005863,0.0034708831469341117,-0.004543577034283319,-0.0030682276947920917,0.0017438963627305348,-0.008982035928143617
2023-08-10,-0.008083458535243393,0.003527336860670083,0.0019508388607101246,-0.0036363636363635488,0.011641910879164996,0.0,-0.010298295454545414,-0.017218543046357615,0.010540632437946229,0.009285714285714342,0.011419249592169667,-0.0021658415841583345,-0.003831417624520994,0.0012135922330096527,0.0033211557622052634,0.0018883193957377475,0.010420409629895877,-0.004227517294388861,0.003734439834024883,-0.006884263383817868,-0.007709524993782746,-0.0015105740181268201
2023-08-11,-0.0218666666666667,-0.02899824253075578,-0.03874610591900318,-0.020681265206812682,-0.04365079365079361,-0.014234875444839923,-0.013275923932543954,-0.025606469002695365,-0.039367429340511406,-0.012031139419674486,-0.01935483870967747,-0.018087855297157618,-0.029807692307692313,-0.036363636363636376,-0.02615028136378683,-0.03150242326332797,-0.02169274537695587,-0.021613276727132313,-0.024390243902439046,-0.017289186103408904,-0.01754385964912275,-0.04689863842662645
2023-08-14,-0.01690294438386042,-0.020814479638008976,-0.01701438120315979,-0.008695652173913104,-0.014522821576763545,-0.01263537906137191,-0.004363636363636347,-0.017980636237897807,-0.003852889667250392,0.003581661891117305,0.0032894736842103978,-0.006421052631578994,0.018830525272546916,-0.002515723270440362,-0.00373895309313399,-0.0136224631637476,-0.005452562704471142,0.00039447731755415383,-0.013983050847457656,-0.018423236514522823,0.0362244897959183,-0.006349206349206327
2023-08-15,0.005535219079312315,-0.0030807147258163914,0.0030908716257984636,0.005639097744360999,0.015157894736842037,0.025594149908592323,-0.00036523009495970093,0.009859154929577452,0.018987341772151778,-0.0021413276231262435,0.011475409836065653,0.002542642229049541,-0.0058365758754862496,-0.0050441361916772065,-0.03138860457181847,0.027903043968432906,0.005847953216374213,0.00039432176656162277,0.007305543618392862,-0.018430842069665276,-0.002954209748892156,0.007987220447284393
2023-08-16,0.0038720780152015077,-0.012051915945611835,-0.006778964667214393,0.0018691588785044733,-0.004147656574035596,-0.0017825311942960553,-0.007672634271099765,-0.004184100418410108,-0.011042097998619771,0.0193133047210301,-0.01620745542949753,-0.009510725985416801,-0.009784735812133238,0.0012674271229404788,-0.01585065163790067,-0.013709898546750754,-0.0043604651162790775,0.005912495072920798,-0.0017064846416383617,0.0061154177433246915,0.012592592592592489,-0.017432646592709933
2023-08-17,0.004423076923076863,-0.005630278385986842,-0.009100310237849074,-0.003731343283582045,-0.002498958767180426,-0.012499999999999845,0.005522827687776122,-0.0056022408963585235,-0.011863224005582707,0.0,0.008237232289950658,-0.005974607916355512,0.012845849802371578,0.017721518987341645,0.008589835361488829,-0.020850708924103456,0.00036496350364978447,0.004702194357366851,-0.0012820512820511665,0.027566133036555085,-0.010729090465739999,0.008064516129032251
2023-08-18,-0.013927408987719159,0.0028310789556464933,-0.00814026299311199,-0.004993757802746579,0.0008350730688935215,0.00723327305605781,-0.01318198462101794,-0.00422535211267594,0.007062146892655274,-0.0063157894736841635,-0.008169934640522847,-0.014704303960502374,-0.023414634146341484,-0.020522388059701413,-0.009581263307310128,0.02526973310618974,-0.002188982123312644,0.0015600624024960652,-0.019683354728284197,-0.04948762809297669,-0.015282228247473384,-0.015999999999999903
2023-08-21,-0.006429637355138906,-0.02352572145545795,-0.01788720538720545,-0.01505646173149311,-0.04297037964121808,-0.019748653500897717,-0.013729128014842384,-0.015558698727015652,-0.04628330995792429,-0.01836158192090398,-0.0049423393739703725,-0.0033769063180828507,-0.0019980019980019303,-0.010158730158730145,-0.032246506628448524,-0.043201329271669975,-0.012431444241316258,-0.006230529595015577,-0.010475774770842383,0.0167411692523447,-0.028785982478097716,-0.013008130081300862
2023-08-22,-0.0016750418760469454,0.006103437198843542,0.007070923505463789,0.014012738853503182,0.012205754141237923,0.01831501831501825,0.0056433408577878375,0.007183908045977017,0.022794117647058965,-0.0007194244604316058,0.026490066225165476,0.016941742266914472,0.026026026026026106,0.0057729313662604476,-0.043317289892632393,0.02604920405209854,0.018881895594224263,0.021943573667711602,0.009263343625937281,-0.02508620689655172,0.009020618556700999,0.016474464579901094
2023-08-23,-0.007829977628635354,-0.015006385696040847,-0.011489361702127665,-0.0006281407035175768,-0.018087855297157507,0.0017985611510793476,-0.013842124953236112,0.0014265335235377208,-0.017972681524083378,-0.01367890568754504,-0.001612903225806428,-0.01698194325021507,-0.0331707317073171,-0.027423469387755084,-0.0398606811145511,-0.012693935119887256,0.018895348837209225,-0.006518404907975395,-0.02229020979020968,-0.024316915730833832,-0.011494252873563093,-0.011345218800648316
2023-08-24,0.023844419391206184,0.0068071312803887896,0.0008609556607834801,0.0012570710245127792,0.033333333333333215,-0.0035906642728905647,0.005311077389984931,-0.004273504273504147,-0.012079062957540354,-0.0094890510948904,-0.008077544426494443,0.015525912967417455,-0.09889001009081744,-0.008524590163934476,0.03829101168883531,-0.00828571428571423,-0.008202567760342339,-0.004631416441528424,0.0281627179257935,0.014591263367772278,0.04496124031007742,-0.03442622950819674
2023-08-25,0.004778946209326618,0.016097875080489432,0.010967741935483888,0.005021971123666091,-0.005517826825127248,0.00540540540540535,0.009433962264151052,0.008583690987124415,0.011485735457577029,0.030213706705969123,0.0032573289902280145,-0.0008613264427217437,-0.01007838745800671,0.003306878306878369,-0.008928571428571397,0.011524056467876687,0.0028766630708378926,0.011632415664986517,-0.01826086956521744,-0.0397498883430103,0.006923837784371889,0.008488964346349936
2023-08-28,0.005474032592138078,0.02217997465145749,0.02339927674962783,0.011867582760774376,0.015364916773367376,0.008960573476702427,0.0026168224299065734,0.014184397163120588,0.029304029304029422,0.027181688125894166,0.006493506493506551,0.005387931034482651,0.0011312217194570096,0.026367831245880158,0.037211124167645826,0.015665052691540726,0.0218716385801363,0.01609812188578008,0.03764393268379096,0.02120930232558149,0.02946954813359537,0.04040404040404022
2023-08-29,0.00891567709553831,-0.0068195908245505255,0.009353564747453857,-0.012345679012345623,-0.017234131988230317,-0.014209591474245165,-0.007457121551081247,-0.01118881118881121,-0.013167259786476926,0.009749303621169991,-0.016129032258064613,0.0013933547695605952,0.013559322033898313,-0.0025690430314708745,0.023413897280966767,-0.0019629837352774793,-0.002105263157894721,-0.006035458317615983,-0.0046948356807511304,0.021588631809072778,0.007872137404580037,-0.01132686084142387
2023-08-30,0.002522510843555814,-0.011860174781523014,-0.0063838550247117265,-0.013125000000000053,-0.03507271171941828,-0.003603603603603567,-0.0026296018031555235,-0.005657708628005631,0.006491164803462013,0.01724137931034475,-0.003278688524590123,0.002354704056512835,-0.02341137123745829,-0.003863490019317406,-0.009225092250922495,-0.0030907558302896154,-0.005625879043600568,-0.012144212523719222,0.005574614065180006,-0.006687472135532779,-0.002366863905325478,-0.014729950900163824
2023-08-31,-0.004849137931034475,-0.003474415666456121,0.011191709844559528,0.001266624445851905,-0.015957446808510634,0.0036166365280287938,-0.020715630885122405,-0.007112375533428139,-0.007524184879971418,-0.05220338983050843,-0.0016447368421051989,0.0010678056593700358,0.004566210045662267,0.0012928248222365823,-0.011173184357541888,0.0042277339346112885,-0.0038896746817538297,-0.013446023818670771,0.0025586353944564433,-0.022262118491921057,-0.008778173190984506,-0.013289036544850363
2023-09-01,0.0021927449918786035,0.022820919175911225,0.02684976429596242,0.008222643896268034,0.008108108108108025,-0.003603603603603567,0.0019230769230769162,0.004297994269340855,0.05595667870036114,0.0193133047210301,0.006589785831960571,0.030186666666666584,0.013636363636363447,0.02969657843770168,0.001129943502824693,0.04771260174010661,0.020589279375221814,0.027647975077881748,0.031475967673330496,0.00394785163422684,-0.005983724269985613,0.005050505050504972
2023-09-04,0.008076497123254311,0.0390455531453362,0.026946107784431073,0.01882057716436636,0.008489722966934732,0.012658227848101111,0.01497120921305184,0.014265335235378096,0.03897435897435897,-0.007719298245614015,0.03109656301145658,0.012217850486643256,0.017937219730941756,0.07021943573667722,0.017306245297215916,0.020091079560675018,0.028869565217391147,0.03296703296703307,0.02185567010309275,0.06008230452674912,-0.007946063086925026,0.028475711892797406
2023-09-05,-0.003912111468381552,-0.012526096033402934,-0.024295432458697808,-0.004310344827585966,-0.008418254319893737,-0.008928571428571397,-0.015506807866868422,-0.00984528832630105,-0.012175057584731808,-0.02333804809052331,0.006349206349206327,-0.006239770867430439,-0.014317180616740144,-0.004686584651435344,0.03920118343195278,-0.023897058823529327,0.006085192697768971,-0.030080704328686703,-0.002421307506053405,-0.01224982746721881,0.00024271844660184172,-0.013029315960912058
2023-09-06,0.001237424006025778,0.007550588945937742,0.0165338645418327,0.007421150278293043,-0.011170688114387817,0.0018018018018017834,0.00614675374567808,0.007102272727272707,0.015323117921385743,0.020275162925416312,-0.004731861198738252,-0.0063818836850232374,-0.004469273743016644,-0.01236021188934655,-0.008185053380782903,-0.0005380683346786208,-0.0026881720430108613,-0.005295007564296572,-0.004449838187702282,-0.013100436681222738,-0.011647658335355637,-0.008250825082508184
2023-09-07,-0.012358946802794146,-0.00659472422062346,-0.015873015873015928,-0.0055248618784530246,-0.0004518752824219652,0.0017985611510793476,-0.011836578846888157,-0.007052186177715081,-0.0045931758530184386,-0.0035486160397445454,0.0,-0.004350978970268371,-0.007856341189674598,-0.0017878426698451078,-0.04054538930749918,-0.011036339165545028,0.0037061994609164373,-0.011406844106463865,-0.004876066639577403,-0.02442477876106197,-0.010802848023569789,-0.014975041597337757
2023-09-08,-0.010609357997823698,0.0009052504526252392,-0.001991238550378416,-0.0024691358024691024,0.005877034358046984,-0.0053859964093357915,-0.00386398763523943,-0.005681818181818232,-0.002636783124587927,-0.004985754985754931,-0.012678288431061668,-0.016231401519092747,-0.0033936651583709176,-0.01134328358208958,-0.015706806282722474,0.006804572672836073,-0.011748909029875687,-0.0007692307692307443,-0.009799918334013835,-0.01669085631349776,0.007197815835194854,-0.0033783783783782884
2023-09-11,0.0020181468243056777,-0.007838408200181002,0.004788507581803714,0.0030940594059405413,0.01573033707865168,0.0,0.01280062063615195,0.005714285714285783,-0.013218770654329193,-0.016463851109520422,0.004815409309791185,0.0008461131676360534,0.007945516458569779,0.008454106280193274,0.012917933130699,-0.003514463368478049,0.01188858695652173,-0.005773672055427337,-0.005360824742267956,0.016881918819188213,0.05963528831936915,0.005084745762711673
2023-09-12,-0.0012128396362578453,-0.0009115770282587254,-0.008141382049245416,-0.002467612584824086,-0.009292035398230092,-0.0018050541516244634,0.0038299502106473593,0.0028409090909089496,-0.017414601473543234,-0.010189228529839944,0.0015974440894568342,-0.0033815914614815368,0.0011261261261261701,-0.004790419161676551,0.007126781695423912,-0.02143244709712422,0.0006713662302786361,-0.007355787843592587,0.00041459369817564706,-0.011158486800326606,-0.002093023255814064,-0.003372681281618828
2023-09-13,-2.7473131277599983e-05,-0.0039537712895377775,-0.009009009009009028,0.0,-0.004912907548012435,0.005424954792043302,-0.0011446012972148312,-0.0014164305949008194,-0.009884117246080404,0.0007352941176470562,0.0031897926634769647,0.0005301664722723309,-0.007874015748031482,-0.0072202166064982976,-0.016387337057728213,0.000831716107568603,0.015095605501509679,0.002340093603744098,-0.003729796933278018,-0.013577981651376136,-0.0165462596131436,-0.005076142131979711
2023-09-14,-0.0006703628201394363,0.009770992366412212,-0.006262626262626303,0.005565862708719838,0.0004488330341112512,0.01618705035971235,0.002673796791443861,0.008510638297872353,0.0065404475043029375,-0.004408523144746379,0.006359300476947549,-0.0037091988130563136,0.0022675736961450532,0.00242424242424244,-0.010602044680045442,-0.003324099722991858,0.02941176470588225,0.01322957198443575,-0.0016638935108153063,-0.019252232142857095,0.009241706161137397,0.003401360544217802
2023-09-15,-0.020179359868916613,-0.003326277592984539,0.00020329335230750978,-0.009840098400983988,-0.010767160161507361,0.0,-0.00457142857142856,0.0014064697609001975,-0.0010259917920655282,-0.014022140221402357,-0.03791469194312802,-0.012445484522923156,-0.015837104072398245,-0.0096735187424426,0.004975124378109541,-0.009449694274596854,0.0006420545746388395,0.01497695852534564,-0.006249999999999978,0.00578473210052155,0.023714486968771986,-0.008474576271186529
2023-09-18,0.02649285349524977,0.001820388349514701,0.00203252032520318,0.00248447204968949,0.004081632653061273,0.0,0.00574052812858783,-0.0070224719101122934,0.006162273194111556,-0.017215568862275377,-0.013136288998357948,0.0028005170185263495,-0.0022988505747125743,-0.003663003663003539,0.0022848438690021844,0.008698092031425464,0.0019249278152069227,-0.019674612183125273,0.0004192872117398938,0.0539317367527814,0.017431192660550376,-0.0034188034188032956
2023-09-19,-0.0012355127924775777,-0.00181708055723806,-0.00040567951318448703,0.004956629491945419,-0.005420054200542035,0.010619469026548645,-0.0019025875190259445,0.008486562942008335,0.008506294658046976,-0.0030464584920031346,0.02329450915141451,-0.0032223415682062218,0.0023041474654377225,-0.001225490196078427,-0.014057750759878473,0.02002781641168294,0.004803073967339033,0.0274025472790429,0.005867560771165126,-0.018786902844873832,0.006086564472497891,0.0017152658662091813
2023-09-20,-0.0016092482511741446,-0.006978155339805947,-0.007913961038961026,0.0,-0.005449591280654031,0.007005253940455258,-0.0034311856652687878,0.0,-0.010458839406207954,0.008403361344537785,-0.001626016260162677,-0.01163793103448274,-0.0022988505747125743,-0.015337423312883458,-0.008092485549133,0.0,0.002868068833651982,0.01239669421487588,0.004583333333333384,-0.0007293946024800047,-0.006273806856374686,-0.001712328767123239
2023-09-21,-0.014040570175438583,-0.010999083409715893,-0.008181632235630953,-0.004315659679408168,-0.00776255707762552,-0.0017391304347825765,-0.010711553175210442,-0.004207573632538653,-0.0054551653596998095,0.00454545454545463,-0.0032573289902279035,-0.0065416484954208265,-0.011520737327188946,-0.0024922118380061864,-0.013986013986013957,0.0035451322607034097,-0.009850651414045064,-0.01595547309833023,-0.0074657818332641845,-0.03330291970802912,-0.010372040586245745,-0.010291595197255643
2023-09-22,0.028141837977301964,0.029966017917825383,0.03794596824087426,0.013622291021671895,0.040497008743672236,0.006968641114982521,0.028615622583139988,0.011267605633802802,0.01645526225574212,0.006787330316742057,0.019607843137254832,0.022717295873573295,0.027972027972027913,0.023110555902560836,0.022458628841607542,0.013586956521739024,0.0028883183568677584,0.005279034690799378,0.012536564981195264,0.031618688060405686,0.003873319662793362,0.02772963604852685
2023-09-25,-0.008988642509464517,-0.010197960407918538,-0.025233459169481387,0.0,-0.03140203449800982,0.006920415224913601,0.0022556390977443996,-0.0027855153203342198,-0.0064080944350758395,-0.0337078651685393,-0.01602564102564108,-0.018886146582251184,-0.020408163265306034,-0.017094017094016922,0.008863198458574306,-0.0016085790884716733,0.0032000000000000917,-0.0075018754688671585,-0.00907965332232763,-0.014455626715461967,0.01793009532455736,-0.010118043844856595
2023-09-26,-0.00893919383533992,-0.0060606060606061,-0.01019160211985326,-0.0012217470983506562,0.0036529680365298134,-0.003436426116838587,0.004126031507877048,-0.0013966480446927498,-0.005091649694501044,-0.0046511627906976605,-0.004885993485341911,-0.0033905720223121882,-0.0092592592592593,0.003726708074534013,-0.0015278838808250317,0.0005370569280342963,-0.0060606060606061,-0.011715797430083219,-0.005830903790087438,-0.008262161158559267,-0.0033444816053511683,-0.013628620102214661
2023-09-27,-0.0011013215859030367,0.0006097560975610872,0.0020593080724875534,-0.006116207951070374,0.0022747952684258888,-0.008620689655172376,-0.004856182293612177,-0.002797202797202858,-0.010917775503241245,-0.004672897196261738,0.008183306055646433,-0.020961369622475967,0.01635514018691575,-0.008663366336633671,0.06120887528691643,-0.008856682769726176,-0.009627727856225898,-0.00305927342256207,0.0020946795140344143,0.0062716465412338,0.013646532438478687,0.003454231433505983
2023-09-28,-0.008517089305402403,0.004570383912248621,-0.007398273736128225,0.002461538461538515,-0.0167952791647753,0.0017391304347824654,-0.0041291291291291055,-0.004207573632538653,-0.013797861331493522,-0.00312989045383405,-0.01461038961038963,-0.009976460038112367,0.0034482758620690834,-0.00811485642946308,-0.016582552271088624,-0.018142431627403255,0.011017498379779722,-0.0015343306482547003,-0.013377926421404673,-0.014232558139534945,-0.008165967777532646,0.005163511187607606
2023-10-09,-0.011981874287620542,-0.011828935395814422,-0.004761904761904745,-0.0042971147943523524,0.0009233610341643494,0.0017361111111111605,0.0015077271013945737,-0.00985915492957734,-0.004896817068905213,-0.013343799058084804,-0.0016474464579901982,-0.004755434782608536,-0.008018327605956554,-0.0006293266205160686,-0.006598240469208205,-0.00468836183121879,0.011217948717948678,-0.016135228582405015,-0.009745762711864447,-0.05256204586203639,-0.004005340453938633,-0.010273972602739656
2023-10-10,-0.003939223410241999,0.00030693677102533456,-0.00977740794674431,-0.002466091245376001,-0.011531365313653175,0.0,0.008280015054572765,-0.002844950213371278,-0.010193321616871698,-0.006364359586316648,-0.021452145214521434,-0.009215017064846398,-0.06812933025404155,-0.03652392947103278,-0.014391143911439142,-0.010529232474369654,-0.015530903328050738,-0.021085513471300277,-0.00898587933247752,0.00468127490039838,-0.008713136729222581,-0.03287197231833916
2023-10-11,0.0048022598870056665,-0.004295796256520434,0.0018907563025210017,-0.0012360939431396156,0.0037330844610359293,-0.0034662045060658286,0.009705113848450964,0.0014265335235377208,0.014559659090909172,-0.005604483586869491,-0.021922428330522714,0.004592949822023185,0.013630731102850069,-0.00588235294117645,0.009359790340696339,0.01568188182581909,-0.006439150032195751,-0.005983246908655704,-0.003454231433506094,-0.006344800237930048,0.015325670498084198,0.003577817531305927
2023-10-12,0.004217036828788379,0.01910631741140212,0.015516879849025056,0.011138613861386037,0.011622501162250165,0.027826086956521667,0.001848428835489857,0.017094017094017033,0.046202310115505796,0.011272141706924366,0.0034482758620690834,-0.0032003657560863985,0.01833740831295838,0.01380670611439827,0.01335311572700304,0.043837882547559825,-0.005184705119896327,0.0268860353130016,0.0077989601386483365,0.008280953806245606,-0.00221975582685896,0.010695187165775222
2023-10-13,-0.019596864501679745,-0.013909888116117375,-0.009498244889531327,-0.004283965728274164,-0.011029411764705954,0.006768189509306355,-0.009225092250922495,-0.0056022408963585235,0.005352960856473743,-0.008757961783439572,0.005154639175257714,-0.0014906547414287319,-0.01800720288115254,-0.006485084306095956,-0.019033674963396807,-0.010036978341257385,0.0022801302931596545,-0.014849550605705364,-0.010318142734307867,-0.03839303384128234,-0.006674082313681939,-0.014109347442680775
2023-10-16,-0.012050256996002262,-0.009199632014719294,-0.008963935793204092,-0.004302397049784856,-0.00046468401486976507,0.003361344537815114,-0.014152700186219835,-0.00422535211267594,-0.00798668885191356,-0.028112449799196804,0.0017094017094019254,-0.0078089113458887915,-0.003667481662591565,-0.016971279373368175,-0.017537313432835933,0.003735325506937004,0.02144946376340595,-0.007140023800079276,-0.008688097306689846,-0.02366742128009891,-0.009406494960806255,-0.007155635062611854
2023-10-17,-0.0022544655760449173,0.006499535747446661,0.002944888514934796,0.0012345679012344402,0.020455602045560184,0.0,0.014355874574990546,0.0028288543140027045,0.02583025830258312,-0.006611570247933907,0.008532423208191142,0.013425925925925952,0.009815950920245342,0.0013280212483399723,-0.004177744018230123,0.009037745879851178,0.005090677696468315,-0.006392329204954028,0.011393514460999121,0.011066610455312098,0.005426181324892587,0.007207207207207134
2023-10-18,0.0011587485515642815,-0.0009225092250922939,-0.006082214765100624,-0.0030826140567199456,-0.004100227790432842,-0.00335008375209378,-0.00968342644320308,-0.005641748942172065,-0.01046435578809668,-0.0033277870216305017,-0.0016920473773265332,-0.01815897670169031,-0.009720534629404587,-0.011273209549071628,-0.013348588863462907,-0.005795574288724903,0.00031655587211143477,-0.0012062726176116367,0.003032928942807711,-0.017512769727926703,-0.014616595457611847,-0.01610017889087656
2023-10-19,-0.05671296296296291,-0.02831640504770705,-0.028276007596539476,-0.019789734075448484,-0.013723696248856387,-0.01848739495798324,-0.01617149304249721,-0.029787234042553234,-0.029081295439524202,-0.029215358931552582,-0.022033898305084842,-0.0130278003954869,-0.019631901840490795,-0.019450033534540667,-0.01584847313490534,-0.04610492845786973,-0.020569620253164667,-0.025362318840579712,-0.02289416846652259,-0.015066312997347509,-0.00935645823824749,-0.018181818181818077
2023-10-20,0.009202453987730008,0.0025340513145390986,-0.004560260586319087,-0.003785488958990557,-0.0013914656771798484,-0.006849315068493178,-0.007645259938837912,0.004385964912280826,-0.029271613342409797,-0.008598452278590019,-0.013864818024263315,0.001767825574543469,-0.007509386733416834,-0.011627906976744207,0.0035349567949725103,-0.04249999999999998,-0.005492730210016061,-0.00619578686493194,-0.006189213085764811,-0.005063018420769172,-0.015894955079474693,-0.007407407407407418
2023-10-23,-0.0006200607902735467,-0.013270142180094702,0.0021815008726002727,-0.0031665611146294292,-0.016256386437529136,0.0,-0.014252696456086289,-0.005822416302765698,-0.0014025245441794398,-0.010407632263659927,-0.019332161687170557,-0.013176470588235345,-0.016393442622950838,-0.014532871972318229,-0.0332681017612525,0.011604293588627801,0.004873294346978474,-0.018703241895261846,-0.011120996441281172,-0.024794283239497728,0.008192883895131065,-0.011194029850746356
2023-10-24,-0.0006265283032640401,0.0022414345180916673,0.003482803656943867,-0.004447268106734459,0.020774315391879128,-0.01551724137931032,0.0007815552950372062,-0.0014641288433381305,0.000702247191011196,0.0035056967572304476,0.005376344086021501,0.009298998569384764,0.008974358974358942,0.002808988764044784,0.0,-0.014338973329509619,-0.010992563853863602,-0.008470986869970276,-0.006747638326585759,0.0014433218607750042,0.0037148827490132152,0.0037735849056603765
2023-10-25,0.02102924617304236,0.00383386581469658,-0.012798264642082557,-0.0063816209317166805,0.010175763182238562,0.012259194395796813,0.017180788754392884,0.016129032258064502,0.007017543859649145,-0.00524017467248894,-0.02317290552584672,0.015355539806283902,0.015247776365946653,0.022408963585434094,-0.002024291497975783,-0.012801862089031113,-0.007518796992481258,0.06492951730029906,0.0027173913043478937,0.00011086474501098564,-0.001387925052047101,0.011278195488721776
2023-10-26,-0.003141579731743671,0.0025461489497136114,0.004174906613931162,0.008991650610147728,-0.001831501831501825,0.01038062283737018,-0.0015355086372360605,0.0043290043290042934,-0.0066202090592333285,-0.013169446883230962,0.014598540145985162,0.000581665891112193,0.0012515644555695093,0.00136986301369868,-0.030425963488843855,0.000589448865311093,0.006258234519104233,-0.0340954673084638,0.007678410117434531,-0.00654029486753116,0.029650220060227106,0.0074349442379182396
2023-10-27,0.002679057306710142,0.0009523809523810378,-0.011378555798687184,0.004455760661998598,0.010550458715596456,-0.003424657534246478,0.03344867358708181,0.004310344827586299,-0.03542616625745354,-0.000889679715302516,0.007194244604316502,0.02139286129519813,0.008750000000000036,0.019835841313269542,0.0451882845188285,-0.013254786450662803,-0.006546644844517169,0.017857142857143016,0.014791573285522164,0.047757197054228984,0.021372328458942436,0.01845018450184499
2023-10-30,0.002558581984958508,-0.019980970504281714,0.0028773793714034213,-0.013307984790874472,-0.019518837948252377,-0.03951890034364269,-0.007812499999999889,-0.027181688125894166,-0.013090909090909042,-0.029385574354407806,-0.03749999999999998,0.008878770631758792,-0.01115241635687736,0.008048289738430636,0.007205764611689425,-0.008358208955223878,-0.021087314662273537,-0.007343941248470154,-0.009717314487632467,0.016187433439829535,0.025991189427312822,-0.016304347826086918
2023-10-31,0.002129684711481117,-0.0045307443365695255,0.0033105274773779225,-0.03147077713551705,0.0050925925925926485,0.007155635062611854,0.028121484814398245,0.002941176470588225,0.022476050110537882,0.011009174311926495,0.012987012987013102,0.0019180864267178688,0.005012531328320691,-0.03725881570192935,-0.04093799682034982,0.0114388922335944,0.0205318074722316,-0.005754212905877409,-0.008920606601249048,-0.008593586250262075,0.029197080291970767,-0.016574585635359074
2023-11-01,0.05723088247515706,-0.01007802340702213,-0.007699076110866732,0.0019893899204244114,0.0009212344541684736,0.014209591474245054,-0.003646973012399801,0.0058651026392961825,-0.009009009009009028,-0.007259528130671544,0.001831501831501825,-0.03716216216216217,-0.00872817955112215,-0.017968210089841063,-0.03315375051802738,-0.013392857142857206,-0.0009894459102902653,-0.016122364613476714,0.0027002700270029045,-0.008033826638477737,0.0006257822277846437,-0.005617977528089901
2023-11-02,-0.0008366133442635482,0.007553366174055887,-0.0011084016847704437,0.009265387160820593,-0.009203865623561902,0.008756567425569184,0.0007320644216690653,0.011661807580174877,-0.01381818181818173,-0.00457038391224851,0.010968921389396868,0.010058479532163656,-0.0062893081761006275,-0.011963406052076131,-0.03943420488641225,-0.018702865761689225,0.00660283922086502,-0.003361344537815225,0.006732495511669656,-0.01182864450127874,-0.0014592453616844026,-0.0037664783427494575
2023-11-03,0.017836470918797476,0.010104302477183857,0.003994673768308976,-0.003278688524590234,0.015327450069670068,-0.00868055555555558,0.009509875640087762,-0.007204610951008772,-0.006637168141592875,-0.008264462809917328,-0.003616636528029016,0.008452987494210307,-0.0012658227848102444,0.014245014245014342,0.020526550647032682,0.006455579465109107,-0.003935716628402641,0.002107925801011934,0.00802496656263929,0.01995039361587403,-0.008141962421711946,0.011342155009451682
2023-11-06,0.0004196020405908829,0.004840271055179146,0.01812555260831128,0.004605263157894779,0.04437328453796874,-0.008756567425569184,-0.0018115942028985588,0.007256894049346929,0.00445434298440972,0.02962962962962945,-0.025408348457350183,0.01228614077391188,0.017743979721166037,0.016853932584269593,0.025360734586794775,0.022907758094074415,-0.029305235429700427,0.013462347496844718,0.0,0.017022626348065062,0.01725952431067146,0.0037383177570093906
2023-11-07,-0.011495584988962415,-0.010918432883750828,-0.016500217108119997,-0.0052390307793058755,-0.001752080595707417,0.0176678445229681,0.001814882032667997,-0.004322766570605263,-0.0432372505543237,-0.0008992805755395628,0.0,-0.010889292196007205,-0.01245330012453294,-0.006906077348066253,-0.0008528784648187404,-0.025380710659898553,0.005766621438263231,-0.009547530095475265,-0.007961079168509522,-0.006029732820459488,0.002069108214359572,-0.011173184357541999
2023-11-08,0.004002970125671856,-0.00649350649350644,-0.01479028697571727,-0.0039499670836075085,-0.009214567792891648,0.0,-0.0007246376811594901,-0.0014471780028942893,-0.02549246813441486,0.004500450045004545,-0.011173184357541999,-0.043807339449541405,-0.0012610340479192184,-0.0013908205841447474,-0.00042680324370458766,-0.016237745098039214,0.003709949409780977,-0.004610226320201138,-0.004458314757021964,0.007216818324442986,0.017551104687177466,-0.0037664783427494575
2023-11-09,-0.002352169222727629,0.0019607843137254832,-0.030248711628949154,-0.0006609385327165374,-0.005314437555358653,0.00868055555555558,0.0018129079042785712,0.004347826086956497,-0.005152596115735153,0.0035842293906809264,0.016949152542373058,0.01894938834252824,0.0037878787878788955,-0.00417827298050133,0.03501280956447461,-0.003737153534724369,0.032258064516129004,0.004210526315789442,-0.0022391401701745695,-0.003322949117341545,-0.01826298701298701,0.009451795841209698
2023-11-10,-0.010183322092848224,-0.016307893020221842,-0.021487985212569338,-0.00925925925925919,0.0,0.001721170395869276,-0.003981179876945351,-0.00721500721500723,-0.03824701195219127,-0.008928571428571397,0.0018518518518517713,-0.019185499058380406,-0.015094339622641506,-0.00909090909090915,-0.02929042904290413,-0.034073147858705854,0.01236979166666674,-0.013417190775681376,0.0017953321364452268,-0.016461762867263974,0.00020669698222408606,-0.01872659176029956
2023-11-13,-0.0066672673213802325,-0.011273209549071628,0.0009445100354190661,-0.001335113484646211,-0.0075690115761354315,-0.0068728522336769515,-0.003270348837209336,0.0,0.0037282518641259532,-0.006306306306306353,0.014787430683918634,-0.0027601104044162605,0.012771392081736943,0.004940014114326097,0.013174670633234076,0.011326860841424091,-0.0054662379421221985,0.0016999575010623325,-0.02240143369175629,0.007627118644067732,-0.022525315147757907,0.011450381679389166
2023-11-14,0.0007199546485261443,0.012743125419181656,0.005189903279075203,-0.016042780748663166,0.014804845222072816,0.0017301038062282892,-0.005833029529711986,0.0,-0.005777961205117643,0.0072529465095194645,-0.00910746812386154,-0.005054151624548586,0.003783102143757988,0.0,-0.004614093959731558,-0.009919999999999929,-0.009052699644358286,-0.002969876962240159,0.01420714940421619,0.001261564339781307,-0.0054968287526426796,0.0018867924528300772
2023-11-15,0.004339279543639218,0.014569536423841178,0.017601501994836788,0.008831521739130377,-0.0008841732979664174,0.003454231433505983,-0.0003667033370002848,0.011627906976744207,0.021170610211706187,-0.007200720072007227,0.016544117647058876,0.007498790517658227,0.002512562814070307,0.0070224719101124045,0.027812895069532217,0.03199741435035541,0.0029363784665579207,0.01829787234042546,0.015363759602349703,0.009554808903821987,0.006164965986394488,0.007532956685499137
2023-11-16,-0.007264810229394292,-0.0032637075718016106,-0.011300738007380073,-0.005387205387205385,-0.007522123893805355,0.001721170395869276,-0.008804108584005932,-0.004310344827586188,-0.017479674796747946,-0.008159564823209453,-0.009041591320072317,-0.01140456182472993,-0.00877192982456143,-0.011854951185495066,-0.027880278802787983,-0.009708737864077666,0.0009759271307743234,-0.004596740493104878,-0.004895416110369366,-0.0186167446697868,-0.011197971688147068,-0.00747663551401867
2023-11-17,-0.0037669384392488015,-0.006876227897838927,-0.004898530440867743,-0.004062288422477911,0.004012483281319756,-0.005154639175257825,-0.002590673575129543,-0.010101010101010055,-0.0004137360364088183,-0.009140767824497242,-0.007299270072992692,-0.0006071645415907101,-0.005056890012642201,0.0028228652081863093,-0.005061155630535663,-0.0015812776723592714,0.0009749756256094422,-0.016792611251049472,-0.0062611806797853164,-0.008266214497668511,0.007264957264957239,0.0
2023-11-20,0.005178451255261063,0.00824266402901408,0.0058602906704172675,0.009517335146159045,-0.007548845470692678,0.010362694300518172,0.007792207792207906,0.007288629737609353,0.004552980132450202,-0.005535055350553542,0.009191176470588092,0.0,0.0,-0.0014074595355384467,-0.004239084357778755,-0.006651884700665245,-0.0025974025974027093,0.001280956447480719,0.012601260126012592,0.009403718743321132,0.007424692405600286,0.0037664783427495685
2023-11-21,0.015602836879432536,-0.004905166775670322,0.0037287345607084355,0.002693602693602859,0.00402684563758382,-0.0017094017094017033,0.010677466863033835,0.00723589001447178,0.01524515863205611,0.017625231910946226,0.0018214936247722413,0.005224787363305117,0.0012706480304955914,0.007047216349541863,-0.008514261387824629,0.007653061224489832,-0.0003255208333332593,0.01279317697228155,0.0022222222222223476,0.006034300232902856,0.0018951358180667732,0.0
2023-11-22,-0.004743016759776508,-0.00887282287216562,-0.007894125841653166,-0.002686366689053088,-0.01024955436720143,0.005136986301369939,-0.00910746812386154,-0.002873563218390718,-0.006493506493506551,-0.010938924339106704,-0.00545454545454549,-0.010999637374592197,-0.010152284263959421,-0.01259622113365988,-0.021468441391155002,-0.005379746835443067,-0.0019537609899056285,-0.005894736842105286,-0.006651884700665245,-0.018520467220877634,-0.009247583018074823,-0.009380863039399556
2023-11-23,0.002520333874073133,-0.0006631299734748408,0.007488883688275161,-0.0013468013468013185,0.0013507429085997114,-0.005110732538330498,0.004044117647058698,-0.0014409221902018654,0.013480392156862697,0.032258064516129004,0.0,-0.0008555365436322404,0.002564102564102555,0.00425230333097093,0.003949100482667722,0.01018135539293663,0.00978792822185981,0.005506141465480674,0.0022321428571427937,0.006111289803795605,0.0006364022061944308,0.005681818181818121
2023-11-24,-0.0050391937290034106,-0.004644990046449915,-0.00836236933797907,-0.0013486176668914274,-0.00854316546762579,0.0,0.0014646649578908821,0.0028860028860029363,-0.00725513905683195,-0.0008928571428571397,0.001828153564899626,-0.004281345565749217,-0.006393861892583175,-0.0056457304163726185,-0.01573426573426573,-0.01196850393700788,0.003231017770597866,0.0012636899747262564,0.0017817371937638438,-0.019607843137254943,-0.005087979648081498,-0.00941619585687381
2023-11-27,-0.007878446820483997,-0.020000000000000018,-0.01967673928320446,-0.004051316677920358,-0.01632653061224487,-0.001712328767123239,-0.00621572212065824,-0.007194244604316502,0.002030044660982666,-0.02502234137622872,-0.007299270072992692,-0.002702702702702675,-0.015444015444015302,-0.018452803406671436,-0.02886323268206037,-0.020401657634682824,0.006441223832528209,-0.017669331089608664,-0.023121387283236983,-0.012065217391304395,-0.0027700831024931594,-0.011406844106463754
2023-11-28,0.003425978445831035,-0.008163265306122436,-0.004301075268817178,0.003389830508474523,-0.0036883356385432053,-0.010291595197255643,0.0033112582781456013,-0.004347826086956608,0.0008103727714747766,-0.012832263978001857,0.003676470588235281,-0.004680955900468242,-0.0013071895424837665,0.002892263195950706,0.00137174211248281,-0.006508298080052044,-0.008320000000000105,0.006852248394004334,0.012744651797906181,0.001210254153372281,0.014957264957265126,0.0019230769230769162
2023-11-29,0.0032051282051281937,-0.012345679012345623,-0.02207823374130069,-0.013513513513513598,-0.009717723276261081,-0.008665511265164572,-0.008067473414008042,-0.00727802037845704,-0.02631578947368418,-0.03899721448467963,-0.01098901098901095,-0.005693069306930587,-0.018324607329842868,-0.013698630136986245,-0.020091324200913085,-0.018015067147068464,0.005808325266215109,-0.016163334751169822,-0.013033707865168553,-0.016483516483516536,0.003578947368421126,-0.007677543186180413
2023-11-30,0.009460700621509943,-0.0003472222222222765,0.0012269938650306678,0.0,0.00233644859813098,0.020979020979021046,0.007393715341959206,0.004398826979472137,0.0016632016632016633,-0.008695652173912993,0.012962962962962843,0.0038586009459795623,0.01200000000000001,-0.002192982456140302,-0.01071761416589001,0.002001334222815121,0.01026628168110344,-0.005620406398616495,0.007285974499089187,-0.003910614525139633,0.007342143906020615,0.005802707930367523
2023-12-01,-0.017426737370918266,-0.01840916985064245,0.005392156862745301,0.00068493150684934,0.00512820512820511,-0.010273972602739656,-0.007339449541284404,0.0,-0.007471980074719831,-0.0009746588693957392,-0.005484460694698212,-0.021946683199008166,0.022397891963109373,0.00512820512820511,-0.0009420631182288641,0.005326231691078487,0.000635122261035459,-0.006086956521739184,-0.030289330922242397,-0.014021312394840169,-0.029987505206164222,0.011538461538461497
2023-12-04,-0.005436635080782515,-0.006369426751592466,-0.015602145294978054,-0.006844626967830281,-0.006957328385899797,0.0034602076124565784,-0.009242144177449174,-0.00583941605839422,-0.014219991635299079,-0.028292682926829182,0.007352941176470562,0.004690669371196776,-0.003865979381443174,-0.014577259475218707,-0.007072135785007205,-0.024834437086092676,0.007933989209774728,-0.012248468941382429,-0.009324009324009341,-0.014789533560864765,-0.012666380420781387,-0.0019011406844106071
2023-12-05,-0.02382461972571126,-0.020299145299145227,-0.021050024764735054,-0.022742935906271522,-0.01307800093414302,-0.005172413793103514,-0.013805970149253777,-0.014684287812041119,-0.026728892660161208,-0.030120481927710885,-0.018248175182481896,-0.01867507886435338,-0.018111254851228997,-0.017011834319526686,-0.02136752136752129,-0.028862478777589073,-0.015113350125944613,-0.013728963684676687,-0.016470588235294237,-0.03002309468822162,-0.01609045444661883,-0.017142857142857126
2023-12-06,-0.003510825043885335,0.00908760450745194,0.0,-0.0007052186177715081,-0.008518693800283916,-0.010398613518197486,0.0,-0.014903129657227954,0.0047951176983433985,0.019668737060041463,0.0018587360594795044,-0.00861514722900869,0.0,0.0007524454477052522,0.023774866569626463,0.0017482517482516613,-0.007672634271099765,-0.007184553210597189,-0.002870813397129135,0.005714285714285783,0.0035359116022097847,-0.007751937984496138
2023-12-07,-0.0017615971814445297,0.0018011527377521652,-0.004806476094105672,-0.003528581510232942,0.0038186157517901,0.0017513134851137035,-0.003026863412788461,0.0,0.01127982646420822,0.0010152284263960087,-0.0055658627087197265,-0.014526588845654831,0.0026350461133071157,-0.012781954887218006,-0.01516587677725123,0.0038394415357767553,-0.015141752577319534,-0.00497512437810943,0.00047984644913645624,-0.018939393939394034,-0.013873596124201582,0.009765625
2023-12-08,0.002894117647058936,-0.011147069399496501,-0.0038129130655822907,-0.0007082152974504652,-0.003804089396100885,-0.0017482517482516613,0.0003795066413661008,0.009077155824508187,-0.009438009438009431,-0.009127789046653123,0.020522388059701413,0.0027638852329558983,-0.006570302233902869,-0.010662604722010749,-0.002406159769008709,-0.009388038942976462,0.0003271180896302628,-0.008181818181818179,-0.0023980815347721673,-0.00699806949806947,0.018088432335864324,0.0019342359767891004
2023-12-11,-0.004058841470567565,0.009454545454545604,0.010461852513396375,0.019844082211197822,0.012410501193317547,0.003502626970227851,-0.0011380880121396597,0.007496251874062887,0.006496318752706731,-0.016376663254861867,-0.02010968921389389,0.005512534453340434,0.0,0.00615858352578913,0.0033767486734201935,0.00982800982800991,0.01635055591890122,0.0004582951420712966,-0.009134615384615463,0.0012150668286756705,0.020618556701030855,0.011583011583011782
2023-12-12,0.007061248527679531,0.01044668587896247,0.004797979797979801,0.013898540653231262,-0.003771805752003865,0.017452006980802626,0.004557538928978477,-0.0014880952380952328,0.020654044750430423,0.07596253902185235,0.009328358208955168,-0.005743375538441398,0.010582010582010692,0.0038255547054322214,0.0009615384615384581,0.0010427528675704956,0.005469755469755588,0.01282638570774175,0.011159631246967505,-0.0031553398058252746,-0.01568880292284558,0.0
2023-12-13,-0.029234089088240323,-0.02959001782531201,-0.0226187484292536,-0.01713502398903355,-0.019876952200662434,0.0,-0.023440453686200402,0.0,-0.005059021922428242,-0.021276595744680882,-0.01663585951940849,-0.03295260601286598,-0.014397905759162222,-0.020579268292682862,-0.025456292026897254,-0.019791666666666652,-0.015039999999999942,-0.02487562189054726,-0.03214971209213047,-0.039444850255661024,-0.003930131004366788,-0.007633587786259555
2023-12-14,-0.01451807228915658,-0.0069801616458485816,-0.004885574697865769,0.0,-0.010140028971511339,-0.0017152658662091813,0.0019357336430507743,-0.010432190760059634,-0.011016949152542477,-0.018774703557312256,-0.005639097744360999,0.018870486016834054,0.0,-0.006225680933852118,0.0019714144898963504,-0.008147360963513983,-0.0029239766081871066,0.004638218923933346,0.001983143282102029,-0.005069708491761804,0.0024112231477422252,-0.00576923076923086
2023-12-15,0.005562687205819428,0.007399186089530163,0.0023255813953486637,-0.0020920502092049986,-0.0019512195121951237,-0.015463917525773141,-0.014296754250386345,-0.010542168674698704,-0.003856041131105381,0.025176233635448186,-0.007561436672967825,0.0014656895403064585,-0.0013280212483400833,0.001566170712607562,0.01721593703885893,-0.0028571428571427804,-0.009123492994460802,0.008310249307479145,-0.0014844136566056765,-0.003949044585987327,-0.023398206866389715,-0.007736943907156735
2023-12-18,0.010334346504559333,0.0018362100624311761,-0.004640371229698403,0.0034940600978337066,-0.0009775171065493637,0.012216404886561838,0.003528028224225821,0.0015220700152207556,0.0008602150537633246,0.006876227897838927,0.007619047619047636,0.009446514103246484,-0.010638297872340274,-0.0070367474589523304,-0.023694390715667257,-0.004297994269340966,0.011180532719500258,-0.011904761904761973,0.005450941526263575,-0.022125591507865527,0.018584863412449693,-0.005847953216374324
2023-12-19,0.007821901323706415,0.0003665689149559004,0.002590002590002527,0.0027855153203342198,0.009784735812133016,-0.0017241379310344307,-0.005859375000000111,-0.003039513677811634,-0.003008165019338205,-0.014634146341463428,0.0,-0.0009226308158692964,-0.006720430107526987,0.0047244094488190225,0.008915304606240682,0.0028776978417266452,0.001626016260162677,-0.0050973123262280096,0.006407097092163694,0.005623855610777051,-0.015607825895801342,-0.0039215686274508554
2023-12-20,-0.015050746268656767,-0.008427995602784955,-0.006716610694910807,-0.004861111111111094,-0.023255813953488413,-0.0017271157167529916,-0.004715127701375277,-0.004573170731707266,-0.022844827586206762,-0.023762376237623783,-0.001890359168241873,0.00039577836411619494,-0.0027063599458727605,0.003918495297805746,-0.004418262150220897,-0.020803443328550886,0.007467532467532401,0.00046576618537508274,-0.015670910871694477,-0.013785927949018117,-0.012282268870031365,-0.005905511811023723
2023-12-21,0.012250043944986855,0.024020694752402205,0.00910273081924573,0.01046755059316129,0.005456349206349076,-0.0017301038062285112,0.013028030003948032,0.006125574272588086,-0.0013233348037053894,0.0040567951318459805,-0.007575757575757569,0.011209283924568325,0.008141112618724522,0.02888368462138957,0.04930966469428011,0.00219780219780219,-0.008378988076055527,0.009776536312849249,0.011442786069651545,0.05169457998153759,0.00587836310196721,0.013861386138613874
2023-12-22,0.0003892215568863655,-0.0036088054853843365,0.0077319587628867925,0.00966850828729271,0.0004933399111988201,0.0017331022530331364,0.013250194855806807,0.0015220700152207556,0.01810954063604231,-0.005050505050505083,0.02099236641221358,0.008998435054773157,0.006729475100942128,-0.00531107738998482,-0.0028195488721806106,0.006213450292397615,0.019824504387390363,0.005071461502996755,0.019675356615838746,-0.008150470219435824,-0.01078894133513153,0.01171875
2023-12-25,0.0008080687157692168,-0.0028975009054689194,0.002046035805626456,-0.0006839945280437965,-0.013313609467455634,0.0,0.0038461538461538325,0.0,0.004772234273318743,-0.012182741116751217,0.007476635514018781,0.0036189737624401364,-0.004010695187165791,0.0076277650648362005,0.002827521206409056,-0.003269160915364999,0.012109623964308591,0.008256880733944927,0.0038591413410515862,0.006447534766118812,-0.00022722108611672454,0.0038610038610038533
2023-12-26,-0.0011961722488038617,-0.009444242644388035,-0.0020418580908626582,-0.003422313483915085,-0.007996001999000524,0.0,-0.011111111111111183,-0.003039513677811634,-0.014680483592400706,-0.01952723535457357,0.0018552875695734272,-0.010560206052801169,-0.0013422818791946067,0.002271006813020282,-0.014097744360902276,0.00765306122448961,-0.01416876574307313,0.0009099181073703999,-0.009130225852955198,-0.009546539379475028,-0.00045454545454548523,-0.0019230769230769162
2023-12-27,-0.0017604790419162297,0.0011001100110010764,-0.002557544757033292,-0.0027472527472528485,0.0025188916876572875,0.00519031141868509,0.012398295234405277,0.0060975609756097615,-0.003943908851884337,-0.005241090146750449,0.022222222222222143,-0.008199921905505558,0.010752688172043001,0.0,-0.014299332697807476,-0.011573236889692584,0.010859150431172138,0.0072727272727273196,0.004849660523763344,-0.006087507926442526,0.002501136880400434,0.0
2023-12-28,0.03474979904742481,0.025274725274725185,0.03230769230769215,0.015151515151515138,0.023618090452261375,-0.012048192771084265,0.027554535017221715,0.0121212121212122,0.05147382314122306,0.048472075869335995,-0.009057971014492683,0.026246719160105014,0.0146276595744681,0.034743202416918306,0.1,0.04573728503476038,-0.013586097946287512,0.018050541516245522,0.01737451737451745,0.08485389817532218,0.014969380811975519,0.01156069364161838
2023-12-29,0.0005855106406413846,-0.006073597713469048,0.0009935419771485154,0.09972862957937578,0.0,0.0,-0.003724394785847407,-0.008982035928143617,-0.005020920502091908,-0.005025125628140614,0.02010968921389411,-0.01764705882352957,-0.002621231979030081,0.005109489051094984,0.00659340659340657,-0.008047585724282658,0.004163997437540035,0.0,-0.003795066413662118,-0.015643378028699084,0.010726256983240257,0.0019047619047618536
2024-01-02,-0.02374855156431055,-0.008626887131560124,-0.02059553349875931,-0.08513263417643435,-0.014727540500736436,0.006968641114982521,-0.017943925233644853,-0.0030211480362538623,0.001682085786375076,-0.04747474747474756,0.007168458781362075,-0.014970059880239361,-0.003942181340341633,-0.000726216412490932,-0.03056768558951961,-0.012698412698412764,0.0328548644338118,-0.00930851063829774,-0.010000000000000009,-0.03692197395148766,-0.01680300685385805,-0.0019011406844106071
2024-01-03,0.005335279909318036,0.006889050036258171,-0.0017734988598936408,-0.01011463250168576,0.00548081714001003,0.012110726643598468,-0.007993909402360111,0.0060606060606061,0.013434089000839533,-0.0021208907741251393,0.016014234875444844,-0.0015858332232060457,0.006596306068601621,-0.009447674418604612,0.008558558558558582,0.004287245444801746,0.018529956763434052,0.005369127516778427,-0.0014430014430013571,-0.002109181141439098,-0.00539689678434907,0.003809523809523707
2024-01-04,-0.014757969303423879,0.0014404033129276073,-0.012690355329949221,-0.004087193460490468,-0.008919722497522264,0.008547008547008739,-0.0034535686876439042,-0.0030120481927710108,0.001657000828500399,-0.02763018065887357,-0.003502626970227629,-0.005162144275314362,-0.005242463958060273,-0.010271460014673606,-0.0183117463153194,-0.04482390608324438,0.013644633110976523,-0.004895416110369366,0.0019267822736031004,-0.02275270421484532,-0.009947999095636373,-0.005692599620493288
2024-01-05,-0.0033792690233673817,0.01725997842502691,0.0017994858611825038,0.0129958960328318,-0.010500000000000065,0.0016949152542371504,0.005775895263765873,0.009063444108761365,0.0020678246484697738,0.002185792349726823,-0.012302284710017597,0.0005321979776478081,0.007905138339921125,-0.005930318754633013,-0.018198362147406777,-0.0018621973929237035,0.0005982650314089177,0.005813953488372103,0.029326923076923084,-0.020101781170483446,-0.042018725736469476,-0.005725190839694694
2024-01-08,-0.011645103886109953,-0.005655708731000408,-0.013343597639209559,-0.00742741390952073,-0.018696311268317167,-0.0033840947546531774,0.0011485451761101828,-0.013473053892215536,-0.013619479983491667,-0.01199563794983638,-0.008896797153024827,-0.020877659574468188,-0.022222222222222254,-0.011931394481730084,0.0013901760889714065,-0.020895522388059806,0.005979073243647104,-0.002223210315695723,-0.010275572162540825,-0.021033497792780964,-0.020023837902264696,-0.007677543186180413
2024-01-09,-0.0018187458561182979,0.0014219694276573769,-0.0018205461638491904,-0.0013605442176870541,0.002059732234809486,-0.001697792869269965,0.006118546845124362,0.003034901365705611,-0.009623430962342971,0.0066225165562912025,0.0017953321364452268,-0.017791661007741433,0.00401069518716568,-0.0030188679245282124,0.02915316982878302,0.004573170731707377,0.011887072808320909,0.0,0.010382255781028693,0.0639257294429707,0.002189248358063889,0.009671179883945724
2024-01-10,0.00030469226081653034,-0.004259850905218299,-0.014590932777488352,-0.00476839237057225,0.0,-0.006802721088435382,0.009882174078297279,-0.00605143721633894,-0.03971271651880026,-0.005482456140350811,-0.014336917562724039,0.009402654867256777,-0.003994673768308865,0.0015140045420136694,-0.00044964028776972587,-0.02124430955993928,-0.00587371512481627,-0.0013368983957219305,0.0037365716954693706,0.018449264522562903,0.007281553398058138,-0.003831417624520994
2024-01-11,0.0030886384404507083,0.0117647058823529,0.016129032258064502,0.003422313483915085,0.007194244604316502,-0.015410958904109595,0.0011290929619871548,-0.0060882800608828,-0.01055873295204579,0.004410143329658167,-0.025454545454545396,-0.02082191780821907,-0.0013368983957220415,0.019652305366591127,0.005847953216374213,0.0023255813953488857,-0.017725258493353047,-0.0035698348951361814,-0.0009306654257794644,0.004528763769889643,-0.0004819277108434328,-0.0019230769230769162
2024-01-12,-0.0021317040878917615,0.005637773079633535,-0.01040853499869887,0.0020463847203273655,-0.004081632653061273,0.01043478260869568,0.005639097744360777,-0.004594180704441064,-0.024455313472654394,0.003293084522502765,0.001865671641791078,-0.008953553441522155,0.004016064257028162,-0.012601927353595221,-0.011180679785330994,-0.005413766434648082,0.011127819548872209,0.002686968204209661,-0.0004657661853748607,-0.015352747654441168,-0.009161041465766573,0.01734104046242768
2024-01-15,-0.0018623787323651664,0.008058864751226302,0.0036813042334999935,0.002722940776038074,-0.002049180327868827,0.003442340791738552,-0.0014953271028037562,0.0015384615384614886,0.005013673655423823,-0.013129102844639085,0.009310986964618184,-0.014539808018068867,0.002666666666666595,-0.0030030030030030463,-0.012211668928086783,0.005832037325038897,0.012492563950029734,0.012058954890576068,0.008853681267474212,0.017819576785051305,0.009975669099756557,0.01325757575757569
2024-01-16,-0.00034756097560972865,0.012513034410844615,0.013885250196489451,0.013577732518669228,0.005133470225872516,0.0034305317324183626,0.007113440658929049,0.01228878648233489,0.02176870748299331,-0.011086474501108556,0.0018450184501843658,0.0035811488325454555,0.003989361702127603,-0.001506024096385561,0.012820512820512775,0.019713954387321042,0.007050528789659394,0.007060900264783676,0.002771362586605264,0.0018237082066869803,-0.0024090580582992738,0.0
2024-01-17,-0.038080308399870755,0.002059732234809486,-0.01782945736434116,-0.008037508372404467,-0.018386108273748647,-0.008547008547008517,-0.018587360594795488,-0.009104704097116834,-0.017310252996005304,-0.028026905829596438,-0.012891344383056946,-0.03368541250356838,-0.013245033112582738,-0.019607843137254832,-0.037070524412296524,-0.021228203184230465,-0.0040840140023337135,-0.020157756354075462,-0.009212344541685846,-0.04126213592233019,-0.03139338324076302,-0.009345794392523366
2024-01-18,0.02147748890298029,0.013360739979444869,0.025782688766114337,0.018906144496961375,0.014047866805410925,-0.0017241379310344307,0.013257575757575912,0.004594180704440953,0.008581752484191352,0.019607843137254832,-0.00932835820895539,0.0311669128508123,-0.008053691275167862,0.01538461538461533,0.07042253521126751,0.00929512006196731,-0.00205038078500297,0.0062611806797854275,0.005578800557879848,0.06329113924050622,0.029419097481924616,0.005660377358490676
2024-01-19,0.014979483136441818,0.005070993914807476,0.0053859964093356805,0.003976143141153132,-0.0010261672652641662,-0.003454231433506094,0.004485981308411269,0.004573170731707377,-0.00761307657859378,0.0033936651583710287,0.007532956685499137,0.005586592178770999,-0.0013531799729363803,-0.012121212121212088,-0.030701754385964897,-0.006523407521105029,-0.02406809509832697,-0.009777777777777774,0.001386962552011095,0.00011904761904757422,0.0029062727052553416,-0.011257035647279645
2024-01-22,0.004281345565749328,0.01749075008409018,0.0071428571428568954,0.0033003300330032292,-0.01746276322547513,0.0,-0.0070710829921846186,0.0,-0.014440433212996373,-0.016910935738444044,-0.01121495327102795,-0.014672364672364657,-0.017615176151761558,-0.0130368098159509,-0.017194570135746767,-0.0019312475859405431,-0.00872180451127813,-0.018850987432675104,0.0,-0.024282823473396054,-0.015213716493600482,-0.011385199240986688
2024-01-23,-0.014007308160779552,-0.008595041322314145,-0.003039513677811523,-0.006578947368421018,0.03397804495556733,-0.0034662045060658286,-0.008245877061469176,0.004552352048558417,-0.0022893772893772812,0.0034403669724769603,-0.001890359168241873,0.0065057105681654015,-0.0013793103448275223,0.0062160062160061536,0.015653775322283625,-0.009287925696594312,0.020024271844660158,-0.005032021957913968,-0.005078485687903922,-0.010003659875564175,-0.011770475723393958,-0.009596928982725461
2024-01-24,0.004323656578134605,0.0033344448149383865,0.020579268292683084,0.013245033112582849,0.037411526794742134,0.01565217391304352,0.012849584278155746,0.013595166163141936,0.050940798531436515,0.026285714285714246,0.03409090909090895,0.009767308244757134,0.07458563535911611,0.016216216216216273,-0.012692656391658952,0.052734375,0.02944675788221307,0.017471264367816097,0.0199535962877031,0.009611829944547123,0.0054590570719603715,0.04457364341085257
2024-01-25,0.007380073800737907,0.02691924227318032,0.024396315658451462,0.011111111111111072,0.0019493177387914784,0.010273972602739878,0.010074626865671732,0.008941877794336861,0.08165938864628819,0.06904231625835178,0.0787545787545787,0.025462304409672898,0.0848329048843186,0.02583586626139822,0.023875114784205564,0.06456400742115043,0.014735625541750785,0.02123813827383647,0.0031847133757962887,0.060661540339314035,0.016781836130306038,0.051948051948051965
2024-01-26,-0.0004151404151404581,0.007119741100323651,0.002430133657351119,0.01098901098901095,0.013132295719844311,0.011864406779660941,0.004802364240857004,0.014771048744461002,0.004037141703673752,0.03229166666666683,-0.011884550084889534,0.012623110001387161,0.0023696682464455776,0.01185185185185178,-0.015246636771300448,-0.002439874520738905,0.019362186788154823,0.009734513274336276,0.008163265306122325,-0.014729574223245168,-0.02184466019417486,-0.003527336860670083
2024-01-29,0.007744362739110278,0.0073907455012853784,-0.006545454545454632,0.005115089514066584,-0.012001920307249114,0.011725293132328396,0.010661764705882426,0.004366812227074357,0.014073180538801688,0.008072653884964698,0.018900343642611617,-0.004109589041095818,0.02364066193853409,-0.01171303074670571,-0.0710382513661203,0.012928022361984537,-0.0041899441340781385,0.010517090271691343,0.02069275753486277,-0.008175659892548537,-0.02605459057071957,0.019469026548672552
2024-01-30,-0.022424242424242458,-0.011164274322169154,-0.019277696437286496,-0.004452926208651453,-0.006802721088435271,-0.008278145695364225,-0.0076391415060020895,-0.010144927536231974,-0.022997620935765184,-0.02202202202202208,0.0,-0.02008253094910606,0.01732101616628179,-0.020000000000000018,-0.008333333333333193,-0.01828216626422896,0.003085553997195012,-0.010841283607979202,-0.008373732921992172,-0.03144135657089031,-0.014267515923566898,-0.00694444444444442
2024-01-31,-0.005015499070055718,-0.009354838709677349,0.007962179646678225,0.005111821086261958,0.0029354207436398383,0.0016694490818029983,-0.006964809384164217,0.0,0.008928571428571397,-0.023541453428863934,0.005059021922428464,-0.021757439640651244,-0.02383654937570956,-0.012093726379440728,-0.04349975284231333,0.00983836964160223,0.03803131991051445,0.013152126260412178,-0.008444444444444477,-0.029665653495440703,-0.03204962522615651,-0.005244755244755095
2024-02-01,0.00319021004293063,-0.009443178117876871,-0.005183905208590467,-0.0012714558169103496,-0.0029268292682925745,-0.0033333333333332993,-0.0047988187523070325,-0.004392386530014725,-0.029766693483507578,-0.03144654088050303,-0.01845637583892623,0.0074616157267899386,-0.03953488372093017,0.01377199693955622,0.012403100775193687,-0.02366040361864996,-0.022090517241379337,-0.004759844223279908,0.008964589870013473,0.0142839243202606,-0.0077436582109481344,-0.010544815465729385
2024-02-02,-0.008714123339316648,-0.0062458908612754716,-0.004962779156327479,0.0,-0.012720156555773077,0.00836120401337781,0.0,0.00588235294117645,-0.0070480928689884426,0.014069264069263898,0.006837606837606813,-0.03560746332431275,0.001210653753026536,-0.012075471698113183,-0.03675344563552829,0.0049893086243764095,0.01983471074380172,-0.0008695652173912327,-0.0035539760106619855,-0.030018529956763462,-0.03256189451022584,0.00355239786856143
2024-02-05,0.021309523809523778,0.01587826662256031,0.014463840399002503,0.008274984086569015,0.0,0.01990049751243772,0.025593471810088975,0.007309941520467822,0.00542797494780789,-0.009605122732123772,0.022071307300509213,0.03396839462413248,-0.03264812575574361,0.0022918258212374365,-0.03709591944886059,0.029432624113475248,0.02998379254457051,0.012619669277632584,0.024074899687917872,-0.008278145695364114,0.04033379694019468,0.012389380530973382
2024-02-06,0.02821455083097657,0.020188863562357495,0.021632251720747453,0.005050505050504972,0.04757185332011904,0.006504065040650486,0.017721518987341867,0.0159651669085632,0.052740863787375636,0.01724137931034475,-0.00830564784053156,0.0327096129124409,0.03624999999999989,0.044207317073170715,0.07870115575123826,0.03823630726834315,-0.010228166797797034,0.020197679415556502,0.036134087940792314,0.06202645434698861,0.09625668449197855,0.02622377622377625
2024-02-07,0.020877088305489178,-0.0006383657835939971,0.019730510105871124,0.003140703517587884,0.0018921475875117721,-0.017770597738287597,0.004975124378109541,-0.008571428571428563,0.014990138067061176,0.004237288135593209,0.008375209380234505,0.014522821576763434,0.012062726176115923,0.004379562043795637,0.00867346938775504,0.0013271400132712774,0.022522522522522515,0.0033698399326032025,0.007983193277310896,0.01571946795646917,0.0204878048780488,-0.0017035775127768327
2024-02-08,-0.002916440189597802,0.0028744809964866835,0.0094384143463897,0.0050093926111458575,0.003305004721435356,-0.011513157894736836,-0.0035360678925036026,0.0028818443804032867,0.011270890011659596,0.05168776371308015,-0.004983388704318803,0.01622358554873915,-0.0011918951132300348,0.029796511627907085,0.02225594334850789,0.020212060967528256,-0.013474993521637835,0.017212426532325686,-0.0016673614005835447,0.005357142857142838,0.0007170172084127735,0.005119453924914641
2024-02-19,-0.006195779601406715,0.007006369426751702,-0.00116877045348307,0.008099688473520272,-0.018823529411764683,0.03993344425956735,0.005322924059616652,0.02298850574712641,0.01191391237509598,-0.016048144433299938,0.048414023372287174,0.0009390931043733453,0.0155131264916466,-0.0021171489061396764,-0.0009896091044037103,0.006170834686586524,0.045705279747833005,-0.003714403631861374,-0.015448851774530259,0.00994671403197156,-0.005015524241700486,0.01018675721561979
2024-02-20,-0.014999144759736516,-0.006957621758380883,-0.008893049379826712,0.0012360939431397266,0.006714628297362024,0.016000000000000014,0.012354394634662924,-0.002808988764045006,-0.013292821876186744,0.0050968399592252744,-0.004777070063694322,0.004691060179600415,-0.004700352526439411,-0.008486562942008558,-0.010401188707280906,-0.012588766946417085,-0.0012559658377293559,0.013256006628003414,0.0199321458863444,-0.008910775002931248,0.004800768122899646,0.006722689075630228
2024-02-21,0.02853892215568865,0.05095541401273884,0.029279811097993047,0.029012345679012563,0.018580276322058165,0.009448818897637823,0.005927475592747644,0.019718309859154903,0.029638183217859826,0.023326572008113722,0.0,0.040955176093916856,0.030696576151121535,0.0,0.02102102102102088,0.024517816279830074,-0.00452716297786715,0.011447260834014594,0.0004158004158003603,0.02756417839820191,0.008600095556617227,0.01001669449081799
2024-02-22,0.0004191749240245457,-0.0060606060606061,0.0025235145675612802,0.007798440311937549,0.016370439663236702,-0.0015600624024960652,0.0072790294627382846,-0.004143646408839796,0.008598130841121598,-0.009910802775024763,0.02719999999999989,0.009867999487376489,0.0034364261168384758,0.003566333808844524,0.01078431372549038,0.0051052967453733,0.03158160687215772,-0.0024252223120452276,0.0016625103906899863,0.007483306470182027,0.004973945997157836,0.0033057851239670644
2024-02-23,-0.002496537436422752,0.004573170731707599,0.008466819221967903,0.0035714285714285587,-0.00966405890473998,0.014062499999999867,-0.002752924982794114,0.009708737864077666,0.0018532246108229344,0.0010010010010010895,-0.007788161993769416,-0.014974619289339963,-0.0011415525114154557,-0.008528784648187737,0.012609117361784605,0.0015873015873015817,-0.024001959343619816,-0.0032414910858994395,-0.008713692946058171,0.0007999085818761742,-0.0009427292010369959,-0.0049423393739703725
2024-02-26,-0.011148772818230013,-0.02124430955993939,-0.025414113909689062,-0.022538552787663035,-0.008364312267657992,-0.03081664098613257,-0.01000690131124915,-0.02472527472527486,-0.034776174620791744,-0.018000000000000016,-0.017268445839874413,-0.010564287554754026,-0.030857142857142805,0.007885304659498216,-0.009578544061302652,-0.03645007923930277,-0.031367628607277265,-0.019105691056910623,-0.00334868145667655,-0.022151176067595313,-0.007313045529606099,0.039735099337748325
2024-02-27,-0.0032330764964778602,-0.0021705426356589674,0.003958090803259484,0.0042475728155340065,0.00562324273664494,0.0,-0.009759498082955731,0.005633802816901401,-0.00804906094289004,0.005091649694500822,-0.0015974440894568342,0.019661458333333437,0.00589622641509413,-0.0007112375533427917,0.01547388781431347,0.0,-0.0005181347150260418,-0.0029009531703274583,0.00545989080218412,0.006422232601587918,0.004515209125475428,0.0015923566878981443
2024-02-28,-0.004705534181710602,-0.0049720323182099735,-0.010899814471242997,-0.0012084592145015227,-0.021435228331780132,-0.004769475357710662,-0.007391763463569179,-0.0056022408963585235,-0.017387944358578045,-0.015197568389057614,-0.009599999999999942,-0.0066402758268420126,0.011723329425556983,-0.02135231316725983,-0.018095238095238053,-0.013157894736842035,0.010886469673405896,-0.00831255195344971,-0.006265664160401085,-0.011138183083884368,-0.0009462976105987231,-0.014308426073131986
2024-02-29,0.007998572745383736,0.0006246096189879147,0.0058616647127784915,0.007259528130671322,0.014285714285714235,0.0015974440894568342,0.005319148936170359,0.007042253521126751,0.007471490365709821,0.005144032921810648,0.009693053311793154,0.022625016068903436,0.005793742757821407,0.01381818181818173,0.030067895247332554,0.010999999999999899,-0.01025641025641022,0.0033528918692373733,0.012610340479193072,0.021940631233133834,0.009708737864077666,0.029032258064516148
2024-03-01,-0.005864306784660767,-0.003121098626716501,0.002097902097902171,-0.004204204204204198,0.0009389671361501595,0.00797448165869219,-0.0031746031746031633,-0.005594405594405605,-0.013661202185792365,-0.019447287615148356,-0.008000000000000007,-0.010307982401005611,-0.010368663594470084,0.0007173601147776321,0.016949152542373058,-0.012528849324101476,-0.0056994818652849055,-0.007101086048454497,0.012868410128684005,-0.005166475315728891,-0.0028142589118198558,0.026645768025078453
2024-03-04,-0.005198627942031742,-0.01314965560425807,-0.015119795301232863,-0.010253317249698357,-0.007504690431519689,-0.009493670886076,-0.00424628450106157,-0.005625879043600568,-0.012267510882469246,-0.03653444676409179,0.022580645161290214,-0.03289724374444303,-0.019790454016297976,0.00501792114695343,-0.0032407407407407662,-0.01969949916527547,0.015893694632621136,-0.014303744215397596,0.006147540983606703,-0.017541834968263226,0.03245531514581357,0.01526717557251911
2024-03-05,0.011215176281095252,0.02093908629441632,0.011100614076523296,0.01218769043266299,0.000945179584120881,0.022364217252396346,0.02523098791755518,0.012729844413012614,0.018429487179487225,0.01625135427952329,0.007886435331230235,0.009587601786183342,0.013064133016627011,-0.003566333808844413,-0.02368787738039957,0.01260217983651235,0.014362657091561815,0.013657703798548804,0.008146639511201537,-0.0015270762363444046,0.015034168564920458,0.022556390977443552
2024-03-06,-0.008583564391481335,-0.009633312616531997,-0.0072412987619715485,-0.0066225165562913135,-0.0037771482530688516,-0.012499999999999956,-0.012131715771230511,-0.005586592178770999,-0.013768686073957537,-0.019189765458422325,-0.0015649452269169695,-0.011968258098087659,-0.01289566236811246,0.014316392269148048,0.019505233111322573,-0.012108980827447047,-0.003286978508217353,0.010526315789473717,-0.006060606060605989,-0.0017647058823530015,-0.013464991023339312,-0.002941176470588225
2024-03-07,0.0018327333313499228,0.004079071226859021,0.013176470588235345,0.000606060606060721,-0.013744075829383973,0.007911392405063333,0.0017543859649122862,0.002808988764044784,-0.0043877143996808865,-0.007608695652173703,0.00783699059561127,0.01382488479262678,-0.0035629453681709222,-0.0056457304163726185,-0.029398040130657943,-0.0074906367041199795,0.016996448503297845,0.00708333333333333,0.014634146341463428,-0.03005303476723631,-0.04572338489535932,0.01179941002949847
2024-03-08,-0.007246247691001018,-0.010312499999999947,-0.004180213655364584,-0.00181708055723806,-0.00048053820278703974,-0.0031397174254317317,-0.008756567425569184,-0.0028011204481792618,-0.0020032051282051766,-0.009857612267251015,0.004665629860031162,0.002337662337662527,0.009535160905840279,-0.008516678495386731,0.03509615384615383,-0.002401372212692987,-0.008480917934647114,-0.015308233347124611,-0.008413461538461564,-0.011300121506682803,-0.0014302741358760418,0.002915451895043608
2024-03-11,0.013796569404641579,-0.00599936848752769,0.006529850746268551,0.0012135922330096527,0.018750000000000044,-0.0015748031496062298,0.007067137809187329,-0.001404494382022392,0.0072260136491368865,0.047566371681416086,-0.015479876160990669,0.003109613889608731,0.007083825265643329,-0.0014316392269149159,0.02926149558755231,0.01066024759284745,-0.026415094339622525,-0.0021008403361344463,-0.008080808080808022,0.04325918643234594,0.04082119837670084,-0.011627906976744207
2024-03-12,0.029808378922271617,0.0149301143583227,0.015060240963855609,-0.000606060606060721,0.009910335063709086,-0.018927444794952675,0.0056140350877194045,-0.0014064697609001975,-0.0003985651654045963,0.05174234424498425,-0.036163522012578664,0.020666494445879646,-0.015240328253223745,0.011469534050179142,0.0072202166064982976,0.01939435182034699,-0.039276485788113824,0.003368421052631465,-0.004480651731160856,0.03215926493108734,0.03050458715596327,-0.04117647058823537
2024-03-13,-0.01005730659025783,-0.013458528951486692,-0.026934489842501685,-0.01091570648878104,-0.015420560747663514,-0.003215434083601254,-0.01709699930216324,-0.008450704225352101,-0.07097288676236035,-0.029116465863453955,0.0032626427406199365,-0.009744368514300161,-0.020238095238095277,-0.013465627214741316,-0.01926523297491034,-0.03471295060080104,-0.00295857988165682,-0.02643726395300039,-0.005319148936170359,-0.003195617438940923,-0.005564210994880914,-0.006134969325153228
2024-03-14,-0.006263567686474292,-0.008565989847715727,-0.004222378606615007,-0.0012262415695891704,-0.012814428096820096,-0.001612903225806428,-0.00035498757543495074,0.0,-0.008154506437768272,0.010341261633919352,0.011382113821138073,-0.012268370607028678,0.014580801944106936,-0.002873563218390718,-0.015532206486980393,-0.003803596127247677,0.00944159697868896,0.002586206896551868,0.00452488687782826,0.00812915044653062,0.052596239928379696,0.0030864197530864335
2024-03-15,0.0005009815743637347,-0.0022400000000000198,0.0007067137809186885,0.006138735420503361,0.0033653846153847145,0.0,0.0234375,0.007102272727272707,-0.007356122890523453,-0.008188331627430934,-0.003215434083601254,0.01293828438349065,-0.004790419161676551,-0.0057636887608069065,-0.00649651972157772,-0.005553627212773304,-0.0029396044895777518,0.009888220120378266,-0.02211302211302224,0.014764338444065883,0.00212630236019562,0.0015384615384614886
2024-03-18,-0.005374121537825571,-0.001603592046183433,0.0018832391713747842,-0.0012202562538132788,0.01868711068519402,-0.001615508885298933,0.010062456627342176,0.0,0.016564952048822912,-0.019607843137254832,0.0,0.008941116362242818,0.02406738868832714,0.01231884057971011,0.012143858010275732,0.025130890052356136,-0.014741356204770906,-0.004682843763303524,-0.01005025125628134,0.0036933407946280195,0.0031826861871420142,-0.003072196620583667
2024-03-19,-0.0001404938358329222,-0.010600706713780883,-0.017152255639097835,-0.010995723885155795,-0.02022577610536236,-0.008090614886731351,-0.0006870491240124066,-0.01128349788434413,-0.010720411663807883,-0.0189473684210526,-0.008064516129032251,-0.005190530446891994,-0.011750881316098694,0.012884753042233354,-0.023996308260267774,-0.01634320735444328,0.01550598476605014,-0.007698887938408894,0.0008460236886631556,-0.024308652988403234,-0.027707275803722564,-0.007704160246533087
2024-03-20,0.0009250477160689385,0.012337662337662314,0.002151565861821636,0.005558987029030238,0.00048007681229012,0.013050570962479524,-0.003093846682708845,0.0028530670470756636,0.004334633723450443,-0.0010729613733905241,0.014634146341463428,-0.008908119114278468,0.00832342449464929,-0.004946996466431153,-0.001891252955082745,0.006230529595015577,0.004286096972944131,-0.022413793103448265,-0.0016906170752324368,0.00034285714285720026,-0.007396127909506167,0.0
2024-03-21,-0.0003509592887224189,0.011866581141757537,0.002624045801526753,0.0030712530712528885,-0.0004798464491363452,0.0016103059581320522,-0.0034482758620689724,0.009957325746799306,0.0,0.018259935553168738,0.0016025641025640969,-0.008731381612737454,0.003537735849056478,-0.0007102272727272929,-0.012316437707247663,-0.004471964224286196,0.004801280341424352,-0.0022045855379189128,-0.013971210838272685,-0.011196161316120223,0.0,0.0031055900621117516
2024-03-22,-0.00447630193095383,-0.011093502377179099,-0.03497501784439683,-0.003674219228413933,-0.015842534805568853,0.003215434083601254,-0.00865051903114189,-0.008450704225352101,-0.022011221406991854,-0.011603375527426296,-0.008000000000000007,0.0005181347150258198,-0.007050528789659283,-0.008528784648187737,-0.03645083932853721,-0.018659295093296557,0.007167507300238851,-0.01590808661069376,0.0025762129669386624,-0.025880993645291728,0.006574621959237303,0.001547987616099089
2024-03-25,-0.007253063743497767,0.004807692307692291,-0.002958579881656931,0.0012292562999385304,-0.04878048780487809,0.0064102564102563875,-0.00942408376963344,0.0028409090909089496,-0.007943512797881747,0.03201707577374613,0.004838709677419395,0.012946659761781554,0.002366863905325589,0.047311827956989294,-0.0074664011946241615,-0.008802816901408494,0.015023721665788026,0.005388414907947947,0.008993576017130467,0.005930494603249903,0.005007620291748172,0.0
2024-03-26,0.01200703370613554,0.03349282296650702,0.011374876360039643,0.010435850214855824,0.00512820512820511,0.011146496815286566,-0.0024665257223397408,0.012747875354107707,0.008451957295373624,0.004136504653567741,-0.0048154093097914075,0.022622699386503298,0.015348288075560657,0.00958247775496246,0.014042126379137265,0.01740674955595023,-0.012464294988314695,-0.0026797677534614595,0.0012733446519526126,0.0029477655936800407,0.0023830155979203127,0.012364760432766575
2024-03-27,-0.004849966945339901,-0.0030864197530864335,-0.006112469437652757,0.007897934386391192,-0.012755102040816313,0.012598425196850505,-0.006004945249028504,0.002797202797202747,-0.0030877812086458345,-0.02780638516992806,0.003225806451612856,-0.003374578177727905,-0.008139534883720989,-0.0115254237288136,-0.03363006923837786,-0.01780726256983245,0.021298974493820788,-0.00761307657859378,0.008054260279779513,-0.022102045614860066,-0.007780419278150097,0.0
2024-03-28,0.00037624926513823986,-0.0037151702786376584,0.0009840098400983877,-0.02049427365883061,-0.0020671834625324292,-0.027993779160186527,-0.011727078891258014,0.0,0.0008849557522123686,-0.009533898305084776,0.0,0.008903937797843042,-0.003516998827666984,-0.008916323731138598,0.003582395087001089,0.013153217205830181,-0.005149330587023715,0.0027075812274368616,0.05466778805719086,0.03606636210627556,0.006534524068830372,0.010687022900763399
2024-03-29,0.0007404621424038638,0.0006215040397763438,0.002949127549766617,-0.02892307692307694,-0.005696530295183799,0.014399999999999968,0.003236245954692629,-0.00557880055788007,0.016799292661361598,-0.0235294117647058,0.027331189710610992,0.029210689869484163,0.008235294117647118,0.008996539792387681,-0.0050994390617030705,0.0,0.01164596273291929,0.0027002700270029045,-0.0051834130781498455,-0.008818751450452633,-0.005193681021423924,0.030211480362537735
2024-04-01,0.010822714193434724,0.013664596273291751,0.010781671159029615,0.003168567807351197,0.010937500000000044,0.02208201892744488,0.008960573476702427,0.014025245441795287,0.03130434782608682,-0.004381161007667167,-0.004694835680751019,0.021135265700483075,0.015169194865810809,0.027434842249657088,0.032803690415171616,0.032631578947368345,-0.01816321309797908,0.006732495511669656,0.02685370741482962,0.02435026925778505,0.007613661083315293,0.007331378299120228
2024-04-02,-0.004264144585872542,-0.0027573529411766273,-0.0060606060606061,-0.01516108654453574,-0.005151983513652869,0.0030864197530864335,-0.013499111900532879,0.0055325034578146415,-0.002107925801011712,-0.02970297029702962,0.01729559748427656,0.0053222945002957545,-0.00919540229885063,-0.0033377837116155273,-0.004962779156327479,-0.012232415902140636,0.017457008858780432,-0.002674988854213023,0.013270882123341154,-0.020685714285714307,-0.01856649395509502,0.005822416302765587
2024-04-03,0.0006534460527773955,-0.009831029185867868,-0.012195121951219523,-0.011545862732520784,-0.007767995857068777,0.0015384615384614886,-0.003601008282319018,-0.005502063273727487,-0.0025348542458809575,-0.005668934240362855,0.004636785162287493,-0.0011764705882352233,-0.0034802784222737193,-0.006697923643670389,-0.009975062344139585,-0.006191950464396245,0.013828425096030994,-0.0035762181493071976,0.01502311248073962,-0.01388726805928342,-0.015398152221733463,-0.0014471780028942893
2024-04-08,-0.028248916979085825,0.0052745888923364515,-0.006913580246913575,0.00454250486696961,-0.012526096033402823,0.006144393241167334,-0.014456089627755797,0.006915629322268302,-0.01143583227445999,-0.022805017103762704,0.0015384615384614886,0.02473498233215543,-0.008149010477299212,0.016857720836142898,-0.022166246851385463,-0.024229837313949454,-0.00025258903763591967,-0.005383580080753569,0.0015180265654648473,-0.031124260355029576,0.014298480786416379,-0.004347826086956608
2024-04-09,-0.0026640106560426036,-0.002777777777777657,-0.0027349577324713437,-0.0012919896640826156,0.0005285412262154843,-0.006106870229007688,0.0033003300330032292,-0.0027472527472528485,-0.005569837189374427,-0.009334889148191361,-0.027649769585253448,-0.0011494252873562871,-0.018779342723004744,-0.0013262599469495706,0.013395157135497326,-0.00993260021284148,0.002779181404749753,-0.002255299954894041,-0.009473285335354298,0.0017100280933186607,0.003083700440528636,-0.018922852983988325
2024-04-10,-0.008566856372802634,0.0055710306406684396,-0.022687609075043524,0.01681759379042691,-0.027469624933967207,0.009216589861751334,-0.006213450292397615,0.0013774104683195176,-0.01938819474364495,-0.04240282685512364,0.004739336492890933,0.005983889528193176,-0.011961722488038284,0.02058432934926957,-0.025419420437214013,-0.013615191687567196,0.011085915847820704,-0.015822784810126667,0.002677888293802555,-0.03633703206925987,-0.0019762845849801147,-0.010385756676557945
2024-04-11,1.2136069612589395e-05,-0.005847953216374435,-0.0063775510204081565,-0.004452926208651453,-0.0038022813688213253,0.0,-0.006252298639205622,-0.004126547455295615,0.00746924428822493,0.004920049200491938,0.0031446540880502027,-0.007092198581560294,0.001210653753026536,0.037735849056603765,-0.007824726134585402,0.002542680711950629,-0.0032394717169200726,0.04960955443270554,0.006486074017550525,-0.0099962039731748,-0.011221122112211379,0.014992503748125774
2024-04-12,-0.008476941747572853,-0.005572755417956654,-0.030038510911424954,-0.010223642172523917,-0.021810250817884347,-0.003044140030441511,-0.016654330125832728,-0.015193370165745845,-0.035761011774967266,-0.033047735618115026,0.0,-0.007949308755760387,-0.01813784764207982,-0.020689655172413834,-0.024185068349106276,-0.038768115942029,-0.006750000000000034,-0.013129102844638973,0.004927975739196455,-0.02888548057259699,-0.018914107699154248,0.001477104874446189
2024-04-15,0.02383677166269904,0.022104607721046055,0.015352038115404865,0.018076178179470492,-0.011148272017837413,0.01984732824427482,0.017689123071132906,0.02384291725105192,0.06874717322478507,0.0037974683544304,0.042319749216300995,0.021948670305423246,0.0726600985221677,0.013444302176696565,0.0070043103448276245,0.03731624575951753,0.03322426378051846,0.006651884700665134,0.025650697849868065,0.017767833640431663,0.010660013608527974,0.1
2024-04-16,-0.0017812526150939867,-0.0024367956137678615,-0.002085505735140769,0.010145846544071135,-0.006200676437429498,0.0029940119760478723,0.007026627218934989,-0.005479452054794498,-0.01227253491324587,0.008827238335435084,0.004511278195488577,-0.011363636363636354,-0.009184845005740572,-0.03284902084649399,-0.02621722846441954,-0.014171511627906974,0.015834348355663996,0.004405286343612369,0.020963589554983564,-0.019138755980861344,-0.006732495511669767,0.02680965147453085
2024-04-17,-0.00179640718562879,0.016793893129770865,0.017502612330198675,0.015693659761456313,0.026659103800340533,0.008955223880596996,0.004774146162320969,0.011019283746556585,0.007712082262210762,0.010000000000000009,-0.005988023952095856,0.0009195402298849409,0.016222479721900163,0.05225342913128661,0.021978021978022122,0.015849612974566885,0.004796163069544335,0.016228070175438702,0.0032420749279538086,0.01740276862228085,0.0029371893357434953,0.02872062663185382
2024-04-18,0.0022675464907018217,0.010510510510510551,0.019255455712451797,0.007416563658838138,0.006077348066298338,0.013313609467455523,0.01242690058479523,-0.0013623978201634523,0.03188775510204089,0.012376237623762387,-0.015060240963855387,0.0014928801102433997,-0.007981755986317007,-0.02358783364369954,0.010215053763440674,0.03301886792452824,-0.01288782816229117,-0.010789814415192112,0.022621184919209947,-0.0098483866787612,-0.045956296463167345,-0.013959390862944177
2024-04-19,-0.014448341493194738,-0.0008915304606240682,-0.007052896725440849,-0.007361963190184118,-0.0043931905546403804,0.007299270072992803,-0.0014440433212996595,0.0013642564802183177,-0.00041203131437983487,-0.009779951100244544,0.01987767584097866,-0.007567939456484263,0.0022988505747127963,0.0012714558169102386,-0.018094731240021256,-0.013347383210396857,0.012814313346228179,0.01352530541012209,0.009129213483145993,-0.05313440649129697,-0.01582054309327041,0.0038610038610038533
2024-04-22,0.017259388816013077,-0.008328375966686341,0.010400811770674645,-0.0030902348578492056,0.008273579702151146,-0.008695652173913104,0.008315256688358641,-0.006811989100817373,0.0037098103874690924,-0.0012345679012345512,-0.025487256371814038,-0.0030040439052569923,-0.005733944954128489,-0.026666666666666616,0.04336043360433606,0.013171947312210719,-0.03795655287658162,-0.00129143349117522,-0.00869867780097422,0.00262612301313081,0.004318618042226552,-0.04743589743589749
2024-04-23,0.01028022876792467,0.0011997600479902726,0.0015064022093900231,-0.008059516429014146,-0.000547045951860059,0.011695906432748648,0.001075654356400113,0.006858710562414272,-0.012731006160164315,-0.006180469715698522,-0.012307692307692353,-0.020744002781318827,-0.018454440599769306,-0.024787997390737115,-0.024415584415584335,0.0042164441321150825,-0.00992555831265507,-0.026293103448275845,-0.0038610038610038533,-0.011304108078301733,0.052795031055900665,-0.020188425302826274
2024-04-24,0.0007800127638450949,0.002396644697423511,0.017798947104537444,-0.005624999999999991,0.0,-0.0014450867052022698,0.0021489971346704273,0.0027247956403271267,0.029950083194675736,-0.004975124378109319,0.010903426791277315,-0.0008284023668638785,0.010575793184488758,0.03277591973244154,-0.014909478168264156,0.013296011196641144,-0.0025062656641604564,-0.009296148738379806,-0.01127554615926707,0.007947573898494209,-0.008395734059450821,-0.0013736263736264798
2024-04-25,-0.0003306565895134783,0.028093245666467315,0.011330049261083719,0.016341923318667684,-0.0049261083743842304,0.004341534008683201,0.0035739814152966343,0.006793478260869623,0.017770597738287375,0.0,0.007704160246533087,0.0008290891863080851,-0.0046511627906975495,-0.005181347150259086,-0.012432432432432416,0.0034530386740330155,0.004020100502512669,0.008042895442359255,0.013186029935851717,-0.004979941900677853,0.013729977116704761,0.0
2024-04-26,0.009680810849123533,0.0023255813953488857,0.01144666341938616,0.01607915893630163,0.053905390539053855,-0.012968299711815678,-0.00249287749287741,0.0013495276653170407,0.006746031746031722,0.08000000000000007,0.0,0.026508875739645,0.008177570093457875,0.04427083333333326,0.019157088122605526,0.016861665519614766,-0.01026026026026039,0.009308510638297962,-0.00281392894829402,0.03239260392047827,0.029571106094808286,-0.005502063273727487
2024-04-29,-0.0031764974289676395,0.011600928074246175,0.013243438478208525,0.018867924528301883,0.01148225469728592,-0.007299270072992692,0.009996429846483412,0.0,0.04651162790697683,0.07407407407407396,-0.042813455657492394,0.03585427715010381,-0.002317497103128785,0.004987531172069959,0.020408163265306145,0.04263959390862948,-0.013906447534765998,0.022837066315327226,0.015873015873015817,0.029086991650955962,0.012497259372944436,-0.019363762102351356
2024-04-30,0.0005868544600939885,-0.01634174311926606,-0.017110266159695797,0.006571087216248772,-0.01909184726522173,0.0117647058823529,0.011311417462000817,0.037735849056603765,-0.02824858757062143,-0.039870689655172376,0.01437699680511173,-0.008347245409014992,-0.015098722415795462,0.011786600496277666,-0.04210526315789476,-0.004868549172346581,0.021282051282051295,-0.013310433662516052,0.050694444444444375,-0.019890081130593984,-0.0004330879168471524,-0.014104372355430161
2024-05-06,0.03237536656891504,0.01661323229379197,0.027321083172147098,-0.0017804154302670794,0.010520778537611797,-0.013081395348837233,0.006641034603285689,0.01948051948051943,0.042635658914728536,-0.008978675645342271,-0.0047244094488188,0.03187429854096524,0.021226415094339535,0.038013488657265615,0.017032967032967194,0.032615786040443684,-0.00702987697715296,0.010443864229764843,0.047918043621943074,0.018157543391188247,0.02166377816291165,0.022889842632331847
2024-05-07,0.005567549142142969,-0.0002866972477065799,0.002353494939985934,0.0,-0.00468505986465384,0.00589101620029453,-0.015625,-0.003821656050955302,0.009293680297397744,0.04983012457531144,0.007911392405063333,0.0002175331738090147,-0.0011547344110853786,-0.0035440047253395557,0.01404646137223109,-0.0018951358180668842,0.009608091024020382,-0.00043066322136076085,-0.013560391043834774,-0.007081038552321117,0.001484308736217077,-0.009790209790209836
2024-05-08,-0.003406779661016879,-0.00860338399770566,-0.015027001643578286,-0.0023781212841854638,-0.01778242677824271,0.014641288433382194,-0.004232804232804255,-0.002557544757033292,-0.023941068139963106,-0.031283710895361305,0.007849293563579218,-0.011852979556328691,-0.009248554913294793,-0.012448132780083054,-0.013851891315929565,-0.012025316455696267,0.03055346856999752,0.0004308487720809939,-0.00031969309462920315,-0.031167459059693647,-0.01715011645140785,-0.0014124293785310327
2024-05-09,-0.004518217430001692,0.007810240092565923,0.009296781883194383,0.004767580452920139,0.006922257720979763,-0.005772005772005762,-0.0003542330853701925,0.0,0.009433962264151052,0.025612472160356337,-0.004672897196261738,-0.005942555298778518,0.010501750291715295,0.04801920768307322,0.024311183144246407,0.0006406149903908087,-0.007290400972053357,0.01421188630490966,0.005436520626799002,0.01390403489640124,0.010340370529943854,0.004243281471004057
2024-05-10,-0.00969248291571756,0.02238805970149227,0.01393481341521019,0.012455516014235002,0.007932310946588972,0.007256894049346929,-0.009567682494684648,0.017948717948718107,0.03364485981308407,0.055374592833876246,0.0015649452269170805,-0.0012177571128085818,0.010392609699769073,-0.004009163802978222,-0.01793248945147674,0.012483994878361049,0.0029375764993879727,0.02972399150743099,-0.0015903307888041063,-0.0047055660123688225,-0.008955223880596996,0.009859154929577452
2024-05-13,-0.01896514048465192,0.008141493542953349,-0.00652224551595626,0.005272407732864748,-0.0041972717733472775,0.007204610951008661,0.0017889087656530744,0.0025188916876572875,0.0032549728752260254,-0.018518518518518712,-0.0015625000000001332,0.0042119264021280856,0.014857142857142902,-0.0011500862564691738,0.01611170784103111,-0.0044261776794183305,-0.004637539663168155,0.004536082474226877,0.04810449187639376,-0.0075645008780224066,-0.020438898450946597,0.046025104602510414
2024-05-14,-0.002356389214536958,-0.015873015873015706,-0.007971864009378549,-0.002331002331002252,0.0015806111696523573,-0.008583690987124526,-0.0050000000000000044,-0.01005025125628145,-0.0014419610670511895,0.004192872117400492,-0.00312989045383405,-0.010264900662251608,-0.006756756756756799,-0.025331030512377728,-0.004756871035941024,0.01302000635122269,-0.012506130456105935,-0.012315270935960632,-0.01641337386018238,0.002858309514087498,-0.0043927081045465055,-0.021333333333333315
2024-05-15,-0.0011633509206924186,-0.00820599886813822,-0.011108484991727674,-0.006425233644859807,-0.01367701209889538,-0.0028860028860028253,-0.002153625269203152,0.0012690355329949554,-0.014440433212996373,0.030271398747390377,-0.006279434850863463,-0.010817441730790689,-0.013605442176870874,-0.007678676904902426,-0.008497079129049179,-0.008150470219435713,-0.0024832381425379246,0.01122194513715713,0.0030902348578492056,-0.0033930510314874596,-0.014559894109860916,-0.02043596730245223
2024-05-16,0.0026470588235294468,0.0342368045649073,0.028919694072657487,0.021751910640799288,0.0016000000000000458,0.00868306801736618,-0.0010791366906475197,0.016476552598225558,0.023076923076922995,0.03140830800405281,-0.004739336492891044,0.0005636978579481866,0.019540229885057547,0.013095238095238049,-0.0069630423138726805,0.023072060682679973,-0.014189693801344272,0.042745581586518755,-0.013555144793591989,0.004902628353534055,0.00044772778150869996,-0.011126564673157202
2024-05-17,0.006160164271047153,0.016551724137931156,0.04994192799070851,0.018411967779056404,0.02183173588924392,0.008608321377331585,0.012243428159884662,0.017456359102244523,0.036519871106337254,0.1,0.006349206349206327,0.014760563380281644,0.014656144306651742,0.001762632197414904,0.004314994606256839,0.01853568118628357,0.007323232323232398,0.0011824990145841152,-0.013741411617739008,0.03659032389212613,0.0013425822331618598,0.0
2024-05-20,-0.0034985422740524408,-0.012754409769335062,0.005752212389380507,0.009039548022598876,0.005211047420531356,-0.005689900426742556,0.016008537886873064,0.019607843137254832,0.029360967184801412,-0.010714285714285676,0.011041009463722551,-0.002553852986897698,-0.008888888888888946,-0.008211143695014744,-0.0064446831364125545,0.010009099181073733,0.026071697167209695,-0.0023622047244094,-0.03578214059531348,0.022617335599424804,-0.02100558659217877,-0.0042194092827004814
2024-05-21,-0.002340550029256927,-0.003848268279274314,-0.0013198416190057793,0.009518477043673146,-0.0025920165889061764,0.007153075822603716,0.021008403361344685,0.012019230769230616,-0.003355704697986628,0.009927797833934937,-0.007800312012480437,-0.013692530335077446,-0.004484304932735328,0.0005913660555885158,-0.010810810810810811,-0.0030030030030028243,0.025409235279745923,0.0023677979479084232,0.0003284072249589709,-0.01035540782408595,-0.00022825838849593882,0.0
2024-05-22,-0.0042756598240468735,-0.004966887417218513,0.0,0.008319467554076532,0.0036382536382537634,0.007102272727272707,0.0024005486968450285,0.013064133016627011,-0.002356902356902335,0.008042895442359255,0.007861635220125729,0.030248306997742835,0.014639639639639546,0.0005910165484632746,0.06885245901639325,-0.011144578313253106,-0.005480104836788069,-0.009055118110236071,-0.020026263952724888,0.007750936571502498,-0.005936073059360725,-0.011299435028248594
2024-05-23,-0.0033574638778118837,-0.015529672767609637,-0.013656387665198166,-0.0038503850385038785,-0.022786121180735308,-0.0028208744710859213,0.0020526855969893454,-0.0011723329425556983,0.0013499831252110628,-0.03280141843971629,-0.006240249609984372,-0.023992112182296244,-0.019977802441731418,-0.012994683992911926,-0.03220858895705514,-0.002741395065488761,0.006229036895064599,-0.012316249503377175,0.00670016750418756,-0.028201512626586323,-0.0112540192926045,-0.021428571428571463
2024-05-24,-0.008823824918292478,-0.021408450704225257,-0.01987494417150515,-0.012147984538928736,-0.014838367779544281,-0.005657708628005631,-0.013997951519289842,-0.009389671361502372,-0.025615099427030774,-0.02658111824014675,0.007849293563579218,-0.0042653496464251095,-0.005662514156285492,0.007181328545780907,-0.00898045430533534,-0.024434941967012902,-0.016428571428571348,-0.01729686242960582,0.00033277870216297245,-0.028360374620762463,-0.014169570267131282,-0.0014598540145984717
2024-05-27,-0.0041500703603882805,0.011514104778353351,0.004784688995215225,0.019005030743432183,0.007530930607853703,0.009957325746799306,0.00484764542936289,0.011848341232227444,0.015219647180906293,-0.00470809792843685,0.014018691588784993,0.020629015894487734,0.006833712984054774,0.011883541295306221,-0.012260127931769782,0.0,0.016702977487291104,0.007367990176013084,0.022954091816367317,-0.0033939723051860105,0.006126295947219695,0.029239766081871288
2024-05-28,-0.0032812013508010107,-0.008821855435401371,-0.007709750566893492,0.004936917169500843,-0.005872931126534975,-0.0014084507042253502,-0.008614748449345289,0.0,-0.00545144804088582,-0.018921475875118388,0.01228878648233489,-0.004638833664678654,-0.013574660633484115,-0.03347034644744573,-0.0021586616297897265,-0.00031308703819665773,0.021428571428571352,-0.006095083299471726,-0.019512195121951237,-0.012668573763792268,0.013348946135831374,-0.009943181818181879
2024-05-29,0.005622837370242051,-0.0074648291702554825,-0.006627056672760534,-0.013646288209607005,0.0016111707841028888,-0.0014104372355430161,0.006256517205422307,-0.005854800936768045,-0.011990407673860948,0.0067502410800386325,0.004552352048558417,0.003439857967154847,-0.005733944954128489,-0.010935601458080146,0.02758247701460248,-0.015032884434700966,0.012820512820512997,-0.0012264922322159366,0.008291873963515828,0.0037251655629138014,-0.005777675063554422,-0.001434720229555153
2024-05-30,-0.014934289127837563,-0.006653167486259659,-0.007361398665746477,-0.007194244604316502,-0.004825737265415575,-0.01412429378531066,-0.015198618307426526,-0.010600706713780883,-0.006241331484049928,-0.021072796934865745,-0.012084592145015116,-0.017250912307862465,-0.0034602076124566894,-0.0030712530712531105,-0.0052631578947369695,0.00031796502384739966,-0.008285385500575337,0.004093327875562824,-0.006578947368421018,-0.018694158075601375,-0.0032543003254300595,0.001436781609195359
2024-05-31,-0.00033353547604608735,-0.0017472335468842193,-0.0018539976825028281,-0.002787068004459381,0.003232758620689724,0.010028653295128809,-0.0070150824272186,-0.0071428571428572285,0.004187020237264472,0.0,-0.013761467889908285,-0.014853156295712933,-0.0011574074074073293,-0.0030807147258163914,-0.016402116402116307,-0.0034965034965034336,-0.017637502900905155,-0.0211985324092947,-0.021854304635761546,-0.0054629499929962355,-0.012126865671641895,0.0
2024-06-03,-0.005496072067699975,-0.0037922987164528132,0.0013930810308799835,-0.005030743432084983,-0.010204081632653184,0.005673758865248235,0.009537265983751375,-0.007194244604316613,0.0038220986796386747,0.001956947162426559,-0.007751937984496138,-0.003769274700171299,0.004634994206257126,-0.016687268232385644,-0.0037654653039268515,0.007336523125996752,0.023860146468225985,0.019575177009579336,0.03182125930941093,-0.007464788732394423,0.003305004721435356,0.008608321377331585
2024-06-04,0.00842386497416725,0.011420204978038084,0.0032460004637142603,-0.002808988764045006,0.007053716766142193,0.016925246826516194,0.0013995801259623075,0.004830917874396157,0.00346140533056416,0.03125,-0.010937500000000044,0.010089429030038843,0.008073817762399127,0.0,0.005939524838012966,-0.0003166561114629207,-0.023073373327180402,0.0032679738562091387,-0.011811023622047223,0.0417198808003405,0.031294117647058695,0.012802275960170695
2024-06-05,-0.005564964916525583,-0.015923566878980777,-0.004391033048301463,-0.011267605633802802,-0.0010775862068965747,0.0,-0.04542278127183785,-0.0036057692307693845,-0.002414625733011322,-0.021780303030303094,-0.011058451816745696,0.000454029511918419,-0.013729977116704872,-0.008799497171590231,-0.01878690284487372,0.004117833386126035,0.00968351440717985,-0.008550488599348371,-0.0073041168658699585,-0.0009535485628660023,0.002053388090349051,-0.030898876404494402
2024-06-06,-0.002548661800486629,0.0002942041776992088,-0.014623955431754765,0.0011396011396012096,-0.0026968716289105243,-0.004160887656033285,0.0054904831625182116,-0.004825090470446214,-0.01970954356846477,-0.0038722168441434057,0.011182108626198062,0.0074880871341047595,0.0034802784222738303,0.02473050095117313,-0.06017505470459528,-0.01545741324921135,0.03298245614035089,-0.003285420944558637,0.03645484949832767,-0.012680665394055213,-0.0229963570127506,0.0304347826086957
2024-06-07,-0.012580725815795613,-0.0002941176470587781,-0.007773851590106129,-0.0022766078542970636,-0.005949161709031925,0.025069637883008422,-0.014925373134328401,0.0072727272727273196,-0.001410934744268122,0.01263362487852282,-0.006319115323854652,-0.009121621621621667,0.003468208092485492,0.0006188118811882859,-0.025611175785797524,-0.007049022749118894,-0.00022644927536230597,0.0012360939431397266,-0.011939335269441687,0.002623946968650648,-0.01771148916336518,0.012658227848101333
2024-06-11,-0.03099099544213746,-0.018534863195057483,-0.00688509021842354,-0.0068454078722191,-0.0021762785636560977,-0.028532608695652217,-0.012564671101256475,-0.019253910950661868,-0.006711409395973034,-0.018234165067178454,-0.01748807631160576,0.003523127628139555,-0.020737327188940058,-0.014842300556586419,-0.008960573476702427,-0.00354953210713127,-0.016081540203850553,-0.018106995884773713,0.0006531678641410466,-0.02134986225895308,0.013523131672597888,-0.036111111111111094
2024-06-12,0.0017080943275973315,-0.008093525179855954,-0.01027970356203678,-0.0074669730040206606,-0.0032715376226826187,-0.002797202797202858,0.011227544910179743,-0.004907975460122782,-0.009601706970127966,-0.011730205278592476,0.006472491909385036,-0.018686296715741735,-0.0023529411764705577,0.00878844946641566,0.0036166365280287938,-0.006800518134714939,0.027854511970534013,0.0004191114836546994,-0.008485639686684143,0.002533427163969204,-0.014513108614232162,0.012968299711815456
2024-06-13,-0.010606484780616987,-0.008159564823209564,-0.0024154589371980784,-0.0063657407407407,-0.001094091903719896,-0.012622720897615736,-0.005551443375277465,0.002466091245376223,0.009335727109515135,-0.024727992087042572,-0.012861736334405127,-0.010271206001154054,-0.010613207547169767,-0.031113876789047867,-0.008408408408408174,-0.003912618193674611,-0.0015677491601343574,-0.024717218265605356,-0.014812376563528629,-0.006036782254668083,-0.0009501187648456311,-0.0014224751066856944
2024-06-14,-6.430826811398838e-06,0.030164533820840944,0.01380145278450362,0.016889924286546343,0.02026286966045987,-0.03409090909090917,0.01116486788239679,0.0012300123001229846,0.01849875489149766,0.014198782961460488,0.0016286644951140072,0.008278917910447658,0.0035756853396899935,0.007064868336544627,0.012719563900666087,0.02815057283142397,-0.00515926424405555,0.02319587628865971,0.024056130972268663,-0.021468926553672274,-0.003804089396100885,-0.015669515669515577
2024-06-17,-0.008681672025723453,-0.002366163856847292,-0.006926200143300698,-0.005727376861397571,0.0016103059581320522,0.010294117647058787,-0.010673536989326604,-0.004914004914005066,-0.005588543485854025,-0.019999999999999907,-0.026016260162601612,-0.008326587255695572,-0.001187648456057011,-0.0025510204081632404,0.0,-0.0019102196752626144,-0.018263810597519803,-0.005037783375314908,-0.014029363784665572,-0.00721709006928406,0.015035799522673088,-0.02026049204052105
2024-06-18,-0.012974375608173827,-0.0005929439667949898,0.003607503607503615,0.001728110599078514,0.002679528403001008,0.010189228529839944,-0.017857142857142905,-0.0012345679012345512,0.0007024938531787761,-0.015306122448979664,0.005008347245408995,-0.007230320699708526,0.021403091557669507,0.024296675191815886,0.0011961722488038617,-0.003827751196172291,0.0006890215893431417,0.005485232067510504,-0.004301786896095283,0.007414946205292372,-0.013167176110980505,0.04431314623338278
2024-06-19,-0.013473545842918155,0.013052506674577247,0.006470165348670065,0.01322599194939622,-0.009620523784072632,0.030259365994236287,-0.003030303030302939,0.016069221260816002,0.0003510003510003301,-0.0010362694300517505,0.008305647840531671,-0.010924468460002279,0.00465657741559955,-0.012484394506866336,-0.02270011947431294,0.0022414345180916673,-0.0029837043837503963,-0.005035669324380931,-0.016284479893652337,-0.02568913263097128,-0.014534191088872994,0.0028288543140027045
2024-06-20,-0.0005996002664890865,-0.0040995607613469875,-0.011666666666666714,-0.018161180476730987,-0.008094981111710808,0.00419580419580412,-0.025455927051671767,-0.0024330900243311193,-0.00070175438596487,-0.025933609958506243,0.016474464579901094,-0.0019002375296911511,-0.013904982618771822,-0.006953223767383054,-0.0476772616136919,0.006709265175718793,0.027394106813996455,0.002952340784479146,-0.005743243243243268,-0.03184713375796189,-0.01837524177949701,0.0028208744710860323
2024-06-21,-0.019398706752883133,-0.009114966186415607,0.0038544928932788824,0.0028901734104047616,0.0032644178454843686,0.00417827298050133,0.005068226120857888,-0.003658536585365746,-0.00035112359550570904,0.005324813631522707,-0.004862236628849326,-0.008805330794859678,0.007050528789659394,0.014640356460852821,-0.007702182284980652,-0.0031735956839099577,-0.011651355590410084,0.03238015138772066,-0.00849473326537542,-0.010709914320685465,-0.01379310344827589,0.0182841068917019
2024-06-24,0.003772943575798715,0.010979228486646786,0.0031197504199662607,0.004034582132564912,-0.0010845986984815426,0.00832177531206657,0.007370054305663176,-0.00244798041615657,0.0007024938531787761,-0.018008474576271194,-0.0016286644951140072,0.0117647058823529,-0.016336056009334965,0.0025094102885823144,-0.02781371280724465,-0.004138809296402424,0.003173883473135408,-0.05743380855397151,0.018848526387936992,-0.00278379214351987,0.006243756243756282,-0.02071823204419898
2024-06-25,0.006840269547255584,0.006750807161725714,-0.005980861244019087,-0.005740528128587941,-0.016286644951140072,0.0013755158184320937,-0.0077011936850212015,0.006134969325153339,-0.008073008073007926,0.011866235167206085,-0.0032626427406198255,0.01779781680113901,0.003558718861210064,0.02377972465581979,-0.03925482368596145,-0.014386189258312143,-0.007231638418079056,0.017718236819360467,0.0033636057854018464,-0.02295285359801491,-0.01464383221643073,0.005641748942172065
2024-06-26,0.0017287189318264673,-0.0069970845481047705,0.002406738868832692,0.0005773672055426893,0.015452538631346435,0.006868131868131844,0.008537058595265767,0.0012195121951221743,-0.018400566171266952,-0.014925373134328401,0.00654664484451728,-0.004546514339006769,0.0011820330969267712,0.003056234718826545,0.015235457063711877,0.0038923126824521592,-0.004097427725927583,0.005520169851380041,-0.015755950385517914,0.02238095238095239,0.005037783375314797,0.009817671809256634
2024-06-27,0.0008527954231074553,0.005871990604814803,-0.00552220888355337,0.006924408540103899,0.0,0.01500682128240105,-0.008464794151596733,0.0012180267965895553,0.006128334534967639,-0.029220779220779147,0.001626016260162677,-0.02681812858648558,-0.0011806375442738881,-0.009140767824497131,-0.027285129604365688,0.0019386106623586752,-0.005714285714285672,-0.005912162162162171,-0.032697547683923744,-0.022667287688247106,-0.016541353383458524,-0.002777777777777879
2024-06-28,-0.01549825896181789,-0.0020431990659661725,-0.0014485755673587786,0.0097421203438397,-0.009239130434782528,0.004032258064516014,0.00271633682576633,0.0012165450121655041,-0.0017914725904694118,-0.02341137123745829,0.025974025974025983,-0.02695547533092657,0.013002364066193817,0.014760147601475815,-0.016830294530154277,0.0012899064817799566,0.020000000000000018,0.0021240441801189114,-0.0007042253521126751,-0.007307386814932482,-0.01987767584097866,0.04596100278551529
2024-07-01,-0.018406831176442484,0.004972214097689331,0.006286266924564687,0.007377979568671922,-0.001645639056500392,0.009370816599732379,0.0050309597523219285,0.006075334143377686,0.024407753050969205,0.06278538812785395,0.011075949367088445,0.017808558001483954,0.011668611435239118,-0.00424242424242427,0.0021398002853068032,0.009661835748792313,0.020509353166554112,-0.010597710894446832,0.00035236081747713754,0.00016002560409655864,-0.0049401976079042065,0.014647137150466172
2024-07-02,0.03493522542662353,0.020954598370197974,0.013214800576645924,0.00957746478873256,-0.0005494505494504365,0.013262599469495928,-0.0077011936850212015,0.030193236714975757,-0.005255781359495448,-0.03007518796992492,0.009389671361502483,-0.024301336573511523,-0.0023068050749711633,-0.04747413268411438,-0.016370106761565917,-0.014354066985646008,0.011484098939929188,0.018851756640959838,-0.03980274744628387,-0.011039999999999939,-0.02090410243010199,0.006561679790026309
2024-07-03,0.006238679814852155,-0.01767388825541616,0.002371354043158691,-0.01227678571428581,0.010445299615173154,-0.002617801047120394,0.0015521924718664426,0.0,0.012680521310320492,0.009966777408637828,-0.0031007751937984773,0.001494396014944055,0.0,-0.0031948881789137795,0.0021707670043413785,0.0003236245954691963,-0.012008733624454093,0.011354079058031985,-0.018341892883345534,0.09982203526937394,0.03202562049639712,0.009126466753585527
2024-07-04,-0.009506666666666663,0.0072547881601856545,-0.006860657676839521,-0.004519774011299327,-0.018498367791077275,0.019685039370078705,-0.00774893452150327,-0.003516998827666984,-0.004869565217391347,-0.02960526315789469,0.012441679626749691,0.0073364834618254715,-0.009248554913294793,0.0012820512820512775,-0.028158844765342916,-0.00614687803299907,0.0033149171270718814,-0.0045738045738045185,-0.00037369207772797175,-0.047513974698440764,-0.005689164727178619,-0.006459948320413411
2024-07-05,-0.022036157066512296,-0.023912417170844136,-0.0204859456884231,-0.024404086265607194,-0.012749445676275006,-0.02445302445302444,-0.006247559547051917,-0.018823529411764683,-0.02341838518000694,-0.005649717514124131,-0.01228878648233489,0.001110973953832639,-0.011668611435239118,0.012804097311139628,0.003714710252600284,-0.02408854166666663,-0.0066079295154184425,0.009607351712614953,-0.004112149532710219,0.015135135135135203,0.041092327698309505,-0.0039011703511053764
2024-07-08,-0.0227116311080523,0.0032467532467532756,-0.006809338521400643,0.005235602094240788,-0.017405951712521017,0.014511873350923521,-0.00982318271119842,0.010791366906474753,0.010737294201861092,-0.02840909090909094,0.010886469673405896,-0.022934648581997563,-0.02833530106257376,-0.01643489254108721,-0.031088082901554404,0.009006004002668488,-0.0381374722838137,0.021928009929664816,-0.007882882882882969,-0.04001217100258636,-0.020484636522608013,0.005221932114882533
2024-07-09,0.01269718309859158,0.014121800529567352,0.016650342801175277,-0.04918981481481488,0.020571428571428463,0.006501950585175553,-0.007936507936507908,0.02491103202846978,0.02372521246458925,0.0011695906432749315,0.006153846153846176,-0.00832912670368502,0.004860267314702238,-0.016709511568123392,0.005347593582887722,0.010578512396694162,0.0004610419548178868,0.0,-0.004918653045781318,0.0007923930269413404,-0.005610813567967332,0.014285714285714235
2024-07-10,-0.00030597414518473975,0.006092254134029584,0.00818882466281301,0.010955569080949523,0.017357222844345044,-0.04651162790697683,0.005199999999999871,0.0057870370370369795,0.0006918021445865286,-0.004672897196261738,-0.01834862385321101,-0.010562484092644375,-0.010882708585247869,0.01437908496732021,0.03039513677811545,0.022898266274124834,-0.038940092165898554,-0.007692307692307554,0.0022813688212928174,0.003167062549485289,0.010771992818671361,-0.01920614596670933
2024-07-11,0.017042411257729873,-0.051326412918108466,0.00191113234591489,-0.007826610475617057,0.008255365987892116,-0.004065040650406582,0.022682053322721885,-0.010356731875719172,-0.02350501209816802,0.0199530516431925,0.0,0.03575562700964641,0.014669926650366927,0.05154639175257736,0.04867256637168138,-0.013431403901502992,-0.0007192519779429807,0.01183190534475731,0.022003034901365792,0.06282557221783747,0.030195381882770933,0.010443864229765065
2024-07-12,0.011442524058026482,0.033434650455927084,0.01764425369575595,0.024271844660194164,0.0021834061135370675,0.010884353741496655,-0.0077821011673151474,0.027906976744185963,-0.019823008849557455,0.03797468354430378,-0.0031152647975076775,0.034645473736495624,0.00120481927710836,-0.001225490196078427,-0.002812939521800395,0.022042139384116588,-0.011276391554702503,-0.001612903225806428,0.020415738678544848,0.0062379325709194244,0.016502463054187233,-0.015503875968992276
2024-07-15,-0.002650762094101977,-0.006470588235294117,-0.0035145267104029765,0.008886255924170694,0.005446623093682046,0.010767160161507361,-0.00039215686274518546,0.00452488687782826,0.01625135427952329,-0.0022172949002217113,0.0234375,-0.0206433029284685,0.001203369434416235,-0.0006134969325154449,-0.020451339915373734,-0.0019029495718364542,0.02863382674108217,0.0040387722132471104,-0.03055656602400869,-0.012841328413284225,-0.011873031257572109,0.006561679790026309
2024-07-16,0.0007458132754762925,0.00029603315571336,-0.031507171408417634,-0.0017615971814445297,0.014626218851570894,-0.0026631158455392434,0.001961553550412054,-0.0022522522522524513,0.003909026297086005,0.011111111111111072,-0.009160305343511421,0.002083333333333437,0.008413461538461675,-0.0018416206261508972,0.012958963282937441,-0.008579599618684486,0.00047180938900681646,-0.0008045052292839916,0.004502814258911858,0.008821770334928258,0.004168710152035349,0.0
2024-07-17,0.017208672086720833,0.00828647528854698,0.026705511046370534,0.0117647058823529,0.006406833956219993,0.0,0.018010963194988294,0.020316027088036037,0.03787610619469017,0.027472527472527375,-0.00924499229583986,0.006603888956830284,0.007151370679379987,-0.012300123001230179,0.002132196162046851,0.028846153846153966,-0.01626974770101386,0.01731078904991956,-0.004109077325364141,0.04505706239810303,0.019291819291819223,-0.009126466753585416
2024-07-18,-0.002590915145863959,0.0005870267097154436,0.0018917001655236465,-0.005813953488371992,0.006366047745357983,-0.002670226969292422,0.008076923076923093,-0.02986725663716805,0.016712141882673892,0.013903743315508033,0.013996889580093264,-0.006439071801725205,0.0011834319526629056,0.01743462017434627,0.0007092198581559739,0.004049844236760025,0.007909875359539686,-0.006727344677483149,0.007876969242310627,-0.004822011062260767,0.009822712026832603,0.022368421052631593
2024-07-19,0.018771160125808706,0.0046934584922264655,0.01557705924002839,0.0017543859649120641,0.022140221402214166,-0.0013386880856760541,0.007249141549027005,-0.004561003420752496,-0.0036900369003689537,-0.030590717299578185,-0.0030674846625766694,0.00929322572756175,0.008274231678486732,0.003671970624234966,0.019844082211197822,-0.0062053986968660935,-0.0019024970273483488,-0.007171314741035828,0.005582433941198284,-0.004845375516602579,0.0018979833926453527,0.024453024453024552
2024-07-22,-0.017448643830049404,-0.026569343065693363,-0.0006971880083662674,-0.02043199065966128,0.04125838060856113,0.0,-0.011363636363636243,-0.01718213058419249,-0.007070707070707116,-0.005440696409140244,-0.012307692307692353,-0.011024957596317053,-0.0023446658851112856,-0.007926829268292579,-0.0006949270326616075,-0.011239463003434258,-0.005718370264474637,-0.01966292134831471,-0.015544041450777146,-0.01646856651868811,0.012787118162443933,-0.015075376884422176
2024-07-23,-0.029352901934623032,0.0,-0.0048837209302325935,0.009535160905840279,-0.04903417533432397,0.018766756032171594,-0.02605363984674325,0.0011655011655011815,-0.014920311970159306,-0.01422319474835898,0.0015576323987538387,-0.023643268406223106,-0.04817861339600471,-0.01659496004917027,-0.025034770514603677,-0.01926113040732569,-0.016055595494847696,-0.013098649201801038,-0.03007518796992481,-0.02839254513686662,-0.03179798924479793,-0.005102040816326481
2024-07-24,-0.0102955326460481,-0.0047990401919617565,-0.005375087637298326,-0.006493506493506662,-0.01666666666666672,0.010526315789473717,-0.014555468135326599,-0.004656577415599439,-0.012048192771084376,-0.031076581576026552,0.03576982892690528,-0.005144291091593423,0.014814814814814836,-0.0012499999999999734,-0.026390870185449278,-0.016419832582099114,0.017048222113979383,-0.010369141435089158,-0.018217054263566013,-0.023078075827963507,-0.0002414875633904856,0.019230769230769384
2024-07-25,-0.006617963639393931,-0.010548523206751148,0.0002349624060149491,-0.007130124777183444,0.00741525423728806,-0.01302083333333326,-0.0003992015968063978,-0.0035087719298246833,-0.0076655052264807955,0.009163802978235935,-0.0015015015015015232,-0.009963425400428938,-0.0048661800486619056,-0.017521902377972576,0.02417582417582409,0.005891980360065441,-0.012212643678160884,-0.0025146689019278634,-0.0015791551519936942,0.023930050621260968,0.0014492753623189802,-0.023899371069182385
2024-07-26,-0.0058022076351459395,-0.01401157477916537,-0.0347662673244068,-0.013165769000598626,0.012618296529968598,-0.0158311345646438,0.0015974440894568342,-0.02230046948356801,-0.01790730337078661,0.012485811577752415,-0.010526315789473717,0.010318471337579682,0.004889975550122383,0.01847133757961794,0.011444921316166035,-0.004555808656036442,-0.01090909090909098,0.005042016806722671,0.08303677342823246,0.005543071161048685,-0.00940665701881338,-0.005154639175257714
2024-07-29,-0.016994916291072304,0.0024714241581713647,0.005597468970552466,0.013947847180109108,-0.019730010384216068,0.00536193029490617,-0.013556618819776656,0.024009603841536498,0.020736503396496353,-0.036995515695067316,0.01823708206686936,-0.021813138317992697,0.01338199513381988,-0.023764853033145794,-0.02192362093352196,0.020921869892121636,0.0009803921568629637,0.0071070234113712605,-0.014968966776195747,-0.03322407628128732,-0.014122230338446506,0.006476683937823857
2024-07-30,-0.012896811204417657,-0.0009244992295840415,0.0002420135527589906,-0.0017942583732055706,0.0021186440677967155,0.0,-0.013742926434923142,-0.016412661195779443,-0.003852889667250392,-0.030267753201396963,-0.0343283582089553,-0.0311936065996391,-0.006002400960384291,0.0,0.003615328994938549,-0.009285943003522257,-0.025465230166503594,0.004566210045662045,-0.04002965159377325,0.0007705347511173244,-0.012101753519387581,-0.006435006435006385
2024-07-31,0.029920506670338076,0.009561998766193458,0.029760464553593158,0.0035949670461352667,0.046511627906976605,-0.01866666666666661,0.028278688524590256,0.0011918951132299238,0.039029535864978815,0.05882352941176472,0.0030911901081918103,0.03246407663650874,0.008454106280193274,0.034593209481101894,0.04466858789625361,0.040723981900452566,-0.0012562814070351536,-0.0012396694214874548,0.05366795366795363,0.05651370495842323,0.05525000000000002,-0.011658031088082832
2024-08-01,-0.024710120454801254,-0.0006110601894285805,-0.0011748120300753007,-0.006567164179104412,-0.011111111111111183,0.005434782608695565,-0.023515344758868073,0.020238095238095166,-0.00033840947546537326,-0.04081632653061218,0.010785824345146189,-0.04317010309278346,0.008383233532934131,-0.022910216718266208,-0.008965517241379395,0.0009316770186333923,-0.008553459119496898,-0.02482416218452632,-0.017955294979846048,-0.020550940096195847,-0.006159677801468755,0.05897771952817821
2024-08-02,-0.0005122063831015655,-0.013145826964231166,-0.016231474947071223,-0.007211538461538547,-0.01889683350357496,0.002702702702702675,-0.002448979591836653,-0.011668611435239118,-0.02437373053486791,-0.020094562647754333,0.004573170731707377,-0.0033670033670033517,-0.009501187648456089,-0.008238276299112779,-0.010438413361169019,-0.015513496742165622,-0.007612281146916922,-0.015697921086126443,-0.014925373134328401,-0.008928571428571508,0.005244338498212153,-0.007425742574257432
2024-08-05,0.01772709228048641,-0.005576208178438624,0.004304160688665792,-0.008474576271186529,-0.00468505986465384,-0.006738544474393482,-0.004909983633387904,-0.010625737898465104,0.010409437890353868,-0.003618817852834688,-0.022761760242792084,-0.02297297297297296,-0.014388489208633004,-0.014696485623003186,-0.00914205344585095,0.018594390167034458,-0.016364101252876462,0.0,-0.01780303030303021,-0.0025525525525523785,0.011382499407161406,-0.032418952618453845
2024-08-06,-0.003765930738079848,-0.012461059190031265,-0.02619047619047621,-0.01037851037851023,-0.0005230125523013607,-0.009497964721845387,-0.0004111842105263275,-0.01670644391408116,-0.05734890109890112,0.03874092009685226,0.0,0.0,0.0024330900243307862,0.0025940337224383825,0.025550035486160416,-0.0606435643564357,-0.00831817000259949,0.014224137931034608,-0.017354415734670225,0.024236037934667998,0.006096131301289498,-0.005154639175257714
2024-08-07,0.007688474407346657,-0.003785488958990557,-0.004889975550122161,0.006785934608266375,-0.007326007326007411,0.00136986301369868,-0.008227067050596393,0.008495145631068013,-0.013843351548269545,-0.012820512820512775,0.012422360248447006,0.01645919778699856,-0.004854368932038944,-0.010349288486416586,-0.015224913494809589,-0.024044795783926265,0.019134993446920268,-0.01104972375690616,0.0007849293563579884,-0.020723104056437514,-0.01771148916336518,-0.007772020725388518
2024-08-08,0.010731190392087697,0.011082963901203335,0.0029484029484028174,0.007352941176470562,0.005271481286241553,-0.002735978112175075,0.011613438407299892,0.008423586040914532,-0.0003694126339121029,0.001180637544273777,-0.0030674846625766694,0.040957953463056196,-0.0012195121951219523,-0.0006535947712419388,-0.005621925509487036,-0.0023624704691191933,0.0002572016460904436,0.029222174473571005,-0.004705882352941226,-0.009155035269398204,0.010201660735468465,-0.009138381201044377
2024-08-09,0.004270666601430051,0.012527403695584027,-0.005144536991670723,-0.0042579075425790425,-0.009438909281594077,0.004115226337448652,-0.008200082000820008,0.017899761336515274,0.009977827050997812,0.008254716981132004,0.009230769230769154,-0.011633986928104578,0.008547008547008517,0.007848266841072649,-0.024028268551236742,-0.006765899864682012,0.0041141681666236884,-0.013778705636743105,0.0015760441292356209,-0.018024840957285626,-0.003757632691404389,0.0
2024-08-12,-0.00048719376391981317,-0.006495515001546548,0.0002462447672986201,-0.005497861942577842,-0.001058761249338236,0.006830601092896238,0.006614303431169866,0.0058616647127784915,0.002195389681668658,-0.0339181286549709,0.001524390243902607,-0.009125777013622494,-0.010895883777239712,-0.004542504866969499,0.008689355539464039,0.004427792915531192,0.006402048655569814,-0.014394580863674844,0.014555468135326377,-0.013573962671602602,0.02852428099952853,-0.0039525691699605625
2024-08-13,-0.009114964138987491,-0.005603985056039762,0.00393894633185643,0.002457002457002311,0.010068892421833509,0.01085481682496603,-0.010677618069815265,0.0011655011655011815,0.007301935012778316,-0.00363196125907983,0.010654490106544845,-0.025493860117458578,0.004895960832313362,-0.0052151238591916504,0.005743000717875146,0.006442861987114412,-0.005597964376590325,-0.005584192439862634,-0.015897634742148115,0.0034401876465988135,-0.02200320880128359,0.013227513227513255
2024-08-14,-0.006823564135178262,-0.00250469630557304,-0.0071113290828836995,-0.002450980392156854,-0.011017838405036562,0.010738255033557076,-0.010377750103777506,-0.002328288707799664,0.0018122508155129502,-0.008505467800729027,0.001506024096385561,-0.030269826051225968,0.004872107186357999,-0.017693315858453462,-0.013561741613133393,-0.008086253369272156,0.0012794268167861667,-0.023758099352051754,-0.01733648542159172,-0.01449275362318836,-0.003984063745019917,-0.031331592689295085
2024-08-15,0.009615792825302671,0.02824858757062132,0.020498888614472577,0.01904176904176902,0.01591511936339507,0.009296148738379806,0.009228187919463116,0.019836639439906545,-0.0010853835021708003,0.006127450980392135,0.006015037593984918,-0.006214689265536699,0.00969696969696976,0.021347565043362327,0.01808972503617956,0.025815217391304213,0.02708918987988751,0.004867256637168138,-0.000801924619085792,0.010436432637571214,0.009882352941176453,0.02695417789757415
2024-08-16,0.0030205551934625596,0.011904761904761862,0.0070183930300096176,0.007836045810729386,-0.0026109660574411553,0.017105263157894735,-0.0012468827930173232,0.012585812356979309,0.007968127490039834,-0.0036540803897686658,-0.001494768310911887,0.0049744172825467725,0.0,-0.0013063357282822041,-0.02487562189054726,0.015894039735099286,0.008459815874595655,-0.007485689123734152,-0.027287319422151013,-0.00641627543035983,0.004659832246038942,0.0
2024-08-19,-0.004024594745667964,0.00814479638009069,0.011055034847392564,0.013755980861243966,-0.003141361256544628,0.02457956015523921,-0.004993757802746579,0.019209039548022666,0.027667984189723382,0.0,0.0059880239520957446,-0.001414227124876155,0.006002400960384291,0.021582733812949728,-0.017492711370262426,0.023142112125162928,-0.004441154700222105,0.002218278615794267,-0.013613861386138515,-0.0014175460702473552,-0.02342300556586263,0.052493438320209806
2024-08-20,-0.0019081827365585724,0.0017953321364450048,-0.0035654860946041644,-0.006489675516224147,-0.005777310924369727,0.005050505050504972,-0.015474696779590125,-0.012195121951219412,-0.0034965034965035446,-0.017114914425427896,-0.008928571428571397,-0.011329839966010447,-0.00835322195704058,0.000640204865557159,-0.013353115727002929,-0.003822873526600823,-0.01635687732342017,-0.016821602478972908,-0.007109995817649595,-0.019242902208201906,0.003324625979577389,-0.012468827930174564
2024-08-21,-0.003612798020692809,-0.007168458781361853,0.0011927480916029687,-0.004156769596199594,-0.0005282620179608566,0.0,-0.006372132540356734,0.0056116722783390305,-0.017894736842105297,-0.021144278606965106,0.0015015015015014122,0.0042973785990545466,-0.0072202166064982976,0.0,-0.006015037593984918,-0.002558362647905321,0.0020156210632402694,-0.029266096352994264,-0.009267059814658807,-0.013509166934705608,0.0014201183431952202,0.002525252525252597
2024-08-22,-0.005311869524118551,0.0018050541516243523,-0.00619490111984744,0.0029815146094216427,-0.01004228329809731,0.0037688442211054607,-0.015391192817443278,0.005580357142856984,-0.004644515898535206,0.011435832274459878,0.010494752623688264,-0.002995293110825803,0.004848484848484658,-0.0051183621241203126,-0.02571860816944027,0.006412311638345658,0.004023133014835256,-0.013914656771799483,0.02338435374149661,-0.017443756113465936,0.03828882060978489,0.01385390428211597
2024-08-23,0.0035034218644729442,0.012012012012012185,0.039319108127547464,0.029726516052318575,0.019754404698344885,-0.0012515644555693983,0.006947459834997893,-0.0011098779134295356,0.03015075376884413,-0.006281407035175879,0.011869436201780381,0.009442060085836923,-0.0024125452352231624,0.025723472668810254,0.0015527950310558758,0.021344377190188002,0.008765339343851819,0.015992474129821188,0.02742002492729534,0.011282561805209923,-0.007056681083542071,0.004968944099378758
2024-08-26,-0.002113089138439106,0.0020771513353115,0.0,0.009237875288683695,-0.03350785340314144,-0.003759398496240629,-0.015092712376024164,-0.013333333333333197,0.0076655052264809065,0.013906447534766109,0.01026392961876832,-0.010770975056689447,0.0036275695284160303,0.0037617554858935254,0.006976744186046435,0.01216469120399255,0.0017378351539225623,-0.006944444444444531,0.004043671653861658,-0.0024610336341264194,-0.006877579092159469,-0.050679851668726794
2024-08-27,-0.005616147308781905,-0.0020728457210541507,-0.0046136101499424376,-0.00858123569794067,0.0,0.010062893081761004,-0.008756567425569184,0.0,-0.0003457814661134151,-0.027431421446383997,0.04208998548621201,-0.003581661891117527,-0.022891566265060392,0.002498438475952547,0.018475750577367167,0.010785824345146189,0.03345724907063197,-0.01724941724941731,-0.030205396697543296,-0.018421052631578894,0.006463527239150446,-0.02994791666666663
2024-08-28,-0.010733083108391939,-0.0005934718100890635,0.0009269988412514696,-0.006924408540103677,-0.0016251354279523955,-0.011207970112079524,-0.017226148409894004,-0.006756756756756799,-0.00933932895191969,-0.011538461538461497,-0.011142061281337101,-0.0010064701653486052,-0.01726263871763256,0.004361370716510882,-0.006802721088435382,-0.0060975609756096505,-0.006954436450839485,-0.027988614800758982,-0.009136212624584639,0.012231903485254714,-0.002293577981651418,-0.01744966442953022
2024-08-29,0.01749460043196538,-0.02226840855106893,-0.013197499421162329,-0.03021499128413707,0.01953336950623985,-0.04785894206549124,0.027865168539325857,-0.030612244897959107,-0.031075418994413462,0.0,-0.032394366197183055,0.01928612550374198,-0.02258469259723961,-0.01488833746898266,0.03196347031963476,-0.0030674846625767804,-0.01593817918377194,0.008296730112250073,-0.010058675607711565,-0.015394802185068723,0.01885057471264373,-0.00819672131147553
2024-08-30,0.021149083704804506,-0.023686607956270866,0.03308305959643376,-0.010784901138406244,0.026609898882384186,-0.05952380952380942,-0.010494097070397945,-0.0140350877192984,0.06810810810810808,0.05317769130998684,-0.008733624454148492,0.030782264896921818,0.00898587933247752,0.015113350125944613,0.018436578171091345,0.02707692307692322,-0.004907975460122782,0.012584704743465736,0.046994072819644295,0.025722932078009464,-0.004287003610108253,-0.016528925619834767
2024-09-02,-0.03339130675794599,-0.006842923794712297,-0.013172836702248447,-0.0006056935190794643,-0.019180922757905505,-0.007032348804500765,-0.043747238179407844,-0.00474495848161316,0.005398110661268607,-0.03325123152709353,0.023494860499265746,-0.029589041095890334,-0.06234096692111957,0.011786600496277666,-0.044895003620564866,0.02366686638705806,0.013070283600493227,-0.002868068833652093,-0.01253538212697125,-0.03409277167677427,-0.005211874008611006,-0.03221288515406151
2024-09-03,0.010752688172043001,-0.009708737864077666,-0.005523590333716966,-0.00848484848484854,0.010570824524312794,-0.025495750708215303,0.026340110905730185,-0.0166865315852206,-0.008389261744966459,0.005095541401273884,-0.043041606886657036,0.007199322416713505,-0.012211668928086783,0.0042918454935623185,0.02426080363912053,0.0011706175007315522,-0.021908471275559838,-0.006711409395973145,0.031122031122031046,0.0035635499745461097,0.015489749430523947,0.0014471780028944004
2024-09-04,-0.007092198581560294,-0.008222643896268256,-0.013191390881740372,-0.007334963325183463,0.0,-0.01017441860465118,-0.0018009905447996521,0.00848484848484854,-0.003045685279187804,-0.024081115335868097,-0.01199400299850073,-0.009250175192711985,-0.026098901098901117,-0.001831501831501714,0.011843079200592133,-0.012277111955568576,-0.012941762070681984,-0.008687258687258725,0.005162827640984968,-0.009976327358809711,-0.001570210856886467,-0.005780346820809301
2024-09-05,0.003485714285714314,-0.005102040816326481,0.018292682926829285,0.003694581280788256,-0.0005230125523013607,-0.001468428781204123,0.015787099684257955,0.0,0.02681602172437203,0.011688311688311748,-0.006069802731411222,0.0015560899702928843,0.008462623413258097,0.004892966360856121,0.006583760058522348,0.009470257472625088,-0.023701462430660514,0.01947419668938677,-0.002370604504148499,0.003074295473953992,0.011008762075938039,0.0014534883720929148
2024-09-06,-0.004897215420534229,0.0016025641025640969,-0.003915246430216568,0.005521472392638005,-0.0026164311878598134,0.0,-0.011545293072824037,0.013221153846153744,0.024462809917355388,-0.012836970474967901,0.007633587786259444,-0.0028248587570621764,-0.006993006993007089,-0.01825928180158254,-0.016715116279069853,-0.0032248607446496713,-0.017561983471074405,-0.007163323782235054,-0.007920792079207928,-0.03252170951813382,-0.01333333333333342,-0.00870827285921616
2024-09-09,-0.01645207439198859,-0.032320000000000015,-0.013179190751445136,-0.0256253813300793,-0.0041972717733472775,-0.010294117647058787,-0.008535489667565233,-0.005931198102016477,-0.030009680542110395,-0.01950585175552666,-0.033333333333333326,-0.0036827195467420415,-0.023943661971830954,-0.05517668939863596,-0.016260162601625883,-0.007352941176470562,-0.02155625657202942,-0.0177970177970177,-0.02914171656686626,-0.021647307286166817,0.0033783783783782884,-0.016105417276720435
2024-09-10,0.0021818181818182847,-0.0016534391534390736,-0.00046860356138711534,0.006261740763932266,-0.005268703898840932,0.0014858841010401136,-0.005437245129134571,0.014319809069212264,-0.0059880239520957446,-0.011936339522546358,0.018808777429467183,-0.009098663633778759,0.0043290043290042934,0.0032808398950130435,-0.013523666416228375,0.001185185185185178,0.007254164427727083,-0.029872673849167586,-0.0016447368421051989,-0.00917431192660556,-0.001571268237934964,0.0029761904761904656
2024-09-11,0.0014513788098693414,-0.0036435905929116386,-0.003281762775433461,-0.016801493466085837,0.006355932203389925,-0.029673590504451064,0.012756264236902126,-0.02941176470588236,-0.0026773761713519972,0.00805369127516764,-0.03076923076923077,0.013916786226685796,-0.008620689655172376,0.01831262262916944,0.017517136329017413,-0.00414323764427349,-0.02000533475593491,0.010600706713780994,0.03377265238879734,0.0018155410312272746,0.02135791366906492,-0.010385756676557945
2024-09-12,-0.03256521739130436,0.004986702127659726,0.0018814675446847673,0.014556962025316533,-0.006315789473684275,0.001529051987767538,-0.016644174538911427,0.02666666666666684,-0.012751677852348986,-0.0026631158455392434,0.004761904761904745,0.0008490165558228124,-0.004347826086956608,-0.004495825305073864,0.0052395209580837765,0.005646359583952654,0.023679912901469757,0.006993006993007089,-0.007968127490039945,-0.007067778180500195,-0.010125467752586381,0.02398800599700146
2024-09-13,-0.023167498089973315,0.012239497188223591,0.006807511737089156,-0.0037429819089207506,0.0021186440677967155,-0.010687022900763288,-0.013266239707227734,-0.01416765053128699,0.007817811012916343,-0.001335113484646211,-0.02211690363349128,0.0019793581224374357,-0.005822416302765698,-0.014193548387096855,-0.02159344750558445,0.007092198581560183,0.006381281574049602,-0.003968253968254065,0.015261044176706928,0.000912575287461248,-0.0044474093840336515,-0.007320644216691097
2024-09-18,-0.028547767477168695,0.016666666666666607,0.01888552110048969,0.006261740763932266,0.0010570824524311906,0.010802469135802406,-0.009272137227630983,-0.003592814371257358,0.026981450252951067,0.020053475935828846,0.03231017770597733,0.02666854804571761,0.0,0.03664921465968596,-0.013698630136986245,0.030516431924882514,0.010303830911492673,0.007470119521912455,0.03283227848101267,-0.01969365426695857,0.007817735090462241,0.01179941002949847
2024-09-19,-0.00465703686163077,-0.009321761491481784,0.007551487414187541,-0.001244555071561848,0.021119324181626098,0.0,0.031352363125877414,0.024038461538461453,0.0006568144499179418,0.03669724770642202,-0.010954616588419341,0.03916987355689927,0.017569546120058677,-0.010101010101010055,0.02777777777777768,-0.0037015945330294286,-0.006276150627615107,-0.014829461196243288,0.03255457679050178,0.025669642857143016,-0.0026595744680850686,0.004373177842565523
2024-09-20,0.0023156225218081694,0.0038935756002596023,0.0027254144901203148,0.012461059190031154,-0.002585315408479838,0.006106870229007688,-0.0027223230490017736,-0.0011737089201877549,-0.006235641614702914,0.017699115044247815,0.009493670886075778,0.0007935458272716467,0.0014388489208632116,0.010841836734693855,-0.03903903903903905,0.0,0.013157894736842035,-0.0030105368790767084,0.010014836795252169,-0.015052593398621639,-0.05088888888888887,-0.005805515239477477
2024-09-23,-0.0018830305715552553,0.014544279250161551,-0.0013590033975083848,0.01907692307692299,0.0010368066355623817,0.01365705614567525,-0.0040946314831664665,0.014101057579318566,0.014200792602377721,0.003726708074534013,0.015673981191222763,-0.0002643055372009151,0.00287356321839094,0.02460567823343851,-0.005468750000000022,0.015432980851671774,0.01558441558441559,0.010065425264217387,0.009181050312155659,-0.00018412815319468478,0.0,0.02481751824817513
2024-09-24,0.08803525849358707,0.055431666135712154,0.054660920843728755,0.037439613526570215,0.07819782496116012,0.06736526946107779,0.06212882594792135,0.05330243337195828,0.06707912732009125,0.011138613861386037,0.043209876543209846,0.043754130865829355,0.04011461318051568,0.02647783251231539,0.06755695208169676,0.03574444131719656,0.05319693094629141,0.041853512705530616,0.008005822416302655,0.0556169429097606,0.022243034418168994,0.04131054131054124
2024-09-25,0.01923357132449377,0.030787805614246766,0.018494623655914033,0.024447031431897637,0.016330451488952846,0.011220196353436185,0.012043010752688321,0.044004400440043945,-0.00884955752212413,0.014687882496939864,-0.00591715976331364,-0.015704154002026294,0.059228650137741035,0.00179964007198552,0.011037527593819041,0.03532608695652195,0.014570179698883079,0.02869440459110484,0.02671480144404348,0.012037683182135384,0.0041227668346313084,0.028727770177838563
2024-09-26,0.09292351679771271,0.03601756954612023,0.06461148648648662,0.048295454545454364,0.06238185255198481,0.04160887656033285,0.08457288567785803,0.03688092729188619,0.06773399014778336,0.1,0.0044642857142858094,0.03834276891405053,0.04681404421326407,0.02934131736526968,0.05967976710334799,0.02965879265091842,0.02273815222594533,0.07345420734542074,0.047819971870604716,0.09998276159282882,0.059762773722627616,0.0146276595744681
2024-09-27,0.06553302812295625,0.007066139061616683,0.02935343117810385,-0.00596205962059615,0.1,-0.03595206391478023,0.08150470219435735,0.0030487804878047697,0.03143021914648214,0.09978070175438591,-0.013333333333333308,0.058364312267657814,0.01863354037267073,0.036649214659685736,0.09615384615384626,0.01962783583991845,-0.021530540603791115,0.048072758770030255,0.010067114093959662,0.09982761322676703,0.04778303917348259,0.002621231979030192
2024-09-30,0.07291922415909635,0.055571147909065255,0.1,0.050708833151581256,0.09987868985038406,0.022099447513812098,0.05326086956521725,0.0263424518743669,0.09309477215543738,0.09970089730807574,0.04504504504504503,0.06919564453811033,0.08658536585365861,0.05948372615039266,0.1,0.1,0.04281272422865334,0.08016528925619837,0.06810631229235864,0.1,0.07436318816762522,0.06797385620915031
2024-10-08,-0.014302059496567487,0.06354692900824244,0.08127517954107533,0.03840166061235095,0.1,-0.006756756756756799,-0.0037839697282421314,0.03652517275419531,0.04245524296675174,-0.0036264732547596212,0.008620689655172376,0.026609724047306216,0.06734006734006726,0.028601694915254328,0.09794988610478383,0.09999999999999987,-0.026605504587156048,0.0038255547054322214,0.030171073094867884,0.09961139896373061,0.07093690248565965,0.05263157894736836
2024-10-09,-0.07420197330237954,-0.0747500000000001,-0.09768346023003394,-0.0699650174912545,0.014371657754010725,-0.04081632653061218,-0.08390883977900554,-0.056190476190476124,-0.1,-0.1,-0.06267806267806264,-0.09461333333333333,-0.08412197686645628,-0.07672502574665307,-0.1,-0.09999999999999998,-0.04924599434495747,-0.08193597560975607,-0.059782608695652106,-0.1,-0.07730762363863597,-0.07558139534883712
2024-10-10,0.028116478074162288,0.04647392596595501,0.050269299820466795,0.0424502955400321,-0.08566721581548609,0.04964539007092217,0.041085563513004075,0.04036326942482349,0.031624863685932425,0.01415571284125372,0.045592705167173175,0.006715362865221675,0.09988518943742819,0.036252091466815406,-0.023054755043227737,0.008953168044077087,0.06443618339529134,0.0365296803652968,0.029865125240847723,-0.024214659685864004,0.0172213622291022,0.07044025157232703
2024-10-11,-0.021347560975609747,-0.0077459333849728695,-0.016410256410256396,-0.020618556701030855,0.015135135135135203,-0.004054054054054124,-0.009775524981897155,-0.014548981571290032,-0.015856236786469413,0.02193419740777669,-0.018895348837209336,-0.04037448800468113,-0.02609603340292277,-0.036060279870828715,-0.04424778761061943,-0.028441410693970437,-0.008149010477299212,-0.004004805766920194,-0.019332709697536643,-0.03916834339369557,-0.04508274681377211,-0.05287896592244412
2024-10-14,-0.0018691705244269219,0.023419203747072626,0.01963851233924241,0.03473684210526318,-0.025204117855875063,0.02170963364993228,0.000365630712979792,0.023622047244094446,0.029001074113855996,0.05268292682926812,0.007407407407407307,-0.0008536585365852556,0.030010718113612,0.041876046901172526,0.03395061728395077,0.030679156908665073,0.0016431924882629456,0.036188178528347326,0.02321144674085862,-0.003769370375540926,0.023705179282868416,0.027295285359801413
2024-10-15,-0.029800435708088102,-0.02110348334604628,-0.025225839440940923,-0.01576805696846384,-0.02694828841951935,-0.021248339973439556,-0.0314327485380117,-0.014423076923076983,-0.022703549060542727,0.01297497683039861,-0.02941176470588236,-0.030513853289393378,-0.03954214360041608,-0.020364415862808127,-0.02686567164179099,-0.02999318336741652,-0.020154675415983148,-0.011641443538998875,-0.021441889372280976,-0.03265134529147984,-0.015372640591554743,-0.018115942028985366
2024-10-16,-0.020427859096027068,0.025974025974025983,0.0033222591362127574,0.031524547803617464,-0.011601796407185616,0.03256445047489831,-0.013207547169811429,0.008780487804878057,-0.011748998664886656,0.042086001829826136,-0.0015151515151514694,-0.007427923958202243,0.007583965330444142,-0.006017505470459539,-0.022699386503067576,0.005856172405715565,-0.006696962449174837,0.005104043973302108,-0.021911718005716008,-0.04244531363175441,-0.028063241106719428,-0.00492004920049216
2024-10-17,-0.0183251231527094,-0.02556962025316456,-0.0066225165562914245,-0.019539078156312617,-0.009466111321469128,-0.014454664914586135,-0.024091778202676828,-0.011605415860734936,0.004052958659821693,-0.09394205443371384,-0.01365705614567525,-0.029680365296803735,-0.03333333333333344,-0.024215740231150362,-0.020087884494664143,-0.004424778761061843,-0.013002648687695628,-0.024218750000000067,-0.016883116883116833,-0.00998487140695914,0.0008133387555917526,-0.013597033374536438
2024-10-18,0.03104509567777347,0.014549233567160202,0.0031578947368420263,0.0015329586101175963,0.06689602446483178,-0.002666666666666595,0.034482758620689724,-0.006849315068493178,0.02260495156081821,0.014534883720930258,0.010769230769230864,0.022483660130719008,0.024471635150166815,0.015228426395939021,0.053811659192825045,0.021520467836257273,0.024152232251768657,0.006405124099279513,0.028071334214002652,0.03942542787286052,0.02559934985778134,0.023809523809523725
2024-10-21,-0.007916937053861206,-0.005121638924455718,-0.004896817068905213,-0.018877551020408223,-0.016123253314224262,-0.020053475935828957,-0.007196969696969591,0.0009852216748769127,0.003947368421052699,0.02769818529130852,-0.003044140030441511,-0.00038353362311427386,0.02931596091205213,-0.013333333333333197,0.06443768996960508,0.0020609113808105484,-0.015721772272510592,-0.0007955449482895949,0.0009637006103437873,0.0024992649220818564,0.0015847860538829028,0.001223990208078396
2024-10-22,0.009288330716902271,0.00823680823680828,0.002811950790861273,-0.004680187207488307,0.007647487254187846,0.005457025920873049,0.015261350629530712,-0.0029527559055116948,0.011533420707732667,0.01858736059479571,0.007633587786259444,0.008952551477171111,-0.009493670886075889,0.0022522522522521182,0.04968589377498556,-0.0013711151736744975,0.0029041626331074433,0.003980891719745028,0.032413350449294054,0.013931661533949313,0.003955696202531556,0.0036674816625918982
2024-10-23,0.015878159429682404,0.012509573653306072,0.021906764808973023,0.0010449320794148065,-0.003614022406938977,-0.005427408412483015,0.0150319428786172,0.004935834155972207,0.025136045607670354,-0.0018248175182482562,-0.0015151515151514694,0.005450627455951151,0.021299254526091493,-0.005617977528090012,0.06528835690968449,0.029748283752860427,-0.009411196911196962,0.010309278350515427,-0.018650917003419365,0.005206826728377134,-0.001379038613081196,0.004872107186357999
2024-10-24,-0.009760765550239192,-0.008825012607160732,-0.0036014405762304635,0.0005219206680584509,-0.010518679724338065,0.0013642564802183177,-0.01814142910033323,-0.003929273084479323,-0.014155712841253831,-0.02010968921389389,-0.015174506828528056,-0.024205748865355314,-0.02294056308654857,-0.014689265536723006,-0.050051072522982465,-0.015555555555555656,0.005846528623629776,-0.014913657770800559,-0.010136205258156505,-0.024460431654676262,-0.03985006904714927,0.00242424242424244
2024-10-25,0.004284241721427495,-0.005342152124141464,-0.0068846815834767705,-0.0015649452269170805,0.008064516129032251,-0.0027247956403269047,0.006033182503770718,-0.00591715976331364,-0.008717948717948842,-0.000932835820895539,-0.006163328197226536,0.004134366925064414,0.0,0.0005733944954127157,0.09999999999999987,-0.0076749435665913746,-0.008718818115766469,0.013944223107569709,-0.013759999999999994,0.017551622418878976,-0.01376618039860289,-0.013301088270858408
2024-10-28,0.003945216024633602,-0.014833759590792805,-0.0034662045060659397,-0.006269592476489061,-0.0003636363636364548,-0.00819672131147553,0.016491754122938573,-0.001984126984126977,-0.006207966890843131,0.01867413632119508,-0.0015503875968991832,0.024189397838394244,-0.01387406616862319,0.021203438395415608,-0.018572825024438022,-0.0145586897179254,0.004153432689958603,0.03379174852652267,-0.0077871512005192045,0.01898825916799529,0.012291666666666812,0.011029411764705843
2024-10-29,-0.021329073482428185,0.0020768431983384517,0.002260869565217538,-0.000525762355415238,-0.009457984721716883,-0.004132231404958553,-0.02212389380530977,-0.006958250497017926,0.005465903175429387,-0.02658111824014675,-0.03260869565217395,-0.03467336683417077,-0.017316017316017285,-0.008978675645342271,-0.041832669322709126,0.0013850415512466352,-0.0029197080291971655,-0.004941087039148528,-0.0016350555918900334,-0.02091038406827883,-0.008437950195513522,0.00848484848484854
2024-10-30,0.0002481033154437817,-0.01865284974093262,-0.028804442130834662,-0.012624934245134223,0.008446566287183321,-0.0027662517289074318,-0.003016591251885359,-0.005005005005005114,-0.03727672793165948,0.004708097928437072,-0.006420545746388395,-0.011192087454450772,-0.012114537444933848,-0.00849377123442796,0.0005197505197505059,-0.02305209774089445,-0.013177159590043952,0.02330022918258212,-0.02063544055027855,-0.013511550196135258,-0.020340390203403835,0.004807692307692291
2024-10-31,-0.0027480417754569553,-0.013727560718057141,-0.0008933357155618271,-0.026105487480021283,0.024034959941733325,-0.01386962552011095,0.05559757942511334,-0.010060362173038184,-0.010486689970422125,0.012183692596063889,-0.001615508885298933,-0.009607791524085307,-0.004459308807134965,0.04226156482010279,0.025454545454545396,-0.011798017932987293,-0.009891196834816984,-0.001493094438223208,-0.022742474916387923,-0.0010309278350516538,-0.012711864406779738,-0.004784688995215225
2024-11-01,0.003901059700613274,0.017398286937901464,0.004113018597997176,0.000547045951859948,-0.006045519203414007,0.015471167369901506,0.013973486205661079,0.010162601626016121,-0.003260869565217317,0.012962962962962843,0.016181229773462924,0.016744186046511622,0.03135498320268759,0.026849315068492974,-0.036980749746707064,0.015998089780324687,0.025724275724275714,0.0018691588785046953,0.005817932922655755,0.007223942208462342,0.02060085836909864,0.016826923076923128
2024-11-04,0.009421352893235646,0.019468560905025134,0.014603739982190556,0.0010934937124111865,0.03971377459749559,0.0,0.018727915194346245,0.005030181086519203,0.004907306434023928,-0.005484460694698212,-0.006369426751592355,0.010717553261011536,0.0032573289902280145,0.003735325506937004,0.013150973172014746,0.006815511163337451,-0.007791575359142988,-0.008208955223880654,0.010547805375978214,0.027663934426229497,0.009041211101766145,0.0035460992907800915
2024-11-05,0.018595788657796097,0.008516129032257957,0.031244514656836975,0.004915346805024479,0.04852030282174802,0.006925207756232732,0.008324661810614087,0.00700700700700696,0.042322300596852935,0.023897058823529438,0.0064102564102563875,0.020043967412388453,0.018398268398268414,0.0015948963317384823,0.019210799584631122,0.0641923436041083,0.006871165644171784,0.017682468021068543,0.0016835016835017313,0.038313630536960686,0.014377995415711498,0.007067137809187329
2024-11-06,-0.0037983753860202363,-0.013306038894575156,-0.021446808510638293,-0.0038043478260869623,0.020019691499835846,-0.009628610729023324,-0.005847953216374324,-0.010934393638171058,-0.03019260801665813,0.017953321364452268,0.0,-0.012550709939147975,0.010626992561105109,-0.015923566878980888,-0.02139582272032592,-0.020837903048914308,-0.017060687301974187,-0.008502772643253276,-0.036302521008403255,-0.003429355281207136,0.0014379622021363225,0.012865497076023358
2024-11-07,0.04973901973265438,0.026192946058091193,0.05827100365280913,0.03164211674849993,0.1,0.012499999999999956,0.04498269896193774,0.03316582914572863,0.05260332796564682,0.02733686067019403,0.015923566878980777,0.02131210681730633,0.039957939011566745,0.016181229773462924,-0.001561686621551317,0.09991039426523307,0.011901810066947682,0.03281133482475762,0.01918381583536788,0.05877494838265651,0.02564102564102555,0.018475750577367167
2024-11-08,-0.02375177365172154,-0.019459186252211325,-0.02827087442472065,-0.011105235325224783,0.020181339572974633,-0.009602194787380003,-0.0023178807947019653,-0.021400778210116655,-0.02881183069862303,-0.040343347639484994,-0.00783699059561127,0.025267127592708993,-0.020222446916076997,-0.018046709129511673,0.002606882168926017,-0.003054989816700604,-0.015192354814996478,-0.02093862815884473,-0.0023956194387405594,-0.014560582423296942,-0.010000000000000009,-0.024943310657596474
2024-11-11,-0.007428709851736381,-0.012113402061855627,-0.012178619756427533,-0.01711229946524062,0.0,-0.015235457063711877,-0.003982741453700589,-0.03379721669980118,-0.02940404305592026,-0.02415026833631484,-0.01579778830963663,-0.008460029426189286,-0.008255933952528438,0.00432432432432428,0.041081643265730605,-0.0318692543411645,-0.020154267230654277,-0.020648967551622488,-0.023670668953687746,-0.018073878627968165,-0.0014141414141414232,-0.019767441860465085
2024-11-12,-0.013022446668043308,-0.019306026611009552,-0.023801369863013733,-0.013601741022850944,-0.027236238532110213,-0.0042194092827004814,-0.006997667444185285,-0.006172839506172867,-0.03218826075196102,-0.008249312557286892,-0.008025682182985716,-0.004575244219117147,-0.008324661810613976,-0.017761033369214085,0.003996003996004083,-0.03945980164591678,-0.011934992381919862,-0.0075301204819276935,0.015108924806746193,-0.0030901518205025402,-0.0028322880841594733,-0.02609727164887299
2024-11-13,0.0008242454983515834,0.006118648576749042,0.003157340817400378,0.0011031439602868787,-0.02976716769820209,0.0014124293785311437,0.007046979865771741,-0.0031055900621117516,0.006707657909446718,-0.01756007393715342,0.009708737864077666,-0.007329192546583929,0.006295907660021083,0.015342465753424683,-0.0009950248756220859,-0.0072495606326890005,0.011822153687997883,-0.003793626707131903,0.024575977847005825,-0.0005390835579515141,0.00121728545343891,0.017052375152253108
2024-11-14,-0.0029775102945834853,0.0063458487572713995,-0.0033222591362125353,0.0022038567493114503,-0.0075941676792223856,0.005641748942172065,-0.013328890369876834,0.0020768431983384517,-0.008883953359244856,-0.0235183443085607,0.004807692307692291,-0.023025904142159992,-0.018769551616266922,-0.0016189962223421839,-0.04432270916334646,0.01239212215091845,0.00609601219202438,-0.004188880426504338,0.011148648648648507,-0.027912621359223233,-0.018237082066869248,-0.010778443113772407
2024-11-15,-0.00940399034184769,-0.006305832895428298,-0.021052631578947434,-0.007696536558548739,-0.04713804713804726,-0.0014025245441794398,-0.01080715974333002,-0.011398963730570033,-0.017927170868347386,-0.026011560693641744,0.00797448165869219,-0.013833738952222396,-0.004250797024442199,-0.014594594594594557,-0.03491401771756131,-0.023387978142076493,0.013380459479929385,-0.018355640535372753,-0.011359839625793566,-0.01900402274934121,-0.015479876160990669,-0.015738498789346078
2024-11-18,0.0,0.0021152829190904665,-0.0007168458781361409,0.025484764542936356,-0.014776742691936962,0.023876404494381998,-0.010583817002389861,0.03039832285115307,0.013690815744437979,0.006923837784371889,0.006329113924050667,-0.008182880893622513,0.09498399146211312,-0.021941854086670487,-0.01673866090712739,0.0008952551477170445,0.032137518684603794,0.026879626022594305,-0.02669820885434271,-0.0134332579185521,-0.010482180293501009,0.02952029520295185
2024-11-19,-0.010955740859525331,-0.004749340369393118,-0.0026901004304160647,-0.009724473257698762,0.020541245516791706,-0.006858710562414272,-0.003795721187025536,-0.00406917599186174,-0.011536297129994266,0.0,-0.011006289308176154,0.010083813514929263,-0.060428849902534054,0.0033651149747617737,0.023613399231191545,-0.009168157423971257,-0.007723871590634812,-0.014036418816388507,0.005208333333333259,0.0077397162104058115,0.004872881355932224,-0.02389486260453999
2024-11-20,0.0018742866037146921,-0.006362672322375418,-0.0026973565905412666,-0.006001091107474044,0.014057507987220275,-0.006906077348066253,0.00588846553515765,-0.008171603677221473,-0.000284656988329246,-0.0029469548133594925,0.007949125596184325,-0.004408142097756862,0.0010373443983402453,-0.0022358859698154987,-0.0021459227467810482,-0.0029338749717897628,-0.0017027487229385185,0.0030781069642171754,-0.000690846286701241,0.0012800455127293109,0.06388361796331443,-0.00244798041615657
2024-11-21,0.00020714521526921104,-0.0013340448239059777,0.0005409304002885751,0.001097694840834329,0.004725897920605071,0.0027816411682892728,0.004476584022038654,0.001029866117404632,0.004555808656036442,-0.00886699507389166,-0.001577287066246047,-0.001432478187263997,-0.00932642487046631,-0.006162464985994598,0.0005376344086021057,0.0047532820280669075,0.0036549707602338,-0.009205983889528313,-0.004493605254061506,-0.005539772727272685,-0.005350772889417432,0.0024539877300613355
2024-11-22,-0.024146835541346112,-0.026182206786000473,-0.04433231212831146,-0.024122807017543768,-0.04891815616180628,-0.018030513176144236,-0.026396983201919855,-0.024691358024691357,-0.0405328798185941,-0.03280318091451295,-0.009478672985782088,-0.03638497652582162,-0.03870292887029303,-0.025930101465614253,-0.04621171413218694,-0.059022302320342335,-0.03374605486768634,-0.02013162988772743,0.003472222222222099,-0.0372803885159263,-0.03825463239689175,-0.02937576499388006
2024-11-25,-0.006134684511413857,-0.006310013717421237,-0.008674335281915968,-0.0022471910112359383,-0.02209033959775797,0.007062146892655274,-0.006338028169014076,-0.015822784810126667,-0.010635155096011761,0.0010277492291881352,0.009569377990430672,-0.012044931655163071,-0.0032644178454841466,-0.0092592592592593,0.0033802816901407073,-0.019391908067991404,0.00778894472361813,-0.004346108257605619,-0.02733564013840828,0.008902077151335286,-0.010565568676196513,-0.007566204287515754
2024-11-26,0.006959968503306602,0.004693539480949749,0.00913068289899166,0.011261261261261257,0.0020229265003370855,0.028050490883590573,0.012402551381998528,-0.002143622722400762,-0.0011943863839951607,0.011293634496919891,0.004739336492890933,-0.001369863013698569,-0.0032751091703056012,-0.004088785046728938,0.010668163952835652,0.008056640625,-0.007728745948641258,-0.0035714285714285587,0.006403415154749181,-0.0023529411764705577,0.019262981574539317,-0.007623888182973326
2024-11-27,0.006660039761431369,0.00577081615828523,0.009425070688030113,0.008351893095768226,0.018842530282638048,0.01909959072305578,0.010500525026251317,0.012889366272824887,0.012855007473841606,0.015228426395939021,0.0031446540880502027,0.021673525377229108,0.007667031763417098,0.018181818181818077,0.019444444444444597,0.024703317994671847,0.0201005025125629,0.021903624054161686,0.016967126193001114,0.012382075471698117,0.02691043549712413,0.01792573623559557
2024-11-28,-0.0006912214871136468,-0.003551912568306115,-0.007096171802054019,-0.004417448923246692,-0.01354029062087192,-0.0053547523427041055,-0.012469691721510245,0.0010604453870626251,-0.013577331759149991,0.0029999999999998916,0.0031347962382446415,-0.007653061224489943,0.0010869565217392907,-0.0040322580645161255,-0.004359673024523225,-0.01630820137083444,-0.00812807881773392,0.000389711613406174,-0.019812304483837306,-0.0058241118229470645,-0.005801160232046354,-0.008805031446540879
2024-11-29,0.00509881422924896,-0.0035645736221551205,0.001504607861576135,0.0011092623405435376,0.029460997656511445,-0.013458950201884257,0.0024552788495264544,0.0021186440677967155,0.014362657091561815,0.020937188434696052,-0.006249999999999978,0.005141388174807249,0.004343105320304019,0.010989010989011172,0.01258894362342633,0.011532916866890952,-0.007698038241867433,-0.00038955979742894,0.004609929078014163,0.01859988283538372,0.019919517102615636,0.006345177664974555
2024-12-02,-0.00048501055225658174,0.004678040726472155,0.014272300469483579,0.007756232686980669,0.016910569105690998,-0.012278308321964526,0.008397480755773401,0.003171247357293794,0.0206489675516226,0.0,-0.007861635220125951,0.014806838067034533,0.018378378378378413,-0.008009153318077833,-0.003783783783783745,0.009738717339667469,-0.008758758758758756,-0.000779423226812126,0.011295446523120312,0.044140905823149,-0.0047346616689681875,0.02900378310214391
2024-12-03,0.0011409836065574552,0.01670775130101343,0.007776337715238002,0.014293567894447357,-0.006076111288775277,0.015193370165745845,0.01526717557251911,0.01685985247629085,0.026011560693641522,0.0068359375,0.006339144215530945,-0.004377238360525282,0.02123142250530785,-0.014417531718569743,0.0027129679869777323,0.01387908727358278,0.015652612976521096,0.01521060842433708,0.010820244328097806,-0.01363260809694311,-0.016253716551040687,0.011029411764705843
2024-12-04,-0.004414635104863951,-0.008351293103448176,-0.00918611060077168,-0.001626016260162455,-0.009009009009008917,0.0013605442176871652,-0.005126452494873646,0.010362694300518172,-0.01323943661971827,-0.019398642095053487,0.020472440944881987,-0.02211564082067674,-0.014553014553014387,-0.010532475131655894,-0.029761904761904767,-0.01392111368909521,0.04648272433507339,-0.006530925854782987,0.004834254143646355,-0.02177858439201452,-0.004634293773927101,-0.0060606060606061
2024-12-05,-0.005921052631578938,0.002716653083401077,-0.004635638791025354,-0.008686210640608039,0.0032467532467532756,-0.006793478260869623,-0.00927516317416699,-0.011282051282051175,-0.0168427062517843,-0.0059347181008900796,-0.01388888888888895,-0.014577656675749395,0.002109704641350074,-0.0053222945002956434,0.000557724484104849,-0.008470588235294119,-0.004275534441805173,-0.010054137664346374,-0.017869415807560296,-0.002426145283287995,-0.00910931174089058,0.003658536585366079
2024-12-06,0.006624751819986674,0.021403413709022212,0.02682563338301036,0.01259583789704255,0.011003236245954673,0.008207934336525335,0.01386962552011095,0.006224066390041472,0.03658536585365879,0.00995024875621886,0.003129890453834161,0.017973178487487917,0.006315789473684275,0.004161712247324534,-0.0050167224080267525,0.03844328429046029,0.010019083969465603,0.009765625,0.02309307207837641,0.009442060085836923,0.011848825331971291,0.006075334143377686
2024-12-09,-0.0014529819001847244,0.0,-0.005261248185776446,0.0027041644131964304,-0.003841229193341733,0.004070556309362372,-0.014363885088919282,-0.00412371134020606,-0.009803921568627527,-0.02758620689655189,0.009360374414976613,-0.006247453483634313,-0.01569037656903771,-0.001776198934280715,-0.012324929971988974,0.0070840950639854405,0.0037789324515824507,-0.013539651837524258,0.00547195622435015,-0.017998866213151832,-0.0030284675953966556,0.010869565217391353
2024-12-10,0.018297340005267282,0.023872679045092715,0.01440817070946565,0.007551240560949246,0.011568123393316254,0.013513513513513375,0.024288688410825765,0.01449275362318847,0.021499292786421487,0.016210739614994862,-0.004636785162287382,0.016536832034987015,0.0,0.0029655990510082386,-0.0005672149744752053,0.003630587701384025,0.0009411764705882231,0.009019607843137267,0.010884353741496655,0.019627651897820675,-0.025313892264074545,0.005973715651135025
2024-12-11,-0.007105955683148091,-0.00777202072538874,-0.012944983818770184,-0.006959314775160541,-0.004447268106734459,-0.022666666666666613,0.008468834688346805,-0.01734693877551019,-0.025200775408473985,0.012961116650049842,0.0,0.006991126646948231,-0.0010626992561104665,0.002956830277942135,0.0039727582292850006,-0.02193081618810755,0.019746121297602448,-0.0031092110376992332,-0.009084791386271829,0.01698513800424606,0.00041554124246823143,-0.004750593824227933
2024-12-12,0.01966657983849962,0.01305483028720622,0.012386156648451774,0.010781671159029615,0.0102105934907466,0.016371077762619368,0.015451797111185828,0.019730010384215957,0.01107954545454537,0.004921259842519676,0.0031055900621117516,0.019359145527369614,0.0010638297872340718,0.003537735849056478,0.005087620124364145,0.020573277854831318,-0.006224066390041583,0.01754385964912286,0.005772495755517859,0.027279053583855406,-0.002284527518172319,-0.0035799522673032325
2024-12-13,-0.0298888746966407,-0.03865979381443296,-0.03310543360921192,-0.03200000000000003,-0.039166140240050495,-0.01879194630872494,-0.03241812768772745,-0.016293279022403295,-0.03231244731666216,-0.0362389813907934,-0.015479876160990669,-0.02095612311722328,-0.025504782146652527,-0.027027027027027084,-0.042744656917885315,-0.04530011325028316,-0.011830201809324925,0.0003831417624520217,-0.041188386225523343,-0.0340062322178567,-0.030183180682764266,-0.03832335329341319
2024-12-16,0.005398288347597147,0.011796246648793751,-0.011537030145143401,0.0038567493112948714,-0.012820512820512886,0.015047879616963078,-0.0017094017094017033,-0.0020703933747411307,-0.018292682926829174,-0.03455284552845528,0.014150943396226356,-0.01645484949832776,0.004362050163577047,-0.010869565217391242,-0.009400705052878933,-0.018979833926453082,0.0199530516431925,-0.05132133282267326,-0.006690140845070358,0.007012622720897532,-0.011161193389139346,-0.0037359900373598043
2024-12-17,0.020167627029858526,0.0029146793852676822,-0.002070783132530063,0.007683863885839859,0.0066600066600066565,-0.0040431266846361336,0.014041095890410915,-0.011410788381742809,-0.0026619343389531203,-0.0094736842105263,-0.0015503875968991832,0.021626768226332915,-0.005428881650380135,0.0073260073260073,-0.010676156583629859,0.004836759371221078,-0.014959723820483495,-0.006863140896245401,0.006380716058135505,-0.011559888579387168,0.009333622747992099,0.020000000000000018
2024-12-18,0.008664955070603275,0.017701453104359333,-0.0013205055649877506,0.013071895424836777,0.001984783327819928,0.017591339648173276,0.0,0.0010493179433368471,0.004744958481613493,-0.0010626992561104665,0.01086956521739113,-0.005325522566901997,0.018558951965065518,-0.00121212121212122,-0.00299760191846532,0.0021660649819494893,0.006074766355140371,-0.001626016260162677,-0.0003522367030645013,-0.004790756657742756,0.001935483870967758,0.009803921568627416
2024-12-19,-0.013038498250079522,-0.012980269989615767,-0.0009444654325651003,-0.003225806451613078,0.001320567844173004,-0.003989361702127603,-0.008105369807497431,-0.0010482180293500676,-0.008854781582054438,-0.0010638297872340718,-0.007680491551459223,-0.006023290054878672,-0.002143622722400762,0.0006067961165048263,-0.0006013229104027129,0.0031219980787704493,-0.010450534138411571,-0.004478827361563464,0.0042283298097252064,-0.008494973807164019,-0.0010731916720326806,-0.012135922330097082
2024-12-20,-0.018703941302763982,-0.0028932140978433774,-0.005104934770277958,-0.0010787486515642097,0.0003297065611607142,0.001335113484646211,-0.0057882192713654135,0.005246589716684236,-0.01727218582489576,-0.005324813631522929,-0.012383900928792602,-0.007675733907891336,-0.007518796992481258,-0.022437841115827584,-0.016847172081829176,-0.008139813263107532,-0.029805210044590358,-0.013087934560327197,-0.011929824561403457,-0.008710552620305623,-0.006231198968629115,-0.0073710073710073765
2024-12-23,0.002923784494086812,0.011606436296491829,0.009122006841505215,0.016198704103671746,-0.013843111404087005,0.02400000000000002,0.013698630136986356,0.03653444676409179,0.0027272727272729114,-0.012847965738757905,0.025078369905956244,0.005970959424616673,0.008658008658008587,0.012406947890818865,-0.006119951040391758,0.0026550808592806785,0.010643444605708652,-0.001243265644425895,0.018821022727272707,-0.01037165082108904,-0.008648648648648671,0.0012376237623761277
2024-12-24,0.008103770185724946,0.02268578878748362,0.012806026365348444,0.008501594048884176,0.013368983957219305,0.006510416666666741,0.016891891891891886,0.020140986908358638,0.02326987005137493,0.002169197396963085,0.01070336391437321,0.010252259544044406,0.007510729613734002,0.005514705882353033,0.00923645320197064,0.022628791526239755,-0.0009573958831976537,0.012863070539419041,0.016033461136284233,0.010625909752547402,0.010468920392584513,0.03584672435105074
2024-12-25,-0.005731664522166335,0.004589495155532974,0.002231312755671233,0.011064278187565835,-0.007585751978891886,0.001293661060802087,-0.005647840531561532,0.021717670286278246,0.0041346721795629815,-0.005411255411255533,0.0226928895612708,-0.021097609827747332,0.006389776357827337,-0.0006093845216332827,-0.0018303843807200293,0.005178907721280712,0.027791087685673066,0.004506349856616021,-0.01852487135505998,-0.003312689039320249,0.006259443125404607,-0.0011933174224345588
2024-12-26,-0.0014444444444444704,0.0020304568527917954,-0.008348794063079645,0.0015633142261592958,0.001994017946161497,-0.0051679586563307955,0.0013364517206815307,-0.0009661835748792091,0.0002941176470587781,-0.01196953210010876,-0.013313609467455634,-0.003137361887873502,-0.015873015873015706,0.018292682926829285,-0.010391198044009675,0.0,-0.017948717948717885,-0.02528548123980423,-0.00489339391821042,-0.0018786127167631506,-0.010939510939510844,-0.014336917562723928
2024-12-27,0.000772357457504036,-0.0035460992907799804,-0.003367633302151507,0.006763787721123959,0.002321724709784423,0.0012987012987013546,0.006006006006006093,0.0019342359767891004,0.002646280505733678,0.005506607929515406,-0.0029985007496251548,-0.0012315270935960854,0.0021505376344086446,-0.004191616766467066,-0.002470660901791377,-0.004215456674473095,0.001424163304058812,0.005439330543933085,-0.0014049877063575522,-0.0027508324887794977,-0.00021687269572756573,0.012121212121211977
2024-12-30,-0.0025965192253608604,0.007117437722419684,0.011826544021024787,0.010335917312661369,0.009596293845135717,0.014267185473411104,-0.002321724709784423,0.010617760617760652,0.015542521994134972,-0.01533406352683464,0.010526315789473495,-0.0019180709686258401,0.0032188841201716833,0.0030066145520144527,0.005572755417956543,0.011994355597365836,0.013984356482578786,-0.0016645859342490077,-0.006683081252198408,-0.009001161440185701,0.0008676789587851452,0.0023952095808381646
2024-12-31,-0.0006557377049180024,-0.008076728924785503,-0.023191094619666064,-0.01994884910485939,-0.04392002622091118,-0.006393861892583175,0.0033244680851063357,-0.017191977077364085,-0.01588218307825595,-0.014460511679644128,-0.005952380952380931,-0.020590253946465298,-0.019251336898395643,-0.011990407673860837,-0.032635467980295374,-0.02579595630955145,0.016362786348760983,-0.00875364735306361,0.008144475920679906,-0.018312335188983342,-0.005201560468140465,0.0011947431302272715
