,Stock_00,Stock_01,Stock_02,Stock_03,Stock_04,Stock_05,Stock_06,Stock_07,Stock_08,Stock_09,Stock_10,Stock_11,Stock_12,Stock_13,Stock_14,Stock_15,Stock_16,Stock_17,Stock_18,Stock_19,Stock_20,Stock_21,Stock_22,Stock_23,Stock_24,Stock_25,Stock_26,Stock_27,Stock_28,Stock_29
2022-01-03,0.0007738904849503901,0.008086458892444208,0.030907241687143,0.004725572017216127,0.008186942710704616,-0.000804913351213169,0.004992324579556998,-0.004539958274682028,0.011119317319934359,0.018561551679350658,0.028471677042570424,-0.028917758866819625,-0.007818424794567633,0.003820146719944972,-0.013290122844808912,-0.004230260523114515,-0.010244942121043252,0.01292821137299902,-0.004918966041552026,-0.005959609546668095,0.0011206672722162579,0.028907670865256762,0.01672047871113613,-0.04079415077291842,0.004871950156664628,0.023159485801266987,0.021262550862162714,0.014702227397558327,-0.021165399442283926,-0.021030683182923
2022-01-04,0.039730471324838396,-0.0008398694893349337,0.027121874897753615,0.011877943989241978,0.025687918375810293,-0.004175402680289108,-0.012952892589726338,0.018134550534807434,-0.0305624024812743,-0.022225930892940202,-0.0336669557278368,-0.010964532501603567,-0.014452416711515205,-0.0005265873831282323,0.006591428338571284,0.0026588103621230865,-0.004894210378015801,0.014221019447528722,0.004372931483100945,0.024833691752482682,0.015508897108003,-0.03001754491095065,0.035005778562503906,0.012436342841770243,-0.027303287930780722,-0.023893347732721736,-0.013563401859805828,0.00803603387453865,0.003701760933260653,0.03284653178979812
2022-01-05,0.05804948968923747,-0.03463623284073582,-0.015234600960291764,-0.00017612466543028758,-0.0016425059655624592,0.010510061357629495,0.018242226596544585,0.02807048628305116,-0.01664894188269996,0.03405240227188696,-0.02093668360787139,0.002060099218142117,-0.027186346433339188,-0.02005378520677291,0.003650462242493063,0.020126448600686027,-0.007593979920977835,-0.012368847714537952,-0.034501810278460575,-0.031323886166707095,0.004994504258899933,0.00390110962538264,0.015308112833945509,-0.0013811328348347883,-0.011105286255546196,-0.0030521033795064645,-0.003953371950033223,0.006193452179261929,-0.005015644709985948,-0.007154110264623595
2022-01-06,-0.042186967452092515,0.03237229099568466,-0.014343287256507145,-0.0019197532434298728,-0.012670760436369798,-0.010769974006847198,-0.004785918815477445,0.010058222679380622,0.016032615272755877,-0.026392464744821917,0.037345704072813166,-0.031409834774738514,0.029354042965498636,0.0030388532360022297,0.004492886072943552,0.0025888623158028907,0.020816972261091672,0.000480608371309707,-0.03235884121020209,-0.016714199696555253,0.0133477516353521,-0.0039048401031376787,-0.024353235594285916,0.008479699530093022,0.016650651345178503,-0.01584049626924333,-0.003954853047323517,0.01269252007455802,-0.00894285773198473,-0.0009823379816546753
2022-01-07,0.022101003384381156,-0.013715610083661624,0.0266482738742296,-0.0013791669390596363,-0.02508178391313237,0.0033756403831021044,0.07480833866543955,-0.014520676223760349,0.015427426804092682,-0.003972171565642766,0.0019130879901712269,0.012764808042629878,-0.0006002199404482565,0.034603658627456235,0.02131977690743324,0.019454832511411634,-0.004095216458830502,0.013628686712616134,0.015431725151842447,-0.028839292435465045,0.012050602654870483,0.021373184556410102,-0.014305955595258386,-0.010874568348691247,0.005918178791252716,-0.005646390729300825,0.00816668531729906,0.014142552070691134,0.01010254725274678,-0.012054025502275778
2022-01-10,0.005225886674654498,0.006305185250191112,0.006346294797148248,-0.022267370008670365,-0.01417607165205539,0.0191454604888251,-0.012947086619689853,0.031199849369651315,-0.031475801524075454,0.012778868335134414,0.0058074987919923705,0.02798296980253174,8.404072787171544e-05,-0.014483154148340617,0.033795441763433756,-0.006617867528149437,0.003162787094701636,0.006210015405453708,-0.004740717751488593,-0.0024962631577037015,0.014766135209168776,0.03227697254963894,-0.03184107596419967,-0.016796149832439336,-0.013254769285950334,-0.018356266791765663,0.03259623497751606,0.04032158821907055,0.003273765096897508,0.0033550809213060456
2022-01-11,0.031347493222309133,0.028948009574973017,0.0019390795748819986,0.012171135683689997,-0.029557124904744228,-0.014210447098080784,0.04012182657842841,-0.009200509549842514,0.03552698626552654,-0.0013618281018825543,0.0042208930170516325,-0.0013116942099856716,0.002505630349083583,0.03065074628032375,-0.0017418350219846174,-0.013945436473959603,0.028171262833422885,0.0010863722443176615,-0.028707216883841428,-0.0374594826480896,0.025358951900892504,0.01857368365552076,-0.01227934368835515,-0.010874234928533075,-0.01929796012125755,-0.0055016556910947294,0.006533729181291327,-0.015866028221262426,-0.020377072436612405,-0.011246301496220487
2022-01-12,-0.00720639803913706,-0.0036305416380878223,-0.022452412166224407,-0.021124404766535373,-0.010985904174360659,-0.008022639978963624,0.020004277275375855,-0.015570558553688768,0.00305982516252525,-0.019770037161971926,0.018736651231498837,0.002141195444896468,-0.002693381534633649,0.0024385314815735513,-0.0112735162857482,1.0805414630628242e-05,0.0365435153071295,-0.0013680663267050725,-0.009143963519837988,-0.029354233512128954,0.028511209933365048,-0.0024025737194694366,0.0029969215434156597,0.02626649476152622,-0.013917138885826937,-0.001516236150818429,-0.0072045960280583245,0.018162528186081644,-0.035240215186615464,0.03869428189606856
2022-01-13,0.038395206422382124,0.008784074878862675,0.008285181810417324,-0.027469993444249798,0.01223595339036379,0.019170685766770012,-0.012545471371020547,-0.014863763938024539,-0.02588835497907427,-0.043182548222143076,-0.022410994995116375,0.04334786812548099,0.015088531258431542,-0.02784585607264342,0.02012563545814034,-0.010917433187565427,0.018299029243387315,-0.011481924921529623,0.0346652096368371,0.04948731608536327,0.011679251364346095,0.016197744242574197,0.009747459744232323,0.015398272879577622,0.03647808837938114,0.020552217083415942,0.010460988220972162,0.03672465426553791,0.04915222094771538,0.0034992274551424265
2022-01-14,0.00985841326224478,0.0033594574113505297,0.007984630298311328,-0.01340397328759897,-0.012907691399718353,0.026158775173584392,-0.016906170022418354,-0.00481523277594467,0.011033463505060966,0.01957433314522726,-0.031368779270619936,-0.012253531701739576,0.005171156012633465,0.0015671772353350985,0.014367934577141217,0.0019386144106338227,-0.032545912780417116,0.01329874788600704,0.00995680294544557,0.0007448684058032288,0.04251281233050316,-0.01963061423027052,-0.012296855312187367,0.01200716987876752,-0.008063094474469722,0.0032607170864941536,-0.028673492466049846,-0.022145650387125588,0.004008390863786513,-0.017066959654793035
2022-01-17,-0.012375914737816419,-0.007918510432809217,0.004359776139678856,0.007955218564316016,0.00727399988562624,0.01025094488263998,0.007925725310791028,-0.015589136979332957,0.0325462825536022,0.007972641705660964,-0.013839634039268009,0.015607400949309621,0.02836361011925672,0.0013357525198897152,0.011543461981049203,0.013942796776489217,0.011412992668358171,0.04288756818223329,0.020572075919623397,0.003752229187238774,0.006195054533197953,0.03246555082695653,0.03327584254338027,-0.035287432286020236,0.005117903330899291,0.003299987795801336,0.010022239326715166,-0.004559939430577512,0.0030429242873117935,0.013930239884822886
2022-01-18,0.024984450033299067,-0.0017034879963337374,-0.010906273340306989,0.005664822479562501,-0.008317076604375166,-0.02074891837528754,-0.006740985301481395,-0.024254946356008705,0.028996000382696514,0.0476242613859219,0.022248139427502617,0.023892693681295568,-0.011498802823512962,-0.002569253772852745,-0.024149364486196093,0.012178053306805419,0.03388830630666793,-0.0007818817448363184,-0.03989032820287156,0.0131042950322107,-0.01163134435456416,0.024600521839505576,-0.008188401513384218,0.03977483251804418,0.03287475870819546,0.013313772256724542,-0.004084158574517469,0.029536365830666524,-0.021081416617314466,-0.015248062595866143
2022-01-19,-0.04288532997029144,-0.002542508087514018,-0.006779652279760662,-0.013069249918372395,0.003128397775988676,0.007816206203532135,-0.01593661930162229,0.0008622714257066886,-0.02754718653240744,0.002684856103049013,0.0295096674120907,-0.01586298068240603,0.021038991151928626,0.00580668974135276,-0.04015503267761801,-0.030091840559953686,0.0061204643157439925,-0.008667979306510785,-0.004945993896686149,0.013238497936183681,-0.018146265124381358,-0.022307028620199912,0.0064523219576761905,-0.017134241547666962,0.0036399495446939392,-0.002459970828969709,-0.0055579181043886325,-0.04499819268303353,-0.013935357317087178,0.006340315227633938
2022-01-20,0.002133833445104738,0.013324546149170982,-0.012868832264994473,0.0021859797947137694,-0.008643117314691227,0.016999762997008495,0.013274437461525863,0.028129784788322378,-0.019397724467393178,-0.011510960741263284,0.00720233020943838,0.018789197623525527,-0.03196824385149339,-0.0017693408142759512,-0.03382733215166704,-0.022972565452558075,0.02286014373260924,0.02600719165920427,-0.0032114191730705727,-0.00033998138349502957,0.017140684220036846,-0.0003210770850169421,0.013590781392033005,0.012013582374507704,-0.0028777050925014596,0.012193705276438592,0.0054251673187629,-0.024343766118921164,-0.01095142136797701,0.013482082655362392
2022-01-21,-0.015400263756648247,0.0032661953236490992,0.024650519994687457,0.003510717343431919,-0.011387098149948325,0.0037680570341021087,-0.007717352135213507,0.02828861253682716,0.001799929020337793,0.024517925568993862,0.018262236445637393,-0.03620391339051994,0.0041730602132988,-0.02310565294909551,-0.030613058299416532,-0.015379442096331212,0.020786339447109923,0.02891399880157197,0.007321503640661282,0.003765219746462447,-0.016656477338774817,-0.004884466359943493,-0.0008605552724057902,-0.01833370308309079,-0.03343206385795738,-0.008582298235410868,8.108919268271287e-05,-0.03899505316784233,0.012114921544216077,-0.0008775425778351931
2022-01-24,0.00463927944628246,0.019956212808447744,0.017939834992254888,-0.019522052099163942,0.025759098971119512,0.013027526641909433,-0.020053487014956503,-0.008345152033707517,0.023192877001182086,0.028748801872834358,0.025746599159969564,-0.004502354140413034,0.015627002068188314,-0.04104532626373376,0.020151016949784262,-0.009084061262327118,0.049959371208835465,0.010680248220701214,-0.013865908320864383,0.008082662419439527,0.002622118731792018,-0.007669899460685527,-0.017771938347739925,-0.02142957222394827,-0.0008768976504092466,-0.03568963593828385,-0.04057403707263923,0.014579756559535662,0.016230069171169353,-0.01365146086219526
2022-01-25,-0.019420349476472747,-0.01462470312958114,0.016660840289791458,-0.005819411723254053,-0.00506301388795193,-0.006312014557264259,0.007907434405612049,0.05792315705550236,0.008870485120138641,0.019545356993130515,0.013843334328307253,0.0145876940370851,0.003641580218735173,0.0027874145990207525,0.02859648163570145,0.012334545900771062,0.029854704244258814,-0.016207247743587005,-0.011648133683382302,-0.017383573453406045,0.022035896908197412,-0.04386997355156336,-0.016730695048215675,0.004047013003594609,-0.011902901644601763,0.022936677574811947,0.031155579981476562,-0.004161854391129644,0.0058173258355822734,-0.0022392670213280987
2022-01-26,0.0015301646874139644,-0.00934836339258523,-0.01553895359234799,-0.006577042249875828,-0.026173904039480327,0.025692313571760255,-0.00028717260829766667,-0.002056585306836819,0.005055638604944099,0.01332400907733351,0.031547121824377515,0.011786524992016023,-0.026681980664829963,-0.02438129905536071,-0.0420829548341432,-0.0001071111334400637,0.0004239713073972213,-0.0165654653304794,-0.010870058592020768,-0.034191972362593574,0.029081149100613306,0.008761846796296954,0.036162385422643724,0.013949704683627908,0.006525632183252742,0.009182032608922334,-0.003600842337253142,0.01897208445908059,-0.007426013009069347,-0.03551940911941045
2022-01-27,0.028255029370640547,0.009462253210503344,-0.001235112330047384,0.028212343495321954,0.008883596342947154,-0.011569497790545119,-0.008095422700472827,-0.007462494219026684,0.01066469105213021,-0.03748576409272437,0.02032309657084089,-0.02076158021838075,-0.02397252843292573,-0.028906509601397064,-0.019749886700833174,0.004844440632786419,-0.028944985275744545,-0.031223806462853484,0.011999355709232504,-0.0034028094336848494,0.015151545704631538,-0.02570341041228587,0.015066688725288659,-0.015798316862567836,-0.02390228558099242,0.01809917400345832,0.0060231509091678605,-0.01947109235159506,0.004801421399048027,0.028692274973043465
2022-01-28,0.01788065778961328,-0.027662138159492044,-0.0006704342464914602,-0.024567802386888795,0.0059184855051458846,0.004077861398655598,0.020591269691786353,0.025203566317915087,0.007799172316811403,0.006845030243580912,-0.017892671325502908,-0.012883675797939918,0.03643520161643989,-0.018810278134361928,0.024871388560450226,0.0578615884439683,0.020425106034419698,0.00194545017225233,-0.006902564281791252,-0.010007473581470782,0.011350852287777923,0.007501612457024497,0.023801419679633385,0.012707887385199486,-0.0027946112856609036,0.014068121601414194,-0.03405226292367282,0.0427867065866731,0.02533844799587507,0.004907315487949326
2022-01-31,-0.005905543634706028,-0.008522557340908097,-0.022215194623159778,0.00955921551123379,0.04601113238848694,0.015098897238567593,-0.001806308406365041,-0.018705971114393614,-0.018694090839957586,-0.01667400599719946,0.004572869776663626,0.017329506991336896,0.023387029717165733,-0.004381024238198605,-0.043860891595202345,0.03210975776479397,-0.011681743730930803,-0.002741029297126121,-0.033787092116008735,-0.00915199037120874,0.009669191317331762,0.013051448456296863,0.0003096269952812363,-0.013513848853492678,0.01778293411545243,-0.004068638901482975,-0.018855863571539292,0.026783463255805107,-0.0029509189563480835,-0.005161245337939081
2022-02-01,-0.0031523773935408323,0.0032669504015915493,-0.005723538377617454,0.023695623225841792,0.003340577275469242,0.021111528780206883,0.0034404676759357904,-0.00288182559510009,0.006007993574703935,-0.009061750704026893,0.010621837365036566,-0.005572031461221778,0.013680523270965948,0.0028449221975683876,0.05989091665812457,0.01221370742018131,-0.00607021539281524,0.00640012457859904,0.01425102276664473,-0.006583619333017957,0.0039076687377691665,-0.009870199899249525,-0.04401553353373103,0.01030757316942042,-0.026831156056731555,0.019433801736391323,-0.0644817889679557,0.005135698900556773,0.004042320108275597,-0.003213095210899381
2022-02-02,0.014785995172140983,0.014624243006341695,0.0023182100676160636,-0.015174087873555763,0.006461629843571554,0.014089748979234781,0.008716018552275424,-0.01779947740445939,-0.01960180973954007,0.01150985788043253,-0.00912528070948238,-0.007559224086851623,0.02243969336866385,-0.0013809908905306051,0.010974278051224516,0.024319234530093332,0.006742348193273612,0.03188905466071279,-0.030356068542058395,0.01762095395279844,-0.01957363261347886,0.01094955293272999,-0.025202039834859885,0.03324978064517389,-0.010731133535563202,-0.027178604567046724,0.009759102743458061,0.012790020734480994,0.038835928973370064,-0.0016940766024568488
2022-02-03,-0.014343709730396427,0.036554311518456346,-0.030990622611383925,0.03915844536417751,0.004941584734023335,0.004502049742527431,-0.017151013762853554,-0.029866837010314607,0.03705242162525912,-0.0032582191050407067,0.005266223989525357,-0.006733218219049016,0.043436898463707414,-0.02507410254298632,0.006818197802476852,-0.0026019279242215547,-0.0034760058108358337,-0.004818487597141863,0.025644243222157564,-0.02506277285563809,0.026428357043226484,-0.018657566591111948,-0.04421571681101611,0.023294183831023774,-0.011530842395378979,-0.03629713016956074,-0.0010854107925134058,0.049760881025331015,-0.02026839481637572,-0.025406818274484818
2022-02-04,-0.004284510155462189,-0.024525190148910515,0.03649955345704012,-0.004812827900512278,-0.010346219396996854,-0.006703583777772264,-0.007784791148302975,-0.020623090509513584,0.026435162596044292,-0.0010526009862910413,0.03240536009216121,0.014555173145598212,-0.0023380625745605724,-0.013066947145314567,0.03719073934271198,0.03066946989238634,-0.008532869074124837,0.016606169610493625,-0.00012466174980877836,-0.0006511590848898702,0.019979402672906533,-0.03589074336154569,0.013596220820250533,0.0045855208660673915,0.026876623620224464,-0.016259266323495426,0.04972675058606241,0.000534803602980571,0.004740847860246269,0.005354044876858888
2022-02-07,0.009830198204104358,0.006276874442599943,0.028398262892020396,0.007700649590590767,-0.005375563259811595,-0.009985615578312117,-0.011751822001731978,-0.012846533343535464,-0.03759022726122277,-0.00404347324502058,-0.004039022729699962,-0.0104683736694734,0.024384982505501807,-0.03642987873500373,-0.0035732806450166324,0.026879235479606092,0.02967368858997488,0.0059176226685503045,-0.02463808463356968,-0.01913404859852119,0.008929390733041675,-0.004547038911274348,0.0008556721996228788,-0.019666081575595303,0.025403578028593353,0.015664991439962247,0.004532976500678692,-0.006979840785577827,-0.010820519545804793,0.013473079996829802
2022-02-08,0.015300149352713784,-0.012841563505798088,0.009873044624733337,-0.01846287573404328,-0.011710947643741117,0.01371755255652996,0.002133050265913965,0.03576710709740544,0.0018999471264565578,-0.008615400388623067,-0.028470395095033112,-0.008337028903042519,0.02946101883315734,0.014605402776235864,-0.012455126806886424,0.027168554563937252,0.006039070102850733,0.0038280687161085136,-0.01914184373800341,0.011157378577955483,0.0040893711040718055,0.000443994117469903,-0.003927358087889817,0.01939446971370327,0.014443450081333459,0.01720612851973431,-0.0036267520491803608,0.004323829821687708,-0.010325257097444761,-0.02940757825996547
2022-02-09,-0.0014538787334046103,0.029664192031863913,0.022275313410973475,0.02594868188292236,-0.025960336631131883,0.04259660694843759,0.01501209225805889,0.02393436852210767,0.017056976395817748,-0.0070199252332281996,0.007497145012789304,-0.006865204529955471,0.004772554006464107,0.012898428831988159,0.014343387689770996,0.012408522633219938,-0.017872735597258237,0.01488078008047041,-0.010020289650400015,0.0010929563751826566,-0.004436721297515487,0.053485465676703786,0.0009993139758349644,0.0026826341083961676,-0.006410223296023194,0.00814320916122338,0.006778161633748873,0.0007340418836328297,0.01138010403901516,0.008706867255998302
2022-02-10,0.01888339141116918,0.01759911939887296,-0.018132510049906774,0.014554829835539771,0.03520605807826027,0.02203031967964174,0.011929261392722457,-0.012133145606241166,0.01595696656270873,-0.02698287982532852,0.00224914444962729,0.02553036202639554,-0.005902918500287934,0.006523739848754917,-0.009766633349348363,0.012309361056965134,0.011593179656692093,0.03097484916391097,-0.018014115955508146,0.005520549536431967,0.031103297246709644,0.018259209506404705,-0.02495494951368757,-0.008725131332344028,0.055639389857729114,0.01638367464709809,-0.0194056416818008,0.012272863491202941,-0.03181732685734151,-0.0035052583697510495
2022-02-11,0.016425224253108654,0.021219092282187324,-0.0023605667688321266,0.04175309969894877,-0.011375838290078558,0.012100560356549623,0.009079552420449784,0.01153642199106323,-0.029383011907795267,0.006889681189955712,-0.01419053773443004,0.022790033264932334,-0.008207542286344198,-0.025255978489700494,0.004877960488375715,-0.010102562811225176,0.009261451341797478,0.016392783020482547,0.025926714546042978,0.01575687342061102,-0.008101876142945644,0.00664131402574633,0.03724513713855517,-0.016949510129778248,-0.01635378426837843,-0.004172458250730726,-0.011511702195024119,-0.013075417948306082,-0.008594227459097999,0.01052077214030619
2022-02-14,-0.01566129674411079,0.03258069258320745,-0.007043609681729138,0.004877505954114927,0.0007012557922790703,-0.00029611883907294567,-0.02778397181201672,0.03457449425018905,-0.00844713767605043,0.03212393416475176,-0.0011440343320088177,-0.02953327618392259,-0.0027701452784047497,0.00029481591722755224,0.002357569345173187,0.05801648506148835,0.0074959701989432415,0.007070199221746597,-9.4494876960118e-06,0.025066245547006663,0.030869135611342306,-0.021680911201195155,0.004681029274338623,-0.023938036202377826,-0.0272785688390605,-0.0017147457675404328,-0.01345878131476436,0.004279793820046284,0.025004498308580436,0.00887886807303766
2022-02-15,0.03626736115374713,-0.01706422559905461,-0.01309244822195961,-0.0003439059464270169,-0.010976531772430624,-0.005700177239740593,0.01636229342165168,0.01480918846641217,-0.009669919269393302,0.02148627854206415,0.023124411215987763,0.024859330539380158,0.020884696939445654,-0.03134712127698367,0.01393711414964252,-0.003143502846568653,-0.004170879569111277,-0.012032412255458827,-0.00349073233569234,0.01958806472823512,-0.003229844059821855,0.002270649748619248,0.031836036095423514,-0.0067880493878325725,0.028245886967277964,0.005069913522334639,-0.001594223527042192,0.0023758087624206592,-0.0033999890568772607,0.0031674200571817053
2022-02-16,-0.02069258659796921,-0.00909702958895095,0.019416975667582274,-0.008251055857648251,0.06355334067566207,-0.007323590125254449,0.01328681900081831,0.014419443127727557,-0.02484837994521824,0.006997987216792383,-0.007839777240555946,-0.014778037479980702,-0.02143688819546938,-0.005728761618921172,0.015801767534197125,0.010457247703814558,0.025435819100188255,-0.006094672751548982,0.00939864755468336,0.005770133128551938,0.0029981200036118265,-0.014933278617422567,-0.009942156589266506,-0.01561676680229269,0.014086911567944492,-0.032844845903387376,-0.0077559435427218895,-0.016023694818669287,0.02832051192686084,0.027320791799544684
2022-02-17,-0.004667125681437811,-0.02016383916321747,0.0035632990390422445,-0.022500130055082,-0.0010721240742171717,0.03179143437832307,0.03510903314396142,0.03717977021905516,0.00023819222268980897,0.009610676041449292,-0.001896032206128662,-0.021912891055499335,-0.023505860700012413,0.004269415240405906,-0.0031572683531637977,0.034976258207858005,-0.011231046157098414,0.012388452622741682,-0.0003023083940030934,0.002741920099605601,-0.012742756664038025,-0.01652702757641075,-0.01254304842396587,-0.004093469588924039,-0.006825831296272161,-0.029871933869113236,0.004946980843236045,0.014282330460706122,-0.007029713070473456,0.008471858516654673
2022-02-18,0.04169907143918857,0.01245115305498003,0.04396964982014341,-0.007853981976554982,0.01947720456783531,-0.00997522909613029,-0.007775721815993184,-0.03984712561484386,-0.019319529168928283,-0.0391633266861683,0.016011552363959628,0.0027568704981580663,-0.014318798434721655,-0.0018248563455670911,-0.01743305901592541,-0.0447927309083895,0.005677333831978283,0.03669379721189761,-0.009479687108297418,0.026081864402558535,-0.006456691908678427,-0.011480406320994108,0.028279923497195287,-0.03285681878910403,-0.016246207091931208,-0.004832831502097783,0.014743070000702088,0.017611204477054932,-0.022230422472915738,0.00030904896035281954
2022-02-21,0.055373516267583606,0.008437666967854375,0.020163004676818596,0.013061780574540487,0.022738354318814952,-0.008872841460784053,-0.014372519825934417,0.020710148605835615,0.016215192589155006,-0.026569736285893406,-0.04916404375767677,-0.026680548698719657,0.0024518565961672073,-0.0090688046898658,-0.015056928844284079,-0.007067686213165591,-0.03570530055690263,-0.006180274613699084,-0.013879256449302749,-0.026293319497329007,0.00512524738049493,0.0006379621581436122,0.005717669220774074,-0.01917482883329498,-0.018873096007338042,-0.01146265366105137,0.04155249256978882,0.0001970817258973912,-0.04318960945794318,-0.012282579504034066
2022-02-22,-0.0023306984710041645,0.013540562781153394,0.021286904784253796,-0.02417365026304252,0.011948191602492698,0.011091756144158563,0.008074751941580943,-0.03392536822545683,0.03771416118428388,0.012165636799558621,0.005733173813442216,-0.005660093095391811,-0.004088865374294896,0.020099794790899662,0.02557773869035376,0.022025365272472158,0.004406646057065911,-0.001184548834185369,0.0028832736127214677,-0.01733296675850752,-0.020388330348805512,-0.004413802078533373,-0.0005189768010566526,0.022768567033973498,-0.015416804336382052,-0.009420545595940546,0.0005572648415698863,-0.004154143631180328,-0.016978152984782145,0.006225032933180113
2022-02-23,-0.02799093432299633,-0.005317085972816833,-0.004393715060684252,-0.009006822924332398,0.0014329100902252079,-0.050354541301681446,-0.008966525464376561,-0.007500310210255806,-0.0019521308693683272,-0.035368225350886344,-0.0015431807644188233,0.025559472256209907,0.015383642994211784,0.023227313327236723,-0.0007097813016838106,-0.031708357790423504,-0.05557687111778459,-0.00569396578804861,0.0017696556190299854,0.001781513047907328,-0.01264710818759005,0.005992437795545694,-0.024588992699059634,0.03399654342893331,-0.027484786398409563,0.0030543909106499085,-0.03458323479941064,0.025165887495861735,0.023725723986112262,-0.03786218557011504
2022-02-24,-0.014303476100120534,0.003276536445970907,0.0020455463218425145,0.0043572235981398765,-0.03464595557356109,0.0015679929057699049,-0.033252933656801466,0.014030589907786271,-0.0034507478740990784,0.008071059805913453,0.010806987730595349,0.004218905941893908,-0.004189967020611962,0.00852777657674908,0.01654586498172041,-0.00029215146394251384,-0.00938987525732812,0.029822684709550556,0.001539348431005838,-0.014541266114332251,-0.005562190044190646,0.02963588411180715,-0.00319891544561186,0.004190575984903937,0.00921533076207389,-0.02400938994735003,0.024315367644211907,0.009044998759424192,-0.006524312314352784,-0.014650606670249684
2022-02-25,0.007454693681498908,0.014345144190344557,-0.03207169274593063,0.019477168907269107,-0.011606554392904712,0.01839953637973555,0.012516429631362755,0.011867182657216186,-0.016860798424239435,-0.0021635192074527603,-0.021197612460399393,0.013291161458549134,-0.005976658630328745,-0.03858048383959243,-0.021808300167101877,-0.009053578693245867,0.0027669627638557265,0.014024678305689885,-0.029145268987089818,-0.032144567219664355,0.02344623202302886,0.006905358888682391,-0.01500561277842556,-0.003964989503033582,0.014104712969153181,-0.008047415009666029,-0.013089679561189156,0.009111818535730424,0.012317263422895897,0.02480669790637458
2022-02-28,0.015106324904684934,-0.018792071964169908,-0.013038650574259741,-0.0149795364081774,0.0040704334340055486,0.0206359753408744,-0.011187440010777289,0.0021315354620082224,0.0010567595473025466,0.02829106395783454,-0.004698638720857689,-0.03509657479822126,-0.0040924835427768366,0.022464314314558392,-0.012742697709157196,0.017576449470512394,0.01053633592226584,0.02224526812873877,-0.016562690825412948,-0.019919244699229836,0.009724692895964837,0.01938269821733478,0.02177295680379831,-0.004159472393480575,0.017530954763466493,-0.03734677217452593,-0.0021866906331513476,0.04281006188687345,0.0006994592831044289,-0.032825695893889006
2022-03-01,-0.011724156315945825,0.0014996611513247438,0.010572380793352508,-0.01527385622839502,0.0006846532747045261,0.02616173653722965,0.031218051712019076,0.014607222873773003,-0.001436292708017941,0.030401489307349008,-0.013064829760744774,-0.011605917870768253,-0.0143007719286206,-0.01710808030867263,0.04335115454286877,0.027577070012040565,0.013647279948470462,0.01056967713468343,0.01910103862252913,0.003496802508583034,0.009987420810105665,-0.018173247240090507,-0.01290329064921806,0.013110081228103669,0.010778679187814014,-0.012012899576585455,-0.0021795955688790076,-0.014231273258572931,-0.008608891816674881,-0.012681162334200457
2022-03-02,-0.004306297309183988,-0.005651761353817986,0.048079371232645794,-0.027737893668614188,-0.017663977647957442,0.0030528615646221125,0.006330255815028185,-0.021261414114930523,0.020995126889864307,-0.0022206736760998296,-0.0038975006655922106,0.029105233636798317,0.013578121137664228,0.013841609926213631,-0.014164153510779875,-0.0018413170537433157,-0.008814532035157897,0.036023905133627805,0.056069344803706234,0.003995584958997593,-0.004440713498932816,-0.019309336681076848,-0.029528568789692067,0.013021590419602757,-0.006065744883882283,-0.005628323438889336,0.006272976874073165,-0.034344093810284165,0.008495284537844752,0.0024321869732216736
2022-03-03,-0.049569559807636776,-0.012947782997009936,0.004186417147039547,-0.05026957527534558,0.00588161534221308,-0.012429319733854305,-0.020791396059883727,0.006795382689473849,-0.014436618640685083,-0.010239848617417243,0.003535092457574781,0.028779803291422018,0.010687537095377002,-0.025598417422838745,0.031574305892431195,-0.01746203794373645,-0.004635478716484533,-0.01174537200953443,0.013311345476359666,-0.020858138570944495,0.003521500524592434,0.004491570188536378,-0.002829732109873435,-0.0034202728093816,-0.013946241983284719,0.0031008872632708817,-0.0061680324338883544,-0.002587591113328077,-0.03188711022007746,0.009071945858495927
2022-03-04,-0.04351143978259533,0.020009978103562705,-0.030809363393697966,0.012044877110284024,-0.012539375229092783,-0.034253893582137096,0.003199896844982438,0.0029276629064232847,0.032868276807117666,-0.0014106788617101495,-0.007479351915656794,0.0009665474382462031,-0.005612532230881254,-0.0011917158694712386,0.010491010428728019,0.003038167495872153,0.0325126929128618,0.031335347622812745,0.0034149826322139,-0.04236492313656803,-0.010209887670059016,0.01758280687912558,0.014420285380400409,-0.021127235306000774,0.038938430955659055,-0.0023282032012341292,-0.007535727183960665,-0.00234327584929295,0.005992718172829264,0.004009429763435882
2022-03-07,0.012276409757890733,0.02493805720958783,-0.016142040294843837,-0.025538212709068028,0.0037814560455159646,0.012329334363094703,-0.005825110761351915,0.002941481831831987,-0.01317642547271673,0.009916971864089486,-0.03876627843576018,-0.020866544296696776,-0.0027823077405236215,0.019563979212902385,0.01934463824460909,0.026890995661006625,0.006487348493574518,0.03619218965456766,-0.007426098347502532,0.011110809372210562,0.010290172651814769,0.033781686387751794,-0.012986918120244152,0.022081893440112105,-0.011271307386608852,0.002243169338980509,-0.018343970781856175,-0.03118008474498698,-0.019497020772147457,0.028537424636924078
2022-03-08,-0.02357059863305367,0.008055100575965665,0.010505850627735543,-0.026514033632404135,0.003651458831508987,-0.06958305256529132,-0.03787805072489539,-0.0187260194909032,0.01606478727603267,-0.012852371695140297,0.00781271915158677,-0.012801304488803173,0.02985438565755725,-0.014789132757826411,0.004367582436698667,-0.011265377618172707,-0.00861506341023258,0.003707636668957686,0.011863970767486676,-0.02093883097554787,0.029804431530183886,0.008644828730308567,-0.026704796722242515,0.03593217757485233,0.013039190777995676,-0.005019225707993507,-0.006522736367937104,0.02399673433322697,-0.006913843360665973,0.006609347553700388
2022-03-09,0.02934010446105129,0.0014075091190759973,0.016279490440485413,0.005486387664159171,0.008414416004509116,-0.02102174098084127,0.007791301642975888,0.013868899441826251,-0.007935914008578735,-0.00826277902469266,-0.005640864873296547,-0.001754813790695022,-0.018318649777660304,-0.004523846631536464,0.006963140328635294,0.011990094376553807,0.013830105083384631,0.002875788713742756,0.02960012688733913,-0.018604650605659412,-0.013185076561961676,0.012742759998835658,-0.005249790260978949,0.021398485429316935,-0.007170770221962868,0.03385023811759014,-0.013717814594615036,-0.025156985298286895,0.018656258613236117,0.016392807661870117
2022-03-10,0.018346913310186345,-0.00286076490558979,-0.025867082031013018,-0.012698330345317303,-0.018120006263877293,0.024961309236276496,-0.02485054771901717,0.004394082210660236,0.013462372750480706,0.021912727965604555,-0.038731453056502316,-0.02652588636660737,0.02646424048749179,0.014977284871182188,-0.00783869439388823,-0.027218806132996785,-0.010748976042142915,-0.02382298933123557,0.027267788979265385,-0.005272579353835402,0.01639540061397426,0.008585789299840356,0.00402564436829118,0.027555933677015535,-0.0021335849360006156,-0.004561768449598185,-0.012862100474579878,0.018815560185235645,0.006536070509394319,0.04618578351409389
2022-03-11,0.026631897240090963,0.005236391592443836,0.004179810613220613,0.0076886155919965015,-0.013637732488821427,0.004666479489275384,-0.014425673403244995,-0.013926175951143697,0.009874884755046977,0.027159868475431188,0.005143259554634078,0.03842394239597703,-0.0024839825393046327,0.03500611350272615,0.026469300652144426,-0.016059558028495742,0.005613712792242595,0.00898838435908869,-0.006810306950549457,-0.007309084213951075,-0.028912157986063617,0.0014158201862582893,0.018412946537544876,-0.015046821531557784,0.00021532138279765027,0.02713871090147991,0.006819543884666773,-0.006625295746347869,0.007398790366551287,0.015841198603265123
2022-03-14,0.0123514914469322,-0.02172666802840641,0.02102157086341029,-0.020357636322264457,0.005966079022354378,0.01633670372695076,0.00423387219071437,-0.03207531405382362,-0.018414695297095184,-0.03291422809711663,-0.004728888062111986,-0.019525471090062096,-0.024540976907943168,-0.007790145937219967,0.011530196646148926,-0.013484759406128373,-0.021551082890179735,0.0065328173361462755,-0.0069828622437944,-0.011573253316933037,-0.011635243816666361,-0.03157234121423162,0.009051534680548931,0.03585606583838597,0.02580045400418755,-0.014376065341729001,0.0026353792709659933,0.0019480026544532114,-0.01332732598688167,-0.014701591816362198
2022-03-15,-0.02407790771745096,0.00967059579298293,0.015656186424662984,0.017084420572987313,-0.015157953313503471,0.003785601275186014,-0.003604112710972206,-0.019476483205524003,1.9518597496058e-06,0.0035756440898544067,-0.005544014142162018,-0.032480030722999056,0.013342096306366643,-0.028100942690292396,0.019446290261495483,0.0016562192765812076,-0.001940941668202586,-0.022084025881304693,0.01131785930469914,-0.037118538733545904,-0.005187933657854281,-0.011691316025998658,0.00012802993188071186,0.012907278087406854,-0.0045849495158256145,-0.007386075063561957,-0.009446583152879768,8.774979237849287e-05,0.024783587574497067,-0.014323105320028924
2022-03-16,-0.04167693869299715,-0.026393793557965017,-0.012540831969654663,-0.02384346194854899,0.007982473615226138,0.02560759980091389,-0.00635011485202716,0.001388602080538054,-0.02161737549849416,-0.04727280340168829,-0.02849910416540736,-0.020185970333784616,-0.009764705236287505,-0.019803018990754442,-0.01357363086797535,-0.021395360535919877,-0.005400919588258497,0.01762496521599552,0.003258174588908981,-0.02335557284521887,-0.016314572565551595,-0.02757290425839756,0.004880255339156719,0.011088408422988071,0.008340900737208348,0.02522047052627591,0.0013773602988739302,0.016771461838109555,0.0051315200060410345,0.008674125458077135
2022-03-17,-0.022486334411769653,0.01638352571693164,-0.04775265731807427,-0.01308842136848994,-0.007329492776859201,0.00711072737285193,0.009783437206773979,-0.023269339028776048,0.009370605634675351,0.01005500108933837,0.021015705606149536,-0.01551063929111317,-0.0069865262936900825,-0.009402041831410595,-0.02203432652095384,-0.03369315028398178,-0.03130720548272633,-0.009635774961224556,-0.004204074743868634,-0.00345772626069206,-0.020454294093515634,0.024540290726767576,0.007047106276816498,0.029581526077675984,0.011033463396044024,-0.004179938404011557,-0.004132131685710111,0.030283386818751874,-0.014978920383776944,-0.02427556741912012
2022-03-18,0.004241033226069524,0.005979888319346674,0.02705795855486738,-0.0032104263347341264,-0.0050166491840507345,-0.0003916617147419858,0.0034798725521710174,0.029318109441410334,-0.031073247028323488,-0.007851075255639143,-0.01699189142245813,0.015385552904933184,-0.022445565367877705,-0.011001070351016249,0.008661303009490983,-0.052905695017969906,-0.013600956099349266,-0.031121634262762543,0.0007964574774888069,-0.029375801701423714,0.039705431821277955,0.04932600771722669,0.016959984731361438,0.01643579910953187,-0.010359616414000279,0.001472693567025941,0.02990546937587742,0.01353849757284235,0.028599656508210246,0.019849506313280658
2022-03-21,0.028310004709714617,-0.015225955535883668,0.019023516348062795,0.027286764883797502,-0.00816013226610008,-0.03752304472737479,-0.03313636222817771,-0.01445242766031353,0.05190435422775038,0.016563406788555685,-0.003934093525812206,-0.0012841280446980474,0.020745434620295992,-0.032947303211464454,0.02246665307575724,-0.03213278391284564,0.0008036210903469032,0.021636020206730243,-0.0059375707139687735,0.013789817397114885,0.018230838247958105,0.004541862296417946,-0.012916558958503846,-0.038277458503936546,0.023298623346306897,0.018838434590478695,0.012184561939310055,0.026905239174287346,-0.018625932218488222,-0.0323195496989703
2022-03-22,0.026816566816537733,0.028413434242051387,0.0020378700330468086,-0.02022583151468929,-0.034612411508552356,0.024617622676372884,0.0052809499647676434,-0.034912946293362765,-0.015877647011339837,0.01769584070801789,0.02802779184749215,0.012941690626421979,-0.010082852362105169,-0.02770825219701355,0.03134885780027329,-0.0144277531462846,0.0006852108399186098,0.022284947517596077,0.011473269641506334,0.000823232316109343,-0.008328813643656386,-0.010878916226924665,0.0125294255162171,-0.004042247969930287,-0.020386106465066382,0.0022538698258720833,0.016739627984285976,-0.002489162231851698,0.014948725628103544,0.024975893239929187
2022-03-23,-0.004471854682056305,-0.007213013871126366,0.002094898867437356,0.0007709710974032357,0.008486452799480357,-0.02140439464386803,-0.007098145862816172,-0.012160927896709244,0.024362677766447436,-0.004559204019243107,0.035747812557575614,-0.03328135944064798,0.01648290758201848,-0.013469033093364117,-0.024754701530631855,-0.003925898002304442,-0.0039211031532534,-0.005476809477547925,-0.015603392673035678,-0.002633808490572333,-0.0020481800109321347,-0.005142337229754674,0.029014229416407602,0.003796685418275052,0.0008764261880110356,0.0062845466336288,0.01844437874646342,0.019630446096534068,0.02437970105963646,-0.00546737752100822
2022-03-24,-0.02201936698214505,0.03303061962375562,-0.0071808919007408534,0.02677366102450729,-0.016010950343196103,0.016168655116027008,0.0017046212874335625,-0.004422137027508986,0.02479613805898224,-0.006385122336312505,-0.011757155438253076,-0.0238386032653522,-0.0037362603324669437,0.005522095178149875,0.008100852619673419,0.008803122878296576,-0.013383291661713863,0.01469424512096203,0.000533532378716117,0.033779887825113236,0.014104003469526104,0.016977195597256436,0.009544527193666006,-0.02709452628677099,-0.005816380130136734,0.04847978713428792,-0.019490432093956657,-0.0012991451639402596,0.007282484461224775,0.022135373911271697
2022-03-25,0.005548852572330646,0.021506118458115602,0.005950067429149875,-0.005793759549068773,-0.02432744362212332,-0.020945957676866564,0.010795426871092835,-0.005993479000179139,0.008569988544243975,-0.019729692406978933,-0.001770459955162586,0.01667009377795682,0.015741001638806727,-0.017550937269510014,0.009675241397059641,-0.0025263436604265424,0.01199470862956405,-0.02287696836261135,0.037936334418601336,0.011177404557180508,0.006774202463019665,0.013195533522140061,0.008552556078768326,-0.012521571065172502,-0.012406216137634074,-0.013740766981022154,-0.04207258462041441,-0.005709964641424871,-0.0031676945189962947,0.026677146623439892
2022-03-28,0.025960066230553424,-0.03755726291573538,-0.019674429768022573,0.006301333182491992,0.031074144646928484,-0.031954242804438225,-0.0161349712747957,0.0013287383072297474,-0.013172055631769848,0.029289411693149248,0.023743466679551795,-0.00852899953456794,-0.004362740243773995,-0.009446503786177037,-0.044132068004948025,-0.030226090873031096,0.008928475248681267,0.021932746753144217,-0.02259312615329744,-0.017272498824707626,0.045944830402795504,0.005935917913950104,0.0018405142438471724,0.01732502671639409,0.00412311959112272,0.030719712820599973,-0.0026857650709550796,0.010401684082827822,-0.011094267109536472,0.004525958110089175
2022-03-29,-0.009828522118920862,-0.018747031887467094,0.024694715308170676,-0.011532981639806277,-0.007194156880361363,-0.015048082761757196,0.032754470050788125,0.021113999050585582,0.00553341904810028,0.00458626441404863,0.017696856215364036,0.014551698871803532,-0.052816332499645374,-0.02295436684296247,-0.030687934141424827,0.003198125612572443,-0.04745537400021807,0.0009493662388116374,-0.014680654675760482,-0.005271366899709043,0.01076569758246613,-0.01185432707124237,0.005400849428168974,-0.009297274975893917,0.01461794434397327,0.002059840790064695,-0.006941806707198595,-0.009632858046771652,0.025417565542009007,0.029276267090579972
2022-03-30,0.004147655044829508,-0.004267947917787169,-0.013862899539772083,0.00020549985965610318,-0.0032975703523574792,0.00853425249689136,-0.0104708649570159,-0.0028672705958792547,-0.005532634618724837,0.02714682614697147,-0.0003648381632288525,0.01110375123793779,0.0017566576739736694,0.019561167293134712,0.01798742401219604,-0.005334579401259193,-0.020397254505849526,0.002217465949705432,-0.016323276077205986,-0.025247098895105437,0.0024847765467613334,-0.008647144871410153,-0.02246483098500643,-0.014528173120378648,0.026192988300624668,-0.007869660952479821,-0.0023326414896149275,0.006668260472909662,0.008636108134703384,0.01956972499267356
2022-03-31,-0.026941063163228432,0.01742235815592247,-0.01329300432938864,0.012216800079888917,-0.02729866072105345,-0.031012340779031172,-0.015257721736323322,-0.007063401117504232,-0.017261664762325764,-0.0234457466292624,0.012410232034302934,-0.014304727322253909,-0.0006265406498202619,0.004142083143625178,-0.016865902828336797,-0.008132669950935117,0.017265189618179105,0.010062896046983402,-0.02402980080163009,-0.0009201417519534686,0.012000864457095152,-0.033462369452496345,0.005452793392305419,0.0039872302933729505,-0.02892237400714566,0.033038033942817034,-0.04953103621980136,0.01598863166410672,0.0026554935125189987,-0.007721240795817923
2022-04-01,-0.0011265515600666,0.03207386050601633,-0.03289414308334609,0.007086178166046894,0.010483452230470335,-0.01645046005283408,-0.013077832600618204,0.0297692600892377,-0.001954213776022705,-0.04043238923600162,0.013530332433186397,0.028646238720250187,-0.020425366574775932,0.046622657570417954,0.013158335119608266,-0.02871019844763752,-0.025571728304976605,-0.02117001105741255,-0.02130060070905772,0.00020534616014692406,0.015262743263614192,0.0043053403692322086,-0.004820379162661464,0.00028015507017312396,0.010442060665575709,0.020489094260232578,0.03473202291464959,-0.01222369942411433,-0.00975189286746271,-0.0022515975060614884
2022-04-04,0.027309001330586415,0.010616718823535883,0.04405018983772452,0.020053072951920402,0.0004956071322638192,0.017707933908407473,-0.0022398729350963744,-0.004450826966614451,-0.009971600364941819,-0.0012720813839333172,3.6509189931261906e-05,0.015078683612320327,-0.029402647423191756,-0.0021455840743925974,-0.00823149082377569,-0.009134260545793136,0.0002688738638868997,0.014532877195461237,0.008534923948163508,0.0048881855620284825,-0.037804363118811,0.000878424864908429,0.015295878945205852,-0.010303802739281087,0.004126917940254702,0.0007006331107134552,-0.009779049691523337,0.0007144488626032811,0.007406007163114542,0.024438214469415107
2022-04-05,0.004486055970758656,0.027025602700663676,0.011313308681494723,-0.020030915704830066,0.022650909410265596,0.024020889235176424,-0.008369162527933512,0.008124494511907523,0.052738544414621814,0.00484758627853045,-0.03746533299234448,-0.011353550469499457,0.05833830193872444,0.01707540929494856,0.02938434446871788,0.026247225645654886,-0.0030131485693341083,0.012667924413959926,0.04282407856823503,0.030308911196005706,-0.017554119159944145,0.02737747954916866,-0.05969416092388688,-0.00315059763802682,0.015443727302920792,-0.0420415082619259,0.026355317822795668,0.020645355596088443,-0.026449961318468454,-0.003782184961738719
2022-04-06,0.03223695207930446,0.013747066976563244,0.011997643335986477,0.01006295705712618,0.017440250425873265,-0.02069599834811529,-0.0051776077432886605,0.00538122051034564,0.014416770380912242,-0.006220304117888498,0.0032161229180515524,0.0058466647753766384,0.012183421674260939,0.02146778961824421,-0.03818662536361157,-0.005438202217875734,-0.011706849583289339,0.033906968131762034,-0.00040791590953261444,-0.024669984712397796,-0.008273555520579807,-0.009078545354505188,0.005912769858354581,0.027902164235704376,0.02082590462549099,0.005943506796576747,0.016904585038516474,0.0051516646204839,0.005282471234061602,0.0061587864123952485
2022-04-07,-0.014382789783530475,0.014226674999692329,0.003180591526423741,-0.004804009333360247,-0.026345220360423367,-0.01673760147150679,0.010472236464858524,-0.004743180720349067,0.032837448902989765,-0.004124334719911569,0.0164573629660879,-0.011502450421849929,0.004508134629731032,-0.0013705578065382697,0.012208293836412868,-0.020559043148307803,-0.0009043145227587135,-0.03636494131038758,0.013402177130464397,0.01697317950466993,-0.010272920997105922,0.0015652045623037675,-0.02044963214206956,0.00024784512308520876,0.0025524913910085884,0.03715989203636591,-0.04028003525231854,-0.0437552444037012,0.05372119814759175,-0.0018600521639535652
2022-04-08,0.003264281437154513,-0.013988314958674343,-0.00384839331118483,0.006840283238000632,0.003782642861882691,0.003935928629908071,0.016172523114888517,-0.01584171131487569,0.022032481900098235,-0.019155461501628526,0.01588504431928082,0.020125673245046462,-0.034619703010380795,0.011981017977845567,-0.020971179136863347,0.00664841615630686,-0.008272275571785132,0.03770300264701443,0.002385105846997703,-0.028678784049426014,-0.037236103107117176,0.04524889486721416,-0.01670517595829237,0.020823147886860214,-0.0381231711158105,-0.01029807640042673,-0.02137850862404897,0.018915146657026323,-0.014530334003940052,0.003150953635121064
2022-04-11,0.007765863575874822,-0.027851410720439864,0.03839293514893816,0.007766583196258325,-0.020672159463929515,0.014617374616741723,0.01569939513168182,-0.027972486407004494,0.0287877570099589,0.00744084102288084,-0.026017326357197813,0.025277590380188154,-0.017299962085042763,0.020220321996830954,-0.0357742338853195,-0.0020206451124266016,0.028303264876608218,0.014228127793478705,0.0073549519196418195,-0.00277763647031027,-0.020174590549810602,-0.004132230541738942,-0.03524455788563198,0.008347811439557137,-0.00917059933943984,-0.030127326978405748,-0.05563687185444524,-0.004548108748904492,-0.025464531704487543,-0.01712735289161291
2022-04-12,0.018137541538767187,0.0076453438926480915,-0.009761649208615995,0.013688233018928955,0.006112733305267101,-0.030858794180831532,-0.04545251137785372,0.005461546542916107,0.0068197828917390575,-0.009911799822399177,0.009613069507452563,0.01222702430872226,0.016053724651646433,-0.022622990644932443,0.01677559387931096,-0.037739080990119134,0.021403700461533053,-0.003948216715834324,-0.019876702544230095,-0.025445646949538443,-0.04350586089862951,-0.008758916974581135,0.005542173733855319,-0.016633579355358738,-0.016604811597110636,-0.010273350735281909,0.004050166539691969,-0.0065290073952132,-0.009407897938773988,0.00522539950156333
2022-04-13,-0.011278791155657586,0.01938822478071553,-0.007437010708963735,0.020286929406973457,0.04720771600287719,-0.006793295852504066,-0.02612664815266863,0.01592486654356171,0.04352396890655673,0.0006185010331173069,0.010490435621188371,-0.0186975824204451,-0.017978104468065567,0.011928023599738581,-0.025512693664008365,0.02933735947510832,-0.003891133870836472,-0.02119130060072288,0.010642775124689733,0.003037900931560206,0.003252475006058022,0.010986371231148612,-0.012978728866955546,0.013435661992911385,0.03667368780764863,0.008450730059175255,-0.022444404892687765,-0.013717634501348502,0.01251978511283288,0.0020638721253962134
2022-04-14,0.004339330919614994,0.0444534005684591,0.007029658394458919,-0.014577103433269997,0.013162546647719044,-0.0223942365298808,-0.019663389672752427,0.005415161502262829,0.03689541779746166,0.0044996057475754254,-0.01696073112092479,0.002593009585028689,-0.0401027873665993,-0.0013000104216018798,0.035411481753416796,0.006866533674180472,0.011367458031874143,0.011259151731480968,0.019447988587684158,-0.0023910265807022112,0.01366317024125773,0.01946848499199252,-0.0009202907737144482,0.029294404495896584,-0.008703925366437947,0.012598139071599498,0.021745266669075777,0.014170661740438904,-0.015458373876123357,0.0005744161510319388
2022-04-15,0.015924846535445833,0.014513525500203048,0.01198559696235315,0.01960654821643338,-0.0037603939801114537,-0.024362543331728517,-0.00019932178270185697,-0.006633312867470297,0.0012085288655651395,0.006394102198532822,-0.006582081550894355,-0.026816135840316106,0.008578008093594183,0.0030380073345884343,0.002940031841596058,-0.019092777015259323,-0.026246513502030295,-0.014718715907845372,0.01826042586171695,-0.03114901513456357,-0.021452347818311904,-0.020362399843723466,0.003978030179281287,-0.03115080222971614,0.027616428231482006,-0.01254493585986056,0.012120933438394908,-0.004311846496896126,-0.011607489649333802,-0.024700818023115193
2022-04-18,-0.008426804466790852,0.02970533305181202,0.018962570546063793,0.0306220392778056,-0.02404685822548018,0.04667323315719944,-0.02069712173627273,-0.00041719588440865247,-0.012379482140096014,0.020312439930188046,0.0010715451701850981,0.0047966891257257855,-0.014212816977660588,-0.007148247112476579,-0.010915303642464383,0.006122101948972141,-0.0369672725345628,0.014021584863263043,-0.0093341022501037,0.04863025622704751,-0.010289336139227055,-0.001001945818356736,0.026394623290367993,0.007283745253361091,-0.01955639834659912,-0.028416345682539302,-0.015884286072023718,0.026654266567728926,0.0027349653177534167,0.0011785034584155083
2022-04-19,0.007019635104671673,-0.00654107788696988,-0.00018798671306939407,-0.011933644643770757,-0.011973061046712847,0.01624029817833542,-0.014739964837741145,0.03575028129646163,0.014080095884435694,0.026534269879394456,0.005386004896843959,0.004768374807771428,-0.01975426807561575,0.014596119251994727,-0.02393749603878591,0.01942813948353577,-0.042187556271478015,0.011653545642650963,-0.02928147229705997,-0.0044774359982063874,0.017953628962653474,-0.007153195636939573,0.05956172409425686,0.0017832629463940901,-0.026849071550072195,0.001216608794874301,-0.002185548539123411,0.02448498059513448,-0.027177392219315196,-0.0048582589011543775
2022-04-20,0.03664849351382665,-0.02304418825012739,-0.016149698046475654,0.014524388343372637,-0.0020328702051385823,0.0011783641930441244,0.004176637490244396,-0.043403025371704276,0.03566393423895189,0.043396725642381055,0.015813785335936026,-0.010893097570233686,0.017182960466496297,0.02875973282378056,0.0160126755365902,-0.014261385461785623,-0.026812167375660147,0.028205817469157447,0.021230705644860768,0.0022297217571308737,0.029009709273667514,-0.020844549926728892,0.0064337428628265195,0.009582663563750116,-0.010691233986475375,0.04426030280274168,0.026298971180410045,-0.0008220515189316067,-0.008894467123075667,0.011656810347384373
2022-04-21,0.04980012616308948,0.016741249792592384,0.017689943191123773,0.0072146893816094565,-0.021543393212046964,0.0016057299910112333,0.014027917260837105,0.03418047625494442,-0.01713225115887024,-0.023058226348925136,-0.012105889175231279,0.003192420083797152,-0.008610808233611971,0.010483744038893895,-0.009147786803639105,0.006971509140744162,0.0028297969384586496,0.01243209534850428,0.04271607262785949,-0.016963143548606174,2.698826063390696e-05,0.024850375533623407,0.02337389903967064,0.050414941079735154,-0.019747551859153285,0.0012495721626716214,-0.009626736845389174,-0.01760188294083526,0.02711324201841309,0.012800982083518443
2022-04-22,-0.01440155923049222,-0.007923495195667733,-0.024195081665508083,0.035106953516867906,-0.01339021020137353,-0.021669996120540186,0.021355697184539175,-0.02865700408057965,0.051898566339115416,0.012708787972712177,-0.03388206431853356,-0.005012199027443517,-0.008185603522013146,0.016783878211300424,-0.014813278248629876,0.00894249017984496,-0.005487885112561218,-0.006646351673697453,0.0015373949849864924,-0.014951113296660531,0.012650747401942282,0.022471471756626126,-0.027592217331498477,-0.012099840050921361,0.037643727605221965,-0.006219216360657401,0.01745103755980813,-0.021530330993258812,-0.03356519668604507,-0.0078088496496528745
2022-04-25,0.025018351064927342,-0.006076343699206633,0.023173978790992842,0.021389018187866586,0.015722867680159146,-0.0010171111190984195,-0.00024348565620615543,0.026116815171936893,0.03517724255356649,-0.007941807930390087,0.0060606064305814035,0.02662987942618175,0.011746837488731341,0.041117044012074826,0.003073490822488223,-0.010137609864828657,-0.023344315179785472,-0.010921109216406748,-0.02574238099639296,-0.025138112898578067,0.011516359606800483,-0.013825212254369812,-0.004873931398673203,0.005256421734435908,0.0031446778260592464,0.018240969582424788,-0.016145497797643134,0.028766516765058214,0.014434334928326286,0.03575930228273598
2022-04-26,-0.04064688833519147,-0.0014270527255829174,0.02296043230611823,-0.002996162890752038,-0.009311052282917495,0.0017186767070427873,0.032525672479339164,-0.038278981981958705,0.014421134427587912,0.014328548724028733,0.024383802862438315,-0.003941639120186495,0.02332018383790919,-0.009255306682033391,-0.002200347119790827,-0.011247772175146565,-0.029461908645191926,0.0133365625147033,0.030592731501886117,0.01470564800724591,-0.01586736470777649,-0.01406227034292786,-0.02498780258583409,-0.03382174791934568,0.018191901748055832,0.03441517881650724,0.024227748557858038,0.003322733251458205,-0.0035605885249872984,0.013250941975892083
2022-04-27,0.006048276861636238,-0.009374722692459717,0.006764262439487343,0.0049272043655853295,-0.021091995110707935,-0.04444404215794406,-0.013677193202369424,0.04280196172802757,0.028407535843477518,-0.0015346584357922696,0.022099424556455898,-0.015365906033601507,-0.014262059904661001,0.029820808204687792,0.02785090507759893,0.02937927327781913,-0.029268840337453875,0.015658380392319645,-0.024646076650481376,0.018375883364517766,-0.030271885237055273,0.0062984190222156455,0.019244011886297756,0.007638860676057078,0.0010705902451823204,-0.03356770410049,0.013024389577031921,0.03197848254434956,-0.006636732800440376,-0.02713758934387355
2022-04-28,0.0019348347656061458,-0.011515456499905664,0.0031714623469262133,0.02432928579041222,0.010700731732855425,0.012499856171920017,0.011488796334818802,-0.014143235470446653,0.00824790471840871,-0.05000521768114778,0.018887764263246072,0.027684020625516427,-0.011473646298737983,-0.02404350090655036,-0.01973506931417943,-0.019810068022832625,0.0043214265933214915,-0.02104762587393129,-0.027490461818120385,-0.026784472396170572,-0.02231086766772202,-0.025967216890426508,-0.01889338515100006,-0.01993134108863389,-0.0555827968471048,-0.014211182834090251,0.01975097318673263,0.024917491258097082,-0.014877764238108262,0.008571902312780972
2022-04-29,0.011929553349167458,0.004718219036497684,-0.0036639678694133804,-0.005764884039864511,0.013048439300731752,0.005306142334878247,0.006821166274225402,0.02543521306600499,0.020672001648545164,0.01762027224196199,-0.013047770208780318,-0.04375096733851236,0.01742385692433886,0.00955875191055631,-0.01932814580218145,-0.02094883169659062,0.026907704918093897,-0.011225011024084554,-0.007953941266126011,-0.01505994878295501,-0.006426180167895411,0.004299117358503248,0.01350007278880125,0.009804638054042329,0.006696583620001491,-0.0019795890637080028,0.000676777224703372,0.012123503446207232,-0.05740520484328193,0.016743387356678376
2022-05-02,0.003017958582625738,0.009362507421697246,-0.04903133375896259,0.014802847919653937,-0.04309912314551915,0.008219400846084132,-0.027833119410381267,-0.004431326125550764,0.03831819964361553,-0.007316949880783878,0.0009444231349592567,-0.04498624696861094,-0.02472873002397458,-0.008280035409064367,0.04830350228403844,0.010691279449873262,0.002423532940676253,-0.013774379696815149,0.000537972951989142,-0.012036312838710886,-0.013381955062592226,0.020387019387479083,-0.002337269173853518,0.026181236984316354,0.003853689741832908,-0.0016176609054442733,-0.013572439159898041,0.015117892935935743,-0.03972685637787516,0.020957899856454625
2022-05-03,-0.020293113433955623,0.005499720090199385,-0.008649780354008813,0.015250347978064174,0.01858184750770972,0.015537922796843483,0.011908063554486028,0.0008500963490993786,0.012366728364490334,0.0036963739044621356,0.007587024056371382,-0.01752329927091817,0.026685662153412674,0.032844912907949456,0.03713976981471926,0.013700687255472048,0.011323732188180445,-0.020964045668740473,-0.021679963983322843,0.004009547127102068,-0.008610743335283782,0.006626593968761939,-0.03945310036437896,0.005641021080355553,0.012401609697129811,-0.020132152455048735,-0.0237683437720941,-0.00797071412197876,-0.02711186122148839,-0.026555010664201573
2022-05-04,-0.008252649866644306,-0.04490934540699459,-0.027481462199742537,0.011140211744177758,-0.0043906633683863175,-0.0300151677563537,0.017168735432671743,0.009344330299755425,-0.025991336270558787,-0.007738618507404425,0.018049397908336224,-0.02671824573507541,-0.007925400303755369,-0.03348691100116707,0.04080833591604803,-0.003927817226615414,-0.02390528325422442,-0.03565949317094721,0.0121798410681589,0.008877641917585867,-0.0024701267077916035,0.0016598124863040835,-0.018443977505666898,-0.016953390538771592,0.03426607734403508,-0.013349330340147722,0.033918302869302204,0.049671492066362816,0.06443091301185494,0.0005227854403464546
2022-05-05,0.0025379567875693848,-0.0113909614751447,0.026414338719267936,0.016305635568145658,0.03538309723166021,-0.055414356420046884,0.0047278768461032315,0.01805135498764152,-0.009367646456247063,0.039171680949154276,0.006820499538926231,0.008173469919729965,-0.014141822189287714,-0.01271844985079323,0.02169978038818195,0.020679439994232125,-0.02707272076012385,-0.02176232217622442,0.006089606940779126,-0.0028368470670131355,0.019185937423020997,0.013491702314806479,0.01699075456700295,0.007953956935535092,0.0005949653066180693,-0.002218329628859048,0.032375792071121984,-0.03711448063188265,0.022225816918268953,0.00736429874930425
2022-05-06,0.015047203121593706,0.012145202564345169,-0.017922041512896784,-0.048780761582985444,-0.04250372590891252,-0.007816510733291987,-0.022922218604269445,0.04139312256381579,-0.014514442883881717,-0.02805008668660306,0.008384316412789432,-0.020615767124325238,-0.011366303559572364,-0.01691888768690422,0.0019147855925795668,-0.004255816567035946,0.01427472048071186,0.021140271991195538,0.0009428049550562105,-0.03146450637152425,0.026916951693236508,-0.01418644845793348,-0.00823606808220635,0.007238329128226078,-0.02709566088905422,0.00974350869544193,-0.02400539640639391,0.005134237751085105,0.006666159307971119,-0.029704379692237236
2022-05-09,0.019702438003768415,-0.004041919904000971,0.02994229195141051,0.010835358380697532,0.02953871549702423,-0.007968996166480226,-0.012647403793233208,0.023679262049039435,0.009623983310881937,0.028988015439217387,0.009547444604761071,0.00814959822765477,0.03100526877450136,-0.02921794588126565,0.02162806160389423,-0.019552460911752948,0.0304109466274692,0.010721409368497232,0.004766856336301609,-0.010895514506334894,-0.023956707692088432,-0.03240082499235061,-0.025297162472629163,-0.017321130031843816,0.010371505644266307,0.019675949577494686,0.00015326355589907094,-0.019445314749600345,0.013747723267763353,0.009776603023715084
2022-05-10,0.0011552314792746534,0.022861603136456656,-0.011648821262287999,0.008480255509993588,-0.02125016036655701,0.0015604123421648806,0.01941805243940618,-0.026452894824765132,0.017786980514737906,0.00675900000794178,0.021403798046323107,0.011514917603655219,-0.010920891415474495,-0.011794851069281947,0.012328804028188416,-0.00527452176846873,-0.016164069037108843,0.023396728200882205,-0.006665363854262889,-0.008196692461354913,0.014257796259937318,0.003109521008350432,0.0096140709718316,-0.003766730958090027,0.02058456173313558,-0.018564633098469084,0.011653734045175574,0.014995134330087046,0.013018168984685777,0.006251435593722696
2022-05-11,-0.011108182712777602,-0.005386518839799412,0.03275141030631137,0.025476507448619824,-0.004745126123655645,-0.019859271466468268,0.024073243651957173,-0.03133054195379936,0.003212579554380136,-0.008312549080983882,0.014524203385791816,0.004488949537589669,0.017386321919810425,-0.03606127341811602,0.01026730759344037,0.009454542536877381,0.013687861921579973,-0.005231344580373565,-0.010643063295296249,0.006151358371367566,-0.0028377313888587807,-0.008439375093541448,-0.0030205909567266155,0.008431105983572853,-0.010117451479992795,0.020983428562661013,-0.0033258826151281325,-0.01643292820477061,-0.032971701638510736,0.005960057508265248
2022-05-12,0.015457936286478827,-0.008241827600357696,0.016148781474694892,0.004847535683571871,0.0028770171384448085,0.00907946420668901,-0.006367526512510284,-0.03741983574868216,-0.0033000562758543355,-0.025868285770309356,-0.019359414942013407,0.0011557907436755299,-0.0008569482408098126,-0.05870386668012788,-0.01407667315466779,-0.003805731414668479,0.009740908634377078,-0.02013103499913839,-0.014924315095059098,-0.016172287909363817,0.029348277762765766,0.0015470734339490656,-0.02400100808204988,-0.006456746513515955,0.001386032664605727,0.0677521958689919,0.004971670832200289,-0.005739051597315394,0.0063065194916204015,-0.015841873507354727
2022-05-13,-0.019828819363207496,0.016897121845690612,-0.00639930532687539,0.009568859874096234,-0.021256432315982933,0.02047036220399059,-0.009527130746025698,0.025400685446853758,-0.07713684936972695,-0.003276690910687831,-0.03313451368672424,-0.02337959827782519,-0.013841874005459524,0.0007390754394627798,0.02594328894805457,0.021206572586148734,0.0031476984687430344,-0.011003138455506158,0.009215026203286486,-0.0007042695971588644,-0.018854650259282218,-0.014318725041352858,0.025327569216663126,0.02219197355067879,0.013487040492577276,-0.030745677132685178,0.017841520976552103,-0.031489752407897,0.008849685038496397,-0.0040448695993254135
2022-05-16,-0.004579763588454579,0.026288210536667286,2.9268228842753712e-05,0.006496533135394815,0.019118292290446287,0.01207596987143167,-0.009859616900585441,0.010246951700512645,-0.0007467659981362936,0.011653180854528267,0.008837712899584911,-0.009915509140867496,-0.013819158820868411,-0.02054769659086736,-0.014523453792136052,-0.005841820607791658,-0.013717792617182853,-0.004380323334668662,0.040861731524742706,-0.0021077370967900974,0.0008179152455956122,-0.0290620463176915,-0.058309900131103355,-0.015788178839137766,0.008039975090087815,-0.037470719733523984,0.024612960810025834,-0.013036041419955288,-0.002970471443814286,0.024853461665855284
2022-05-17,-0.0167910732429281,0.02268913813989617,0.01283791764736964,-0.008900238287572264,-0.010206266605332916,-0.008184207479057754,-0.01400191324966313,-0.039958490170180376,-0.0006760311358239295,0.015383539784240194,-0.015637423711647714,0.0012347270586664928,0.0032602394719367673,0.018612814205039487,0.010036981474899715,-0.0035231801567090133,-0.019647120323308044,-0.013965148948323465,-0.00036310979312524167,0.02002951476150466,-0.005257257651459706,0.01031786941367103,0.0078057886893482835,0.004450645022646143,-0.023015549977896337,-0.011272734195308012,0.0013952007327970024,0.010552259289094808,0.000837093751397978,0.04375182370691693
2022-05-18,0.008975975621829797,0.029577420318591088,-0.006852961993632399,0.008348541365385376,0.0014335533085407246,0.012797150865237085,0.0005022166085069628,0.005444425600614416,0.011673832789885296,-0.033789845006264405,-0.028846007769119244,0.008445752447756076,-0.001833796491890693,-0.017751224132864202,0.001560733838343301,0.016206459379864598,-0.002365394004033633,0.007619411231365646,0.0139189467887454,0.021898229613068153,-0.0037211533810057812,0.0010081480687136521,-0.04064164912132783,-0.018651899695053358,-0.013755127017123588,0.0014461672580379525,-0.019144545998745547,-0.0238930727080308,-0.005072711620566366,-0.021744615920858936
2022-05-19,-0.011535383347207136,-0.04025319605624694,0.007440481702138939,0.007485169142190804,0.014803279132570284,-0.001471706359869672,-0.02619973365308061,-0.00476150625157358,0.012890998830366065,-0.007944408267894108,-0.021447090218978476,0.014386537185952253,-0.016922407286301414,0.019619923015334276,0.04165128052212189,-0.002966562035659466,0.0137593962876637,-0.005737522719625839,-0.025914185225892998,-0.009044223208188285,0.02193398771701972,-0.013279513587265658,-0.02240602770037553,0.010838192865340057,-0.02145521513610928,0.011857545318785061,0.003628925018980591,-0.004763041372285746,0.014561311372963733,0.003968525444779286
2022-05-20,0.011970806611290054,0.0032442161704595673,-0.004842738597587577,0.002436313091644859,0.004151309454295734,-0.0150417475106507,-0.03761281189348845,-0.012598670789653809,-0.009827990902315547,-0.03232481165242158,-0.045407777433115776,0.0029785108809658616,-0.004959965958068201,-0.011816093570491053,0.020545646583923702,0.05031239780212037,0.013495887163598681,0.02534691000974097,-0.008155530446374317,-0.018312240447448336,-0.011186385451811696,0.008489170261329762,-0.016706359981690972,0.007164152170117524,0.03217576177726787,-0.020483118426132783,-0.018425439853456006,0.0016855629837724813,-0.001030051737042077,0.014279289372574527
2022-05-23,-0.006001866300404766,-0.02738416631648201,-0.008078298014154616,-0.0008394208092564941,0.022414034044730687,-0.0238506509411491,-0.0052095333064417415,-0.001982873676921626,0.015127153549945347,-0.021021984769571844,0.01724371127852718,0.03949512276477792,-0.040366230043550166,0.01638409841618103,0.009012996945205303,-0.008928740754614558,-0.007925326184588317,-0.005169968285830667,-0.015459555698672215,0.00048509921384312784,0.022116347154912147,-0.009325210261421118,-0.04769989218687065,-0.008630750638301167,0.010020570564317703,0.014065461375191405,-0.023168476255124616,-0.007412919737556719,0.02290102433059674,0.0041532231758272635
2022-05-24,-0.03682446869453104,-0.00895474498078107,-0.017367904763384,-0.01731826661127213,-0.02623706128644399,0.010977248737151108,0.015419677933137484,-0.010515918526661297,-0.02228541306565778,-0.00644829264251809,-0.02029905602944438,0.0032593964181951035,-0.016695886567347617,0.012605769267902299,-0.007017505791317647,-0.029841021192767627,0.01279050272064804,0.006075308187747206,-0.002834174928136508,-0.013912605248298415,0.04530076369620238,0.014611215681471277,-0.00852963853249036,0.028550600378441857,0.008751075519168592,0.016928233573113637,-0.01269842890507578,-0.028628200989736993,-0.017493002380551965,-0.014280380940648384
2022-05-25,-0.014390600896884945,0.00048285592856702874,-0.016312454344750368,-0.03933812410653933,-0.021876697976124272,-0.005435208233795433,0.019419766660625285,0.013482321438645245,-0.016425022419646468,-0.04834604439283494,0.01813359242576665,0.010869476244696424,-0.05012029711384755,0.00808607889820764,-0.01277016466278001,-0.018828365153203654,0.015435016824726101,0.011303908205340553,0.0018113870048830328,0.04398430561884304,0.009424315325156757,0.045854955807343264,0.0036728563512470128,-0.016413241350942097,0.01825837259339455,0.025035606829478765,0.025537394558130897,0.012528192006593466,-0.03603740816240903,-0.0192270607715111
2022-05-26,0.035333845255454,0.012537471454848488,0.030597087086603185,0.02375067042942445,-0.0176979855936618,0.009501621528110312,-0.030766687441120634,0.016092429686504692,0.03664790946063819,0.011793150432668592,-0.05020920129112091,-0.0049794303925111355,-0.006854438814232131,0.011287338691758074,-0.022250331526183473,0.010078039263769194,-0.015270292524402563,0.020855737192467024,0.015494790477426261,0.03004674708241188,-0.02914602796986738,0.020395888497108626,-0.01567332044855565,-0.01569620867425871,-0.012978168019247881,-0.008178529343856399,-0.005121220872779856,0.03061039659186235,-0.011722563934805804,-0.029125630099272964
2022-05-27,0.0006937507330271364,-0.009911592321580521,0.03337756666156586,-0.00277846127887241,-0.025025008950098935,0.03987352181522875,-0.013530972423166587,-0.009255652198155896,-0.008711710801791879,0.021716123584682914,0.0016582193406354262,0.009794188129488885,0.03964746535618062,-0.00830231357087964,-0.03665300796476968,0.02766950164727821,-0.011374774431987077,-0.021353027286147738,-0.05383071452515413,0.0344270670352513,0.012711640133646243,0.01978430948779894,0.0041991132941891895,0.011123534896175721,0.04108966833528577,0.0004441923961870747,-0.01631758187943474,0.025889607600488623,0.0250557970303275,-0.03340471563930211
2022-05-30,-0.003011418244322254,0.0007315465024967272,-0.015342618374396875,0.023591315384273486,-0.003005970142193189,-0.0021624892184235658,-0.0055643365684635085,0.0013501650145427155,0.0018975640695257409,0.015206129290968868,-0.0012618647818425093,0.002246152704405991,-0.016241789930156413,-0.006100319845076921,-0.0112699310262047,-0.007612393580794479,-0.014268511546707142,-0.01723510435178094,0.020147957032903095,-0.025933697227648548,-0.023109732561838008,0.02888528071413695,-0.025911405829575886,0.0144496653377292,0.006081587544979142,-0.01575108379343976,-0.00467072514935466,0.01423023314118512,-0.017088419680400875,0.03148435592811323
2022-05-31,-0.02836694649701246,-0.026276860055104528,0.003963733988167399,0.03244978685490718,0.011417485300000776,-0.002809382508444346,-0.0075829133215431135,-0.0016944898869058534,0.006977010887286468,-0.017060676054996164,0.004121441234042655,0.0041803298346662085,-0.0019272605743302488,0.008803040411318944,0.003142493777148849,-0.022440273252298196,0.024823525879253266,-0.0342424122486181,-0.0053260723617140565,-0.0094248935505332,0.02751754320714679,-0.05372860487936226,0.025324910463653785,-0.009848259588653143,-0.016788807028088593,0.010032163913889629,0.005244412065062793,0.0008490233201252633,0.0007804827896404983,0.016384191963597406
2022-06-01,-0.0238552224610646,-0.06141042955622832,-0.015495826742438877,0.022416487699170314,-0.001844181437534851,0.0040188438992002015,-0.001612990619157091,-0.0016452084309322124,-0.012495305994319894,-0.014522809805704832,0.015121539798133509,0.001141946665729086,0.013075288430559244,0.02053554136317018,0.03294447676136331,-0.01600388281893519,0.00034038975616104456,0.016185309476270886,0.005965618942451352,0.01569761249599881,0.01874892726125915,-0.012440080119610442,0.0007081214582670583,-0.020459905132937786,-0.031442564325751335,0.02514562054460486,0.004125177315058942,-0.0027745119155312627,0.02634689155484872,0.022713919798729294
2022-06-02,-0.00873346669995691,0.03350740622298806,-0.012886236303571379,-0.018440119863267473,0.015061431194373327,0.02460385865654104,-0.0013380549483535107,0.0025729198634293023,-0.038681201356677894,0.002680061377850675,0.005792970161813415,-0.007799159461868495,-0.013742272043242593,-0.024194194128449028,-0.016667763568674932,0.0024472313914913543,0.0169896241470812,-0.00733328668046699,0.02820233968917762,-0.0015008763007792773,0.02253382026032136,0.007271101215670475,-0.0017228444087180233,-0.019354259475083763,-0.010815244530144808,0.0001820220915226437,-0.047234450636507413,0.002502902277991458,-0.007657772071087955,0.010259155752404946
2022-06-03,-0.0001224955361311523,0.012009722939784672,-0.03537022295242733,-0.02416856890820169,0.0018665540588066,0.011468674966377277,0.00756773527326942,-0.01443323265999435,0.03835237363146374,-0.04178444773842936,-0.019328178575153634,0.023881648950799052,-0.02748039506694593,-0.005778973960173242,-0.0178675460458341,-0.018118405668565964,-0.028552616301977616,-0.04510528832692139,-0.023028909362955218,-0.010137296299723937,-0.032833160279744686,-0.004782328965819099,-0.014140759755471142,-0.018304261519177672,0.021359121017569108,-0.04108853045273657,0.002664453554374659,-0.005126111391067837,-0.010351270852769033,0.004042434604283942
2022-06-06,-0.022363428999569373,-0.004944206954203839,-0.020916852751116564,-0.02585582592647343,-0.00792286667331796,0.004024368605021226,-0.00022884356895489915,-0.033871848748547685,0.0011850908239939176,-0.008829194770911937,-0.010150850448377843,0.03487865676102925,0.031032199697810472,0.018312547821788677,0.026872144125740332,0.000997042442555323,0.0037440949829748832,-0.03155721137700298,-0.0173570616486029,0.054407019082618184,0.00032489094871613613,-0.014714276206725009,0.023997214273280283,0.03521907355137862,-0.014438266023325593,0.0015883064792468037,-0.045531009472652005,-0.01782267176307891,0.011879768238841818,-0.012382523694924541
2022-06-07,0.0006996482201186397,0.024896209452553344,-0.01541924224305176,0.03227519091832172,0.028703675206041307,-0.006775716594192195,-0.03511889119504593,0.011976542252854846,-0.017772633004646224,-0.03832338522476987,0.01726076772893047,0.011960023998980504,-0.04193700399405226,-0.009107569913467777,-0.03728522499744038,-0.0057256865707100745,0.017873715825575585,0.0034190112027118504,0.03370257711842613,0.018713295494783264,0.010190700074622227,0.02151513970931202,-0.01789418248223193,0.01072061958566898,-0.008182014331751348,-0.011780571518673422,0.0007142980350564594,0.01847025703263198,-0.004937047427167167,-0.02373431595180708
2022-06-08,-0.031129186537626037,-0.03158771393901798,-0.007973716624515964,0.0067597257519767424,-0.046818192842375546,-0.02346147066586265,-0.006136915886379032,-0.01634593394153304,-0.007991098965339153,0.018795655867082182,-0.006880861462605556,0.013147200126793133,0.0040726454205370285,0.03545107220506858,-0.009742864753469787,0.01427603248014318,-0.013528276358300942,0.02879286112962417,0.003575376534512811,-0.013977243983315393,0.035327172398007006,0.014125077634312809,0.0006590146866082218,-0.020253261766772137,0.0163624755631265,-0.0069209960539903395,-0.01895596389573848,-0.013898330006293404,-0.006997579419993573,-0.00690335207036205
2022-06-09,-0.009691784196477943,0.0055961212636446,0.01243008947905511,0.033898728311286916,-0.011810343198544961,-0.0074687261652480776,-0.0068009082457606744,-0.022436226224098608,-0.032528501164599634,0.009683914123824284,-0.0024689758467041716,0.005294137505522906,0.00951916324633261,0.003956910970499797,-0.001326393555042644,0.01369435654283451,-0.024380766750948076,0.012871720076297508,0.0039458294811270675,0.009900892869781838,-0.00011694528809025432,-0.010267801235124779,-0.0020338783497687732,-0.019670759387191802,-0.038107945739632346,-0.02760349072168264,0.0206433061549595,-0.011614424206405979,0.03789542387589938,-0.03177426769353207
2022-06-10,-0.003408090593679705,-0.03638235463180925,-0.031499593664738756,-0.01185592214612101,-0.017974403892151138,-0.0016589432515585847,0.017899001260401656,0.028964748312362076,0.0038506392675876095,-0.0008800745168711654,-0.025945679159623775,-0.028458675773690788,-0.008942505215800665,0.006794183456339763,0.00045990069568347324,-0.011149119378561891,-0.01061780375093613,-0.011944098360528423,0.007889265704650624,0.006317227343249578,0.0002664585177450088,-0.015313656849098061,-0.02147905672456448,-0.010026751839348948,-0.007528280476867785,-0.016482679394427532,0.044099771134791264,0.03863474235166632,-0.011911381617329285,0.02019038760955028
2022-06-13,-0.02473614053701017,-0.004019215040677159,0.05422422189941036,-0.008668878103358027,0.02278728684563388,-0.026092290233671735,-0.04897720343110029,0.0299835009922822,0.009261468002658507,-0.006288203202773689,-0.02944932614889803,0.010973871317326097,0.011398728342716803,0.019390667217653382,0.00706219824060176,0.002392302077111063,0.010930003193041944,-0.015748654660647662,0.0231142302205109,-0.0020184623198872685,-0.03804395330278507,0.011441199494000505,0.00991315265759455,0.0006364630082814017,-0.004026654018684223,0.003556918219902767,0.021046847024643614,0.0024590158331954967,0.013677292309690982,-0.0027197829883770677
2022-06-14,0.02968532519000256,0.0007544168390989345,0.005365016271874021,-0.008657448963085018,-0.028422213436071996,0.009034948347252573,-0.014430089161093588,-0.0015194061365920383,0.00036118047660228667,-0.006414841778380954,0.019151013491698544,0.00018420435832388262,0.00018885725198386196,0.00010296603954243998,-0.010465184150403468,0.007087551750537549,0.005294030642166213,0.02758088812852142,0.010394449360431286,0.011456246100074263,0.006372534574522732,-0.0049387720978014025,0.016183664254841856,0.0061355488884006545,-0.007290139488538085,-0.007389750203800619,-0.034801617272216284,0.015729309302395144,0.0022644874930787535,0.02299481129309027
2022-06-15,0.007986942650145101,0.003602857212920071,-0.01668294577563058,-0.00043280013888212385,-0.037687684654735897,-0.03578308734508707,-0.024829644255786754,-0.00910597020407367,0.00610915408538258,-0.026884010601916315,-0.02792570513078042,0.009856533959826748,0.0013885394831752802,0.017701186512102746,0.044367861004726374,0.00671777061224683,-0.023913006776588183,-0.050360666504760156,-0.0058785877172157636,0.004643410476702124,-0.016108986605538538,-0.0018624641068222718,0.00797292521497614,0.0057285296536022795,-0.04923847276481834,-0.003878093001628625,-0.008872272989661981,-0.023406862537080818,0.025617789950665163,0.009659885370676236
2022-06-16,0.02087566198199913,-0.027024684576007162,-0.00540345427447615,-0.02918634967058011,0.011687461177334357,0.007187855823779685,0.013586259043097921,0.030506386871381356,0.02600429800691491,0.008666750467190183,-0.009350100225568198,-0.011708150910045866,-0.003681855196397928,-0.00844558581024934,-0.017368303899384284,0.011449676723057384,0.030504248638775582,0.01881959253571446,0.010721706906331537,0.03355364934397951,0.002074276721840876,0.014674524169909378,0.0038618992319272853,-0.028961436112964423,-0.009959733017516896,-0.022350254977303974,-0.008752824591201235,0.023749267189966096,-0.046499726174037886,0.0013800094517384415
2022-06-17,0.025974329949306103,0.010682733545787493,-0.013640502563567115,0.008980166066090624,0.026020178208811258,-0.03797970514160142,-0.013151883553726682,-0.0001704759414010945,-0.01692141862266958,0.02429560833720935,0.010690684149134013,0.011315323329206149,-0.0034739387242248006,-0.008355847585647209,-0.04170956058185724,-0.006825041161284836,0.0050090412405547746,0.013601462453365791,0.01126554571410031,-0.03675484694981771,0.010703450350194448,-0.03293147306430021,0.010803068787560419,-0.014258095246882973,0.007458379762447209,0.011009688252552214,0.014844240170983267,-0.018015038272347753,0.024684389603279337,-0.006454851632724709
2022-06-20,-0.016909599106054274,0.00906950058343304,0.008784346192524514,0.03027021819870253,0.0013107945948459192,-0.004753718338739452,-0.012628233263720041,0.006850003636901704,0.004867923672101269,-0.003639168215746223,0.0017766466415536127,0.0087276005402079,0.008981127870352256,0.009950419275196172,-0.014667744231990633,-0.008028781981143616,0.021741696079377315,0.025743279718927477,-0.010521568148367933,0.014776991267948483,-0.010685148005378769,-0.02067984141967139,0.012097276578472862,0.05002543340607703,-0.004373072951622495,-0.022189278377791832,0.002508733146972568,0.03856804158630089,0.0006673035966731243,-0.028670612785130844
2022-06-21,-0.026253702906289082,0.0032552457568173995,0.00822881006329776,0.0026797620263782677,0.012607626215252044,0.002381921008450665,-0.005646026716478228,-0.002664263550467818,-0.004011739355161844,-0.02135643323952507,-0.0012373282661871034,-0.005505099092160026,-0.03178478396540466,-0.006180193290278258,-0.022549878556677207,-0.015570635538163102,0.01511730795353021,0.028123019080043807,-0.0028596951051206654,-0.007406558158339999,0.022016567817736823,-0.01840195096658958,0.002835337584399654,-0.016807588550176455,0.03397059906141622,-0.010438109948450904,-0.016895410802136145,-0.020026428005180473,0.007950661455266404,0.009823888935557365
2022-06-22,0.008531946895360297,-0.01590750556259498,0.008429243503110076,0.007637124548563787,0.016476363465564643,-0.013348391229868172,-0.005189229071814637,-0.003057127574802543,-0.019209898268188252,-0.03271291077766945,-0.025923988228940858,0.027798395932583927,-0.013207024957718956,0.013498430113984373,-0.0365829969640204,-0.0013137863187853412,-0.007902294755599712,0.005740821156420297,0.011995338661577775,0.02070367133009069,0.007364302162875266,0.02670376414837547,-0.02545438254757342,0.021786278480284343,-0.03836531390103816,0.015261741162834188,0.006755150732246589,0.010038295944249405,0.01070927323709955,0.004721348164914247
2022-06-23,-0.016001726555352966,0.034201563556062645,-0.008283949777216224,0.0006495219573756316,0.0038465689952180185,-0.04490769467307915,0.007731022485618896,0.006133520299700123,0.025455351343447966,-0.014194950065957742,-0.011954424454742011,-0.018566357922532695,-0.020227927428992817,0.0027229939601194674,0.018997390147871312,-0.010300151186568539,-0.047542043891317255,-0.0023396505143954624,-0.004289528139876081,-0.0007223529175615087,0.01240071640782056,-0.01991528234869512,-0.011911060121935319,-0.021007583991682906,-0.020163000137895546,0.017864350605618074,0.02209719934281825,0.00955916891285329,-0.03348512498878319,0.032922507842784395
2022-06-24,0.023778791755338428,-0.0026197554310511957,-0.017141196138311797,-0.008120712201529472,-0.0017975530034980876,-0.04335746005877571,0.0022592730741528644,0.006105555530213564,-0.007589969812454798,0.03710957780845888,-0.008743519864428333,0.00013958936490717614,-0.05345632037725661,0.01638430778652977,-0.046813630588137006,-0.025823988607451352,-0.0053471930809076956,-0.004081868854228959,0.005863908041880048,0.01310422239729099,-0.0007606621024760106,-0.002468729574601827,0.04370786580797581,0.025423126788979778,-0.023115152352019715,-0.03258717050275887,0.022144722195732755,0.025943732010913906,0.03233840258116508,-0.022535042498889366
2022-06-27,0.020334179805649808,-0.028688702360968907,0.0011698553103832276,-0.005395254599390395,-0.021675110390220298,-0.0005518984477150446,-0.02133006056621363,-0.02281312419404164,-0.01702972556739427,-0.021536196461259295,-0.016283762522700706,-0.022967621225389544,-0.008862185375919101,0.005520369070789957,0.010708813571067791,-0.015421119587580042,0.009555998613969571,0.00034918069140397117,-0.017248757703453077,-0.02005703005158555,0.004761859362992293,0.03875630846157864,-0.011989197198099141,0.005816845807774346,0.0052493027088710295,0.026570643403103524,0.031156812222245235,-0.006276030121127621,0.005780159233285425,-0.014320075608013651
2022-06-28,-0.003974367936885243,-0.006877912122912571,-0.032872409580088933,0.001943988580024326,-0.002805105201866938,-0.02855315416333732,-0.014671063014985582,-0.008444427286722296,0.011680399333194532,0.0032718061868125697,-0.004909173989439179,-0.014435866507334536,0.026446529275852948,-0.0023496125485261243,0.041442835718957995,-0.019001105787135607,-0.009839386266251816,-0.0026284104165565287,0.013689674864024958,0.010719853466913992,0.016268310754477072,0.0027143826462865538,0.0026923636688551546,-0.0034979349685785614,-0.013069463808374381,0.03245476175356371,0.0004090614719407014,-0.0083453904350766,-0.016697405938896574,-0.0079443976988761
2022-06-29,0.01576931104483423,0.020782846924821827,-0.003454782973322474,0.019207448242852053,-0.011128190548829336,-0.011864053314771143,-0.022472214210020366,0.00992564838256148,-0.000294990024520309,0.00953279654136372,0.032136427205474306,0.03623872621362612,-0.013474849668322242,-0.025014205198163376,-0.019362217940231616,-0.0013150943862111704,0.019627931884335693,-0.018821031472633473,-0.004703091747790403,-0.02917694341322244,0.007188896737555264,-0.020236182294813054,-0.004251863207677753,0.043266670051046,-0.023374850020264716,-0.014812709969849605,0.014658687540647353,0.004708667131043298,-0.0033163167053166034,0.03246499061476548
2022-06-30,-0.03030839936901296,-0.018477280659590308,0.012510609679494517,-0.014727045457068981,-0.018858235064709454,0.025148799736201672,0.003750691035499253,-0.01737298302884438,-0.013056580465192428,-8.241652260411366e-05,-0.007083721386810628,0.014609225758575652,0.003235799818438917,-0.000998469163073283,0.012122193930284596,0.004398344984201926,0.006566783937395441,0.03535137064294843,0.017420526364572815,-0.0036856037876300445,0.0004689225900104671,0.011853825237393537,0.0013724618097202264,0.008047473974373418,-0.020395654723508547,0.009149580284995662,0.0174391996709212,-0.01294868195290809,0.02576136784005331,0.020239250249222376
2022-07-01,0.02728575901187737,-0.0007188573274529743,-0.06272755632917325,0.023483396632844267,-0.0037841691958466483,0.0336810155459441,0.011694272674129676,0.0005802470000682441,0.004207184284910648,0.020983383464175817,-0.03271451308454034,-0.04366072375986886,0.023180231972988578,-0.014804168557772134,0.029777754182233124,-0.03792861835697481,0.031554334046832375,-0.03248031574220085,-0.012662578433040838,-0.015873966822012267,-0.01425437284545949,-0.008085497338486179,-0.012222670503423419,0.009007294699525088,0.02375218642948202,-0.04433980500128749,-0.011134614826702553,-0.010239272785531902,-0.01313374346619881,0.00820487972146237
2022-07-04,0.012653724888483564,0.013906206116318948,0.02775194586213492,-0.010084539024310816,-0.0075145001435594164,0.014776394093180486,0.0009696975250177659,0.01254331011946167,-0.03752446886402437,-0.004850132910705684,0.012928070944705362,0.012311982445022514,0.02046439685831373,0.0009010824905263655,-0.003963278378862127,0.011982693597821987,-0.025313243898814695,-0.04317447228339655,-0.014555028595443538,0.02442186166001989,-0.005019293843871779,-0.003149020260532923,0.0063249398511009405,-0.009467016436500952,-0.011874925313293953,-0.016625326608635086,-0.01027246576881474,0.014893017804737927,-0.00240209169132063,-0.013215906032379867
2022-07-05,0.009400931757811355,-0.010465731921061662,-0.013129643189789512,-0.000741718165067639,-0.009451328220825728,0.025266380122678966,0.006599125668088503,0.019387480988635353,0.022335672659958405,-0.006543782942160992,-0.021092675718094697,0.0016649347710918732,0.030064204136452034,-0.016566798258300208,0.007732454342175614,0.02148962091395905,0.048281082213206074,-0.007655754720577366,0.0338419847353479,0.02722501386327828,0.006328656207279432,-0.021371462771007776,0.016249636423961815,0.00975182683525331,0.0033328583817491455,0.02962935477183437,-0.015817491956023125,0.06697035628563322,0.025725156339086983,-0.006943661882568438
2022-07-06,-0.02390657260310161,-0.031865937873589094,0.03431771058433597,0.017690132511209357,-0.024441041495076095,0.007959676131351179,-0.036879624550206845,0.012143007454532243,-0.006133774340067765,-0.014036988430423133,0.017299868716925904,-0.030097470963108112,0.0018807379101766421,-0.046351004506220324,-0.0028773308014506302,0.018672087122416556,0.005427025819192801,0.012089578821994199,-0.011512036798606,0.0005173710242225289,-0.01990030157144042,0.004278978597158765,-0.02137736521911252,0.008333987020963616,-0.016501364777548266,-0.031982727075517546,-0.02380367635437273,0.0006079257229759307,0.01237265049819458,0.01724642229449621
2022-07-07,0.005312941703012623,-0.004209862588107875,0.007175238033229442,-0.023430697407137546,-0.028000234102150075,0.010286067526674174,0.004070634914768262,-0.025012252396491425,0.024675368509685564,-0.012499379746635942,-0.019709572820626544,0.009086639425268264,0.012024637634090772,0.0003145378626377778,0.0174639987448012,0.009745886399145379,0.006750743504935475,0.006475371072094122,0.012929077481024022,0.042297237400960724,-0.0054443141501362416,-0.005398129212787003,0.02279652188734368,-0.017250685601684867,0.024776953174816298,-0.02519238959877635,-0.010499739430869627,0.02318343700926613,-0.021627028074730728,-0.01453332299212494
2022-07-08,0.00713360767259328,0.03097122968910462,-0.0031467783787803585,-0.030107723297071707,-0.012299874387369295,-0.01680593325626587,0.034329064367817914,0.009516418948518332,-0.009931876901941165,0.027297797653453526,0.03705301150501934,-0.012901988094346888,0.02106728128514765,-0.0022970489582510253,0.01701937041493897,0.003306430225971247,-0.013658956147928232,0.003623755729164559,0.015510201266299034,-0.0006744380234697791,0.020512354674383428,0.017286050590674305,-0.0223519722326173,-0.003651218896987064,0.00046679411864337396,0.015908240160097405,0.03240610099015763,-0.007925775130366441,0.04822099366347587,-0.007775749294073984
2022-07-11,0.018813570659013196,-0.009728622359091594,-0.00541076486285993,0.0010424380272112033,0.02974514275610141,0.016942317795156533,0.013312487516025493,-0.005773966753140343,-0.038644869782183636,0.007609642444365656,0.008129725750751856,0.012694127077318042,-0.027742278642617173,-0.019147279800530867,-0.014960823930778832,0.02832817596638191,-0.019802008400534078,0.00911638661834287,0.008712688114128743,-0.0004132460231446264,-0.00872601594018179,0.019891663584038006,-0.0456054500588057,-0.04388499835600618,0.0008627743817314457,0.024524113270792826,0.006171048308003734,-0.007021563087317699,-0.0168139797891936,0.004089141363076808
2022-07-12,0.010495118248438016,0.010054050854943847,0.00041397528563953993,0.011228415405824244,0.056065601971739897,-0.030487723528408093,-0.0384260666342419,-0.01794124503122717,0.01824642393685498,0.0011355693350590676,0.002960789159343233,0.014784170680227846,-0.023235894439069007,-0.006270500985267161,-0.012144565534382512,-0.02253597801203537,-0.019922354988876532,0.020228885855754646,-0.012157807507271481,0.02659238510151744,0.0004338579450192263,0.019339764706558623,0.0068921175993868124,0.011400157178666935,0.0276314905193372,0.04210468613074175,0.03848150065174988,-0.006593148485150431,-0.011065335389171505,0.00586465261548084
2022-07-13,0.04055509402718164,0.013019796236404282,0.004044887143703939,-0.014729612885041871,-0.009742897990938491,0.01315522297690907,0.031533966385331715,-0.00978361141816204,-0.04369291841809464,-0.013990194176864725,-0.008578407674079854,0.00032947203722588316,0.03771483111141861,-0.03999190036427767,0.011025394995031424,0.01260664565689449,-0.0031520462533644123,0.013503456655188203,-0.0006459435360013804,0.010518952000103528,0.04385742151634306,-0.04441787690306999,0.034806738463859434,-0.004719476103220812,0.004725897763605865,0.004892570139257699,0.01089160086264982,0.04448567103816175,-0.004233950325440572,0.01892730045824288
2022-07-14,-0.000467465180782739,-0.024192427166450547,0.011390097825725207,-0.006898330741826357,-0.011904730356161686,0.007931719069332101,-0.029189137469226384,-0.005221056397270249,0.01861206429462101,-0.0035215718414568753,0.01738671069616343,-0.00505527724485075,-0.004492285245610511,-0.01893161827961743,0.013426067409573854,-0.0018154791666349914,-0.02880745058805638,-0.010536403093417886,-0.035275030381941505,-0.0030982817149882826,-0.013533947375298493,-0.019825753105261464,0.019130099837483084,-0.009956043518650006,0.006489756454193527,0.012591406046439076,0.001905685974690739,0.030265587275842783,0.02984844256373546,-0.027624775932709008
2022-07-15,-0.008076049590824488,0.0105924024281051,0.024400010590905602,-0.006545951686858126,0.0437053051753564,-0.010768110322317727,-0.003978706469561032,-0.004829278327334894,0.020133913166676027,0.009775121416572191,-0.038986967319488586,0.010714676497701827,0.030220702927328105,0.007064150344336966,0.007354724499807239,-0.02458469595962423,-0.004159775615003612,-0.010328819203118381,-0.005247703832754524,0.026831085690775105,-0.0007302408569091303,-0.01909511957723519,-0.0031346937459654205,0.013681624997308314,0.020417312279392055,0.005500922371483625,0.01119159092506866,0.0004520519030858161,-0.030951399184057787,0.039818481901548596
2022-07-18,-0.016016440451718787,0.0013152427265018965,-0.003511371135874631,0.0016215179777359554,0.020586000640151206,0.025843546654359686,-0.0009731227309421225,-0.005771547894699569,-0.0003687112234721061,0.019734685272019364,-0.018927795745826603,-0.012636622275926157,0.009007474068618222,-0.01075097758538766,-0.004373447453862678,-0.034837481579405694,-0.0063751738812576715,0.008550197465899691,-0.01924717600188615,-0.029398178035900408,0.007231777820899968,0.00013130180645450483,0.03859943713639434,-0.0019978400271529464,-0.003960715887834544,0.027815430998857096,-0.034734086479735554,-0.011998073960469433,0.003736586643229524,0.0009907798407686559
2022-07-19,0.02481184185995346,-0.005227649214742951,-0.017997118964371246,-0.00029286153462548017,0.02073768244386996,0.011195945680047729,-0.01805562172845522,0.029127615039831693,-0.017565435538980077,-0.009667046921435904,0.004304813487931705,-0.018307797753202383,-0.004739878868874556,0.016041462362099815,-0.021513120873676163,0.029655281758409185,0.012897874764221932,-0.003970943860902206,0.0018963943261189299,-0.013523634332661542,0.03745318543247517,-0.006665838279976219,-0.020958362152016564,-0.0057617942670251665,-0.0002777945667400311,0.005876280211888257,-0.012453043832744738,-0.020942458861014156,-0.02010508219298601,-0.036266854826240626
2022-07-20,0.013562457341974513,-0.018654795008046694,0.025985147493514462,0.0025023975727668075,-0.025289696316591177,0.010845777760585533,0.012976661127504193,0.003983482292292138,0.031112446327175174,0.02385301452948572,-0.02114743526570598,-0.005735880602397319,0.029276255172854135,0.026319388645523526,0.03555218567925318,-0.002911147932475607,0.025195740255326858,0.0035870501650874303,-0.04287916952385115,-0.00556175540221855,-0.008928144600806782,-0.004001642813431585,-0.013697473134584876,-0.01389108235651332,0.02735580251525401,-0.015675830292309963,-0.001041821810599092,-0.013606760469552226,0.01978534557696904,-0.006790096645626375
2022-07-21,0.0008847992657769815,0.016090916551555694,-0.025365660751899353,-0.006867924518633565,0.027554916257097675,-0.024419951372084834,-0.004567561373573996,0.005434688712041792,-0.004888359520088597,0.004795914252130092,-0.0040526848945235975,-0.0243832358289615,0.030705660101988896,0.020962234666623183,-0.01148732854488485,-0.004114390635519299,0.031393685794246486,-0.02905693355628546,0.019434516558390413,0.008173740150331088,-0.006571700954767269,0.011761479792832725,0.002642703163577115,-0.014537654274349388,0.002897877399334345,-0.009796856589215223,-0.011163871923728714,-0.003808271042415154,-0.027224946689569016,0.017602247499007285
2022-07-22,-0.03982921457570931,-0.0023154679351608206,0.06132667130156673,0.004227779165650448,-0.018973982957322298,0.012910864849564104,0.035195927304249364,-0.01811580101569233,-0.019106538190633866,-0.018763319152137876,-0.004126435866341508,-0.024571161542131674,0.024764033360037158,0.0013377257887961069,-0.0024695444291535575,-0.011636124134859413,-0.018642441579751222,0.022530609595845928,-0.008785291709063878,-0.009870169375722462,0.008908197969493771,-0.005917827484843501,-0.011082875555755078,-0.01113769068428866,0.006835285074649231,0.02095948115723581,0.02131738895694504,-0.00612743409912119,0.02382921439595337,0.04823763880682587
2022-07-25,-0.010917130832127517,-0.005638323980344772,-0.016342148015608383,-0.04190290244737191,0.015188022465344956,-0.014034347184292494,-0.019976147881181253,0.012000967607167179,-0.002752639213787709,0.012432000569541,0.03372096816935753,-0.016794648627849247,0.023016355714305506,-0.003216529532107937,-0.011246844301567631,0.00606552099412147,0.0007923577644041281,0.020597950163438745,0.007679163651619243,0.017888102129783513,-0.03723099195606413,0.006019188534718503,0.019107102314367273,-0.014904197399521302,-0.0034173204915318675,-0.060582141443919255,-0.02351233933708629,0.007477953828211775,0.00257015389665093,0.04367042111784608
2022-07-26,0.00837028252556945,-0.00399563761516261,0.007162714008564618,-0.02255372327314343,0.0022321465661594582,-0.004268520312435538,0.00943310324279038,-0.025474671842142773,-0.02227052432456395,-0.01020457275699086,-0.0016556282534126296,-0.004296402522055842,0.02466018763766345,-0.02445352092835281,-0.022239699476982407,-0.02912610391389146,-0.0008043751715985743,0.025430471247560617,0.006964932618173123,-0.03442714902864627,-0.008955485648379996,-0.03243229253105718,-0.007097430608307814,0.004801037431963759,0.007714270120613422,0.0012995599104670549,0.03460065713050234,-0.009498361142541444,-0.014072203167966476,0.013514530672083394
2022-07-27,0.018060822095700993,0.02162906266597786,0.0036038326252951216,-0.030657580885920434,-0.01659398884655825,0.0007679091715705699,0.002470029327136657,0.010282057393577931,0.0019702194074890525,0.016445641536892628,-0.01403097021856224,-0.0032784200959138877,-0.0014243292687214212,0.0032719287734080385,-0.0004302300341294259,-0.009484686428287406,-0.01566835277637502,0.01071467064076928,0.0108756421163013,0.04170997511918714,0.008049077351435145,0.0016091129128629298,0.010198421334377898,0.0041647187031794795,-0.017812711354875416,-0.012564978906814067,0.025387664536058833,-0.015158892435029856,-0.004937134795262125,-0.000608126991395062
2022-07-28,0.010485926728717322,-0.00550815119068721,-0.013434828256017268,-0.020430019433081228,-0.017374096163073557,-0.0199571623749608,-0.012480142966731722,-0.013183583957670416,0.037296078608517885,-0.0038436504261749526,-0.050627483374441055,-0.026336649658155877,-0.024606156524069164,0.008335256497958379,0.02490479434668016,0.023659714656397452,0.012082466587509938,0.02655860827856607,-0.017996571130539436,0.011877307663908215,-0.028643715116372693,0.04065475117934443,0.015571799228190039,-0.0024097791980960638,-0.007771098251322663,-0.0014789841139434502,-0.015976616253798825,-0.029534593374728958,0.014721627822739475,0.009376338316864892
2022-07-29,-0.014239325108081931,-0.0049030890430513535,-0.01765767500350157,0.0016646158247277782,0.0024903335586367466,-0.026019425491555927,0.00010570844156265546,-0.03685161181235617,0.034072106689419686,-0.008959614557297492,-0.005353971772535145,0.011071767274282008,-0.023156098843623237,0.037555879540833954,-0.012675632129373181,0.011327374614924004,0.04595007396465159,-0.05454236311572926,0.0022453302354638414,0.01951344901320198,-0.03536343360581508,0.00045076051270593275,0.01794644959057184,0.028238177300697876,-0.002188710450203442,-0.03836060999441509,-0.0020379873146197038,-0.014569244204396503,0.019639010459018273,-0.010315184978372773
2022-08-01,0.005701096789749759,0.011056697133743923,-0.0006354966441343309,-0.009365573301397291,0.004699861072564672,-0.03893726172309137,0.011254347769081342,-0.004466022410592951,0.01406328458265878,0.02127148593076664,-0.037201262200583264,-0.007495455034287256,0.006852333333390159,-0.008566800040896744,-0.019081662101312662,0.009578107523054748,-0.0058605884034954765,-0.007936061751549544,0.012617099727712282,-0.0027466335007557035,-0.019273669814676285,-0.025538346252258426,-0.0030855175550348873,-0.03431450106739168,0.004801043213346509,-0.006084447788095335,0.006625888386374368,0.01096681369160257,-0.02928923680993183,-0.03129110066324169
2022-08-02,-0.015097815006936544,0.025067862746844062,-0.0006229366005796786,0.001979064924446637,0.010155556361796643,-0.008781494567926455,0.0002784963692448435,-0.010657360595993341,-0.009311132511722327,-0.022288937660580935,-0.010318338304848252,0.0016237020486388892,0.004982839232951062,-0.01311550032398169,0.004450391755617743,-0.014492104935709823,0.018892958981098135,0.010841668594606235,-0.00038716750610640445,0.006312562048596512,0.006735059218150073,-0.029046986143646078,-0.030648286017785277,-0.0062531769175112285,0.0051280022037380885,-0.014719372162956363,0.042128496229183104,0.02883393456546015,0.023543921282190572,-0.008794228427495797
2022-08-03,-0.010054528873457315,-0.02464912697767883,-0.021611631659343884,-0.026359885583186315,0.002612985634569576,0.01512777456067187,-0.01304487381267331,0.020925925974476976,0.0028271995620018906,-0.010477677911352156,-0.01602792629529623,-0.01739276180187261,0.008907736425295298,-0.005062290088717274,-0.023987422524916976,0.027299055866486455,-0.014318694182843985,-0.0049634241460455725,0.029663898662134047,-0.01599314200824685,0.00880141049198216,0.002626897215596429,-0.029447517064709723,-0.001960252156785075,0.023612977088693993,-0.018142863183394357,-0.019499883525792634,-0.01848082149306476,-0.024646301280165785,0.01345537459477627
2022-08-04,0.003511004373586567,0.010786038491639689,0.013079816310565472,-0.0375439891642852,-0.006137091980642419,-0.01250216698385126,0.02732593301614332,0.008476203105435384,-0.004978796446481287,0.033879981557262,-0.015935035826894255,0.00927652006138997,0.005072783570136151,-0.015755042445084782,-0.04096342945704548,0.008127654335485632,0.0416827559454691,0.04402771431776544,-0.031037416787895823,-0.0019663211827549818,-0.016125929857720274,0.00498179477096061,-0.01020953358943865,-0.010893620199626305,-0.015362886022531061,0.01836015176661295,-0.03569561674992829,-0.028214953927293004,-0.008004275957979185,-0.014968153286966355
2022-08-05,-0.014684125358031576,-0.03715884565587543,-0.0032824156783914705,-0.030585370778443893,0.007653307769943536,0.0030453036952124285,0.024815256175207454,0.029645000304231964,0.04218833831822528,-0.02079332566029412,-0.011069096306252926,-0.013055874665757122,0.00609201706974974,-0.010018311450030275,0.018775955753721613,0.03475021932132067,0.019212328569504597,-0.005127514119836392,-0.017020689616176653,0.012392466309687402,0.004816101383212032,0.031098582531627436,-0.04063160149682904,-0.017678443299669607,0.005660621560936911,-0.012406668587681116,-0.014191271918609912,-0.00830899463539915,-0.018099759686213846,0.013135313233331038
2022-08-08,-0.006232654024252435,0.029297155783056694,0.010027555235454282,0.007006496548610954,0.034844673834527815,0.011074012965061093,0.0003217067984997965,-0.0038748754393989025,0.012182493914128092,0.013444274612624053,0.006712147549196097,0.006923803986190246,-0.017176857816482868,-0.009442404055775282,-0.018743870344977556,-0.015262089580179926,0.001117753390161155,-0.005126062669041025,-0.0010462157459770023,0.020591463533787324,-0.009907409999992785,0.004860283474697597,-0.014679484938556987,-0.016374647738643607,0.004472718560018534,-0.01619624746483142,0.017726827669834758,-0.03392354160394869,-0.019137617801274712,-0.01196201244288469
2022-08-09,-0.0017789340836964931,-0.02606375660732629,0.007407662826066412,0.003497002058453349,-0.029010301349918454,-0.0015716348244133858,0.004263742105884552,-0.016457565106745238,-0.02711168958583866,0.017336997075203166,0.038886902901838126,0.011781977801791674,-0.009222123106182712,0.015990074167719096,-0.03238871859588912,-0.03540542047854609,0.01371260032395349,0.002926363306787758,0.029686483644148935,0.01687531787008922,0.02441896444570987,-0.002736862770295438,0.03913225402396466,-0.028076996277839165,0.0008176583132344483,0.02619294862745996,-0.0015887242699813065,0.003729138509679578,0.01961748796847658,0.031548060328595334
2022-08-10,0.012379072436075458,-0.005392081247378986,-0.022575584070914725,-0.006171145633621669,0.013743825748152855,0.01099178012733949,0.0382973513697143,-0.013251106305778752,-0.031342201149557554,-0.010571412191685572,-0.004547514124103827,0.011689396314255722,0.012041650302557074,-0.037819266736212824,-0.01203977200850543,-0.005794169152683809,0.01163776995262985,-0.024269633013405505,0.038055020243859324,0.04194672524557996,0.019544538523567006,0.012797600287586985,-0.001210965823090093,-0.024741045276251494,-0.003063171791316563,-0.008807562442349202,0.0029400223490387593,-0.007365917795892964,0.003877987857874473,0.03346661063716789
2022-08-11,0.01772010191170558,0.053757741311207786,0.029570381145219392,0.025963510662140917,-0.001556748412425553,0.028485542011464287,0.01587324675125412,-0.024498591865022883,0.029576328457685385,-0.00476699749688229,0.027689431230479917,0.00385943953176595,-0.01836340717448665,-0.019963217384132356,-0.036387171335322044,0.020370050409816765,-0.028497042907034493,-0.013919255329065457,-0.0433502813279893,0.01917617643120503,-0.0034694612490125945,0.0026974095329831468,0.0006845327486172067,-0.01811589668701293,-0.01784448529178006,-0.011858826994407802,0.01896127329367787,-0.0116044253377058,0.011991796602889765,-0.022761692443705097
2022-08-12,0.014190307940507912,0.04218757935472721,-0.028799947346847363,0.042196758214963756,-0.01842458346650788,0.021843036775649992,0.032208184408771115,-0.009263600108302742,-0.011688134569373638,0.04391218586028342,0.00950838994958448,-0.012802855444945672,0.0009411035606664464,-0.008502535202803085,-0.02556167944398746,-0.004676566921209475,-0.0006400426410884336,-0.019213853651485206,-0.006940192158512974,-0.03319873687954412,0.027227355863778065,0.03339791787458534,0.016555232098206224,-0.0076517112732088464,0.004478807889481207,0.0014469702030286105,0.008216373966754072,0.026019812778945172,0.02024640409731321,-0.03163969075814085
2022-08-15,-0.03302233299302762,0.03620006482595588,0.010499799955315534,-0.03092590192722673,0.013333039081409861,0.0032700564679976167,-0.013922298586898784,0.01668286871658232,-0.008778412619435108,0.03415663714346649,0.04328141362354886,0.010410304477185878,-0.012780825122406672,-0.0033263242611167236,0.0054357005320408444,0.01238597568615887,0.01914253989104199,-0.00236635335614742,-0.002829454679557777,0.03547426988470587,-0.006390142123636842,-0.00939099546913074,0.0005773680433982925,-0.01575474421952663,-0.0029062504961534685,-0.02303832418387627,0.004839938654381808,-0.0072055352430659865,-0.0037976764386605808,0.017688653595229052
2022-08-16,-0.021238159570869518,0.01783053571254804,-0.015589355975035904,-0.011516470927493498,-0.00892190947080995,-0.004345151190891696,0.00180298755743375,0.004165729252639107,0.008283649827854978,0.015342788458770027,-0.023744620925748878,0.019310435785411514,-0.002562397940471359,-0.01848567516930745,0.014917250428430041,0.003242911211697314,-0.009344610172413476,-0.00795062642799057,-0.024246212321072068,-0.015227546458271866,0.028656993079317485,0.005693873075600549,-0.038997821525917194,-0.01868366113133863,0.005088918514145142,-0.003242380655213739,0.018585876753135937,-0.008460753028490246,-0.013987809026205706,-0.008279197645503309
2022-08-17,0.0053154150111308866,-0.019158371356757516,-0.001132794657209583,0.00850890505028905,-0.018242474461688647,0.0038870175994939124,-0.020799553171779575,0.025931830337194928,-0.012039164770800225,-0.020933831342972685,-0.012632621115769122,0.00690332834053561,0.02950021974839626,-0.0062046374866089144,-0.015246847810538932,0.00023839981964513744,0.0014614118397883991,-0.03173275222750274,-0.021736735290844147,-0.0011521629906045335,0.0018616172106161403,-0.018211226276660504,0.006856519495980593,0.03302069240718946,-0.048729542594085976,-0.019401717786670866,0.0003977645212983538,-0.02404355493391149,0.01652384788255097,0.009176155048706997
2022-08-18,-0.001402008588492687,0.003987328858939929,-0.0027100969047866665,0.012615841917320483,-0.010261139461451903,-0.0018654323411632185,-0.009460543287611848,-0.004220648526036538,0.039391061191068076,-0.030924501535877856,0.03884953612010517,0.013850561188262242,-0.018156782037403937,0.029697562443460106,0.012202664343778459,0.0527986306707342,0.051849324605545616,-0.0034140985022067874,0.03020263284783345,0.004713240699001584,-0.031136150024431847,-0.0412123710380249,-0.06015784426130105,0.01715578376224617,0.01672571184444342,-0.033058522805501485,0.009854796757297241,-0.0012557921863572575,-0.01028928697160241,0.008788499228572279
2022-08-19,0.026059523365320643,0.033498899582844174,-0.003935648925458932,0.01921674386320785,0.013236659724340738,-0.009046973068541173,0.007431196198459226,-0.04778881915942606,-0.006277762994657136,0.011528512195266431,-0.017892480232651022,-0.023337923861031343,-0.016006770899506525,-0.032492542673084365,-0.02489833033402773,0.02003833144488697,0.002918427028259884,0.004313110079658758,-0.007047703524318202,0.03397266616830963,-0.009715495833603208,0.03671128282901305,-0.04090538950964029,-0.02529663529582194,-0.0026924534673958478,0.017399809007495184,0.00042144587596997375,0.01771896737056053,0.0063608059966517565,0.01638104001531807
2022-08-22,-0.017453948183494862,0.006021261873459767,0.002484785002446226,-0.01038514652098719,-0.033004909508972585,0.021834769046206463,-0.03472135093144088,0.02360161887895004,-0.00021770942471007257,0.019126742274198315,-0.014221007368242417,-0.01970069897576638,0.009714639691142092,-0.03907869035471709,0.002710903058854536,-0.03528315218514191,0.0022568643425954407,0.007539702535793966,-0.012634329657912377,0.006289319341286492,0.002967390151741098,-0.021157057028133794,-0.012763747512224656,-0.031420313642319966,-0.009243294953036755,-0.007186891976502148,-0.037483245303588375,0.006888739676821076,0.017963963442443526,-0.009574179688295688
2022-08-23,0.006720172029113659,0.0038853540316308287,-0.02280151985344784,0.0027416232868498766,-0.008489461096189341,-0.023220419523499465,-0.03520965683823543,-0.006492769998441371,-0.026599600593483017,-0.007210090004859287,-0.07037211660229277,-0.007070462732632889,0.015095005925140173,0.023956033746543676,0.0364703575086422,-0.03892525443515467,-0.013639355060119984,0.049660842325838554,0.03627390780153297,-0.012530800372927784,-0.010882887673645335,0.013702718448060196,-0.01656037564558728,0.005823172591911256,0.014506153248571354,0.0007857684504251775,-0.00818890268807118,-0.023151830081715712,-0.058109597030078515,0.030842433969785206
2022-08-24,-0.004311187288511638,0.01937086704596159,-0.007449616694066387,0.00257530180466133,-0.046792244076167784,-0.012981378110171997,0.003764514078550805,-0.015328984023376449,0.01928220052341743,-0.013336866917507979,0.028717293968486438,0.025458147658010605,-0.008032549567510448,-0.027216789738133504,0.03734887970135345,-0.016614022231999488,-0.007180230493745085,-0.025398143810519632,0.010980892242936607,-0.016675836165919743,0.02885159495848366,0.034917096661422675,-0.015416243830827384,-0.006610397463702607,-0.01103270900628071,0.0322447445583875,-0.030497867315933794,0.009501275068790968,0.022415212837359522,0.013384976477615943
2022-08-25,0.0098450440137317,-0.016918199768860862,-0.0017223991855392314,0.0006791670408331965,0.04069587276337269,-0.00803720581647551,-0.00993952661298879,0.026205778083326102,-0.017150410145211525,-0.04390214443070119,-0.023047848228100305,-0.003418546613276738,0.010724336725910189,-0.041229755127295,0.04123519954157914,0.012268246189157582,0.01342962229313943,0.015762948448051883,-0.0013146830188545372,-0.02306835304508946,-0.03423563117738983,0.003746740158370067,0.015154117557600407,-0.009307542618759422,0.012861755538504426,0.0046993383502256635,0.0005489745782991626,-0.010800404712751002,0.015616963376418443,-0.0007693626142070056
2022-08-26,-0.0046851491401843125,0.006223321179920481,-0.0009442749017954839,0.013854990609981197,0.035227738756116476,-0.023090633103099594,0.010667978474454725,0.01649024717058974,-0.01522099842735601,-0.005265955736733827,0.01941094280023393,-0.025926170802598104,-0.013711615425551221,0.016658438440118543,0.01523728518748873,0.008980338884854437,0.00490873378852839,-0.009287570040375857,-0.011816622471871596,0.01614949424234571,0.023133661346902982,-0.035028011228391734,-0.005320807272168123,0.010771405545815568,-0.009171588288370952,0.025547267396399943,-0.02062651317296435,0.02031521069322436,-0.010162796040949452,0.05615914588500272
2022-08-29,0.003789551954721476,-0.0031788990937231787,-0.05035549485253711,0.0030245287591239445,-0.010692300168121506,-0.011758716196292894,0.015155791857418837,-0.004040332626511089,0.03202888007192768,-0.060097845131606216,0.008620524876983079,-0.004709559568556834,-0.003778120126757067,0.012829677053497265,-0.01311235828668355,-0.03009713085689263,-0.010481621472918146,-0.015760867260170678,-0.006919757527417402,0.006522586072884601,-0.03915016200083199,-0.00048366801742725905,0.014174658749756418,-0.003505386225320496,-0.013982905017391339,-0.010347722009450156,-0.0035197908029414807,0.004332553321005612,-0.00099623912342777,-0.005700045779330383
2022-08-30,-0.024368499662530612,-0.03179218208060303,0.0026180248602096006,-0.0328699896484986,0.009644441867043786,-0.02311043031887266,-0.04583398936907798,0.005228836438025782,0.008579259001892202,-0.019002502349655802,0.02016573560568457,-0.023259628364996867,-0.008104807992611493,0.007538714289210528,0.012653564752350471,0.0010090714462300354,0.006079347771789146,0.001979726903922569,0.021722049932106507,0.02119510010554148,0.02585043445372445,0.031591198833544595,-0.003019610171832704,0.03561033055637097,-0.02279842291779132,-0.005545484778030694,-0.024486768964954813,0.04691771908888372,-0.023626738779400563,0.001275753957801433
2022-08-31,0.043371888392368066,-0.008829830774948604,-0.00040440797753632133,-0.008127244941460566,-0.019216072404406908,0.027454764192754843,0.055128111916364284,0.009193339134544514,-0.017983614441076587,0.004582872763880629,0.003575230340659516,-0.016909652151586532,-0.008530936271217432,0.0030979235212048994,-0.013660883085116041,-0.0026975946786231327,0.01697038131276736,0.01679343420132174,0.010534631158731465,-0.015635321478544545,-0.010129772063046548,0.02094582159524898,-0.008864064659722467,-0.02196853708284934,-0.01774595841848637,-0.024292158437324383,0.025756435248554973,0.024405391547314508,-0.009833352882116024,0.0011601812291126064
2022-09-01,-0.004626018234551044,0.009667683782238,-0.004146269522443533,0.009108803786522499,-0.007442676774685051,-0.009239121139587183,0.017688192034803263,-0.009442177244111038,-0.0020193292153707215,-0.009065251365518272,-0.006555032439168491,-0.012127134733295896,-0.011210104909991464,0.010165879083786565,0.009561534588099552,-0.015399937119044036,-0.043606052319881024,-0.024277386765294694,-0.013901273477279943,-0.008083162780899718,-0.0004757186959715519,-0.0007125002051467427,0.018370420594981333,-0.02134302582055977,0.03680239471457232,0.004970104494588918,-0.013897042932467053,-0.02346157892100936,-0.011934466147515787,-0.024389430550785633
2022-09-02,0.009512890676169146,0.00853898185641189,-0.0030803537747176525,0.011193937342785964,0.018651938160591845,-0.00272205856571142,0.030515311108546602,0.022834479589928985,0.00012885901041825016,0.005084750006523911,0.017742854166542806,0.02426997476331829,0.00749871183044269,-0.005299724775387272,0.010767334191292641,0.0003286864470290221,-0.009205603560143166,-0.010196220371552786,-0.03276507262136135,-0.023412486820345843,-0.008777688188836721,-0.0021434748138172964,-0.005801581322479843,0.018298094501310033,-0.04895549716416569,-0.015483637068862554,0.0029067723656836303,-0.017284346044748787,0.01931045047085103,0.007131618484425173
2022-09-05,-0.005530603816641847,0.0057071336839927805,-0.006818986539272901,0.01699865479312815,-0.024180533364621462,0.04044086730665573,-0.0006702939595919449,-0.03230349503943801,-0.027075145073937594,-0.015911302945580803,0.008114094019736479,-0.011942346540503045,0.005809630349469326,0.009961467117942512,0.03585226724621191,-0.02113646194100234,0.0014800211090205163,-0.013083662836968959,-0.025327137401861884,-0.012172216376931404,0.002961302451407953,-0.005253071837655692,0.031172989045924127,0.0020192495557430725,0.021411213576235516,0.0036489792046010285,-0.028764891526348296,0.009321481334827408,0.02344678812560886,0.01808718162665625
2022-09-06,-0.032064199188098996,0.01850572865628185,0.009804252891380002,0.014112708496911035,-0.04146196113050294,-0.0019362107291945592,0.03723727201330863,-0.009747717180802133,0.0036250833718542543,0.024344257666177947,-0.015359802809806937,0.00946842606207616,0.018858302103578507,-0.002132132052771229,-0.04604393940799991,0.05327128867117416,-0.017891450906611813,0.017799537460996648,0.014836685083053518,-0.005860602215995556,-0.0023617190821238784,0.0031011111717765146,-0.0025433585648772265,0.011047958655318855,-0.03743381390721335,-0.011494515041460665,0.037862831669655546,0.005825337397840025,-0.002331040516677526,-0.027334219015453298
2022-09-07,-0.00888984795153695,0.03816349273878537,0.001826431311101056,-0.01109405999647821,-0.02119430739710472,-0.009473994220566091,-0.030944289923039155,-0.007423692228586232,0.0005574030685940755,-0.01315640639520194,0.01684132459213051,-0.029668632080361208,-0.010033094811750565,-0.006840822001202368,-0.012308808522205153,0.03480490245380859,0.0030758670745042083,-0.0057131577520832194,0.023231037670038833,0.021235816512381482,0.005286093630326582,-0.005186633240656354,-0.014146426977782378,-0.03685827467450469,-0.003963242661498478,0.001186051193914818,-0.0034745226754505833,-0.006788520990119412,0.03401076576580669,0.029077955222164067
2022-09-08,0.007918608018506232,-0.021680636444425246,-0.03346655884995256,-0.025073195677543667,0.02470066244637055,-0.01800953838122602,-0.004867358025627913,0.007974237331276902,0.016183084990901653,0.04582311325732024,0.04698221855636501,0.00417752731450383,-0.006718995339140453,0.009285538111823446,0.013388594241188321,0.024410372604040196,0.00653134062153486,0.0035782001239115214,-0.009594975017537942,-0.020402702243426957,0.023022928581386912,0.003114241353831979,0.018512142874704138,-0.005425121661146751,-0.028048437782055666,-0.01477321872256095,-0.00850150352692815,0.015153008655849462,-0.024883946780150924,-0.01942401849717009
2022-09-09,-0.014806453762725496,0.016173878857432256,-0.024148349246116346,-0.01053041429348541,-0.002306136264183601,-0.0145413745580972,-0.007136374054136684,0.025323224041068956,-0.0022106974284853255,-0.01027338718226755,0.009871011712005022,0.008266920476302208,-0.015181100161499591,0.0031248783381977252,0.013147121055947654,0.02168766869163493,-0.006221607591709457,0.02678755302841013,0.025984962727682272,0.01273535155714691,-0.008727755497041665,-0.02236677340758871,-0.004117194271669489,0.021229555633174357,-0.012157623172859022,-0.0041389316112242225,0.00891120766373053,-0.015355892389089016,0.0015007573765752197,0.023760732582659778
2022-09-12,0.008126486223841602,-0.009012352071491422,-0.001027557732654711,0.01649284211195172,0.0025684921516569326,0.017144573227103926,-0.007886499338132945,0.0019542985441913913,0.021453541014556585,0.01681018429909223,0.03453409440810549,-0.029603956663488275,0.018899231456193197,0.0021465374042674867,0.0033490316724776904,-0.014160109131142332,0.004098596529207679,-0.004958666917013592,0.012681090761710838,-0.00833071820585952,-0.0007735469230821317,-0.001177374559960715,0.020817412993370088,0.004105815598130834,0.04521204467926241,-0.009820725009790325,-0.009593165317138849,-0.01137739648704229,-0.06102055412162776,-0.03763510889406677
2022-09-13,0.005245446062861116,-0.02057882628544847,-0.04076208579429802,0.022808055478945866,0.01854072428638816,-0.0007828747323869517,0.020238638336064756,-0.03572670176267452,0.0006911501818424718,0.01737428529261825,-0.002467027268971872,-0.028769044355608994,-0.004122317987125523,0.03940207320493062,-0.023173708293749807,0.018955368083860478,-0.03538060003711539,-0.009721294974501688,-0.01639603451510157,0.03145308555620064,-0.0032679432642788112,-0.005110748815388062,-0.046958061177320716,0.008159094264593159,0.01721925842222783,-0.006964016045396505,-0.009134478494479296,0.001342590138913966,0.001219533415255252,0.01825506099221477
2022-09-14,0.02752124502418913,0.001294165321163921,0.004153312732479323,-0.013933347626269244,-0.01342888115132542,-0.030321301656722643,0.022607567017037266,-0.015273664521446875,2.522998805566391e-05,-0.010694569228421158,0.01248133800561723,-0.014810089138516615,-0.011248819243811615,0.05711565771374436,0.010443106010090806,-0.0034570227089647933,-0.02717255027741261,0.018734038815284324,0.02176806189905583,-0.016208577514889393,0.01589847007652659,0.032150347358621656,0.01342873072951665,0.012887175413853789,0.00966353748834368,0.022728033021687105,-0.007072106025965877,-0.024527908672471666,0.03376484876468605,0.0021307356307122102
2022-09-15,0.016066145109279104,-0.011908724480384061,0.029594867753762827,0.006695734855043377,0.0019587242746979586,0.0008675119231923167,-0.04086381963601359,0.021263382201476198,-0.0026727004791013615,-0.018850527106678255,-0.01753050329326186,-0.0074746447095105336,-0.0017624868391915138,0.02623980691402822,0.01250576215973647,-0.0038294609722734126,0.009912837216235969,-0.015600644641317102,0.0104109029443358,0.021496515700897747,-0.03970565965032228,0.03741096755787835,-0.003359345387904257,0.020386426247875684,0.01136215903732297,-0.02315349047607089,-0.007220237382688713,-0.0055740723794537005,0.003245603704326406,-0.018402282379938694
2022-09-16,0.03395328021180515,-0.006625034423707616,0.008159002340535772,0.022084437528694996,-0.008269928377221784,0.009008170170977135,-0.011253545822425532,0.022565729709506342,0.01280121461463761,0.03507639530864914,-0.027527297794056722,0.04691499238204758,0.029066406876446498,-0.017216794481845592,0.005634736041135711,-0.03045867001589364,0.014085783454820951,-0.013491398695562644,-0.003743151568814161,0.00903530268158036,-0.022346302630448928,-0.01935336596856686,-0.025217347191516925,-0.009871796554873916,0.02931885674805165,-0.01906051210316741,0.04069877169791392,0.022148268995204938,-0.00048066377042046065,0.011791071259020274
2022-09-19,0.014019162135038132,0.04763867726571907,-0.011248702089755957,-0.018603209680620136,-0.0004477878670060595,0.0022049181094632338,0.0028499941962622697,-0.0020209073325904883,0.0004133349200527085,-0.005018570242102152,-0.036069659773122015,0.006696295261231301,-0.014096366702055727,-0.018316439261589896,0.009329958325310138,0.0402258027445162,-0.03585575637946313,-0.0012418028776320846,0.019180916284337858,0.015404477538313805,-0.00021952286503718526,0.0017260668599559177,-0.013159739782043905,-0.03424594973447333,0.005660007906352474,-0.01985324541140536,-0.00216073683828064,-0.00860429780885721,-0.0017092697556254492,-0.0067451213803385755
2022-09-20,0.0009238820189092735,-0.007476092385865908,-0.013201626215246506,-0.005755338374190168,-0.008835668919832278,-0.02703143930199146,-0.015109534517605187,-0.026907649958095508,0.05247744462562019,-0.014631395524793913,0.016481334780259642,-0.013584408177714034,0.010114370951241831,0.036418659868330816,0.0012851835486619076,0.010767206493974783,-0.02789258581600068,-0.009075879344570286,-0.047249495562092264,0.0014038295543856787,0.0026803875211943813,0.030322163834623828,0.0029160530559680024,-0.010234800026842203,0.01973090628244809,0.020528845956329797,0.02575606256128945,0.01131684402793494,0.033026328921202504,-0.013139743628636917
2022-09-21,-0.02991039077768179,0.01462776739185304,-0.02202622188807191,0.0009011496868413195,0.012059723288693622,-0.007813857908186556,0.02018350758151757,0.008868403374242613,-0.03479124500853983,0.0038224792980241064,0.003864943508251345,-0.021260989445343506,0.01091962674049898,0.019501731713162603,-0.018245911034976105,0.037562037260903076,0.02937502006115182,0.020374258245679084,0.006450353647388464,0.005761196578123635,0.016080490596478363,-0.017930418394871753,0.013291976364334067,0.010292993826424242,-0.00793881477698118,-0.014245661566831455,0.007668549217252099,-0.04288220026729086,0.014739493112958316,0.0037886310900975737
2022-09-22,0.006353859004863927,-0.014912413448913208,-0.0005888376436634806,0.0218964190729076,-0.012776274036766858,0.0197947604308293,-0.009577060090827648,-0.029124352747074186,0.0343795581102247,-0.02080102213518937,0.02529200729941688,-0.0007753956344250257,0.038588535779997955,-0.008760670631798806,0.0036450329363870537,0.007331005245846088,-0.027308042158504558,0.036765757834719144,-0.023942455459736906,0.03356823739085265,-0.005493971805799676,-0.011842598444100794,0.017666250771754054,0.014699393291726006,-0.017424972274244485,-0.006078908531043157,-0.02239679058383397,0.03934863990141643,0.007023206575541976,0.004586870287557451
2022-09-23,0.0016788485457789831,-0.028908940773178293,-0.04345645794424361,-0.014255253856373544,-0.006208254327693005,0.023632828308729443,-0.007383955141650837,-0.027958635935554785,0.03225010768224669,-0.015482468828324996,-0.014191082418648686,0.0035099444782467973,0.017747250366684467,0.02607185382137752,0.015149342600490093,-0.04970802614211686,0.00808939309903156,-0.030902255438040236,0.012567496605216595,-0.03415844799240065,0.021409883865906035,-0.031908929380131096,-0.005456470805171051,-0.011068801274763458,0.010517907064027672,-0.02393923724339253,-0.0022111586718279097,-0.0029198019061626645,0.013708606230450431,-0.00022332835358906744
2022-09-26,-0.02294045402429367,-0.009292586912459239,-0.0008635870800186686,0.010100301225128666,0.03302457446002798,0.018102728535873542,-0.018860838779410638,-0.024492662615288333,0.018692265066054498,-0.001429845609328213,0.004801122812974889,-0.018388698864959165,0.003771447097826002,-0.061321001465280627,0.003725102834652396,-0.024716749553733028,0.024701797110901456,-0.008227488555937372,0.01959786007979237,0.024842342630338892,-0.023768887311923965,0.013201973220879886,0.005507618070515662,-0.019475763144928115,-0.025757942340919385,0.006642611589689181,0.02707642824552547,-0.041292073053167413,-0.013077475280760625,-0.00811983355909537
2022-09-27,-0.015237115158199636,0.011969175639856477,0.02292347678345585,0.00325265096379688,0.015936961063623977,-0.014062404272755338,-0.038213711397744494,0.0064340482689155334,0.016314708756459396,-0.019376425551707818,-0.02202341638344896,0.021296182226332557,0.0017613034886674909,0.01629885881697205,-0.018986930372750354,-0.002526960967494201,0.0019709444176194617,0.010692427872579194,0.032081936148452554,-0.006608291929429474,0.006340662899406073,-0.0066238256092478,0.00596611382804282,0.018802950640373732,0.015288411312196796,-0.017806779283727227,-0.05087200015390019,-0.02062865416244189,-0.0005549954599480143,-0.018934959359209757
2022-09-28,-0.021526591859002665,0.0010464790856345198,-0.01113386882754332,-0.022005113408754853,-0.002993919400347697,-0.0068085698328945185,-0.0011458191662511283,0.024342217121957308,0.006344237888000058,0.002304719867433726,-0.01370335579959704,-0.023213291536630442,0.021682867089544065,0.005343787758706621,-0.00392627686699065,-0.011131416169719957,-0.008965395532927991,-0.026597379804653522,-0.0001434294788124152,0.026258096767279054,-0.0052404375521091255,-0.03994370693423452,0.0022674761402683165,-0.042622410201346723,0.009397300955276109,-0.009919557454912267,-0.005210054283720899,0.0076249391851255805,0.0128620763719282,0.029244905112541398
2022-09-29,-0.017934664054868838,-0.008146843896480972,-0.006799011868719439,0.00710997661739282,-0.030925209077547495,0.01972714328084988,0.022909420469114917,-0.0348076931857146,-0.029409669346450024,-0.016289963939117583,0.021273597738506064,0.01737667760146667,0.0038898314198906624,-0.030728797908572917,0.016241032199747672,0.03670440173536723,0.00405748217049213,0.02374083366630582,-0.009473336696568737,-0.010307872166036233,0.021433388591485338,-0.020521303166907364,-0.01573186104500581,0.016395321717702926,0.01195190091056455,-0.039446876275296645,-0.00414018339016716,-0.010703959128445944,-0.02146451899649194,-0.0072637884731186035
2022-09-30,0.004650817593992639,0.0333781911424813,0.005765524645399614,-0.04744961468779463,-0.011842136916979976,-0.0013601636607977426,-0.06546353186571495,0.010080298104799863,-0.014800800673154297,0.0011952377278162364,0.0042563397317511445,0.010516308564421744,0.014480637411894837,-0.000773462842419559,0.011441056505656494,0.00776593087872704,-0.023615557129267377,-0.0170306842326986,-0.010971603446451766,0.01090758855184121,-0.0018420726204091513,-0.025690853443746352,0.017081690216126204,-0.008987687528878867,0.035325893409943306,0.025416349748316736,0.020075871446189532,-0.045652958909850286,-0.002991773127766895,0.03390322849190869
2022-10-03,-0.009271565472141323,0.03421682332362651,0.017099308827521878,0.011984102382038522,-0.001509590985041778,0.013398114741638009,-0.004596617355899177,-0.0027202740669839453,0.014733743260104668,0.0066770685862026355,0.049119111682928804,0.010640260806827753,-0.0006981516077952568,-0.029748172787621027,-0.011987755940143242,0.03709332372957433,-0.049499950972167334,-0.06057015228155338,0.0329051274272368,0.025450346606700303,0.0017868834110854497,0.015110986763315806,-0.014891538827633907,0.0009274523491423884,0.008279436553996997,0.004863258491245304,-0.028111178897435064,0.009523832712952538,-0.00962830399637947,-0.015479448410032277
2022-10-04,-0.02295337773273628,-0.012946515517719413,0.004249516538495007,0.0023794854313287967,0.03566638342745668,0.016479618150737993,-0.016429857777809642,-0.0024287428767197122,-0.017857004139559738,0.02600796764753335,0.014018191109444767,0.016851177932358,0.04238653181810961,0.03574668992196903,-0.01454605048849034,-8.392897237705153e-05,-0.017660622833169052,-0.009302174065850289,0.00573348735853536,0.01127339459219797,-0.006171237159269985,0.017585338552114554,0.0010669689564486006,0.018426873597170594,-0.006816645807252449,0.027282251855053678,-0.008915767900737996,-0.03518090147820621,0.014413808884446787,0.02283175769610011
2022-10-05,0.011926370789995405,-0.0025330144590481503,-0.006935464746718017,0.016280005827144457,-0.04761781829288469,-0.004621783714789202,-0.03052289025193147,-0.013202311789870634,0.01224880009607329,-0.002407740360998154,-0.014722459818675317,-0.06995102862963688,0.00788930090124499,-0.008354315169232771,0.016217422379442743,-0.01019556514541244,-0.022781792300131096,0.0025010654892424263,-0.011792234518700052,0.030440471847944198,-0.030730458159866525,-0.017929593398799196,-0.010141137767777189,-0.006356234676487819,0.007054137446503491,0.00296424035988452,-0.03312847744187879,0.003279090114734083,0.00012367115398595718,0.031681295924368115
2022-10-06,-0.023030614184164376,-0.047408373906205406,0.006228406367069169,-0.01556936686227295,0.023286271896435114,0.003826471943020065,0.052012806977507486,0.0070604826203035705,0.003615628219677391,-0.04052106898993291,-0.02477594409776744,0.046648025693559254,0.004808321684223465,0.006076849821093235,0.007634105585806102,-0.03103644948206087,0.0035937237996578235,-0.019833675701915653,-0.004437176236885288,-0.01030741304589156,-0.010056360943819252,-0.03848030579551376,-0.012516013391163828,-0.0032975428928288314,0.019758444155332785,0.013050112927957103,0.00995862370791126,0.0412234043122804,0.00532044905489937,0.006098340470923257
2022-10-07,-0.00623602144538484,-0.007712348551285464,-0.030882500532277417,0.008664856032564698,-0.0027082932025333014,0.030760822122408587,-0.0013660252088516344,0.025844429116169507,-0.043476199863599414,-0.0037142120978729725,0.006921771093406635,-0.014725114500084062,-0.023723228696404357,-0.015498276253784493,0.005601546796494896,0.015872509932812234,0.0014646599848150983,0.027993244735674588,0.01434952968524713,0.04860727948866249,-0.032279232033894045,0.009466260100040407,-0.019749335810386168,0.03262319236970092,0.011736655683580266,-0.023293200249250592,-0.019698609889956354,0.007373811650770607,0.01927455998580182,0.017540313584445376
2022-10-10,0.0139158307257859,0.010740010201413264,-0.04355037898868693,0.04076925098495645,0.00633356656599487,0.02343804807114938,-0.012940672069731655,-0.018617678141221596,-0.012926664288524918,-0.014338794887794765,0.009781019120075788,-0.021326383361699865,-0.025826826041218307,0.012491320141136717,0.0197496216449481,-0.010476561996257551,-0.01702150880181355,0.03367755629432484,0.02378454347680266,0.027798436659517287,0.00492420268964592,-0.03627875737500444,-0.010398537860733834,-0.018311835391095235,0.010268098707267852,0.02700932070305274,0.01716925142844988,-0.02551270815637659,-0.007512526936696668,0.0034042051061374885
2022-10-11,-0.01596557295394678,-0.028478524694176097,0.029539520521619195,0.008697703533728158,0.024692639258871232,0.01904618451597807,-0.01829757393446229,0.014245559209326627,0.002672025900551073,-0.0014569235153271667,-0.013295658654991646,0.022945505062511248,-0.04649632049480656,-0.003401969818752455,0.05207541393697025,0.03449225335762966,0.010209092251017628,0.014778621554799098,0.015699623719956587,0.0011153515046807576,-0.008818650687177243,0.028016531031768075,-0.005465371985070848,0.02345669157825745,-0.018198994486928206,0.042504700083127345,-0.00812215113695246,-0.019544615141855168,-0.0024929275640540546,-0.0024915291995115025
2022-10-12,0.0006644759129007999,0.010691702026090022,0.0022291477275054035,-0.027842771056869196,0.026095612982844744,0.02323941426977605,-0.02750081874612944,0.012910466522720897,0.006390863027784712,0.006123715842223944,0.032183241176918585,-0.0030389305523983155,-0.01733365088240558,0.014401786621721627,0.010884744022954434,0.01320965355680605,0.009927072915187444,-0.007762416732363036,0.009971646015863972,0.034989130551339204,0.017611024083524593,-0.03586398099855218,0.029127588084145953,-0.0006384187215016897,0.004074270442502096,0.030242919214872113,0.0331953806925177,-0.016835262381931483,0.014797641348300502,-0.012190862698677486
2022-10-13,-6.942854526553375e-05,0.0013701193304703953,-0.014638647086744448,-0.021504559462811365,-0.00817551954362963,0.010930017054063766,0.022036315486224332,0.011594791122591125,-0.019302914977009963,-0.01631689226601901,0.035910578981258434,0.021590082131294826,0.03417362325061782,0.01113070993875098,-0.002384390978596303,-0.0053141718669669205,-0.0030341981652334737,-0.004295035681344666,0.029657730529140988,-0.0006890524327771179,0.02284036502430781,0.035937081679815935,-0.0023148952780129577,0.002250211357486463,0.006322297200592139,0.013377966167769139,0.014888151132577673,-0.01244776857705609,-0.020492469885168275,0.010505488058628264
2022-10-14,-0.01046793498866329,-0.002567894250575968,-0.01516850713768445,-0.009098954523058492,0.011343251193491305,0.009596479752540845,0.023090779543920678,-0.020772996441396446,-0.006260578407799696,0.024581749292033887,-0.0218856440119676,-0.03204841585180575,0.00594601426290581,0.055580686918213655,-0.00010230386769981807,0.013579675374657551,0.036107969078437184,0.005734466263442503,-0.04325052875058833,0.0059574739360876,-0.002840507275629891,-0.00971980964920002,-0.012331888478224244,-0.03196503164497734,0.012635474108363205,0.01703264408769807,-0.010964820682725246,0.014589059117842865,0.046705368483143384,0.0002698685704442033
2022-10-17,0.013022374882213921,-0.012185008868517071,0.04899437025174049,0.004697026715711247,-0.023364352377482554,-0.022028560988307192,-0.010591635096801416,-0.014280337459341923,-0.02130164203307447,0.010744570228335304,0.03248120016957848,-0.015610742827288965,-0.001702293449765907,-0.02812841712244189,-0.03967481661876917,0.005472119934829123,-0.002253709488623113,-0.03002768459700682,0.01376922837464356,0.019776285050917285,0.04473064384956624,-0.023528436671470813,-0.016424687699235826,0.013829614907722238,0.0036144889112719827,0.009659238767460072,-0.006763701570033224,0.006274381575837289,-0.0026874091761256704,-0.006371631961410498
2022-10-18,-0.02720821886676499,0.03460603837745424,-0.01723039928972037,0.012821795780416135,0.0033938652681317597,-0.009387848590306174,-0.019474658402509795,-0.00803853323312716,-0.003938231257493796,0.002540888356478372,0.025193167390081168,-0.018843361759882046,-0.02864797426265734,-0.014342254012666804,-0.053795833350700616,-0.047931699265544796,0.013406121310899447,-0.01765117131201475,0.0024597191958969284,0.02490642158991699,-0.006031717227396446,0.0015109410319224482,0.03580077288409247,-0.013202273944609927,-0.01334837500045489,-0.026602877862447707,-0.022544434493410027,-0.03259730604220693,0.03069434634957483,0.01072576240049853
2022-10-19,-0.005613780810154933,-0.01022556901431679,-0.019508499457942054,0.008773947110881985,0.010769787989229946,-0.018981665122077614,-0.013519514274115184,-0.01218066338555923,-0.005772241287812704,-0.014586835495135342,0.021827249818763727,0.03128230769963045,0.0020941067649864913,0.0061962066034090615,0.00722113414984959,-0.014016720919543497,0.030912603186669926,0.009594477574726635,0.006287593254094584,-0.014933265623322627,0.014305638608929257,-0.004215057435980181,-0.0030594121522448977,-0.014665783627914998,-0.014391360408038775,-0.028569288189138148,0.02061674068826739,-0.009001223031649309,0.0007717401529709889,0.048073869741110706
2022-10-20,-0.00044244927112400907,-0.02927079571570228,-0.013488912233652225,-0.006983723880661172,-0.018814973681138884,-0.047627046130018245,-0.0323331390431508,-0.03412903172805015,0.005958514735165096,-0.05439144823967433,-0.008011848785996655,0.016932412144590903,-0.05454919910083664,-0.010099984909451118,0.014870556078575419,-0.021739279028580222,0.0047490567457785455,-0.02996016118444271,0.0020608168596416873,0.003808698857702466,-0.030737641624107914,0.016186095020365093,0.010292553780404669,-0.0015801274415663436,-0.019899871219162913,-0.018690754143480835,-0.029134325494078846,0.006339674148665574,-0.025545915072864654,0.0023650394039522174
2022-10-21,-0.017694632153907097,-0.01518301042892889,0.015595517381904978,-0.01130897598463903,0.0013429097351938593,-0.018252203774076506,0.008484251241452469,-0.02027637208458802,-0.03232512373198169,0.0006409656820462026,-0.008451897175206587,-0.004677844019228792,-0.0027610538336867983,0.02206744277111729,0.02810434076740995,0.0009996097624370892,0.018243442578143292,0.02166827110872306,-0.0008026684391286042,0.02418531982083513,0.0024570909956694964,0.009868066917129773,-0.037239758414688226,0.04724259181329356,-0.00997687637517234,0.02565795273460254,0.01562750328714962,0.014251088131935446,0.006853737940257813,-0.011086234173354088
2022-10-24,-0.02562659208775323,-0.0126435869307076,0.0022691152835368138,0.0038460944523863896,-0.01617008479606498,-0.020589266497511523,-0.021028095487606768,0.00238597676993095,-0.010744842872840835,0.04304535473126996,-0.02151790285358027,-0.05126213302370982,0.0375802828532187,-0.015239463692740539,-0.006809843854883276,-0.0017717179231040332,-0.011632614009669008,-0.0009346415924807033,-0.0052928308341817516,0.009285866308093188,0.02911178421785756,0.01787415671318708,-0.02524027460138807,0.019610143718716007,0.010972462025320144,-0.02503011530040999,0.036518395729583444,-0.027102180309883976,-0.044702761347736576,0.017434363849172532
2022-10-25,0.020833908395158075,-0.01053362786604242,-0.017403451711962288,-0.01905689971902868,-0.009795176166314557,-0.020910996809696564,-0.005259778221808384,-0.005347039198942279,-0.0030709598809912594,0.004973467393555556,-0.04148263515743317,-0.016164824786047055,0.0012531219891016433,-0.019846885998191892,-0.003061431213767526,-0.022036194405537928,0.023478221580509506,0.0018573406148801297,0.01182815726057416,-0.023716316763453198,0.03606847996574865,0.022294406323501124,0.014514999019844491,0.02933504230561783,-0.006897519904732293,-0.04289124613614679,0.024891457850062356,-0.005740768977739823,0.013297695318695254,-0.016431637190939107
2022-10-26,0.004878941747990039,-0.0068803187082498215,-0.01942192144439356,0.024552552479169803,0.0016665023669889677,0.033234392893551845,0.03973079939167804,0.017705876445383458,-0.010782976317672803,-0.006590136129123085,0.01294963107601716,0.0017145882569741442,-0.002720449112229073,-0.004503412561163568,0.008404633605159837,0.012411065833281162,0.052171836375548,0.008689995131327734,-0.015406858396280186,0.014749678779166742,0.03615000618095051,-0.0027999989962822418,0.012687185095040823,-0.010332373627745597,-0.013013105384297431,0.03703410079927751,-0.0023143167353148193,0.017530587190269818,0.006543367861857468,-0.011172787129847539
2022-10-27,-0.007802683544790393,0.00912497987548941,-0.024070964513515303,-0.013020198289966483,0.027069290451298713,-0.032637012570086464,-0.0718260043153201,-0.045781737013978134,-0.02482895095304038,-0.01876077032560879,0.008167075913453638,0.012898253981785391,-0.01429263147637993,0.0019675216781481646,-0.0038712257441697127,-0.012283809617350613,0.0029103975884139837,0.0030484083313208512,0.013540916889166267,0.010536805681271367,-0.03628481674491423,-0.00849702268746299,0.006636778139648948,-0.025509991461970707,-0.0386727610074508,-0.029655214715775296,0.014861804090312299,0.02260167009601879,-0.003835402532000442,-0.028025300093483908
2022-10-28,-0.0005312472434350849,0.015565030729258364,-0.005713844497753137,-0.030568354532393927,-0.025865646665115295,0.018681407085029175,0.020803222812938612,0.025008532704242133,0.03682209859416537,0.00030689625256434696,0.019792871457211723,-0.023604729428831493,-0.002136824934049966,0.005124864818707527,0.024072808985934693,0.024821718436044735,0.01039145232989382,-0.0037317532341821858,-0.01694079424578194,-0.047364209415755656,-0.0201744947708273,0.0054047831504587555,0.0048330153973799965,0.007309657028977795,-0.03514426625524191,0.003796882564650482,-0.00035324601637315515,-0.03243999260024003,0.009557633286363854,0.03467484141509899
2022-10-31,0.005125543467858075,0.018366163303865146,0.005195811988953334,-0.047284636351554124,0.05153036671985862,-0.016590831228734684,-0.002504849189877441,-0.041624613189172155,0.007942325697040932,-0.0034284244592359984,0.005210026046495059,0.001013163457889731,-0.0014663410953218046,0.017476003191403033,-0.009618427341292372,0.0025868183189222613,0.01842083478712673,0.008639449448979122,-0.009983061745153723,-0.0324566958378075,0.005766250736958482,0.02123081991383521,0.028478599889519396,0.003775158683887045,-0.0013181371171904568,0.004945873589788939,-0.01101511671907017,0.01629764161956153,0.008930729223117863,-0.012677866662026594
2022-11-01,0.005155058875955428,-0.0015912706267436876,-0.019472802458218495,0.0023668803394981783,-0.01404644008149499,0.014595761695867123,-0.027927110928348136,-0.004955762705869748,0.0019034971908239845,-0.015562710528108115,0.014395817250273509,0.01196578897934427,0.017313055687003594,-0.028936323125991457,-0.039080063122625235,0.006703034585618399,-0.01772467557093056,-0.012326623868035964,-0.0033235440086370484,-0.02047201801631707,0.004345494874595071,-0.013711477713318158,0.029778608427786468,0.00223576192406132,0.005147833054553507,-0.021762351571453283,0.009932241742164373,-0.0024166646549898096,0.023346746335212828,0.026457631770661717
2022-11-02,-0.02980261679025081,0.018865086849481065,0.026459477956737195,0.015039997360573211,-0.015736202520444102,-0.01350971240794661,0.029593375959696196,-0.029966705297830198,0.00912086052135232,0.015339094052093612,-0.001728609543101898,0.016548755914088244,-0.029451872836238863,0.00983926296699682,-0.01971269671577098,0.004139478437816772,-0.0014935829153102456,-0.011992504211960119,0.0019093436429652338,-0.004400788594227406,0.007336717752561508,-0.014202579474365665,-0.015678948335376332,-0.017642843450843323,-0.008513908500648528,-0.005680594908817441,-0.004212805111484397,-0.03618162948149321,0.04993944951633095,-0.00728905748260536
2022-11-03,0.01492027866991115,0.025042912925492603,-0.020819021236011443,0.026500801369467055,-0.02567358387704893,-0.0034004270251192176,-0.010585217971374903,0.026478757292764565,-0.012736223349574584,0.027439352958492175,-0.017134302414652268,-0.014546008635909222,-0.056469947249073456,-0.026634120887713372,-0.018577393745529573,-0.007129219807594664,0.007158738128202705,-0.013466438002254735,0.011077459020619275,0.006054648777903647,0.021173256915483326,0.04220397567446714,0.01733004764035116,0.020935043728673754,0.030255233609539658,0.038570691437909504,0.01703127846926993,0.004380397420544401,0.029985713263916944,0.010975610588921889
2022-11-04,0.04046549851507346,-0.013047363567439456,-0.004737502304256698,0.019139573435138287,-0.006066907780156915,0.04653593168409067,-0.023655701183304914,-0.003107187478665232,0.024078865447837508,9.343711705264907e-05,-0.003013457914862959,0.0006772362825596965,0.0040385749979158485,0.0051906306374095625,-0.05230855489533413,-0.012691023588112643,-0.033083918139150986,-0.014594502690807415,-0.01937605042558364,-0.003616494970893968,-0.017156757548863866,-0.010132679015779302,0.01799794137557464,0.004554716137292673,0.010409789629357609,0.010114031030100076,0.023880698907506822,-0.004709602662281239,0.022432339551312405,-0.03800052509171989
2022-11-07,-0.03834254199344805,-0.014316775031909127,-0.028178826635790726,0.0067962644620285576,0.0016334963427214464,0.008760048723763028,0.020079392943316916,-0.002502114701674902,-0.009575441126772812,0.022777274116995108,0.00018216382423691762,-0.04299830542884559,0.014945889321531987,-0.01692278190508697,-0.0427185156024486,-0.016384011836201032,-0.022887817928319797,-0.02599693054751543,-0.010247759938658039,-0.015610117047285993,0.00014130814450844436,0.010451268931574583,-0.02739434006423436,-0.009899255467579362,-0.029817637650368798,0.02345228417290563,-0.06066486061910166,-0.030781733613811348,-0.0019195167859922925,0.004128876736147968
2022-11-08,0.0315068507974187,-0.004409817420828463,-0.009778444484001003,-0.015235993287802141,-0.0011919080008905892,-0.0008579714963209513,0.008782251856224445,0.017584133939593606,-0.0001867511525447109,-0.01464845046107117,0.0257157962043973,-0.011370708300855488,0.009896234803318592,-0.011869785404392028,-0.0007745014204292057,0.022848516915091963,0.01083733348615807,-0.005044241150179921,0.014589018150924487,0.020604014276779242,-0.012496336281367633,0.00857468438915384,0.00896347955244554,-0.021839252742942523,0.007916015317153819,0.024233767598957484,-0.052411582922795824,-0.01683019757327799,0.0381118577102418,0.03035974977525769
2022-11-09,-0.005966382864946213,-0.03487076637521082,0.027492849622562845,0.03030599039005572,-0.013063697227304152,-0.022375184214545884,-0.0003277969654507723,-0.0003953959773867382,0.015377414776385096,0.02241596668510309,0.01847608864833542,0.0007528401255693033,-0.0360618478408999,-0.006596964131674728,0.002185871034899346,-0.017604873035682752,0.030846876214544995,0.020092433619574496,0.025854301928732427,0.04084304512651612,-0.005999206459192206,-0.00700581626092088,-0.02720093528890731,-0.010902735791732092,-0.018337929731271477,-0.02280725127314369,-0.0002110833181634424,0.02090076495011642,0.0038775463518344994,-0.028168184948763324
2022-11-10,0.042313664786489034,-0.0012784771306092561,0.04452265504312416,0.008566724675193302,-0.008674644493527357,-0.01922907024279962,-0.026381036567534214,-0.014551320179385418,-0.0028732870677020874,0.004141856889587945,-0.02762488184671543,0.002114216443217319,-0.003607723600978773,0.018089067507780065,-0.023833104450508857,-0.035604356189565596,-0.002572477014546361,-0.009272794601117847,-0.0342271072831608,0.007396324603105145,0.008530182362624948,0.010042465586547858,-0.01572940342629602,-0.03328785698224559,-0.035870063228615634,0.007417125078791398,0.0027333935973594776,-0.00781480230383686,0.01992640231847126,-0.007166749682167987
2022-11-11,0.0014908728135254398,0.015740667724496667,0.039691757841584185,-0.020445215456176457,0.012389207984830872,-0.023591138483100453,-0.027670951728863948,0.002655500994290286,-0.014293818292054618,0.005718551482616794,0.014184362847959896,0.003674534548319946,0.007392863549036177,0.01971040926181738,0.02162984756916541,0.014393413091201016,0.0506771125232824,0.0007919261212244882,-0.034388740775056256,-0.0014413404679103213,-0.033478623881888596,-0.043639823576771965,0.00615165394845817,0.021348378905371373,-0.023600601917860686,0.008146705140580924,0.048176257604638506,-0.029878734627896687,0.02862905462828957,0.0039018323935987404
2022-11-14,-0.008969495303076601,0.008938958755170543,-0.004794104788032285,0.01075663280359289,-0.05018183795522074,0.003301231837466353,0.04144131164493748,-0.0318530189933397,-0.00475556482308226,-0.0020620166573313615,0.0035599270657144877,-0.021391996091951946,-0.014450945183756744,0.04760535828163145,-0.005018393828493163,-0.01629915464653878,0.0069672341197084126,-0.016017258320099828,0.010989601804601016,-0.0051016611534950625,-0.02289051151322487,0.0045854114692777505,-0.04000058853979207,-0.0008957211874353792,-0.0008543566578357942,0.012246660984466796,-0.008541942381450061,-0.018764822056439468,0.009084304625599634,0.04333526312207118
2022-11-15,0.039411578214871276,-0.014795126644989927,0.008821127939079543,-0.014575504830388936,0.01147069401594121,0.007483447535192877,0.04023572584235761,-0.009530952906578908,0.015594582701301162,0.012865987006518555,0.007755348122428131,-0.003425200216112505,0.03167148838721321,0.03392991807196169,-0.008814124044609026,0.011855571622999382,-0.016202725864995188,-0.013517577053680516,-0.019328843273593948,-0.017674778544029848,-0.01067764664641401,-0.0028425096087602744,-0.006152421503395476,0.006077663306434084,-0.0016206951295765965,0.01638259104127456,-0.005192486434578547,-0.015948187124108507,-0.014657336426386782,-0.012727845176100195
2022-11-16,0.053182093668373676,-0.02956170733428228,0.008683435947061047,0.0243125157066184,2.5207498645650505e-05,0.006490332483314354,0.023165555224240558,-0.021625688380415863,0.010658314570979396,-0.0029820616347301042,0.009458626704689343,-0.03107173256381289,-0.016040246487940668,-0.007370517421020773,0.025877022270309243,0.016691986444253695,0.01379566568487867,0.012399033150735149,-0.050866523825771004,-0.008959089352338434,0.004708207498781635,-0.03297655430148108,-0.002450487936324347,-0.002936271778392263,-0.002104510596526585,0.0008470830599134685,-0.016250097034496095,0.003047290284449052,-0.015101122107031227,-0.0026119293989896085
2022-11-17,-0.008877215539163614,0.0028771562786324193,0.00499042107202515,-0.00047825405126463463,0.020336185249351386,-0.009646044852619202,0.03190215107950314,-0.0274960057317761,0.00014811938990168748,0.00784871555851194,0.010147361721266691,-0.022246558396015612,-0.0075461285542045686,-0.013302671686814507,-0.0020326055638777707,0.007381267081389667,-0.004917404308640971,0.012831153092634112,-0.027766164503529332,0.03574040882118302,0.03276656561234283,0.04215625865012931,-0.026365975546757285,0.03235316697258978,0.002397368289348781,0.008620896465532315,0.002342015659867274,0.04064918360700557,0.001626429904699823,0.0359510798510629
2022-11-18,0.0004943681696533528,0.003870344800453506,0.0005960872607442663,0.03130944240803517,0.005158104396371562,-0.008106775122861159,0.008336135319123781,-0.0014600913151561628,-0.00674742481224981,0.00042780498190636194,0.02090234068803201,-0.01828762718122286,-0.012377123847580078,0.038691189264850954,-0.004090260587857346,0.014068545961708008,0.005970754651723694,-0.008431027431519949,0.03537762009149173,-0.029597957839368715,-0.03179054615416328,-0.0027254235535305645,0.011272323369545763,0.005965070783248822,-0.009230904976103628,0.024432030587879447,-0.013633374917017277,-0.008940166452336008,0.02833932725340232,0.003149400008153693
2022-11-21,0.012734241410706518,-0.0005975711272278679,0.022196577213474976,0.012565563270775636,0.003547774373250753,0.005916109164411806,0.02185791687623021,0.024853314677084275,-0.013492653802298622,-0.011059190730459023,-0.005252263209643625,-0.004467043858718655,0.00310748452252643,-0.008679191326828341,0.0050568595581563566,0.0064491072826919505,0.0029007455233427616,-0.019972538283292585,-0.0007764665582304753,-0.012224877646364589,-0.023262855340848314,-0.008991711728542197,-0.024390840105937627,0.02441035968013476,-0.005164691308879297,-0.026333404647629465,-0.011796147994579051,0.0430663476144833,-0.0003604756405829952,-0.013184863941083785
2022-11-22,0.00381361303337239,-0.005571953440158683,-0.006725032734182511,-0.020286597194078226,0.01616403114089288,0.010218270592369422,0.01870893527761502,0.022144700657414827,0.008539927392195761,0.0036210347757618553,-0.010998304805596448,-0.017890544691459367,-0.007606866777447216,0.029410451200396988,-0.018347022872634716,-0.01927226663486965,0.017596971824234912,0.0022814682970693,0.001365921468009385,0.008341279682657377,0.01121699037240043,-0.0059865858893001864,-0.044394096371061655,-0.007912620095801765,0.003745746255670566,-0.03248191052089165,0.007330358847893551,-0.03271376170963702,0.010199572219210796,0.027556733799147325
2022-11-23,-0.007854007015471613,0.04150753454124417,-0.020660399986811004,-0.02215026086561657,0.0028458916920798606,0.03247881426649807,0.02059339434313787,-0.001192834264168844,-0.01830053807193898,-0.016319676882307493,0.0018739170590773753,-0.05268545755748669,0.029190250653482262,0.0045178350085796634,0.007504155420417623,0.01947047637339698,0.012631752184618114,0.0036250042815387964,-0.027407627907319747,0.000494225322894668,0.025753236626697873,-0.013581425094671312,0.011328417405789477,0.015008076421772914,-0.05321840940202608,0.026781712390090057,-0.015068180853307083,0.01362054087777908,-0.009407109849312097,0.05287227518615202
2022-11-24,0.015035616498633204,0.029170519106740463,-0.03417402101629211,0.006621541397463448,0.011566145468776174,0.008858493196057025,-0.005448001838010527,0.03506444971818236,-0.020482041313398064,-0.007605310079477356,-0.01097091626192691,0.01820625132047288,0.014553036134530318,0.02085734723784969,0.002934050648846882,0.014706265298026613,0.013292835235212613,0.007323361862172486,-0.0044445021630832755,0.023987736058163383,0.017524858123075145,0.009566036928017196,0.004958658534858884,0.0066124758361439315,0.0061320055427053904,-0.0326710312073074,-0.020846072331992538,-0.016257107329128596,-0.0025694864405937045,0.021159023718276302
2022-11-25,0.028821832287650073,0.011812439692138662,0.0252305356042399,0.030357133456623612,-0.012788195288396486,0.035790751561580056,-0.001201778678281483,0.000555277517664955,-0.005767751527059361,-0.006623900913363835,-0.014566893049090791,-0.02456053305349755,-0.006443586192151954,-0.032067659861644005,0.017732052185325524,0.019435008855562545,-0.008150835324789387,0.018476393855249296,0.019338761482386654,0.03118670706259095,-0.0009537505148369577,0.012299065892991567,0.0012980088472037859,0.04463840265306361,0.0016866199122984097,0.06119575909339137,0.018628897827521473,-0.018994831779579655,0.01627564229172973,-0.007728457336583134
2022-11-28,0.00468102743583978,-0.01754542153525528,0.01018234156892116,0.016370740794721516,0.0462542073668082,-0.02072912084445898,-0.016531005806359664,0.023848829753703737,-0.018075089051069672,-0.023630978413342715,-0.004500411460946602,-0.008426562700042363,-0.037750821218479676,-0.00023213763423819944,-0.006066383801857136,-0.001685832047810908,-0.024880474340446157,0.011960767156698823,-0.009535517210278023,-0.0551281865813396,-0.034067424329032,-0.017378324036199447,0.020991083697136995,0.011341149620954488,0.01794218520188337,-0.012266349550307537,0.007130003725632156,0.0004173375200633406,-0.011108990761957458,-0.006064969871964831
2022-11-29,0.016512365196184032,0.0029661065451394345,0.0502091057663905,-0.009803962202394845,0.0004078772586757798,-0.005632576086179324,0.01259448976884874,0.01981190424344676,0.04869893960181745,-0.012752936465159424,0.024691892627290067,0.01801758326686812,0.04071440767059581,0.0021500849161687698,-0.01666293492388222,0.01290933778017071,0.010662956865384274,0.0032724668290509316,0.014034834268086752,-0.017227952453000447,-0.0006275790855950992,0.028874540250857155,-0.01354999853439139,0.0037645243778104014,-0.019282224258787367,0.017895826027302678,-0.014129629216939107,-0.012467418066704353,-0.0006271309986933661,-0.016206336992817056
2022-11-30,-0.033206154211528394,-0.013455606723130138,-0.009806323084425212,0.0113253313024442,-0.024511774400297368,0.0004373591697423309,0.005421519332532779,0.004866574021658942,0.03218032363956871,0.005595654553880309,-0.0472880530125542,0.04750170143926264,-0.02910938686717596,0.002620601253190634,-0.02174589711106948,-0.016763993870968847,-0.024098234126914028,0.035257265669172866,0.029026232083111475,0.0050805047767276445,0.014994626703875281,0.013477823986305508,0.03204983021587058,0.0037810304581305915,0.028778058689818743,-0.03123448960776841,0.018582393060621615,0.05683144486746973,0.025561293319742124,-0.0011336944766247713
2022-12-01,0.024053272970069473,-0.009279401204897916,0.007496673937601553,-0.005475690382018918,0.013318088039631202,-0.008503186357232679,0.005162636186861077,-0.031887358045319426,-0.006820412017816385,0.021176962151977285,-0.01388695357088765,0.021334853121613487,0.008404188968050851,0.019071164983969,-5.970279869803308e-05,0.021448436348206243,-0.009740657046832177,0.017336008520718132,-0.01352834800504474,0.024754707477668208,-0.01344146481230032,0.005731514747349254,0.013651045346364861,0.020408233078914203,0.0102099419540351,-0.004557119256685268,-0.0029455619745191322,-0.01768542024309536,0.010091604306500988,-0.02787761263008627
2022-12-02,-0.007019035799607208,0.02751233780149662,0.0003375257568373564,0.012488386873770244,0.0009411437748204276,-0.010273545402559408,-0.017624131689888398,0.0122102628015626,0.010494858227004578,-0.003247457678706623,-0.03442704390829362,-0.006232749832050797,-0.0051812527351670825,-0.034049799804967563,-0.018720867358102716,0.06135116945674891,-0.010777102473876886,0.007439780093157229,0.027666398804208545,0.009437500986736968,0.027480630373460775,-0.016851330559432692,0.021319469766135517,0.010024053490945418,0.013867099736514418,0.016113097600914363,-0.005764409572163302,0.03292677011755481,0.005224201347297928,0.0010768933762275578
2022-12-05,-0.008673099527373551,0.011958774429647323,0.006170020888825389,0.02040555719355827,0.0016912502831691056,-0.029297586279955427,-0.013038801355378488,-0.007755204456950413,-0.006411657389963933,-0.020748533892277207,-0.037553741112661694,0.029083503325588157,0.01139831159312261,-0.008696062770510455,-0.002920433940440286,-0.0017604168597726267,-0.01905945477038773,-0.003997640545073027,0.002654100916756685,0.028450317474828086,0.002275248210813441,0.003842779231743386,-0.04468040057964792,-0.03139576131928445,0.006005341903415758,-0.06400302816790242,-0.0005297101610649351,0.034024180865134035,-0.0264622776335179,0.006061348315852711
2022-12-06,0.02437053091998382,0.038966268579984,-0.02828615870918811,-0.0029153844895912725,0.01453890811633573,0.0031043117452710578,-0.003130379697366513,-0.019423309524356388,-0.03030201062933395,0.018184147329365567,0.005444943964836704,-0.01173113561279591,0.0135082907015692,-0.020088128465811782,0.0025067521648292055,-0.019406445348268807,0.009500862622168815,0.02101146655351586,0.013233727699553636,0.0016611443817416596,0.00014378473218071581,0.029458643104276903,-0.014740244084517122,-0.01496433222181175,0.032417381471420106,0.005076720102445428,0.011337000915518654,-0.0022136567411892047,-0.014615309691375903,-0.022180999385302623
2022-12-07,-0.016858185634938353,0.01772951487458574,-0.0334411623679165,0.003333421821602678,0.01978861846205193,0.016223012207308395,-0.030993650886701363,0.01828350948017921,0.02481144634365201,-0.0004189230118915355,-0.021599876887426435,0.02116015394767088,0.005300145913782566,-0.014100205946625997,0.031287316987619274,-0.0068177539901591155,0.013127650362784645,-0.013399415902348893,-0.006817090698562571,-0.014224058788415183,0.01695878492709135,0.0207732907299671,0.03299810535377498,0.05373541809334139,0.029238151568785002,0.04754100096233062,0.02041001938645968,-0.022645541887180178,-0.03427961768031634,-0.0005348192157419976
2022-12-08,0.011271810008037545,0.010527526312186676,-0.022551376219035375,0.040189763831083754,0.044198232136152524,0.012108505718848903,0.04139501258975858,-0.006112304342408526,0.005106339784392334,0.010333099246888525,-0.01809079191311795,0.018080845734693575,-0.04467061362935234,0.01628836791477576,-0.014656082614804562,-0.000830993910332795,-0.019852069248887137,-0.014928061911248612,-0.018802852970759208,-0.016100054579671234,-0.003797674931940123,-0.024416361244514684,0.013962031974449675,-0.002493061396699728,0.03648946549007785,0.0032249532112004534,-0.02023376442788497,0.05903875518379838,-0.02124166619259479,0.007044445263952046
2022-12-09,0.010196074678734646,0.004985234955491837,0.05358708945751979,-0.013179328110908993,0.0032054700406700326,-0.006659448049866595,0.023151735306716725,-0.014001317688685393,-0.03704877265627702,0.008599632480178396,0.004581487060549904,0.02950687181164754,0.004512783490631889,-0.015229991976991607,0.02708434031710595,-0.010009863223268549,0.005722023375665261,0.007497548480577675,0.005829761172331778,0.000831109435497352,0.007935876838138648,0.0028464129884382674,0.017406641043100173,-0.007093899610507275,0.03218637771299064,-0.03566776604613998,0.028117884275800725,-0.020814947708232275,-0.06979626458730258,-0.00788522077038772
2022-12-12,-0.012993973973840306,-0.002818776314028644,-0.016411966213758306,0.019205589219617226,0.017380371544210134,-0.0016549236771442404,-0.012359776574394342,-0.021254710528443382,0.049968573157240216,-0.015348869718339217,-0.027302453474026676,0.023377369591197343,-0.009148137479587776,-0.014344416451525989,0.0022034452944008067,0.04433913372954847,-0.0193424365793323,-0.0062393050015241164,-0.03976861894611107,-0.012155525893600642,-0.021095406681908003,-0.0003645404222142572,0.034393389456718715,0.03052170263215328,-0.003915438644185182,-0.0029369581172580834,-0.029317281003341498,0.003503260039690829,0.002344823461042095,0.005294547001713254
2022-12-13,-0.0022591263333270367,-0.021332195037365456,-0.009941489387699608,0.012851082062135125,0.03708792233600683,-0.026316012518870127,-0.04612437177760306,0.053956935104648746,0.0016293786662899513,-0.04083466705818343,0.004239715941487972,-0.04940141988583732,-0.006752866106212644,0.016864609372212545,0.007366633602110417,-0.018340489029226567,-0.00790108190809379,-0.027066691697649005,0.03202048314351461,-0.0207373149668349,0.005505285293127616,-0.00027586510497802614,0.023096356174918935,0.007147749544453833,0.005828797886059253,0.0015496907173980345,-0.032301036522823984,-0.04340677542782401,0.019491792472369266,0.002710162078630027
2022-12-14,0.013237316751049789,0.013587767720992652,0.008218092442876067,-0.021830620854411814,0.04457893969607691,-0.032305468054042476,0.03618469565251427,0.056734477167842766,-0.010658525509920825,-0.004296728495345127,-0.022606498804129252,0.012897668803994912,-0.019895627475990645,0.01746449714617548,0.02870929569314677,-0.011641655498384324,-0.005292549270814443,0.017161169396049853,0.029400028245267017,0.004814384388133659,-0.002095707637630053,0.006541238989501515,0.026139670797960757,0.002343694118160133,0.00020182690425965907,0.0012208151658091777,0.024517292370013356,-0.015498206535840506,0.01373404798680113,0.012541591841972389
2022-12-15,0.015220197352504577,-0.011213016720470668,0.0014109609863131045,-0.013412527025220467,0.031229823363025374,-0.021220791424132815,-0.015939672291790868,0.019814729788858773,0.0021444604500653395,0.018096406981111618,0.0008828981990038026,-0.023599042462168103,0.0033233258524802845,0.005954863283800921,0.020004229508124808,0.0020308735534764573,0.02360669068116441,-0.02887119006106445,0.031001156881203418,0.015924542254800684,0.03389389005663167,-0.0027619238037959863,0.01688243025966439,-0.036287739516239405,0.04364472810337475,0.008864609799286481,-0.009013751574823927,0.03210306397704679,-0.029255772651872472,0.017788907581350853
2022-12-16,-0.022207133395102406,-0.016776248374096133,-0.020531259539355817,-0.007699749752750342,-0.005365615578525123,-0.027849363846176676,-0.019774387109882816,-0.02090401067591867,0.007033590612361447,-0.033772592631152565,0.011667592257904107,-0.02296872259060014,-0.00873653533264126,-0.004141890232008768,0.01088449107628235,-0.00926843241044798,-0.02878102916006301,-0.027522417040940085,0.0048980472333726875,0.023645956576033727,0.0033385102663571406,-0.023808622207452414,0.02663397344210019,-0.025552741923234593,-0.014117533001566965,-0.015933730783943757,-0.0006952919744844452,0.015955328369724533,-0.006643656001438578,-0.008830450001362823
2022-12-19,-0.02967828073013894,0.004762196416417524,-0.005788129853775974,0.0035131997078654696,0.016494045725377122,-0.02282598046975689,0.024802185607513842,-0.016338771208894546,-0.011628543474146566,-0.0020744649494354433,0.006394714239567579,0.012781278465137838,-0.029749786894856887,-0.021487452069350953,-0.02287356814188922,-0.008317117151921615,0.024430432276623733,-0.0021986355196882013,0.0027595439001976297,0.012062217349310575,-0.004359230367623802,0.005966477649757314,-0.02848615164895148,0.0009562838035237792,0.00044687284915000754,0.007717040689411421,-0.03872494959468916,-0.02949763899621425,0.03644325322143909,0.033794625534558975
2022-12-20,0.005085220096748537,0.012740313583207725,-0.023803733658833058,0.00501398262698964,0.033831920317093825,0.03207915581079891,-0.026974743412054015,-0.040110419464013815,0.02231359120765548,-0.008582520975221275,-0.010327261458721669,0.01856239608151036,0.0007288414334558856,-0.026321545591091896,-0.007198618443560825,-0.012247247563522095,-0.001359638528572422,0.010852188400298805,-0.0040601260140207315,0.0045252850596439916,0.0070966803374724165,0.012402876630993428,0.006638728896676111,0.029013668311694798,-0.008990570428686551,-0.0023103316791664883,0.0026979556522928553,0.013640092510276048,0.002757768031283375,0.011107117160748864
2022-12-21,-0.02216770286284429,0.03895198759260798,0.004584404435633524,0.010859040484367345,-0.006824439930684722,-0.039179937695043285,0.011811620195948315,-0.01360805356891152,0.0015486210712222534,-0.022052403245187667,0.016781168459935315,-0.0036599540726840246,0.011533368131363277,-0.012170249413068455,0.040821820526664054,-0.007523268606262696,0.02469625298649919,0.006204505263728532,-0.0315040204274771,-0.031792901219312886,-0.0018365871797224984,-0.0636410783814992,-0.010209759642660752,-0.0044013210991450495,0.008987928439046429,-0.0033540419815503105,-0.018177875651741855,0.016189082207798213,-0.012007293810250744,-0.014704442877796209
2022-12-22,-0.02385705244933482,-0.006229898134396926,-0.01661341784865929,-0.031253908728077005,-0.01070957609606903,0.008480720323816438,-0.020060562103345326,0.031699754998134246,0.023368244317353033,0.030595327253094353,0.02171796471008782,-0.011099064011769577,0.03650596467535358,-0.006670181923612462,0.00015494227530472458,0.04553167476376744,-0.01755343634261761,-0.006647736825225402,-0.02882848154184514,-0.03276085958292613,0.009703433006192254,0.004502870286767131,0.015415242690324195,0.008488162716132615,-0.018158318907372403,-0.013571984831802839,0.0044733775952029145,-0.010120570678673859,0.004997077873814848,0.005128575453999768
2022-12-23,0.018890212201908375,0.018782643601182373,-0.000803004204348833,0.0189804146024659,0.030102639243284348,-0.0017087184177254694,-0.023423002793423752,0.015164679536747784,-0.007215205933827176,-0.02866111662233806,-0.003489402102826003,-0.007721906857340767,0.03401424605627497,0.008898825773160132,-0.007607822019357252,0.007625436895326316,-0.011181241529197382,-0.038608672889665,0.04069717585572685,0.030062148707371058,0.010315422685690925,0.011611044061676123,-0.004768406905964514,-0.012601515665786855,-0.006717823623290191,-0.009600625262245286,0.013311019474149546,0.008571039036698145,0.010109160662479542,-0.00489864826409051
2022-12-26,-0.023146324626658884,0.01623496914388055,-9.854313091672796e-05,-0.010672311556226196,0.03221440226791778,-0.028341470620339666,0.01289655858950169,0.0027100978273886336,0.05060850991839779,0.021593943427003284,0.004637457064723416,0.01985543413791551,1.0498097038696042e-05,-0.023776475775028984,-0.007714272733484927,-0.01897825229177264,-0.03621057430380993,0.007616449759436533,-0.014331631956803308,-0.004490010687909269,-0.006513677102410933,-0.0320631887566145,-0.006373378464594037,0.02488019540518342,-0.009226190885274812,-0.0118691263349784,0.03016780731253277,0.001951671615841896,-0.008050715898814578,-0.008772890313443185
2022-12-27,-0.022529238380457183,-0.0009844877045166284,-0.034359186117874675,-0.0170314285820174,-0.02367284293569824,-0.008000062045382549,-0.013394992521278137,0.01926687122703892,0.010227853791220607,-0.019032431639969163,-0.0002697384700100568,-0.00139561790776025,0.03276507351778867,0.04404602075726613,-0.03050516687728151,0.019604153044950078,0.03332750953951521,-0.0055056978843295535,-0.01340007025456498,0.0018244870305064657,-0.012760519489872921,0.02640185359031434,-0.017902225404317972,0.019331191001027162,-0.05303032128349516,0.00039159339555496614,0.02789037533522611,-0.006476044191093504,0.04896521911421601,-0.02028944760994995
2022-12-28,-0.004207688619602344,0.014261476435647076,0.006806038783728423,0.002819860423456825,0.0096798379296766,0.0028252747474406276,0.020715167620805493,-0.015252817832613568,0.006901254329978587,-0.012714788363174105,-0.01067714631493565,-0.010809505944374733,-0.002890039741129348,-0.018006336860177607,-0.007910285718990114,-0.016213313159034223,-0.008035278190376987,0.013426790124581728,0.01720296521720163,0.042730055443821094,0.0006166071925887887,-0.023032075131724,0.014678919908633898,-0.020405202552801458,-0.011678933754546745,0.01864523571908275,0.02953410870405747,-0.00529805220457568,-0.047240500949145336,0.01106899304768851
2022-12-29,0.005604953000700864,-0.02199845685127282,-0.004591588634163746,0.027622083627610504,-0.005740005590678298,0.01920933100428836,0.016657267604125014,-0.008051491830691176,-0.01234534587995442,0.007327214338384326,0.03006260829800663,-0.03378359550530227,0.015909220169740654,0.015497082291983037,2.34911914204833e-05,-0.037738790407437134,-0.030161672004236913,0.02328331851342822,0.02722083287091275,0.017289368193541727,0.054359377323314514,-0.024979314961652257,-0.01922109609211855,-0.02453376782350143,-0.02105818545863202,-0.015336748465585954,-0.0031641062704517286,0.009621048937078845,0.015324652192731174,-0.009431802755990783
2022-12-30,0.040120617405746406,0.014540777817773413,-0.027744266027000374,0.033290836292939864,-0.0058914159709476145,0.0008789341235536734,0.045105002426876,-0.009175290618198027,-0.02725613926826317,-0.0338984336399621,-0.011353129311246182,-0.00459266544383484,-0.010834205603807717,-0.01037782856841367,-0.004541909352900246,0.01039982285690263,-0.0019434729726356234,0.010607173133968636,0.0296420544577474,0.007683096693028984,0.011403423102853449,-0.0065217386798940595,-0.013045284229789844,0.02275338278574832,0.038411258378392425,0.03129058835535943,0.01621683806473315,-0.007481872771611848,0.0005480633676730937,-0.001126452697115581
2023-01-02,0.017272275948361292,-0.013851157694931483,0.01519835039363701,0.01852154274683126,-0.002996164534382205,0.017961203278100007,0.04350850343423997,-0.04239670369032961,-0.013519942036134405,-0.02785967325224989,-0.00194820771932285,-0.0015603673803821065,0.006901083320762032,-1.659572892369549e-05,-0.0025348987608897217,0.01962986637331604,-0.00021785316711716625,-0.029383852604636575,-0.040872827515034724,0.019076829622602553,0.0041612115717565585,-0.007182976274430452,0.01509095718620007,0.021793426780864683,0.02207279571912,0.019322159650625417,0.013203400305400764,0.0002496395495492789,0.0064212314797017014,-0.016015719939129005
2023-01-03,-0.0041582577336338545,-0.013602535712194896,-0.0164950700641393,0.01285255790823424,0.01194516915526966,0.01230056558941742,-0.017737299007185216,0.01216069529344259,0.011600426543041473,-0.03216037536544303,-0.010495735079218993,-0.042195552751905833,-0.02729151141192974,0.0015292206997499739,0.010063648904835873,-0.010625878375531615,0.019774391087272285,-0.030266394916582468,0.028046226486644805,0.008873388363993566,0.02223000610077282,-0.012929033426349937,0.012013461427737935,-0.005993617612151338,-0.009582103987739083,-0.04397685963005607,-0.022426310853568703,0.028160134122373556,0.0025941313021755757,0.012108436163572258
2023-01-04,-0.015006622811091422,0.030012728808775573,-0.020979669879656573,0.02310030030595003,-0.0027910696762120843,0.028465818213476202,0.0020922789989682184,-0.03925117775616811,-0.0031182252292679792,-0.027591211104708576,0.032820176617838814,-0.012974901897721956,-0.008757962025636494,-0.0038959022138079936,-0.0053916259060654784,0.029350605245592704,0.020947198564759014,0.014455893179827642,-0.0034924434280338692,0.012567328433827837,-0.005505288932722478,-0.024862081839181236,0.007726788887380662,0.006215999887087368,-0.002520330544499584,0.013305827260975917,0.006381232474485916,0.015602258365329094,-0.010787901668213891,0.004420432228564069
2023-01-05,0.018994891763110023,0.006839601555061305,0.013084995895356558,0.014083264288078911,0.006524799660660628,-0.014532816244972283,-0.016725618016416584,0.019844560882384565,0.006272929642279755,-0.0042043291344917195,0.017896069532837032,0.021176551612144393,0.0016818266964020643,-0.01708134569339349,-0.004818343542518244,-0.0013273027323654578,0.008500162800268591,0.00952835742138146,0.01600864633052962,0.030253807757717164,-0.002635499012921655,-0.002005739376438356,-0.0075410067630238345,-0.028617348072493907,-0.029445378283984577,-0.03493025087134919,0.012756205754842738,0.040657094963781795,-0.03397309355726284,0.005835091127253316
2023-01-06,0.02633150898476635,0.005059873727476072,0.028146463467058028,0.010062675702033789,-0.008240515019667832,0.009419164976988288,0.020776232999925287,0.0263856063526863,-0.01132615161368981,-0.012402441962687605,-0.0001306951792105037,0.014372022729801849,-0.012266175008928777,-0.02162625923094752,0.010361379236899552,-0.008969745008281411,0.007234478508713934,-0.00641667911150133,0.009866024459040685,0.010971422643858619,0.0007458282074501474,-0.02396562009188333,0.01248214417195932,-0.028737328499018836,0.0008870415306066585,-0.004500430332762915,-0.0020300791595910983,-0.024781082826208882,0.021353499535387694,0.012318754716704572
2023-01-09,-0.013394552291855828,0.02437359157803494,0.004576793872343552,0.0038868549743180467,-0.003997286621664578,0.012026385192497232,0.0068002598376549475,0.002683421481914028,-0.042581306447629266,0.014605458739312084,-0.009949320344853638,-0.03312103953326779,0.016088780609587062,0.021691074166722155,0.03577506914024294,0.012055179442784267,-0.020250437454692245,-0.010505281000266473,-0.035300606502665664,0.01208775714841065,-0.0023313575799720682,-0.014574917762269898,-0.007363726176800032,0.014431086020170982,0.03023598270683978,-0.02088786579488553,-0.05066500404759647,-0.014022983462697867,0.02508829741125455,0.009693820125254963
2023-01-10,-0.021180756977561957,-0.026995797340976124,0.022018960390610215,-0.00634052925777652,0.028917942035761285,-0.008488019548688667,0.011343978905436876,-0.02519368170057569,0.02057929683006355,-0.003920194514303472,-0.02583524431522563,0.028067000416546757,-0.005853537182576496,-0.0016369791770196932,0.02903887545655948,-0.03267290786139331,-0.010666023125940977,0.010452497429058754,-0.0026017702413000388,-0.017463918237004983,-0.023073047462495732,0.01810868880247714,-0.017464239293774147,0.009939761360084995,0.02193651670887849,-0.006602976791789855,-0.014053387863858133,-0.005949151010679845,-0.01758625180125547,0.016816845394603076
2023-01-11,-0.03786728995490681,-0.006548863251673903,0.014524480818486438,-0.006043825940374673,-0.009279657877617408,-0.012484227925132272,-0.03906663707553675,-0.005947361233631528,0.005333319966705982,0.010907117802552123,-0.011115287957968914,-0.0011987401868645102,0.005751413556205618,-0.008931606956393754,-6.930515806972189e-05,0.03852611488447867,0.042915493602186106,0.017189492185756487,-0.008950932997343137,-0.029467106415249855,-0.01987219748115905,0.02346529280409305,-0.014581094815525164,0.007827286258282044,0.00046371194887809736,0.0010640208631036527,-0.004823316710051386,-0.008357389316675469,0.006866386560993307,-0.012592457065021975
2023-01-12,0.008706579548860569,0.01642039654119053,0.019444216838579515,-0.0038459168436891893,-0.033722340648537345,0.015719231153989405,0.008160317210984482,0.026487885135285553,-0.013966283993605819,0.011141507356213071,-0.015502956572392234,0.002968395291989835,-0.008394933620751482,-0.009940514792233396,-0.009236075553468765,0.010902255861214367,0.0038437519623684,0.008315765156189916,-0.004596671254123007,0.014035464793514888,0.036368157947322656,0.027354485846935523,0.0023698756531714328,-0.016004642883176465,0.033467377325881315,0.005970073690123915,0.013169376341693925,-0.019717166290215426,0.0004049667611802891,0.005483891393647658
2023-01-13,0.024248201897101238,0.015060425823858135,0.03628602678433285,-0.010541492334046438,0.01637426821435691,0.0019298300764657632,0.0199674076807889,-0.0018429250113785219,0.017313755645062656,-0.033521351485822776,0.003383583286332276,0.0009179813527945464,-0.042741866522030415,-0.017581603388215874,-0.024451239697783258,0.023658045430042112,0.012991819564965274,0.009477103861940462,0.004636476839569032,-0.000681359786478121,0.015253305425469696,0.006689995858563013,-0.018809404559560663,0.0035537215332747513,0.015361621004794,0.009570175292955674,-0.02152738212427276,-0.024969934787027685,0.015067620690050793,-0.021499667899458414
2023-01-16,-0.0092119272877267,-0.024007080437732097,0.021315439104615013,0.015692248149537902,-0.007183514677910359,-0.010924542567945865,-0.013395311046169764,0.022144554673781965,-0.04638773373581755,0.012004818531868612,-0.010305663465924054,0.011232513716420775,0.0015464022629823515,-0.03697296131527075,-0.02316131928827587,0.034031642971347635,0.001765125611548148,0.005628090813605474,0.013560049209495321,0.014632388483115414,0.0001916023839165708,-0.021207203525291027,0.012767659968701692,-0.02361791672710024,0.024075398234126442,-0.024633688993835667,0.006448794572368692,0.009047896671676502,0.0074703177043442415,0.03545478476587154
2023-01-17,0.0047671691586012544,-0.008994670765777533,-0.019921495031267403,0.003916825410046216,0.004998763511329544,0.024098827678216164,-0.02385751019436954,0.0019533890526420884,0.012425740907922938,1.5519583070636015e-05,-2.3690465259694796e-05,0.015927800706889948,-0.004658479197357251,0.0012353073335919834,-0.00901785332710938,-0.01633131510290608,-0.03248591522482445,-0.021287427818003933,-0.03305302866482393,-0.026528218731026426,0.01774687071335091,-0.017181622937066123,-0.008335708641143158,-0.007361348157006154,-0.006761566372001866,-0.025244556298561076,0.006298104306769628,-0.002014616255719245,-0.01653021249687782,0.021051742001946473
2023-01-18,0.006536193563647809,-0.02905068017815966,0.04213323920048735,-0.01618736932944639,0.01201873347894444,-0.019756589895427116,0.018360225251902045,-0.002801563492483633,-0.0026112439827637823,-0.011901673954293791,-0.014693292726977596,-0.036460555482596864,0.0026911679465545543,-0.03786269010414787,-0.013654778801488904,0.013201565053885944,0.03572443415503241,-0.03749889023085752,-0.008465601924031053,0.03348170143338673,-0.014223664706771286,-0.013735536779456199,0.01859770062591526,-0.01634938806409669,0.0329553224455282,0.0014281663624300597,0.011589527866481673,0.00842795794168937,-0.0017490634301460446,-0.0036237605365794087
2023-01-19,0.023717279235306383,-0.009186390443932472,0.0012279923952030593,0.005396120966525659,-0.009694493027981217,-0.005194489857790274,0.025519443483412264,-0.022790210834763912,0.03135305161945496,-0.03833954152094904,0.03621875626550461,-0.007079149987890012,-0.010696770845000973,0.0008888863136632323,-0.00842181411591862,0.01362966799953049,-0.028699953217981182,0.026039148604595014,-0.0032931209136181894,0.0035496885431555835,0.017138061341383425,0.006161569822523953,0.01351365434652994,0.0036267047097921137,-0.008701391703605258,0.011396575502414526,-0.013310973815029567,-0.009266205803389754,0.029405431997216108,-0.035295247863777024
2023-01-20,-0.03093863261024456,-0.019649409676690644,0.0056000127903101495,0.003353032785190522,-0.0025075899091677916,-0.006034782449222666,-0.029061442655281072,-0.016269948415018106,0.05100850498920503,-0.00804219172120732,0.014497727687597302,0.003189481236239154,-0.021182206243614585,-0.010533522969470703,-8.770734198966425e-05,-0.022735999941485716,-0.0012939688999472174,0.01821293216410917,-0.01120417243747741,-0.012871037506947758,-0.0315386481591486,0.012610530268095797,-0.030399352861133974,0.001285406398553133,-0.022084799160325883,0.007318103424905505,-0.0016182719592932001,0.003751582773923065,-0.024378651774194987,0.013102478873052397
2023-01-23,0.017503650489491214,0.018293986044141647,-0.0004384139058929963,0.0030077918764386943,0.0006112655873000531,-0.003777128177970484,0.026271051699421625,0.012035969355322503,0.01882852358300417,0.00214623088372685,-0.0002880654019529328,0.0008050451457857939,-0.008992858201481277,-0.013038186422406717,-0.016429318341544413,0.008216107289711179,0.02892121366901091,-0.017271480140171266,0.0014736696128343088,0.005320361143243872,0.005123205549050148,-0.011858019775548826,-0.004616059486969206,-0.03076875151521444,-0.0014910105071521283,0.03745737096436234,0.01244219761799814,0.02428365933504443,-0.0036011026118132404,0.022955683391402134
2023-01-24,0.007019500210640982,-0.011060472635133064,-0.0319434285904466,-0.010126937678717644,0.019547586535709666,-0.0007202469498710274,0.009705196403147551,-0.028563707997535766,0.007459115543239635,0.036341235252638514,0.013218717647025683,-0.006812841441444528,-0.015724269445506516,0.000287824953139803,0.002707241015618126,-0.013295777865279981,-0.053766763551188534,0.006706501728530851,-0.020530708908440293,0.026612049047117513,-0.0014436508301518183,0.04382452859978862,0.005925208405501074,-0.039057560088963314,-0.007652131274354743,-0.024868866722951216,0.02516224691501055,0.017612922157461863,-0.016857002324151108,0.0008712359439325182
2023-01-25,-0.012939997833538658,-0.013179754008036337,-0.034774603199122796,-0.015371092698271418,0.005040107567759092,-0.0199180759305781,0.010710707241539939,0.02059513630173523,0.018076943860743946,0.03403184875609504,-0.020832588675393556,0.013743419727539676,-0.0010941929892746309,-0.0017987396357406955,0.021970139874575138,-0.014340467442105426,0.015842350160187868,0.007038247155826769,-0.027582957966145332,-0.022485952063779503,-0.030220414479452853,0.016124747209739332,-0.036872340003284584,0.01424173462864005,0.0014260268134943588,0.008538865402205038,-0.011523210252938945,0.02293259150690791,-0.01881600556917545,0.0005866926001343618
2023-01-26,-0.013359277427699094,0.02918212419138253,-0.001153910162245278,0.012983742979403499,-0.0397866555890521,0.02977406226627863,0.007930713597549889,0.0016710336693217939,-0.015840985473987025,-0.03274106885447992,0.0007554002117346351,0.030382306177439165,-0.022281521510526283,0.0012248219758675721,0.032532440405041274,-0.007027139476100839,0.0036934155026657747,-0.0010308848081994576,0.02092981673567482,0.014886601540033514,0.0069737891878306245,-0.05396606634963481,0.010143289978360285,0.016928887868996448,0.011882950787663611,0.017737980940077735,-0.044203279473903484,0.019534395456271874,-0.005360354165463724,0.017850635222992788
2023-01-27,0.018326473420879206,0.0262030659642831,-0.001264537308868075,0.033029462884221664,-0.018584652188640204,0.015188205913210167,0.0048363416192615145,0.016375651784276544,-0.05090577367651248,0.029466663680943164,0.03462738757447881,-0.014948155870921475,0.0052995216895364156,-0.044281136223077236,-0.019645316728508708,-0.009237788184652347,-0.0009143962538245814,0.00657763058291808,-0.001458822143253702,0.008755043232450578,-0.018148774615043897,0.020886907235222338,0.014457233971879403,8.933535269350451e-05,-0.022438055036694587,0.007866468490480342,-0.009436032455807443,-0.005867754304985676,0.015483613855920309,0.016002778810276428
2023-01-30,-0.011051904526395479,-0.007697633056930173,0.0048293810610991065,-0.042133328203222534,-0.016757945208002906,-0.00894923872917835,-0.03396685417041172,-0.00017798635243130727,-0.013717054815552581,0.004889660414410383,0.0013011672207099115,0.006929652124341426,-0.03055423304330047,0.003938410195674703,0.005696094372912911,0.02876883973357042,-0.004938224115264515,-0.03254073911288871,-0.016524514449159297,-0.02573784549929342,0.014225221715309554,-0.016567029164063576,0.012174939857478263,-0.009121829470634484,-0.018911601668299013,-0.005209820024686664,0.029405988789032132,-0.0037763031837779962,0.009433180825159633,0.028601791928880824
2023-01-31,0.00530083519242279,-0.0008913727567955278,-0.01140589411377864,0.004280714135975861,0.02321162958799493,0.025118366367188363,0.010534079379375684,-0.01748327031843681,0.009287554193213315,0.005823019108416268,0.02938196507700763,0.011478877631669587,-0.011543042879683565,0.024500556576135243,-0.008891132306933643,0.037609081531568424,-0.00777532118208934,-0.008919939626117295,0.001922706771764791,0.01666610485301107,0.019438468380686528,-0.004059619462855496,-0.002343525711971979,0.025332732162686902,-0.00893947833214474,0.008585595418627127,-0.00032020433796874575,-0.011286128605146068,0.013700953014617068,0.0026069553150619754
2023-02-01,0.0038687638015986693,0.0017699714784608115,0.03775857046824086,0.035943897207753026,0.019108550985420487,0.026959358999676476,-0.013104364907141109,-0.010211685722727445,-0.03176131432196798,0.016452774692113772,-0.007842029080688146,0.01075809217872068,-0.036642580937219664,-0.014163586896886265,-0.013652037126411855,0.022544341570031403,-0.015344321350884841,0.009548854849808979,0.01645164866710784,0.0026769628077400152,0.042915848963649104,-0.00015767404557222672,-0.005082897472876993,-0.023863534442244105,-0.013300318571707772,0.007662342512119763,0.024131217086491377,0.007514600817688667,0.027444702799697678,0.005633179584229121
2023-02-02,0.0073766993939183255,-0.012903066155799585,0.004300452544179928,-0.006925042853707185,-0.007066279078996187,0.004247150437031705,0.008401448302981755,-0.015995576325190206,-0.01109087120498847,-0.021671044109147553,-0.046981379510488766,0.002656447236818593,0.0010843680138456345,0.0033591925861650553,-0.01538427654319771,0.02548545261855392,0.01591662270614655,0.0052328900109684905,-1.7319508520863454e-07,-0.009680627070971361,-0.004525558464610961,0.024289071450866236,-0.004793286480777153,-0.01366494915158507,0.01766921367754844,0.015776207460387284,0.004474626378415241,-0.03567188959057257,-0.020996819368362597,0.02174962793268144
2023-02-03,0.01738046569020465,0.018207788271277142,0.007141163604375875,-0.019436104536063897,-0.01393678272345557,-0.006811416075609663,-0.022227723071740983,-0.014322192859529312,-0.013170391921181022,0.03522285925089829,0.020261009970116445,0.006955676593339297,0.02568393039141574,-0.012129717075967758,0.0070821017136315795,-0.025876932424372875,0.023876828582642597,0.025734350469423684,-0.028341638356012694,0.008234237895180357,-0.007006216954635798,-0.0008604488646191443,0.026417177542264417,-0.020146153062158834,-0.0025254043128348377,0.01402464071260369,0.018797294914297897,-0.023552989175254706,0.006546193499736732,0.03435915654872383
2023-02-06,0.018349219669473706,-0.020485038784890417,0.016913631548741266,-0.01176892247380497,0.013652341370173241,0.024107079435240424,-0.0038452693200288386,-0.01540258461480709,-0.0023696222399809527,0.0027798456369373466,0.025261521795156824,0.019302863223568337,-0.03587652823159628,-0.010354195769872674,-0.01485961890746534,0.02529581873741727,0.006763273882953289,-0.03517629155884029,-0.006545397509933551,-0.0014109360228367147,-0.006823708368500955,5.5043084547407766e-05,0.025222575447258658,0.008667109680960693,-0.008341789601352954,-0.03698683373748236,-0.022682579188810618,-0.006792726761032114,0.001878572386074362,0.006159379519902005
2023-02-07,0.008079246241685436,0.020922868181959303,-0.027913306548904514,0.019883221204851337,0.0007214667872368989,0.005402505760530119,-0.01878240625576708,0.021484966525932143,0.010765856142465145,-0.012251667011052656,0.017912457118253698,-0.0026031600958201485,0.021945176367454418,-0.03069373246822532,-0.005817124407399946,0.022733428566767362,-0.011055699434602747,0.011519740973731814,-0.017752853846926122,-0.024925788683420536,-0.008188925340531696,0.026480140454847086,0.03248341996665725,0.0075425584997541395,0.013236377862020237,-0.005493068331291706,0.008629534776329183,0.02574059235714372,0.021434508761448822,-0.014589997931944978
2023-02-08,-0.011592431280377877,-0.0040947849430627205,0.02155554941051656,0.01699280373467573,0.03520644976618298,-0.02780579784389849,-0.02728976928115005,0.02599211655614205,0.034503108395189594,0.003730079712861005,0.037860573794707544,-0.012729658589706731,-0.032573444582429736,-0.03610404123783107,0.010189762951187325,0.01369721585177101,0.0254706207634306,0.003478363963401508,0.007701819484469695,-0.013751266711895263,-0.03059328104445227,-0.012220243923559295,-0.05258590582256267,0.017471935669651207,-0.02658398169488415,-0.012365356458706027,-0.008552893876321617,-0.0002311388675461348,-0.001070625346526873,0.007703230735787875
2023-02-09,-0.03706356015136034,-0.025288400728039954,0.03634202230898467,0.012197216044675186,0.004797470781594186,0.0041798241434487515,0.017699764275398936,0.012664358524262672,-0.019730581525834543,0.003761853125594591,-0.01969966938806289,-0.012755563406497725,0.01645184757697773,0.01859157673756092,0.049295847196808046,0.0008450884558130426,0.005352894552056955,0.003856284305137777,0.011027665297601744,-0.01492851269961287,0.014840110447158411,-0.007756419912750445,-0.022698424265480934,0.019667723076601206,-0.01175389056959299,0.01238214313777606,0.009846390142043668,-0.006971348515430727,0.00669445688323976,-0.011979389131518947
2023-02-10,-0.02081610562285082,-0.032008970625661826,-0.0042002480480012126,0.00916428447781255,-0.008821351432028906,-0.00932471105583229,-0.015515979654252993,0.002665861348043785,-0.043693593061951294,-0.012395428076230047,-0.005463919637747522,-0.036150542406009636,0.03039466116966829,-0.012828598481394783,0.01610904665501374,-0.013361263411147664,-0.01475977861567239,0.004941869519794988,-0.015867033254123496,0.003735899360516847,-0.0215256313062316,-0.00683384165903069,0.015036223481183138,-0.040029545682845315,-0.019817394260440952,-0.0575381486620094,0.02160990060637848,-0.0034432585531797336,-0.0015327647638617003,0.013764256164168145
2023-02-13,0.03334932897477995,-0.022933637990213158,0.023455240458919224,-0.04059761618834364,0.008879102680287054,-0.010478389730544616,-0.03727792282871109,-0.006733923158858708,0.023094728229733224,-0.003899865667930019,-0.035565484324817,0.020052343938408438,0.00193096457772475,-0.016416930413044168,-0.005516777642462304,-0.026215772018079366,-0.019431890562297723,0.03036893689265346,-0.024596876280686963,-0.016308218848998867,0.017511165177826762,-0.021101209622155677,0.027896604948728074,0.0016142988783998551,0.00962717602876753,-0.02616981519439688,0.003843610071148006,-0.05018295075405927,-0.02244234137723058,-0.03371544515118156
2023-02-14,-0.01195188513284516,0.014425871107576876,-0.009058838562538694,0.029251387809597428,0.017131139427359224,-0.000864520586383437,0.04829538221578864,0.009788763352353283,-0.023142608359964935,0.007971926061142103,0.017533305982838362,-0.011367121156375701,0.014537331694933223,0.00012409874413106222,0.010813156522178345,0.011799368567625106,-0.03204323479930275,0.016390190477855986,0.004938912641254557,0.009740276809803824,0.036607914029968026,-0.017323645343058358,0.01825952815262858,0.0010591299446670054,0.003228863786006446,-0.013779966408429456,-0.020865061937148138,0.01765904646821429,0.000728414650574623,0.013990832289206806
2023-02-15,-0.015320123614862352,0.03176543323072984,-0.013572452193217422,-0.013184154784395481,-0.015478998449540359,0.02169185072949073,-0.019721131316288536,-0.01658539468098036,-0.006211969346534617,-0.01014951721173302,-0.034296007683060514,-0.008612982705918449,0.016439391057429076,0.028200034309158167,0.0017069412815160093,-0.018315633571744375,0.0008998318997597479,0.03275383928307097,0.020713833291865408,-0.020937853202850975,0.007116203122220252,0.005014884333354543,-0.015275251048825529,0.011075269723193946,0.02329552569248258,0.0006877646205943155,0.01981548197376977,-0.004495272644380303,0.003008592511013747,0.007332466791686868
2023-02-16,-0.011169844613235221,-0.014720078910593803,-0.018319076623963728,0.0038189394829999134,0.026046132759202093,0.011827603673428852,0.008406349587853149,0.0007558573350357385,-0.012951133567945505,0.023401053387560197,0.022718701506139787,-0.00613481521807165,-0.010742804086206174,-0.0278384824178812,0.02918447704040141,-0.04078515279275273,-0.001265223356280086,-0.049078208165223874,0.018487009292375307,0.0038360015065731206,0.007638881641169788,-0.010782484887413067,-0.007490456432903708,0.006532080101271605,0.0016306274310426158,0.01598353734731726,-0.00625851867103218,0.02634057297686363,-0.0005913798338388811,0.009848505172147208
2023-02-17,0.029022728188408516,0.030759412447273544,-0.006805794583861861,-0.0018934296274253802,0.010666570588432045,-0.0008509501079624698,-0.018833360861467044,-0.005321452349340074,0.017358164597561208,0.007459561632710486,-0.0007430849809013265,0.01046806267341495,0.015140238066783742,0.023592556602042108,0.00048524485862290847,-0.033062639688608314,0.0107288090449231,0.005391645617231125,0.006705377861965137,0.0069457902999554184,0.0223771774389321,-0.0020104365754291375,0.00821262163616807,0.008940188724367512,-0.008374900111863499,0.007936972011100938,-0.037722770019939136,0.000702402779676062,0.000824258457921098,0.02759975002260123
2023-02-20,0.011267447876165447,0.03961950454012687,-0.007687635482498097,0.0009660226032943559,0.011807293044599735,-0.002678247548672842,-0.01674540179810073,-0.022984473812786513,0.0017807505511415883,0.008323017010227973,-0.015153894882651467,0.040777748431519906,0.0033884956097409383,0.0029879886599198983,0.030801199977715417,0.009090918150049738,0.013706431543732188,-0.029920298165715262,0.01996641564048858,0.022970436312975153,-0.0094209733246582,-0.0003597579517052414,0.0442763916911621,0.04375232000975443,-0.002997928325137396,0.01122723905152004,0.009940287641552107,0.008837127806987921,0.013085622652074169,-0.011632160327188045
2023-02-21,-0.007794264876166574,0.03245829054014298,-0.025991298635801692,-0.023103870647022948,0.005885563934859236,0.003965489573917001,0.004541504254635301,0.03964784765536296,0.0038588861559331468,-0.012826198034126513,-0.03041120019447769,-0.02405783525321156,-0.00212359473186438,-0.027710994237347197,-0.012422909582075564,0.009620103885488618,0.010009152184745917,0.01441448317825179,-0.038341199650363096,-0.007577045538605515,0.0049764209959124615,0.01072238650841472,-0.026241603254894056,0.008904060257988367,0.006975058672192051,-0.012127929456326509,0.010391477171623049,-0.029322385577412086,-0.0037191778358861127,-0.038594771316080655
2023-02-22,0.01923417888797185,0.013285145940679628,-0.0009425068750478006,0.010561323582940844,-0.009134524342745077,-0.0406496651967395,-0.0221585121185432,-0.02023721318106971,-0.001081919295421862,0.024946017608869896,-0.007115222487827549,0.005804061792030281,0.018610359235758336,-0.025234363814976228,-0.01898884473308441,0.011226700467348133,0.03703364665236489,0.01652052137510787,-0.012723266113258762,-0.011330238377691567,-0.005615637039692416,-0.017643129500251806,-0.014602730078351975,0.004539906299700349,-0.00752927765720552,0.025493414223002327,0.00023333283996925325,0.019653116828343645,0.007415346226538831,-0.012938566609596443
2023-02-23,0.004274925597018328,0.011430031333340555,-0.00014399385866962122,-0.010576057047497511,0.017644825230466926,-0.010662596463689177,-0.010821264366190957,0.03204208895975874,-0.009273103388306404,-0.031282372748452136,-0.021726701818312738,0.022119908358664557,-0.004779879680699834,0.0014146397320770308,0.0024044737280248542,0.02106300893269253,-0.004804267125671743,0.030052116630323866,-0.004205874804771628,-0.008570913655650861,0.0006451089705875259,0.013255161905524344,-0.0044417154438311885,-0.022294285195995214,-0.0037166115888138734,-0.00041011152866494565,-0.0177019650635245,-0.002347350008375552,-0.012975680765536016,0.01578376317353323
2023-02-24,-0.016072641664130877,0.0039206256080028725,0.0002863834399742704,0.0002520360266387151,-0.018464764402965003,-0.011631248889000323,-0.001348174142807881,-0.040758023075372046,0.0007150681668286159,0.02299719000878119,0.04793342520035883,0.0015370234300673957,-0.01713410473047357,0.016334052700982774,0.002952438243630408,0.023233721104982858,0.04116096238358901,0.025650790500174846,-0.008590672718685848,0.00846047910446534,-0.00010158085127888081,0.0237077765762631,0.0063369782453575815,0.005222223048697881,0.01800012171652731,-0.016942721174414054,-0.0035742614416587703,0.0004381514465290849,-0.010830607432049366,0.0037585783067443186
2023-02-27,-0.013944801356320171,0.025683908318187686,0.051625694710271654,0.022165757574142114,0.025932810421867285,0.025102421575926875,0.01677257491412816,-0.0021213033636860923,-0.00845411413700205,0.018514877826001305,0.02033582717670728,-0.008403228780859513,-0.0004605520315656236,-0.016947308808392497,-0.020745546306542417,0.00536284576491139,-0.0080623409197993,-0.017129953690418084,-0.009692356455968304,-0.003291101324763819,-0.004690536453474893,-0.0017666482813080992,0.035766725018192544,0.012104249802985705,0.0005458286466802875,-0.011657415956049279,0.0076569897259971716,-0.0017263179751166027,-0.013152964058892961,0.03181525679589305
2023-02-28,0.02729030516797648,-0.00710451953343842,-0.013154828232950232,0.028949776885683082,0.015709078055238728,-0.01621690169365935,-0.002789535069727384,0.015936540857356175,0.01864164118580423,0.000507389891946281,0.009729495160944282,-0.02439766641689193,-0.028849190619412664,-0.0025192971710595725,0.05651288523577524,0.023247568554859446,0.000797797077406597,0.024259445356287126,0.016269194284359106,-0.030791853905944466,-0.003154713489076619,-0.021284982863346295,-0.019734012961266374,-0.0017167250732953408,-0.03804726446971396,-0.0004792315740001685,-0.025486596650410934,0.020500194323690938,0.0075039016344652515,0.020009871619235085
2023-03-01,0.00035410396385922825,-0.0024045995618642026,-0.015781269697606456,-0.014797399225250788,0.023983655786077987,-0.00894919092005449,0.021506908734579347,-0.02483217094711018,0.014676862636266337,0.008409090293606116,0.004004260442742952,-0.011239407071339755,-0.020807194009113357,0.027740138132868748,0.016750606427299145,-0.0471811878612628,0.003177077939327271,-0.02235336061554101,-0.0033365598518339274,-0.0037390237227149133,-0.02568616822154617,-0.04011355713311222,0.01216427815310657,0.0004958771107309219,-0.01807346983395868,-0.013815628038262423,0.007595537224777811,-0.00508143954029642,-0.01020588543318141,-0.0019366942899145438
2023-03-02,0.02239061057677776,-0.03401820603227087,0.007045383614035329,-0.005273959827621315,0.00500574708724966,0.0042290542007605405,-0.016908647430475373,0.0030715644386494125,0.00210381468795235,0.006820239388435975,0.01408700779230968,-0.013223042615871029,-0.0054753840528113384,0.00869565326650951,-0.003863068387349843,-0.023628633724098184,-0.012518953099811946,-0.0013024276597968683,-0.014603892410728311,-0.008201080047826888,0.010794744341286572,-0.008974451495912597,0.05120895413151484,-0.03372969578016496,0.034895348654580875,-0.010820278279757487,0.0007916311239405881,0.0059928641107849885,0.04471964868693636,0.026307140436914775
2023-03-03,-0.0014695547968924176,-0.03102807861011482,-0.017641337733814384,0.0006721907061034276,-0.01525007447663827,0.002802335580219004,-0.003254755513484038,0.0030386962463686343,0.0018837090812756881,0.014990196472906735,0.005157636308426581,0.016290308707953227,0.002225313416561864,-0.0021152320078454668,0.008915914735570967,0.022525482459444607,-0.025575831986682382,0.025408579238805774,-0.0016341729935757765,-0.04883103755966779,0.021843455170804056,-0.002094517608176931,0.007032478121541716,0.0073644983954864055,-0.0011370946404547543,0.03756345504419302,-0.012638207967134251,-0.027449622784005152,0.006963277944044093,0.0183651649853127
2023-03-06,-0.007246132373695642,0.012539049912109048,-0.007869932547251964,0.012233591212113834,-0.024841444491659325,-0.03838378152961486,-0.014579755938268884,0.031098815524642696,0.009107484700950998,-0.024770666430508553,-0.01959466999124853,-0.008672895052130574,-0.017935046131796174,0.015124448324295542,0.020934481550063767,-0.02390652277193159,-0.015269735843125243,-0.003635308679443316,0.02748165056228569,0.018517063621469567,-0.02963933200554085,0.017636364991957514,-0.003473438330542922,0.009176520751928431,-0.029565108530680152,0.008689053375516245,-0.002814353257524075,-0.004709852173480538,-0.00507127244379425,-0.013878463110162347
2023-03-07,0.0026686528718323616,-0.01958371526461498,0.01613947183629544,-0.005081142582006307,-0.009254264088118849,0.028708182897843184,0.010558804862768617,-0.05861573995599524,0.011449808711387567,0.034571822976357615,0.015038086473114975,0.004968221169495691,0.00905351964387658,0.012419843858553312,-0.02401110317585028,0.0018236500614046889,-0.012971159698581624,-0.0013567247982010562,-0.0064693972314445675,0.019462884047078268,0.008312663520815465,0.025888783034929093,-0.002703967606844454,-0.019029133778859824,0.07226389114046514,0.00021804295687259144,-0.006695885583123706,0.0021858120766063784,0.021220232430792938,-0.0033668453598343644
2023-03-08,0.013938568528758246,0.02762325613425913,0.009461372937853253,-0.046288332563104016,-0.03601091024637813,-0.0009311883080047566,0.005859128566247065,0.01667501552106366,-0.045830853878455015,0.025756081109570873,-0.017614872427502034,0.0038227652931033204,-0.01926136475411323,0.012194492603780041,0.010297672886799824,-0.004514216422108647,-0.014372243322589634,-0.01898262766287001,-0.004741414622034633,-0.03318835284078054,-0.020015782419252275,0.002946856057556236,-0.009343459941903047,0.02378435585463804,-0.016042151539689194,-0.021198139715775846,-0.024531462342783302,-0.024297868715260833,-0.02922323756053813,0.006894584428411925
2023-03-09,0.023443735843479575,-0.0072904822291005875,-0.01953333749528563,-0.02203541519100241,-0.001502422722067986,0.015317137337361746,-0.004164301451119365,-0.013223697327762383,-0.0065354634573991195,-0.014869492351669835,-0.060034423023926045,0.026813868367158242,0.025665768629348273,0.005161015466504803,0.007617423319989175,0.025652323298989206,-0.0145119780280116,0.016873039648041818,-0.0016698306032815434,-0.002670693359054016,-0.014403922874582701,-0.023823987184670155,0.0055499427169927356,-0.004384660797987071,0.003396991932157644,0.005083170132851329,-0.0006851978382853409,-0.032052276242371815,0.0002134051719149351,0.010261414043724711
2023-03-10,-0.010437385805535606,-3.265251889997576e-05,0.02952851188705329,0.008023253191609661,0.005877156138389709,0.02911034067829723,0.029145319541131604,0.032102222056234225,0.01980799110995996,-0.008663745002697114,-0.028205101720021757,0.011419602230050474,0.007914383628120877,0.014182850562406264,-0.01871299231058107,0.03557383812180298,-0.001193122637294842,-0.0014303359596741353,0.03336108227885524,-0.007241520847030242,0.037630927584025566,0.006965944057995921,0.019476741630337045,-0.030123884479042237,0.011929517507098586,0.04587377415489678,-0.0036051282455030055,0.012092239968643701,-0.008982158136319612,0.003910287870866159
2023-03-13,0.017904073321756274,-0.008707150869542758,-0.0032678903318492107,0.012949295331582969,-0.017329964693889647,-0.04254491641167158,-0.0074612472146366755,0.02858707315591772,0.002665118525489743,0.02528135240961242,0.024475827091273883,0.028874141042330718,-0.016472646975089336,0.031012665606691504,-0.012887992670636565,0.005346417077170037,-0.006436977336588183,-0.013910660035385599,-0.0018654694129416963,-0.03267905208099862,-0.004744946019707772,-0.0005872692931220926,0.0065097038618106215,0.026602049462091746,0.010835076038633675,0.00971750791231364,-0.05090801024447917,-0.002351035207290162,0.017806489892736085,-0.00032972192263613665
2023-03-14,-0.008186928910514788,0.019736638534395064,-0.029246501918939807,-0.00030177105532832406,-0.027048713381516026,0.00721566021669891,-0.01869511385664644,0.0009756292652168712,-0.0015710780757283475,-0.008984999949584354,0.01363202932040833,-0.028221881154876095,0.02380921205427226,-0.008611668504238808,0.01740479499306617,0.04420938926861219,0.031037142586306868,0.005597582995481683,-0.02614609901248538,0.02497301987621218,-0.015534594668200353,-0.0018543510273486452,-0.007630247618368091,-0.006714848483627704,0.01192185002836061,0.001655919262758756,0.012215793245272838,-0.009512708424798727,-0.004055039860699852,0.03335804613138963
2023-03-15,0.0005580958266858246,-0.01108622590518567,-0.005330902987359574,-0.016212001923639953,0.017515277648244218,-0.015249087502917069,0.015306329870379469,0.028020068496752478,0.008961715847549324,-0.011891459967153272,0.003929269312493411,0.007359596232075783,0.0010550025639441212,0.015701942252135285,-0.0077511754378932814,0.0004405202331238255,-0.019024622437393286,0.012072650624845768,0.010607213576759493,-0.008038524779114275,0.0023424952128644786,0.0026534012025023024,0.0020363131484905476,-0.013917933898629947,-0.01982707393400529,0.025945063151610968,0.015265990869493923,-0.007460581966972085,0.008361243838028823,0.002312856707277799
2023-03-16,0.03634176152468748,-0.004203408424663107,0.020920344248763323,-0.024589879590570254,-0.015066614970865052,0.014028569465155391,0.0003720922234801594,-0.018996862322243326,0.019309092977239924,-0.004057565479630016,0.008951007441512936,-0.005762385198763434,0.034504254270146244,-0.014776333608229449,0.02637565201198751,-0.004910667275051322,-0.052780386570575176,0.0025936481128777337,-0.01384295272595859,0.0023456041363740052,0.0038154676184489144,0.0031953135793519683,-0.0025510696690869226,0.0007195790893685588,-0.03719220616051559,-0.03355249155463619,0.015162989209991885,0.04851742377838444,-0.023783838269461777,0.01824029179372789
2023-03-17,-0.00017881415323849742,0.007696911224711536,0.01846770478011933,-0.004362882220447797,0.03307157568672353,-0.007541185615483883,-0.01839111666151174,-0.004717051774500263,-0.013577135987820907,0.015260666325791043,-0.0029692723414965305,-0.0019153859853538865,-0.008107487109390802,-0.0015768558759545986,0.005432005914454797,8.40517558508142e-05,0.00042266919151172713,-0.020127666285134557,-0.005587330514282349,0.023665362235426483,0.04299629054733781,0.011787753558392365,-0.02574044005393337,-0.024291483000621495,-0.02692012685095422,0.037244130535612034,0.020137763339359696,0.010071864898134988,-0.004341464362742711,0.0021913936080630554
2023-03-20,-0.013438502353707879,-0.04274378800862512,-0.02063656271752565,-0.002891092949394357,-0.009642271894691667,-0.0055683734732093005,-0.02431848808572657,-0.017068323442404998,0.018794363404349854,-0.01544132438775213,-0.032267132849576864,0.018387018876457318,0.024848896341025505,0.03485944482669527,0.015427520435807777,0.01867610290914528,0.002266660838996733,0.007895832843825447,-0.02385527627603188,-0.015323226964570676,-0.015712159889382894,0.017791720261998524,0.0003705851061070364,0.0020651002044927615,0.00681937891391781,0.029530535225830632,0.0004849872631881769,0.020978207762896668,0.02811310301253504,0.00705594601991859
2023-03-21,-0.003020805320701882,0.023528604831126707,-0.014288794974331144,0.006320531245403741,0.0013055065429179885,0.027309375850228926,0.015419175892300381,-0.012761521415811558,-0.015440296259744817,-0.008029077479404793,-0.005389882393936465,-0.023229513796708522,-0.03174192573204681,0.020497478059074224,-0.016171855708291778,-0.011962131787587031,-0.02337313442424682,0.009889041583273878,0.010441371991974079,0.043380278348497066,0.055112872636922675,-0.015471080011432188,0.032691687939159796,0.004382593185756054,-0.006872351429450692,0.025740824406149,0.009856713405553408,0.040670591895132786,0.013915368707847474,-0.005959586087218985
2023-03-22,-0.03620797801228069,0.026986604851742178,0.028757222777841176,-0.00851179523873325,-0.023416752041732963,-0.000420280679315345,0.00014684261531862415,0.01950747625262546,-0.014786637313754326,-0.009672374785429266,0.011208554868896877,0.0052573302847134925,-0.01789543494543287,0.0033933200327073325,0.007157606601445759,0.014748965882019096,-0.0014533460626483755,-0.005131572143463396,0.001612178260926685,0.001548296469832486,-0.011025323916976536,-0.0041824336586725125,0.00570306297413591,0.03008406022519144,0.0047790322166280635,-0.002036076406296773,-0.0035871100155893186,0.009010623265813446,-0.006187911994871798,-0.002623226048244875
2023-03-23,-0.017042908897640457,-0.014868577913685047,0.005851758734774708,0.020289761005583315,0.004307610346253032,0.01010169716688102,-0.04421001655273875,-0.0058410077816374245,0.006730482570204659,-0.010469959279658828,0.01340273179658028,0.013983007368923125,0.003564414219061108,0.009217881693714316,0.035156132009535386,0.012596231922658454,-0.0064547436805253815,0.0019732713785413124,0.010365374081724847,0.0006649841668406989,-0.006747630236495584,0.041334169292454835,-0.008011812232214496,-0.0074971736061780056,-0.031442629700713466,0.02075831787868301,0.025800598804011875,-0.008099951279663162,0.01987704108828097,0.011482437025389666
2023-03-24,-0.02030492485559884,0.006779887987642993,0.04341327493315097,0.00395485953034046,-0.002877354385820785,0.034796300895405474,-0.016439815002787867,-0.011200303050460703,-0.024598210214919175,0.0035243537343674315,-0.0009579952051122927,-0.020032654326704924,-0.011840651803427525,-0.022876611432576615,0.0006591192764134566,-0.0030868900992371434,-0.016257774175060448,-0.024242506073804872,0.014207879034985015,0.015318782624869562,-0.012513968823880211,-0.002998517625367163,0.008646727258921903,-0.014010000122734784,0.005374569413541972,-0.013966613761937436,0.026226876338529468,0.01710471379927015,0.005386322614279239,0.016136242743403556
2023-03-27,0.008929829530342976,-0.031957111215451486,-0.005812643184416605,0.010066960545440212,0.0011442855182237442,0.039127405485441705,-0.0026398840952663863,0.00679071519238321,-0.028938318140122467,0.010184290852260015,-0.026962364695453978,0.0068106709186532,-0.0025470883074330732,0.021127602947256078,0.012064599681391747,-0.023436678168933744,-0.0066664287616838075,0.013643260814213104,0.02620383765087337,0.0006928646938873671,0.01115853226942801,0.035726898311430874,0.0031553095061656366,0.0027677198545522155,0.01989565410051345,0.03747782607212087,-0.02129922884204224,0.011522469841825062,0.03151063020888755,0.03289274961372697
2023-03-28,-0.014779777397806728,0.04370505660500128,-0.022816453772849014,0.010677020904845562,0.010052646450858653,0.02837296158411358,-0.025596647933007012,-0.0212088137428827,0.003035337142872175,0.03933396406849881,-0.001591878320728544,0.01698001572414482,0.02892803571264245,0.010295336417071452,-0.007191859989657174,-0.0017616881988028192,0.014652804667257626,0.01811094706656791,-0.036137007927574204,0.013591994766925738,0.03842517284168776,0.04829419040560064,-0.011434019014006275,-0.020020795700088558,0.013075163376764763,0.0235093879040213,-0.03817926968477054,-0.0034538560307559732,0.005420323408191592,0.017026271292896262
2023-03-29,-0.02900195429626199,0.012050702188608996,0.021289225968324808,-0.006186753676578735,0.04429541314932774,-0.00033163560857890775,0.021808568182289826,-0.019654102044411464,-0.008297385715787394,-0.0003616996925519987,0.008219868980314701,0.05799115698680839,-0.045645246311886996,-0.02870417733754367,0.005494623817803714,0.03257085918907855,0.018516396882237125,0.01604352403601498,-0.015351871404220232,0.014684364276660838,-0.02038980247392476,-0.007129233419020528,0.007838888500483095,-0.02721355035074414,0.020881329702674766,0.007420291174972991,0.000276558268988603,-0.011354933280388136,0.006365443048306096,0.013656615775471052
2023-03-30,-0.004487442735335167,0.008293410060551261,-0.01252576630983128,-0.014536453154752478,-0.024914255130034483,-0.004381472408922647,0.007321692671389433,-0.013423300176568025,-0.03703613478671112,-0.011331491243385509,0.025863745502690112,0.01943167990269768,-0.0008536136688483088,-0.018473215372214222,-0.0018011235424872955,0.0076858837107216275,0.011610916144741431,0.002846537769201813,-0.018897086036577512,-0.015022214315220073,-0.015480628735108444,-0.01663039323762276,-0.0008438829903873919,0.01248752126725684,0.006006761210639015,0.003500608874691949,0.01882069335227902,0.02721441338680892,-0.025660822081098367,-0.017953903199310603
2023-03-31,0.002416134421343016,-0.018030319224417807,2.2693734074990092e-05,-0.02410334834212858,-0.01819993413920225,-0.013555594929777844,0.015646957809081066,-0.03799818203705699,-0.01366898573717593,-0.004134603218246278,-0.004552889187976476,0.02296439529846225,-0.013041579213540483,-0.001092819565582535,-0.05066703884662609,0.011166112585061302,0.027901975445509996,-0.004230890373063467,-0.02077031503117519,-0.013500527709729808,0.0012947698408457798,-0.004376943433960736,-0.0209044714938379,-7.099084382267514e-05,-0.02004647910244026,0.01869204903249581,-0.0017008544239737935,0.013334455764134043,-0.026865136493458494,0.01220368188668692
2023-04-03,0.00783922838777097,-0.011808680140630513,-0.027153118398888624,-0.023768808594606415,-0.005102338391414242,0.013914734644847755,-0.03643158573401306,-0.0014549799922143859,0.0013484590628231917,-0.03122803751786702,-0.006319745338630996,-0.0056195137604137,-0.014334670414602796,0.016019856734892004,0.01588215490406747,0.0027783761281823067,-0.012807121411149787,-0.038127883131404854,-0.02817847042777021,0.004069710813327258,0.011183796816167314,0.011992738898063526,-0.019156216769142396,0.03726217799611643,0.012836844325776914,-0.007640548333752736,-0.012970676990098814,-0.010503478303229948,-0.006047320144817058,0.022248824274129383
2023-04-04,0.015013844203998542,0.019775620664601885,-0.014990988874729652,-0.002874378297743586,0.008908019870265068,0.009530749066489779,-0.008185766760992015,0.0064452494110554155,0.0031425695423947055,0.004300910890678225,0.022458075651900982,-0.01675403338508918,-0.0027292389393248,-0.021164313650954218,-0.0013144165429180839,-0.05406652423892229,-0.014497095540029698,-0.0037330824748772725,0.01189001940635025,0.057415609460886405,-0.0010694614346044276,-0.002076381980045998,-8.174447674941373e-05,0.028489994371935015,-0.013298699161496248,0.004549111740935042,0.002826403394677237,0.017946380796568278,-0.019131758497572027,-0.02382786784661521
2023-04-05,0.0024626506910117125,0.012074297029820361,-0.0028202864990811904,-0.004180233353949223,-0.0009021951855239124,0.0212136278681077,0.026413558744543545,0.01883683912646052,-0.046287642058914176,0.018978251902873163,-0.04443021377741953,0.0004906792843998484,-0.04105528543986719,-0.014833942236484675,-0.007134861279169529,0.01381500253682732,-0.007650473627342181,-0.05239755600627417,-0.038822812265198035,0.057266171344119716,-0.022716063261424623,0.0050900926452350425,0.018757239120090186,-0.035323998442026404,-0.017423969940063615,-0.003112765271844561,0.007402589983553538,-0.00513534105782522,-0.010554612004535818,0.04219778235873927
2023-04-06,-0.032433702138888625,-0.00912169779661895,0.04161421197733664,0.01320072798521691,-0.021650272242989762,-0.007327920741290439,-0.021325062158823408,-0.0075682945944254894,-0.02340010549365786,0.014127521899457521,0.009165647926297482,-0.008492246943777787,0.010158159461971386,0.0031081055062315453,-0.002928153860337496,-0.012521310579451375,0.011576678065894403,0.049012349423135516,-0.010198320285376698,-0.015520709985591718,0.027189158818508412,-0.00581579546895781,0.03051612524192208,0.026661057662936558,0.02005820190827652,-0.032235222123299316,-0.013729174778677652,-0.0288306817565806,0.04995864225957548,-0.012253909653640935
2023-04-07,0.011527648537894487,-0.01172683445156887,0.02247058584210443,-0.011070484242292178,0.012042450745102844,0.014420910165789315,0.03959417791248405,-0.00808696428498434,-0.017914360845837866,0.02847471097878712,-0.002140588079067921,-0.005313051112176826,-0.005157764413935157,0.0171341011399372,-0.007911040163695409,-0.0498320730865946,0.012022369110724199,-0.003964133087353525,0.02041166318429903,-0.0038482058959784862,0.014571117181484005,0.020129475486310725,0.04077936111984843,-0.028419646695340025,0.01480912562589275,-0.0017174274462433792,0.03898845100768257,-0.014426328727446138,0.038220636647203356,-0.0016032060487551456
2023-04-10,0.009167686335424325,-0.01013600479637681,0.009212681098937879,0.01051473827329499,0.02899120365565461,0.009779166875638344,-0.012645393891539236,-0.005430706425221784,-0.0026827907071527825,0.013277095496274439,-0.00024060541736764925,0.028116061527831665,0.002589648141500176,-0.00547738443699122,-0.009663767952327075,-0.004077640921338341,-0.011597117183269078,0.01633734220517228,0.014289418547274203,-0.0022806951864755226,-0.02092797239214282,-0.005610415228389599,0.005506285045660925,-0.01118256189125738,-0.01612265088405747,0.007266389208942837,-0.00510643561153243,-0.019192897450773187,0.0009490493549363368,0.016914088020218057
2023-04-11,-0.015784239896798495,0.0008743924202762698,-0.01284340817542596,0.009099320175758572,0.008912400622327583,0.013415584407097522,0.027836392690700804,-0.030297194415232112,-0.03152314613323045,0.004235350240895935,0.009956654864995494,0.013602344535505469,-0.011658412915045692,0.004877702592664665,0.024668093830871287,-0.008138359063001543,-0.02733109981448203,0.0011762130354313616,-0.0009687090410708374,0.027583197888719352,-0.012953682616313307,0.004444650599294787,0.02685925389156705,-0.010432960411269386,0.010057992215743496,0.01173862520265467,0.012292401380708173,-0.01646332023314263,0.025964957809308634,8.619578550846186e-05
2023-04-12,-0.006245213938064977,-0.0003377810091837313,-0.016130708536758367,-0.008212739508172154,-0.011310733971042786,-0.017589420798367113,-0.0331173893578407,-0.030018008375706107,0.000131056750872889,0.013792893217369291,0.024224697458417026,-0.034321572425917914,0.015821973636617997,0.01375090871419782,0.02793476200787179,-0.01508239024388591,0.010813341919384217,-0.005516506993588369,0.0014196095746649687,-0.011409342285988182,-0.0063361956434496835,0.010370634121883594,0.02763241838588957,0.02095032489859247,-0.02151007194895531,-0.0024954471338373076,0.018725021886879745,0.028514071228605768,0.004930774988146099,0.017011009720060775
2023-04-13,0.029858262364028953,-0.010008145352065465,-0.023712200802383773,0.015607578841156263,-0.0059459880648475155,-0.0016145663606298647,-0.009139334632062094,-0.01835025787714711,-0.012336460817413878,0.03272364760903026,-0.010774249744505908,0.00027689631482381816,-0.014308419002573021,-0.01220742793978599,-0.007372273230931706,-0.007792186821156457,-0.0071347074977547555,0.018702838511434887,0.019428395946814,0.02510760777471497,-0.01678269342621014,-0.00817237702864402,0.008355516791262748,-0.0016992858701790183,0.007639879996247241,-0.012956996111747752,0.0070788178541468716,-0.006127561232553261,0.017886901459808993,-0.001278859075734465
2023-04-14,-0.02971013290338548,-0.017029444514949782,-0.018334826146087786,0.029723083342520277,0.0006425250447578988,0.012027122798489788,-0.011568896916770596,-0.028252841546712485,0.023892783073062897,0.02541748377835363,-0.0013674173080421238,-0.025663389323808402,0.023551030642863003,-0.024750554593915727,-0.0013361856521942974,-0.025610498962066405,0.020407026482108345,-0.007584484066768309,0.007077151919224255,-0.030977361971548545,0.03546710528984095,-0.013840858939857729,0.025875272236132514,-0.03414360740305783,-0.015524383145373117,-0.005737668921245409,-0.02300308048259713,0.00517326681794796,0.040461240819295356,0.004366701857617384
2023-04-17,0.027011800833927884,-0.002188311231503797,-0.015179999227416724,0.004797745696460414,0.005600651957000297,-0.006590687699336805,0.028227851319080097,0.0018725974751512499,-0.0017137206391264533,-0.010094532353348574,-0.018169141111979824,0.028703595932674946,-0.0053409566234751404,0.004166994562607925,0.001569933018368491,-0.018992306770924727,-0.011147139431274551,0.014549947659576021,0.03274757051874092,0.015886806878633586,0.023384346732512423,-0.009057257752564218,0.03263776545408087,-0.04634800296509956,0.012761666503339444,-0.015531330717866934,0.006785963484515519,0.0050157448212975715,-0.03312932204280324,-0.026826716165707726
2023-04-18,-0.0330645630939128,0.017718691984244184,0.015274721953059602,0.0057140628682887384,0.004568159066666287,-0.02524741027653714,0.0004637597106656062,-0.002211143869139311,0.016198919548714573,-0.023632865627704443,-0.0010944852606671084,0.03836399423751098,-0.010737258588601577,-0.009124311103735372,-0.00843409555488064,-0.02870302023599322,0.015421232485982973,0.022198198670412596,-0.004745385642268951,-0.00210234879244423,-0.01940999785518738,0.015471593521316877,-0.0077591711294370015,0.03761325418117107,-0.006116364921259138,0.003720140715594057,0.018249064863672698,0.004043133550766515,-0.01761818791996354,-0.0006378081652546406
2023-04-19,-4.879584992044546e-05,-0.013685683752659722,0.026743394116232125,-0.02923315700341287,0.010164059774167464,-0.010775538425835183,0.0024178161454941247,0.006481562586054136,0.0004692548240943472,0.02589108246958492,0.005779394520117584,0.01178150558153126,0.021841481192444844,0.024289956680504026,0.00920492005321682,0.029699182823916835,-0.003067357316670036,-0.002989897008300352,-0.002010069565127846,0.019694498256895055,-0.030081913548418635,-0.0011237952542939508,0.01988386236258444,-0.012262697111456698,0.005209016302005629,0.008297217978968556,-0.0036925577887443007,-0.03494663173384014,-0.00049402047491821,0.020348106982812402
2023-04-20,0.011200477272116876,-0.007546488880100946,0.0271973892173029,-0.004542140436036147,-0.01772747011271896,-0.014441550180864113,-0.022478208166385592,-0.013050232314347175,0.0024089745080420194,0.037337688554800914,0.018442453079865233,0.013006159447937945,0.03247952212762063,0.017470530747789356,0.0031334927648166543,0.02229797641414698,0.03922040852686496,-0.0008784898415326247,-0.011154989265359582,-0.004902315271503957,-0.017032133026482033,0.03936389987146414,0.01154815314631784,0.010388754004697468,-0.012392415186002039,0.00806142474516597,0.01766116854924838,0.025258259114266716,-0.016111909445942953,0.027317917442174676
2023-04-21,-0.019937560199742833,-0.015698378981542437,-0.008590991695883121,-0.018792543665912705,0.01390768713394881,0.022005184995657744,-0.03215645271016808,-0.019378061692520016,0.014426693142750866,0.0036970391015082368,0.0009621451106864418,-0.04283191151033951,0.024769834541541635,0.022534561154041625,-0.014578439353348136,0.0022473244287674193,0.014910856338064332,0.03129470362270401,-0.0011060164603014602,-0.01542832796264002,-0.029179718112579068,0.018722310268571445,0.020206111099425803,-0.0056585090395184605,-0.025799062792369962,-0.01949308820450773,-0.02882773248088457,0.02588172333161561,-0.008900076903801693,0.008422017650841957
2023-04-24,-0.013470035352874698,0.02535118956969841,0.0096363649777364,0.029248492232538257,-0.0022828575557314813,0.01099000956923814,0.026530151781093,0.003083504336439467,0.011886408745083205,-0.02071139218368434,0.02067305163806531,0.007605329513739496,0.018348624519580723,0.013249579875480833,0.002897552766570588,-0.019005471409211567,0.003092165733969298,0.016782650289424647,-0.00021059444098966502,-0.002501561772947571,0.0074445408384353874,-0.007274319571958586,-0.01189523348390436,0.005634547421038136,-0.010454504385005295,-0.019583664406535323,-0.03455245037514901,-0.0020727129301562706,0.03183347709945443,-0.0015890630595469066
2023-04-25,0.01696619357395275,0.010187983462112436,0.01693824316851981,0.0026926933802654727,0.03010937887751071,0.018685684535740786,-0.014573599262651808,-0.04845946817751527,0.01915688086404522,-0.011275690687208554,-0.013406876148051918,-0.00927807954261474,-0.024750740953898835,-0.01170234717702421,0.008672237807096816,-0.013897383728157138,0.02465291927950918,0.02040051398969741,0.059108854030547206,-0.011425512130047649,-0.004773743782399918,0.024079439222635272,-0.002878867664156814,-0.03188306497147632,-0.000836792383638975,-0.014168731660445619,-0.02662219001452812,-0.004896283419909134,0.015248678655779346,0.001992604164521311
2023-04-26,-0.004257031939388603,0.012933664316827694,0.023291431588443545,0.010878506056589275,-0.004417691971213109,0.05606932575760519,0.031273966707461166,-0.05823087911055394,-0.019986328107645064,9.659624918979348e-05,-0.010400398536809418,-0.0025837384004892597,0.028447613169412026,-0.016300356848810132,-0.002290567614986677,0.005287425888386352,0.0040800247908064635,0.0052216922358174515,-0.02898483089259393,-0.0049005471126752145,-0.041147798511470574,-0.007398406499204114,0.02247139970503749,0.008060324885458041,-0.017869823295219498,0.04795423125787183,0.03303060351581987,-0.0047446698122307835,0.005715772002737743,-0.03018259618426349
2023-04-27,0.037856864877384974,-0.013696536378356026,0.005445044666487317,-0.0031103391158883442,-0.0075012454261543056,-0.004741945896876501,0.013042576517598069,0.009939241290024102,-0.017418506199711005,-0.027424141658775054,-0.004007210636503514,-0.014337191734562185,0.04345447565948276,-0.009092540285460868,0.001307548371041582,0.007479121729290802,-0.021444241828543743,-0.00269065496199107,-0.0037651142872946273,-0.01718068341714517,-0.006290920686085938,-0.008705539920109293,0.015379395406207254,-0.01985379223555982,0.01688136847744513,-0.019986706615442548,0.017665293166530982,0.023417965348687002,-0.02131076926210156,-0.002430784860674529
2023-04-28,-0.03745007793161427,0.011418508335509983,0.03691143490067378,0.01488731699686066,0.0246724839266682,-0.020824543935812685,0.012463630673134312,0.020617394470427722,-0.027214784361751735,-0.010688913309237305,0.010110089312147684,0.019317579145600915,0.0029165238863715706,-0.02166827151189096,0.027839806674425354,0.026759598988611768,0.027411833910603988,-0.0028657995369314746,-0.013177414975459238,0.011523103255662392,0.0011948004011994805,-0.0019704944533329373,-0.03279486888937797,0.0030104490367409745,-0.018695463985535322,-0.022018432782564053,-0.009963949735945735,0.012453601455554991,-0.006933953079827607,0.03547316567133518
2023-05-01,0.04900747508733246,-0.0123662232860055,-0.0013246374736668896,0.004530676660341299,0.002743594992765659,0.011809343814008983,0.02147994079690756,-0.0033108190476404263,-0.023666884806483608,-0.01251022221935882,-0.00866215498332313,-0.016810302919366697,0.047847926254842625,0.011858166546729533,-0.0017445492829458809,-0.000493703280667029,-0.045038571359289986,0.02368382280602778,-0.00611687746599242,0.010367621027074607,0.012224609692814314,0.0061440648283810845,-0.004611210763714241,-0.00041281856912666655,0.03040014660303852,0.01887007496462725,-0.020030780925199314,0.004039688508394969,0.007905841547521573,-0.030191692629674905
2023-05-02,-0.01914971348041498,0.0242696516920881,-0.02374867968074576,-0.011683355287936943,-0.022879865965934918,-0.001352248279913122,-0.012503963702056656,-0.008465256214609954,0.01090736655740865,0.03517338968655155,0.02578329058435587,-0.026671651800937505,-0.03125947981410167,0.0016836761447725842,-0.01564290990178043,0.0396712459288188,-0.03155534688121679,0.008387801288067952,0.003913698099604741,0.012420803228324208,-0.01531462900038951,-0.004553948486312398,0.0011261695894260021,-0.035886184983179366,-0.01708125922884216,0.03566306123370225,-0.02162911387716643,-0.0006663725640245022,0.02239020367312445,0.02241119479281403
2023-05-03,-0.04125068534461898,-0.00821544131395945,0.017644104099048534,0.0174717524272073,0.004013891071489341,0.013397450748130065,0.01433950710125002,-0.009169832795431342,-0.00322000608283356,-0.01755870828144257,0.009353569022275106,-0.03497516619434675,-0.006636785628123276,0.011013090787105217,0.04944600926263037,0.02203517436569196,-0.007595697477607273,-0.0060970224885170165,0.012301795074424669,0.022347953875389816,-0.0031671341361092288,0.011766147245801233,0.009893275683144962,0.009492677719406884,-0.013057388120912243,-0.020741250348218106,-0.006061528695483995,-0.00340783681712238,-0.03647783040348499,0.007194990399522337
2023-05-04,0.015554564781080303,-0.001799426104654436,0.029944483969085445,0.012509738621435581,0.052983033260855725,0.015269377709641088,-0.0020189044996925427,0.014619340312400907,0.038818877772088124,-0.00779261262360444,0.005209649101544183,-0.02541866059553846,-0.0021485128559402345,0.019240097456941992,-0.018840721826641423,0.009941905887219061,-0.009015142585170794,-0.01422936920746523,0.006439741402298275,0.00552848448729434,0.019513867911863825,0.0020296625741580347,-0.007518801758981087,-0.005890728160487218,-0.006311985393412797,-0.015001076740175682,0.01213162588273509,0.009941089354621385,0.014646241572432826,-0.009026300390217068
2023-05-05,-0.02873044797342278,0.0343584078798866,-0.011949282160577432,0.0012821334218158513,-0.004239307293007341,0.03217418482143896,-0.01699936815673176,-0.023099997942172507,0.005669259363687789,-0.010510458950012805,0.008125589619440494,0.02043639498719209,0.01130335358222078,-0.03633101016652863,0.014099677122110767,-0.009106102994542077,0.0006513958742270557,-0.018901659792172214,-0.009843644227023347,0.005563963525055619,-0.017919431301382262,-0.013435091894586141,-0.03094621337519555,-0.02326572124655977,0.015743180699004333,-0.014226017010783005,-0.006108391314096346,0.01979888094854589,-0.022259236759504263,-0.00707360538718356
2023-05-08,-0.007095413131323728,0.010542875020603497,0.008347717296349635,-0.010903078353785027,0.009333955970722395,0.017328161305967427,-0.01866176814243234,0.023646384380021538,0.0008013368336766819,0.023165797573670217,0.012766718531620402,0.014280145281990201,0.0016507698642030378,0.02926436677111013,0.008775594184930145,0.011004695260844872,-0.018339876133289107,0.019245900252068213,-0.0057554671298094785,-0.009824080252876365,-0.021818461119283414,-0.01080493041663868,0.022126457975687026,-0.034695532124212704,0.0040462113362580866,-0.044335110527999134,0.03959773413432944,0.014022333192313781,0.004294428749652621,0.016583306713338495
2023-05-09,0.02118670485361336,0.06022078835235043,0.021671317339904083,0.022318154064993264,0.009987016558286961,-0.02742173427544603,-0.012848150820139188,0.005418720139879902,-0.006139674771534421,0.0016502925708028766,-0.021432103601407616,-0.005277716101686523,0.012907739940834592,-0.041583678002097176,-0.009013386187589057,0.0273628953855948,-0.019292192878872183,-0.021635770339914664,-0.014899091242881336,0.0360357622087522,-0.00238178559792197,0.02400450016932363,-0.020863219526620538,0.013367146051183398,0.009718409718611177,0.004858254093859796,-0.0034325757469531254,0.012894631451021007,0.016171451610132483,-0.02436171289030361
2023-05-10,-0.04636806537253072,-0.001966316013702857,0.03944329962220728,-0.027743955235920537,0.004799013042343497,0.008230235979684775,0.011345509524055978,-0.020534755061583254,-0.011275144293785346,0.0035438187488174436,-0.004475933995440895,-0.007249462161614568,-0.015253806508638595,0.007146310464113204,0.005596086981495546,-0.024846498123932102,-0.02661616089124325,-0.003800674898068206,-0.01604490456703353,-0.019141235080552668,-0.01703182145013369,-0.006892832678054713,0.015047384572496264,0.0005768275377768513,0.014823045454306282,-0.03118576754510652,0.017633924840465588,-0.030904072101149437,0.04882801972254275,0.026543106569639607
2023-05-11,0.037306981929625366,-0.0014314720577097643,0.021024908405680214,-0.020372387286675762,0.01703383580344488,-0.0019704598430345054,0.0006159286722052827,-0.018762388090481637,-0.006372753826449841,-0.029998175795780267,0.042867517499185055,-0.006085237469945129,0.0002723072228428901,0.010696406667720072,0.001810352584237463,-0.001645418737940895,0.014966700038553339,0.0011165405910600786,0.029880517985930753,-0.029837407209882098,-0.01099944378799718,0.00194003513041593,0.005602932927508424,-0.005145492035046398,-0.005679563717370783,0.005666461350202742,-0.012392584491316395,-0.008359343018568256,0.008885521095793752,-0.014007569528291542
2023-05-12,-0.025964317632998526,0.010697053732996552,-0.013491833759574492,0.03146377314766343,0.005292156894111063,0.035347684892902576,0.020449635476479548,-0.004727840089332608,-0.003570841696867464,-0.02560200717802803,0.009070036239307524,-0.0008183859482225576,0.05880605802318442,0.031393267011234544,0.024447733623713035,0.002915783599269993,-0.01267538131898621,-0.007476509167422333,-0.009633061826381606,0.0063069355924221795,-0.012467367288465061,-0.020101694268666134,0.02017678949187829,0.019637899899763597,0.036658282158644084,-0.0049263512146311755,-0.0323696838378944,0.044859283177671024,-0.008788199291737648,-0.0022101368258486695
2023-05-15,0.009700426749936264,-0.02680312825038361,-0.002525167798284353,0.006090533615703644,-0.027216789840799855,-0.0038209699803770474,0.01246520092419027,-0.020940323001654344,-0.023816152189723917,0.008642720217876295,0.03230804982691648,-0.007968421840782728,-0.008812161629961034,0.028316844364377064,0.0056292093111933944,0.005939498101053008,0.022191172944521723,-0.019730848770878988,0.03979700378875148,0.002904353489718159,0.0010717448695291179,0.004741204297252876,0.0028929549126873676,-0.003074711676968572,0.02516328697971155,0.0125870796481144,0.00376132753936753,-0.0195537741045501,0.015825391150908422,-0.01576143875971529
2023-05-16,0.01538669146876649,-0.010967224542710688,-0.0033694078745203533,-0.019942761603743992,0.013284500949046494,0.022125983616907687,-0.01267633639741293,0.018139678298982644,0.010020335224636922,0.009202123430171981,-0.012077781251017428,-0.00507640611308059,-0.00163619436793648,0.014829722244777457,0.023603058469619756,0.0011042747901081826,-0.0035137191923926823,0.006789981816813431,0.014932228642385866,0.03185615279520363,-0.03580965123089343,0.016087011873729132,-0.017131230202543028,0.02116763328074124,-0.02772446234043518,0.037923226868535005,0.043469479425046975,-0.017147127447685137,0.03854133028345114,0.005302171856908967
2023-05-17,0.03421477326756993,0.015002395103993552,-0.009687022954882371,0.007583550225648269,-0.019185420986247904,-0.005790494459738253,0.002806621480458888,0.03760836543053767,-0.028209685986381322,-0.04704590656518122,0.0072751446940739345,-0.007511830997892044,-0.007196225527545366,-0.008156139265580686,-0.032633326783429194,-0.016745996024021766,0.01195269562740465,0.03628271475733274,-0.008061384714614593,-0.021593176398430457,0.056137338858423994,-0.029471415386014548,0.01892331002487793,-0.019747294507564336,0.0012457204216956095,0.0026177688833797412,0.005004340938233854,-0.0075627337627434225,-0.025396398458593327,0.03518849183974995
2023-05-18,-0.05806185429679456,-0.00794911466122475,-0.0254583582678312,-0.0010252965640232163,-0.010131967151417681,-0.05088455081879701,-0.013630600190260583,0.011579855837988418,-0.00014604915266459628,-0.019734029423195645,0.01646861772405097,0.004431880321200544,-0.008362379106145833,-0.013043828164150388,0.012415050299245223,0.006193849362456503,-0.036008460814945145,-0.037805776391132126,-0.011918655108862076,-0.005750142214291301,-0.012885444496842362,-0.01244980135402664,0.000629547616776557,-0.015511404141560521,-0.003484132782300455,0.037744214029077905,0.029762704696059825,-0.016286296584268955,-0.011102107723379002,0.025264853132171253
2023-05-19,0.022095370398904753,0.035477708534630545,-0.03159434164849562,-0.027667537469635153,0.0061290152546103595,0.02847306999823547,0.03659612678363364,0.03727903317397549,0.009520853604594618,-0.0009230537652049459,0.002945344246124272,0.013617660355316218,0.0029307889082372625,0.019493284902164724,0.009635629030323315,0.001111791115369705,0.039653435020481374,0.011853084048591233,0.011698116578173436,0.0023731316980555657,-0.04569013852103064,0.016490190833520355,0.017583923403646187,-0.011526812485246726,-0.030612059088408985,-0.016979020523450912,-0.044345617819344936,0.004094444256448388,-0.037897744076539806,-0.034150645118394135
2023-05-22,0.05120485323003564,0.001797926731478516,0.0161603670470921,0.0002508913503623023,-0.01845874240301441,0.02313519816842337,-0.0036696795407383954,0.003819258597254435,-0.0002916273781436715,-0.00703726047556806,0.011186223786284618,-0.017891488927102364,-0.002296095131910149,-0.015214168867676606,-0.02408972047710702,0.006588495418406648,-0.00043474197146482876,-0.016367447444655108,-0.03896390849264597,-0.03426991128903604,-0.011743702700791149,0.03372255503414232,0.018051569604477683,-0.005053904524011575,-0.03788991985894481,0.0176628780993418,0.011974994751339738,0.011910549936438055,0.016963554748653818,-0.004921985428430885
2023-05-23,0.030442000102419018,0.007605376290177082,0.01704880010874856,-0.04846273250196059,0.029743061293913065,-0.0194489408880597,-0.00035847760959257954,0.028221348248421985,-0.021095211200885085,0.01758309474238277,-0.01883080359903104,0.003471487116564392,-0.02040132881567819,-0.03186162303053283,-0.0036660965295845374,0.024626551953539286,0.02053003618499058,-0.011593233422078972,0.01972893690188978,-0.019205801875521643,0.022100785756578253,-0.024005490192335742,0.025784012011508747,0.003868307442722424,0.020135448693262364,-0.0326822868506508,-0.017288443017979348,-0.0211387641815689,-0.02205483162865513,-0.014066031344357563
2023-05-24,0.03583384750937584,0.007867621741737078,0.013659832167817416,0.01672702944479681,0.011136623004819626,0.020776476359745277,-0.028679518163374502,-0.015420182440284055,-0.01597207884329187,0.0020076879712253477,-0.01874055501656373,-0.012681759568038076,-0.04010560131730628,0.03731949545073334,0.019301569439664268,0.01495581774248819,0.010360683770738347,0.008894095374673306,0.01600001837098617,0.021220125465884265,0.01153868146112843,0.0052737110586719965,0.02603178924778227,0.017748359721336725,-0.01305642493782418,-0.0025354126209993647,-0.01118063363479721,0.001156984979081356,0.01497628610564723,-0.008772810816851417
2023-05-25,0.04309674572413821,-0.03728912755297136,0.038794717412244654,0.01397731282421462,-0.016248224697612796,-0.016035511383939306,-0.001127219636671772,-0.0019698207581014073,-0.005957918148945452,-0.022537767757869465,-0.02621161129284617,0.029519510067681,0.0002593089232402695,-0.023515702667817794,0.0022754937967937785,-0.04951986760237105,-0.0041117234633410585,0.003595306211372097,0.03283363013347879,0.005621483501759419,0.017431653077822348,-0.015379391958995332,-0.012266601146574284,0.0006403738247756233,-0.0201546378835083,0.012748254843918665,0.005027145792885381,-0.001516142684948023,0.001296906772788338,0.004835342912435058
2023-05-26,0.005232117150197083,0.024673101412106723,-0.04835497324378165,0.0054853814286109906,-0.009734700231781511,-0.017801504034130864,0.005214557220937961,-0.0017382900796524153,0.03574648969768617,0.008971462296341345,0.0064919870590289305,0.03730094048194409,0.01993584086073465,0.01649175026315295,-0.00449913120318217,0.001961324199059471,0.0018640549547604436,0.008169380333725666,-0.02081786695668159,-0.014191765152558107,0.0067814495956995974,7.386802604676882e-05,-0.05587444123266042,0.013114572557256463,0.017730686605199174,0.008467478014454802,0.0003984639251725224,7.421239468947383e-05,-0.013940835653507856,-0.009883803819896205
2023-05-29,0.01177521905267714,0.004424848058208134,0.000761490430492546,0.0005009596118029131,-0.011680899584416954,-0.004758102429644304,0.02832462037489756,0.026248475696257958,-0.010199481142757066,0.02778524819816836,0.03669638196640162,-0.006164329835260448,-0.01755335762259821,-0.014506798157030527,-8.609530321944593e-05,0.019762623760085384,0.0026058207085442953,-0.01206176924038121,0.008151408151019397,-0.006402651346584612,0.0022875028330587507,-0.006715042673885176,-0.018581102675852144,-0.05981088449593624,-0.018913857611935658,-0.013937452691648089,-0.012902721660063149,-0.013914928094331364,-0.022117883814499775,-0.002378015553243384
2023-05-30,0.015734096637073255,0.00249098101271365,-0.016766691982672107,0.024319949349462702,0.015967499298993656,-0.0019289961954622589,-0.009550412814342482,-0.039353545497356035,0.004261410669565192,0.006238005522689419,-0.024373191744303236,-0.020947858193254797,-0.004952107483711462,0.006620369476258153,-0.007981198476572839,-0.00673773198779852,-0.025971710463366278,0.0051622559742243584,0.021153075106922232,-0.03806666507984697,-0.011299452499581883,0.005907059658779149,-0.010310761433675084,0.019021213096717057,0.006376810693123754,-0.0027973695000703593,-0.03591601298678248,0.025277238498797143,0.02641868532813015,0.023542978747750295
2023-05-31,-0.02339102825710038,-0.004945021323665334,-0.023950246391999715,-0.006657604202185948,0.008264971051341385,0.01581616399267116,0.005148778954575652,0.005035819700955187,0.03185136887810776,0.0014694781672065344,0.017448123273799607,0.000289883289622989,0.015747091176027628,-0.02594647428154679,0.01307054155889323,-0.00022879138800073554,-0.01570517184209147,-0.03293985603087132,-0.019422156642864022,0.010191225434638709,0.0015932003866944238,0.0010196666290615938,0.016317054611377585,0.0395577421878234,0.018649525469656116,-0.031046032168386008,-0.010824785403503224,0.014294320761081518,-0.0037953339577577894,0.006762372275347026
2023-06-01,-0.0044820375547271925,-0.04755106450553554,-0.013068822585957145,-0.029835830337742047,-0.0009731021229455006,0.016076078549980347,-0.006325148609069856,-0.018250824234940594,-0.07741348810888803,0.01222424326434532,0.0068708298946416725,0.05341511373798299,0.015598943523392203,0.010657778401259657,-0.006276559822067293,0.0008904824521192205,-0.008130985514920922,-0.02192572337822703,-0.02098625822587368,-0.02318983777756396,-0.014952078343866195,0.0172814247180568,-0.020518704021878876,-0.0003886039454463048,0.0012854544794312966,0.021809279396550765,-0.011559254490285283,-0.01975838112285315,0.031356388191044755,-0.011729404464168652
2023-06-02,-0.013269176908131982,0.03305092285664888,0.018420915022145143,0.046496839870269153,-0.005265806954057357,0.004723053387520764,-0.0382839439399871,-0.023873374071243982,-0.0024622799196199704,-0.025012723828387075,0.014914819722555742,0.022682814627494087,0.036308564577257715,0.018579479015862863,-0.028123728664493714,0.006192805706076661,0.010899761742522789,0.01008503651387652,-0.00958777561341204,0.03485891847685153,-0.012848198572593809,0.0027693813713081006,-0.007293567464017967,-0.046762753782772504,0.036761763674470795,0.01896056804295495,-0.012100882731329747,-0.008954561840757458,-0.012096638029084403,0.008673145261662357
2023-06-05,-0.015108767945778073,-0.007536744288566358,0.0008971547016770954,0.04014413037931208,-0.0036996448652107166,0.00392426067656308,-0.010991932527041321,0.010898314158091617,0.030727505658941615,0.004470995363780733,0.025049000292217006,-0.0038626161031057307,0.025648273530688392,0.0034860765303075117,-0.011354659177615896,0.014259585312620072,0.027218717562134846,-0.00504240047510797,-0.014551507146568766,-0.004943638149709841,0.006759625995912544,-0.027657407889606238,0.027125529271276594,0.009871462300560149,0.0030370046650702127,-0.009476853853622388,-0.002224773913942318,-0.008034412893295229,0.03219738681385209,-0.02300240947590024
2023-06-06,-0.008294272583356768,-0.023564695072090913,0.021372480838681273,-0.007333747246260935,-0.019026661277765148,0.01802829926183155,-0.0018465209733911484,-0.009226457695518693,0.004456492188743806,-0.045407486600517064,0.04665003738969068,-0.009547117536993995,-0.008687495035517308,0.02672083030538689,-0.0033983677067256366,-0.013586068359698762,0.02388181269947556,-0.016771779594767628,0.008799673546053897,0.02278162981469955,-0.002508987550999856,-0.015725247130687552,0.00031519664339840797,-0.010187813631523367,0.007006700217152707,-0.007162712509406567,-0.0039234643235653305,-0.0020520119353819666,0.036975542067403375,-0.023144192465778472
2023-06-07,-0.0088108562161871,-0.006126147005079435,0.022137828096687562,-0.012383200072389468,0.004075542404785392,-0.00860984317209123,-0.0166145046516267,-0.025491599986059762,-0.006650008499535296,-0.02045780716686487,0.02265393703378776,0.018709380931287562,0.017142495106022764,0.019298384685310973,-0.02068429145345301,0.028012816355697998,-0.02674160180909504,0.020168332009845795,-0.005604655477034117,-0.008927648821781813,-0.011345316440314356,-0.01051332378842758,-0.02425249899810397,0.021523284214455127,0.008779723065076754,0.01862695180373001,-0.023930508674962377,0.026917355349514182,-0.022858662605054387,-0.008740393098777735
2023-06-08,-0.008080592469471109,-0.01772239517820504,-0.021322274735770707,0.03195631396807523,0.023507543426690227,-0.009525452427477142,-0.0033071805547106006,-0.014919735609528535,-0.0022212302210629247,-0.006854284784985804,0.032691778261560424,0.008462160662118114,-0.0037435567248526183,0.024133946767862003,-0.005832427647577845,0.014976978098638669,0.006900032885821102,-0.0060843261383636375,0.003695618414599441,0.0317837452481888,-0.0037987832975774124,-0.009853011759536909,-0.007944301637489624,0.010507058573588407,0.0075945691395290105,0.00039809287703308375,0.02636615991781544,0.01894222720160293,0.024386277849423994,0.005269245486416233
2023-06-09,-0.01605311037616626,-0.03127262817999773,0.021467073223100326,0.020972526915118684,-0.012427716466124308,0.008527090279808507,0.017834254055429873,-0.009351465998010268,-0.011371421604335715,-0.007157613695446375,-0.01787940212153439,-0.010583912897577478,0.02960080125286254,-0.022984537859904418,-0.024074099961786277,0.006997186622942693,-0.014466982044756415,-0.031695502843650414,0.00535084095295094,-0.013836942987180524,-0.008222020279324713,-0.013101763115149018,-0.003105361977612987,0.007526617965010335,-0.0192041693567896,0.015311065958933254,0.010835917554008739,-0.0054580581496053516,0.00018917031308562658,0.009911604663876713
2023-06-12,0.010889820016763736,-0.008418072901238591,0.01670167683445297,-0.01855194885768007,0.04870708843003654,0.0011181484900862852,-0.022613057079594177,0.004172034933735085,0.01222954300042672,0.006238833375658181,0.012063229442450588,-0.011471999615138109,-0.024649342837360453,0.019537837999039114,0.006160748485818032,-0.01732149589500858,0.004874792142336734,0.017773559615362415,0.018554397478839774,-0.008762419400134525,-0.01542293574046731,-0.026376377573327826,-0.045715990403855086,-0.014770981291683052,0.012659036579181819,-0.05339900976834133,-0.011050213314257597,-0.018032750688246044,-0.010680393824554029,0.03429428034134808
2023-06-13,0.0032567800935403694,-0.030681057674174922,9.80214667213508e-05,-0.0038229978436026242,0.02157197743317094,-0.02899014924071314,-0.009302927972407397,0.012006337232834698,-0.02090565659520796,-0.011399533945270874,-0.008787479671261495,-0.03482014869122191,-0.0011375116936794467,0.00042631432288383145,0.03388219654097868,0.019807112345745483,0.011941719945583712,0.012974375871861192,-0.0012458919277957062,-0.008031293568769023,-0.017712620915817393,0.0008754355168370028,0.022866760932869202,0.035302262705827155,0.01464380980234621,0.020841271394067155,-0.01714086097115261,0.0030467596769235897,0.016252949858755722,0.012104588605296184
2023-06-14,0.02675103129765659,0.01565943089569943,0.041424610572912766,-0.018769098755850047,0.0025038894897738673,-0.009855563737419719,0.03160159203579577,-0.02377768086620935,0.008607226393896553,-0.014487636783367534,-0.008089980981127303,0.0044973625612941374,-0.011410621301245635,-0.001597767127015534,0.01446038036816354,0.02770711782130554,-0.012725088446428102,0.024223386858103033,-0.012456208754771136,0.02871776788671619,-0.029202295333479237,0.01874611028281338,-0.019978740561199596,0.022259223919802475,-0.013565956504556378,0.010766788092294727,-0.008009011073785464,0.0009591875811734479,-0.012118407856499312,-0.010325159605716628
2023-06-15,-0.004420504773619562,-0.03515220811139933,-0.02825271617055535,-0.03433532822920221,0.0041643839245959925,0.000408036537470974,-0.011308694113811133,0.000896507067539044,0.027561216924232607,-0.004078220704519119,-0.001623743274556666,0.03618638353763595,-0.014258739377667749,0.020860888776454586,0.008636838733175863,-0.0036001339538325027,-0.014580452314430153,-0.01475853929445188,0.004809471952305204,-0.032676855900818105,-0.036833002752757,0.015700806179824958,0.00786609686634166,0.018063570813448532,-0.04159609518200519,0.033554225736439236,0.058515176917517064,0.00015512896327562713,0.015308098397707724,-0.01569085603319604
2023-06-16,0.004810846870136832,-0.003956844176735063,0.017328201671439662,-0.018317982453540948,-0.023974669885381286,-0.04544296191010788,0.0037447653432909154,0.022506283128161008,0.021818530339761832,-0.017499105772111574,-0.030834170843236166,-0.012491240547486886,0.019037203024668804,0.004173816817345808,0.015406014584989662,-0.02126091175285359,-0.004327160560450234,-0.02530181799444302,0.006626240516339489,-0.023076986796046927,-0.017585994089708,-0.00588585218260534,0.0035740224373720405,0.023573289520485857,-0.026101094198456447,-0.03008424264367227,0.01485455334825855,-0.005982053964552587,-0.0032757097126962912,0.00022859897216051772
2023-06-19,-0.019203900196074465,0.03337613004012609,0.00920973556065684,-0.02301799298665439,0.001072611481527115,0.0012634887193627954,-0.0021740854895889654,0.0064419341853644745,-0.0016120052578061069,0.027344899575523746,0.04240554448081992,0.005222070000814569,0.016584441303628395,-0.025311899701904932,-0.021851660441636583,-0.025268375476614657,-0.017581853149409733,-0.006758352684867008,0.005532209798029121,-0.01910737891118308,-0.002490212098747259,0.008932923613339475,-0.021657392273292417,0.014823035650578744,0.050021167888723864,-0.0033218591610796626,-0.011917186057614191,0.013515238615092495,-0.01818233574638924,0.03607910448823848
2023-06-20,0.0035799845291880432,0.030789304730049864,0.012690718831388639,0.006087828400628404,0.017013708205556786,-0.011235333357678323,-0.018905104776752283,0.010685644807396151,0.014469600734750225,0.04343197280347812,-0.010886984164406652,-0.0015814181046318902,0.004105062026327419,-0.031097102473754468,-0.01233739056344137,-0.005472902577684751,0.000863821386481702,-0.024428716209494154,0.03661669485056561,0.02027838839971003,-0.005265535440436973,0.021734466905942985,-0.013787308515153923,-6.675797572998219e-05,0.016935800493190562,-0.012587219875083776,-0.011219852330601156,0.013883540344315446,-0.002785927416563823,-0.012080004328508075
2023-06-21,-0.007934669564389145,0.0038090151957062956,0.012416916775284297,-0.02444703172280358,-0.003685492269675173,0.02273902239016025,0.035365226692111874,0.027706093093024173,-0.011799459661063246,0.01575150359217504,0.016236026177103187,0.028151196132367683,-0.01234838676399178,-0.020957877245884122,-0.01566532961431889,0.0073535242238517646,-0.019788881448388942,-0.000978339577727491,-0.005845029764389858,0.0007452257761449081,0.002462532856187324,-0.02240702432145936,0.0071286581150542035,-0.016670496491787305,0.008367442132829148,-0.0003520835562084935,-0.02873784998162234,0.0066482002862937,0.014986441463582734,0.03911527876700974
2023-06-22,-0.04236020251292783,-0.0015431056045219975,-0.0076977479952988325,0.0008124910346337694,-0.01333315246893267,-0.048544859322272885,0.009010442810002801,0.0337924871835901,-0.0315348967757951,0.031941411083234596,0.0002447424988505893,-0.020936339337815586,-0.031272617915375646,-0.011810498126338376,0.0008199466067313939,0.004390534265212988,-0.007060252689695999,-0.015736323958555756,0.008226425341784638,-0.02276200440180041,0.04107826774116805,0.0254907953559625,0.005266005021270595,0.015472209559195526,0.0064816575635173,0.007585801577053121,-0.02139346764195285,-0.0343232668805389,0.0013252420533267292,-0.004716587163731733
2023-06-23,-0.0036862944744280677,0.028736453052402088,0.008523147723274798,0.010943037115369316,-0.01785690224397919,0.010105718338252575,-0.014675061903708214,-0.04129465163156318,0.011861901854676046,-0.008879994933329602,0.009144478892239757,-0.012810436661075177,0.008774986208432799,-0.01189944765446655,-0.005480105918442141,0.005177368394566579,-0.020397093360251008,0.013069616519136261,0.02522574291174928,-0.03439045263495037,-0.03672541532139082,-0.0020412111197273494,-0.013565509440019186,0.004407743658804186,-0.002186588991810718,-0.026263592542153047,-0.026928745992497862,0.015483381564117351,0.0014458344473898055,-0.013237414479893286
2023-06-26,-0.004120324198822361,0.020169396163910138,-0.018617198572424165,0.028682297000830314,0.020070287741432144,-0.031145390441469023,-0.008873513810251735,0.0034314517945493524,-0.03632792431197084,-0.019407725476370916,-0.00037618234240363997,-0.005927853512095228,-0.00600696970566759,0.010823068027662338,-0.015010625069571848,-0.00548397311428845,0.004737421474739192,0.0382986683633823,0.02927357490699537,-0.01989212933411038,0.022115423956878006,-0.017268518686363907,-0.009642961637779671,0.0044855602992257505,0.00730162568400745,0.01243600874605425,-0.03322685562257928,-0.021205761954169365,-0.015519167278803885,0.004967650081038695
2023-06-27,0.009082833230934294,0.04166601118278202,-0.01313061542577237,-0.006122176625511561,0.005293965427329297,0.006804455348411957,-0.016355698226852247,-0.027575562475200373,-0.0003015256027947497,0.013703604268036188,-0.001485537397858744,-0.0061906476454131176,0.010271162254755791,-0.01745322051270665,-0.03413524583442307,-0.003059182193387026,-0.009077781446946915,-0.0083738873289295,-0.013753412630602257,-0.014807185087410408,0.008073449671394107,0.0102016989694509,-0.019730923092742242,0.01850849969361169,0.014322511274887387,-0.02912942971435388,0.009347148454672192,0.012169710419031312,-0.002212467586371531,-0.0052186623918026205
2023-06-28,0.004712832163110985,0.0021505583608824744,0.01085731162917623,0.024951723104133076,0.007617936612906336,0.014414802438900677,0.010876859065153281,0.00856047589810076,0.002868161348054444,8.32218107361023e-05,-0.02011985048866469,0.01537416281148384,0.0028921459667682714,-0.015662897013306174,-0.018090851777843517,0.005925434240951834,-0.007320703815395231,0.005774866701026317,-0.01415600470139934,0.010283835853237546,-0.008186356075443697,-5.602918457810397e-05,-0.04127631519312175,0.016416827548644396,0.00850568833959672,-0.0018319802505511493,0.0392980881830961,-0.009389453653196177,-0.03128212755832811,-0.010136226021429712
2023-06-29,0.0022946261576320378,0.006300421231967682,-0.022436082024851957,-0.016698307301097778,0.0029331905695800494,-0.018227716007350618,-0.0122916391559732,-0.01259049320642707,0.010779214630480993,0.029781504451262392,0.0016860684942519432,0.0012634573208001921,-0.0023025161363101126,-0.00844911091330793,-0.011032471625507294,0.012933264370841692,-0.009026656797032954,-0.016265862356888098,-0.011032567388053319,0.03008972369286836,-0.02305015045381278,-0.0019464640746394563,-0.015556173606058437,-0.015331206155793526,-0.02459546939236938,-0.027409055787396622,0.018653183991674267,0.005142874969105315,-0.005591004502820153,0.003838613187117566
2023-06-30,-0.037168449115689395,-0.036947616908312865,0.014611291591473233,0.024595761609521993,0.030636610376573493,-0.03275788619226387,0.007010454471254328,0.028851958362360437,-0.007810731077470998,0.006461558947189321,0.007869852065955321,0.008021172834201572,0.016697180909460506,-0.026231567014714,0.03297089180186904,-0.006709061277842792,0.015078064402747447,-0.014101752379614743,0.001491428633284354,0.015968478941364155,-0.0197105127085074,0.02419676236002437,0.026435005926263678,0.024490317664490762,-0.026841320076962168,-0.022418864540329885,-0.008793155256948114,-0.028965950791345677,0.00392411516299131,0.017890875494098863
2023-07-03,-0.025417925384563497,0.010493993261494739,-0.013565170338761432,0.015396437133811697,0.026599808961919873,0.012805110677585716,0.003066796244494334,-0.03429063096331334,-0.014805045111461993,0.0035341929138889947,0.01581054623507323,-0.020245027089505745,0.005341265517451313,-0.0006586041686287591,-0.0032937921280836264,0.025485282044315015,-0.023966178268143574,0.00464572162724336,0.016272949266662017,-0.022957360837550324,-0.0246016181819162,-0.024322710450390157,0.026015412382163934,0.011135086408447828,0.014527726825162866,0.009931693022524852,-0.0014623416418481988,-0.04668268820829649,-0.005157837923567299,0.008998645987707195
2023-07-04,-0.013369017649268318,-0.02087210455087313,-0.015030583759796061,0.031301236298472514,0.023364209432764193,-0.006739764968368568,0.03562339658778052,0.0031656714460155744,0.0057460058856573385,-0.02516539580622386,-0.022079467954207944,-0.025568734310261458,0.015755967294298647,0.0356131573082748,-0.008169069179006838,0.027548241407775953,-0.012902865494398235,-0.03196315395136291,-0.0015322321418127709,-0.031079261435955435,0.036597318173483356,0.01723377967125357,0.030878838135998246,-0.011909131547025165,0.018895686856359922,-0.00046836738461244397,0.005360505232285759,0.0082885440966445,0.008393611607156654,-0.0014384888523742117
2023-07-05,-0.027058502835028437,0.025882660080944773,0.005154767084243299,0.004083492966239942,-0.013966633288895967,0.01798211870633083,-0.015249117741979632,0.010747353608475566,-0.01253043248807001,-0.030018188668588047,0.009372105909638882,0.01816378577822183,-0.014990434374934924,0.012915302907452674,0.013094934620073625,0.0008836441862967368,-0.0251607046195223,0.0016458199832575628,0.03209573430566759,-0.017016382750902604,-0.004822301947620227,0.0017688250715812927,-0.00994926878288959,0.004764413147576383,0.0015712500498290631,-0.023392934203965716,-0.014878630328241823,0.005537067009945637,0.01850677307115329,-0.030654069223036026
2023-07-06,0.007443322060642109,0.02584187499709799,0.0025276179862798887,0.0100319689038617,-0.023338476211092432,-0.008989848330305143,0.009406774556032881,0.01455129830807346,-0.018307984159524122,-0.014587880388003361,0.0028689794368863602,0.02258834592767988,0.015486938101035755,0.01927999911368942,0.028455561396542973,0.017317025237769262,0.02071068783930598,0.03211777469444381,0.01208739661819965,-0.012810135386047514,-0.011413471807063747,-0.014473252102622862,0.00731682099603386,0.03449557857177566,0.03740004980623771,0.009352935924199529,-0.02672178776060193,-0.014728643241055791,-0.03731587672223291,0.010393006131297787
2023-07-07,0.008470796984801974,0.018841727257884792,-0.003725351088852591,0.035123895035619704,-0.00027418771702362505,-0.031520947084451564,0.021655283606503272,-0.011949354350128304,0.027521775161223283,-0.04543605761470418,-0.004729822866808778,0.03553266788859923,-0.01734983980602661,-0.009619414591684812,0.011633227161704344,0.023544664894310532,0.020465080291129388,0.027199635247795003,0.005438082717116496,0.01074775378166079,-0.03702858693707367,-0.015452946559558678,0.026953670554165178,0.004281068840470227,0.014780285645064378,0.019288364480619612,0.005839194280061363,0.00042615046778135204,-0.01427268890306596,0.0041012993941133
2023-07-10,0.005993930169061905,0.00585764605099274,-0.006937333224140783,-0.01239018791942923,-0.0037508543857425252,0.0013712463292976922,-0.02088474103764172,0.038765052350003944,0.009062681595666687,-0.03224641490024256,-0.020737792293895514,-0.01808988332509168,-0.016317764593696202,-0.01450379003979764,-0.06374169446992273,-0.010726083290854786,0.01591905306224791,0.006210782397539409,0.01624791520769585,0.007313935004356939,-0.009791866509917486,0.017765817604012142,-0.0128184167860374,0.02869575573640811,-0.004925394456113569,-0.029676342072866103,-0.012837930460005163,-0.029052784683750426,0.0029667252240876325,-0.00735647953005221
2023-07-11,0.0025271931150009875,-0.037397522857387726,-0.02484601235421528,-0.009215893535677566,-0.0016161486037887818,0.02434792620376897,-0.019481153528898305,-0.009049152953718597,0.022480368326393246,0.013051287159722482,0.0033627197204380934,-0.05909134894333325,0.005046725379035508,0.0576631997512987,-0.002164987281883393,8.134252686290607e-05,0.023351550170730928,0.013787577915914305,-0.022950503505439247,-0.0066400238717223775,0.0031721868332755575,0.005886331611929549,-0.0006710600364332596,-0.02422553474017137,-0.014341031240861259,0.014506271794032317,-0.031233781073721094,-0.0035040093136871325,-0.009302875984557535,0.04337373296559213
2023-07-12,-0.014019657228011654,0.008981320704305252,0.02700904830703654,-0.011889519070989096,-0.026113234051041455,-0.012338283897011438,0.02793522231577874,0.005867292049038415,-0.0014575920684458065,0.05025153845690232,0.02780717203578898,-0.01777374364509849,0.014322961318210394,0.008705737917481063,-0.00592510747177039,0.013157714322780893,-0.004985529074728611,0.005739649291269051,-0.012682166763384984,-0.0053637510200311616,0.009240536554819028,0.002049642568782342,0.003114411580965107,-0.00670856208156339,0.0018160657943237315,-0.00470669646209122,0.0072979998309985646,-0.025809416375471954,-0.005586026957880314,0.004613266497487061
2023-07-13,-0.03425144279358462,-0.014183434869627793,-0.014621293253061307,0.003217342474016521,-0.00806633391479092,-0.03711166901319579,-0.012407649720310377,-0.049800034552602485,-0.01791255404398155,-0.01294356707326158,0.030691835021059884,-0.002831453019293618,-0.032634891217942795,0.002689277033854878,0.016413392794855007,-0.0022271306290556703,0.006534049774212876,0.006248768721728151,-0.02660035162164165,-0.03753230345139457,-0.012542960704293976,-0.013895105350606177,-0.031766685288137954,0.021478731712717053,-0.014693466976018414,-0.004154952752574523,-0.025757700302439464,-0.016751774568135026,0.00947361602839109,-0.019120341220349467
2023-07-14,0.03143914978733948,0.015019376454387943,0.005615070195871449,-0.013591513385532139,-0.00426783286943943,0.001878859411170622,-0.008378765888353916,-0.005538246357203102,-0.002851318486772123,0.02078733763149835,0.0038181319830938518,-0.0027400828405543367,0.016255941841323743,-0.025090052980818355,-0.023857881819116324,-0.0006107023069228045,-0.02984289675074545,-0.01950132732609936,0.019556445671933886,0.02092329652415474,0.007915849175847815,0.0018286632214368247,-0.01195104103220623,-0.037951287682556005,0.02347237479294719,-0.036101695782647894,0.012540162460085569,0.012411884407273796,0.011486521249323468,-0.0029354701809187127
2023-07-17,0.0051422003131451404,0.015559426915680637,-0.022814983029846712,-0.02430818791080858,0.019301928992561012,-0.023539537898834857,0.00041898079209769603,0.011925971897546515,0.022759701177288125,0.011127852583815007,0.011605116963886074,-0.007544569395127919,-0.017398282266454252,-0.025529421884108946,-0.004082744409274689,0.012453686617756001,0.019856686852385303,-0.053031051819596775,0.038150194493044506,0.03305201083695926,-0.03204806498412353,0.007624929322192318,-0.029861585719826413,-0.03826496723017498,-0.021955517889186562,0.03901513275234316,-0.014506840530974384,0.00923763114433823,0.011895715729029841,-0.01483520825847821
2023-07-18,-0.04298555315464912,0.027660710408113066,0.024080009219136497,0.010209533518186792,0.004365387409349508,-0.0437393203507809,0.008048892651107194,-0.002444944299470207,-0.0017643854896077908,-0.007031354570651223,0.029734265326366027,0.009880304226832299,0.007168417109512819,-0.0016784918050813209,0.003935848242273774,0.01170052814207138,0.015690305068139315,0.01690792935147825,-0.006828734445358986,-0.0362511982007669,-0.002909781148781801,-0.009667012354215309,-0.014847858490607078,-0.04609683663290062,-0.00031082187300894934,0.015205146390240357,-0.0007007604515234141,-0.03991135215670046,-0.027688692070454178,-0.027500401827856097
2023-07-19,0.010735747067892133,0.047299864921860876,0.004418153688181661,0.0063097054861282476,-0.019875138395344775,0.026352644390536785,0.020802013039161838,0.012787683166039256,0.006597703612039848,0.03118119000327374,0.004969167780972299,-0.012110166036009066,-0.00434020955262596,0.0045844324406306685,-0.01912129658668679,-0.023366305723334937,0.026095437083922125,-0.009449711418495646,0.002605139801833421,0.026115309204914366,-0.00334451037614059,0.02108525780515753,0.024021216565542187,0.017677961981128733,0.010946074525174578,0.013362429459016268,-0.020621300161093835,-0.023477559950540097,-0.008772778401228053,0.011982708075300483
2023-07-20,-0.013147115328715478,-0.05024390509576619,0.037111239081509505,0.038629440333806504,-0.01801979427165849,-0.0033077687131198063,-0.03387148626128955,0.00933473389809898,-0.01657045436072775,0.006777479741821711,0.0012544797921179604,0.006762017264963737,-0.01577994554083188,0.01589886267958921,-0.0006835986085109689,-0.03299537128786243,-0.00794932139008492,-0.013839783285551112,-0.006569563104671234,0.010687379401689862,0.003834448118320869,-0.045245502276007925,-0.02239939754892035,-0.000749343295533457,0.011997792010850411,-0.023423281632752264,-0.007039601399747499,-0.01634184587559385,-0.0016558870993835808,0.015261135926417658
2023-07-21,0.028896972249837394,0.01726672512546955,-0.022604375018581348,-0.0267465724574127,0.009481630863820452,0.00975094522203765,0.03076069892830961,-0.024427814630020233,0.003618003601300126,-0.03515823240943102,0.009712912704106853,0.010085386511575358,0.019232545362914525,0.01160738703587556,-0.02150439802017257,0.019910131373226017,0.02980695216221966,-0.017682527417536262,0.027509297434138436,-0.037204016555016824,-0.006230318231106577,0.016182649346948224,0.02635166799472375,0.001990636412943213,-0.006848296112415882,0.017774729341159392,0.019425485581560584,-0.025044455570323004,-0.016996115941701577,-0.014267868561873513
2023-07-24,-0.011052569985222282,-0.008484746383317155,0.0025811333973868333,-0.024010962472261897,0.016123590065948126,0.0164819137686481,0.009254279438538559,-0.0011625470245944837,0.017698137419268466,-0.003993115799720076,0.013449276046490925,-0.03187640769615152,-0.011209551600231788,-0.018138802440197804,-0.02883938483116122,-0.012106375785506827,0.011165900530153908,-0.002992798383879057,0.02333925699330433,0.0005772925249737642,0.020154102966894263,0.045501927320978255,0.03405896338212119,0.018177333570915433,-0.0026037688746774067,0.03036249056679635,-0.018053701020660964,-0.03320507887809769,-0.017083837121143176,-0.04029261390710116
2023-07-25,-0.02790060864551857,0.03331260881314728,0.0006667846020396505,-0.008035589907542329,0.014051969391434922,0.013098755554509166,-0.026433608594838395,0.007467843344785244,-0.012472511462824501,0.012762065375280239,0.018337396942846133,-0.006920932773661059,0.007598304975334858,0.04415120462521464,-0.022478612199722497,-0.005259500352104173,0.02068724503107784,-0.01234176602568725,-0.044123338746760075,-0.004920705905415809,0.0026722979104412715,0.004889675573139866,0.005713139327247779,-0.033787078353658524,0.009555393029565927,0.011907413478932528,-0.0114844299282445,-0.023597465249141712,-0.007566143243317917,0.007745578012424636
2023-07-26,-0.02779777556640856,-0.025053732844479346,-0.021222825530723275,0.0008651368098962669,0.004721027436290495,-0.010030217580693099,0.02926484285941533,-0.025110542013838288,-0.04633867700706358,0.01579112963852558,0.03848549150267227,0.024939292478339217,-0.005714516276987899,-0.005531395984648118,0.0034355614381020023,0.00655984644248764,0.019211684437947837,0.006823328467143756,-0.014236920522837683,-0.0324090211608723,-0.0010254239876796873,-0.002854466025183281,0.025428485016448312,-0.012167877550360622,-0.01591553406577258,-0.015341288525067791,0.007796836091955172,-0.008538997372660935,0.024609711145389446,0.03904399430638459
2023-07-27,-0.010042710516668179,-0.006546364295598025,-0.013207032895234616,0.023357678735430168,-0.006408384905966476,0.014073523727267369,0.014234310338925376,0.0013237257216698439,0.0330312612999366,0.0028306976416918356,-0.03498997302782965,-0.01435606449551684,-0.010356301250268327,-0.03147518385675923,0.014259881098635522,0.007922074665632014,-0.026114778850616683,0.021268463804794285,0.017281901977819255,-0.009188606558943236,0.010238521006111315,0.04749656967167766,-0.011496162403695389,0.01055780025309902,-0.0015622164874358774,-0.015713007253204948,0.02874270012092404,-0.02559746108949821,0.003233173282131191,0.036225396440109844
2023-07-28,0.019220862352037342,0.020332832389095737,0.029433972408335358,-0.015775551753370035,0.024917534905574124,0.014547894127986245,0.00018848881306436334,-0.011217005162513501,0.002539678533751305,-0.012305565468945682,-0.03635052516167857,0.014713565557706948,-0.006931445235724207,-0.014184293118204204,0.02790585547685774,0.027855253604748446,-0.013015638365026123,0.005955827103330874,-0.008577753634136839,-0.009757501542841017,-0.005724068474382854,0.02702966707273163,-0.016667994971837116,-0.003170481163762086,0.02262049215513588,0.02068847257899307,0.043537481314889846,-0.030690941309280427,-0.019991506611491437,-0.008251984265831461
2023-07-31,-0.04391564128141809,0.033015699634729494,-0.0034489809481487587,-0.03530861742812989,0.011910303872995335,-0.02811042946949024,0.028381459082801645,-0.006833636164481881,-0.02196287737331649,-0.025766529597131757,0.012074066721218408,0.01663894884830538,-0.00394328952466763,-0.011193969690037334,-0.03582970751984818,0.00964714041523637,0.008502741973713254,0.004471375199962226,0.001467431907498263,-0.007850212534912339,0.036568232377350365,0.019960214163927244,-0.021665629973111823,0.0500427168617239,0.002227032124051276,-0.022606888841897124,-0.0037105677749950322,0.020249829927919,0.02952078026133576,0.030392229997897677
2023-08-01,0.04526612574569918,0.0017779966731152539,0.01068660549023565,-0.01643452800462673,0.0246598567550112,-0.004394846713264849,0.004167506227941739,-0.047807554191908616,-0.002307735417648298,0.005483638143910723,0.003064214106306728,0.05188806247542891,-0.005560602133324705,-0.023951386823334638,0.003571501006178008,-0.04307209318582211,-0.019219958927653463,-0.0043146660617814055,-0.02371569877214666,0.004380036342310608,0.005832415833873481,-0.010711352341350839,0.023617206501588855,0.004287795250111817,0.03136950100608475,-0.005120422401023792,0.011871146154532445,0.008557630926168304,-0.0252619388075474,-0.046002835222700884
2023-08-02,0.023306969623899526,-0.007093893091204354,-0.017255890187248813,-0.005518576803249226,0.013669577332587609,0.0045936074000532765,0.00797629027060964,-0.012876444235214016,0.007728510487962668,0.0048949221094967445,-0.0030582700695997015,0.0019245506356317902,-0.015845358530155104,0.0015102144094304038,0.008220750941123832,0.01656828986008844,-0.005751749456080399,-0.001880477900146354,-0.028709130206178296,-0.013056427426817122,0.004771890058571452,-0.010704057891607601,0.014202502769286068,-0.0032488372910664228,-0.02133499337857978,0.011275405798519255,0.019161295849458113,0.012738074895971601,0.017579312315739358,0.004498453981164084
2023-08-03,0.011608007384626763,0.0033887913807257503,-0.011499900603086356,0.006058406709913901,-0.016999654781845484,-0.026040951002497616,0.046366309691212436,-0.0022859197726066978,-0.013817710851938978,0.008542456847097578,-0.0030439419564117897,0.015773868633464874,-0.02747235105165157,-0.0343543812129108,0.017259326533897446,0.039946505854541146,-0.0015988287768557723,-0.00790073567536266,-0.018011036752179306,-0.02788071155462744,0.00800366996680944,-0.030540671090819208,0.007705637445060985,0.01594455572134848,0.01488072189911653,0.040423869702788884,0.0026324993768007277,-0.022758991296734903,0.025279362984609352,-0.022840487299192188
2023-08-04,0.028632517621777265,0.0004270742294651531,0.005266452107169983,-0.010684770740112617,0.032543693568768024,-0.015226632347222843,0.00903712340795182,-0.0017294379083841595,0.0428145219066653,0.026307459933760425,-0.025893205362945697,-0.016308529447446953,0.017639527344696537,0.0012192266786304874,0.014026264377657546,-0.01765876654521531,-0.001574834833486816,-0.01872102413801565,0.02462392788478581,-0.005537615749108837,-0.03694549601826042,-0.03384767888705702,0.015963620166551187,-0.028336003604842622,0.007340638788922115,0.018113720402104554,0.04545839016240286,0.005675785117244452,0.009203360586582941,-0.0021054996559117262
2023-08-07,0.0028179111574610266,-0.0003092191050188483,0.022653523494302656,-0.032686505259376115,-0.012015497152655544,-0.020461856682030245,0.014555543341901506,-0.02010504814035449,-0.00719861411532779,0.026939071860941795,-0.020690962609782867,0.02795201658790345,0.0118890852701875,0.011885315964848082,0.009318170454507732,-0.006601894881812236,0.023551102689734513,0.020902775317719623,0.016436299118792564,-0.018707716769303252,0.004298413578125636,0.008694957939679485,0.011640999130394925,-0.02425262708151701,0.008667164964420089,-0.010834831603416478,-0.010751500074099179,-0.011110478432318662,-0.013014678489220019,-0.005391788127466049
2023-08-08,0.009728128697522504,0.022190060054718012,-0.0018198568714862654,-0.0017599608827070326,-0.014632353140650017,0.05245422880605291,0.00132600069791134,0.020760424764325776,-0.021308172118451298,0.018259872251807217,-0.011867655408856252,0.0021393883107942535,-0.004978257501793055,-0.0029890789726582253,0.008934408665010185,-0.008093851026477228,-0.008551415344764437,-0.01673111318047872,0.026270574450022,-0.04020569995582231,0.021755266667386013,0.014483190426515956,0.014149277814703239,-0.003800089714964504,-0.006389035212526256,0.0036122489646300076,0.002391484501332645,0.01977163927339477,-0.02950037679508813,0.007028976810903222
2023-08-09,0.005865447934618293,-0.016340847441389646,0.017151009395528494,-0.02912250914473359,-0.00568231741667011,0.025252776526653423,-0.01633863721609989,0.003448620685194203,-0.0009297359750148736,0.010316322785108394,-0.0213328320155219,0.004666547902228863,-0.005171166614963277,0.022954860162658186,-0.00958895704384397,-0.016579239610326216,0.02383760999763535,0.03220255253417885,0.052035071537068094,-0.004060045728974055,-0.01226590001272974,-0.02130407339121057,0.032007849460542685,-0.0071807673484841706,0.01361640975135649,-0.005189273427618038,0.003031315908794284,0.011732520651852324,0.0010244882087963177,-0.026045667687682357
2023-08-10,-0.01130807186059144,-0.01868905693711614,0.018767097052524457,0.002179467188309296,-0.028109921199055837,-0.007702807166942648,0.023938907816558937,-0.038878923774097185,-0.008715472760305312,-0.023864619658051804,0.0026006045910584815,0.01646112618921301,-0.014942318205729149,0.004938825820746272,0.013785908420774647,0.014425716729050518,0.0016240800163989087,0.006962298192854065,-0.007065230787370979,-0.03446396821031663,0.003536825843343481,-0.010843015960800109,0.004510000749249637,0.016890174645307607,0.01348798520270739,0.02951401336168157,0.013679374297113855,-0.005110932114991956,0.048309229655680165,0.003525508661037867
2023-08-11,-0.013474416835817352,0.013296775999687673,0.007997133672315762,-0.024683853239207267,-0.03354401881043894,0.025312563870648088,-0.022361529764111016,0.013268587388542225,0.0264900359754322,0.012512704699431772,0.027488657630821495,-0.016400428261727093,0.0343846092703844,0.013111873850919446,-0.0016468664931359061,0.027860183473594848,-0.0019913537107711806,-0.015276655289466907,-0.0030602807073263376,0.015254678351781206,-0.025807222508550484,0.016963718088630793,0.00568753615359397,0.020738914621465866,-0.007238739892447593,0.008095283526862208,-0.0020841657408055716,0.016445855644564904,0.018548629120059928,-0.035186461148563664
2023-08-14,-0.009805088726334713,0.0186585776753888,-0.0002537566192606459,0.003831277806644311,-0.03114333237753262,-0.020222965382429604,-0.019330356550315602,-0.028055173014808005,-0.01582974156628854,0.0020755873958471405,0.03197158423482699,0.030586556890440163,-0.004783703244108692,0.014764783510270885,-0.0001521617044211714,0.014273309466720447,0.01877189099240262,0.01935551052902283,0.013616916712649285,-0.030618443302805616,0.025266294140906642,-0.01841506265825402,0.0339435338829173,-0.005182587408690468,0.021416382616386054,0.005561250901879648,0.0347853884958444,-0.02087569014602008,-0.017345968870084015,-0.007338704282999372
2023-08-15,0.021023941726157454,-0.0018296264936256265,0.0017416841450413434,0.026976757534683177,0.027096298304492377,0.022843629890342634,0.016435953910628926,0.01031264336847639,0.0035210004413349207,0.018108073036281307,0.010160661909883554,0.011260544912442888,-0.016256450142533206,0.0252578155296621,0.01686660181289705,-0.009856962049652484,-0.005194939341002264,0.05311002769103859,0.054285295771521275,-0.005925311154327967,0.024717675979505353,-0.021161172021649407,0.0030493594372676884,-0.008003652923201345,0.04124809338353594,0.01485208849113759,0.02513382383927075,-0.03098784552947343,-0.00687388067881998,-0.0038770590352245025
2023-08-16,0.010559255711387041,0.00618118532684961,-0.003703139332202743,0.015642540382627843,0.018696714297696267,0.0004580896921599634,-0.017902422590951463,-0.0008475351959356182,-0.029571203343654567,0.029368313327773028,-0.012610613012767365,-0.00575670397054322,0.018268912607391944,0.017638102036362402,0.004773854968698217,-0.016397149743551276,-0.010093320611304666,-0.03580274826652666,-0.011020214433999566,0.027063502773432797,-0.006589996785098485,0.034841019283568295,0.0025259478882210464,0.04186931155027664,-0.011651051463526728,-0.040031021075649376,-0.027249967941174316,-0.011047267377637886,0.037044557115790695,-0.010412818091541307
2023-08-17,0.033596790593031715,0.056443877626567454,0.013724693229486292,-0.004979628472274028,0.04484071309841864,-0.020626274571296017,0.023962793425105922,0.014889776026178652,0.005204814863510117,-0.005173415120147094,-0.0009916053203000371,-0.021935472564924,-0.018592658998347965,0.0029444895553402467,-0.02611795899021207,-0.02935060764914948,-0.0009225196690625878,-0.018190148885256805,-0.00323922598921215,0.02150155733700251,-0.014341530389268616,0.032949418468092094,-0.01238631207025124,0.01836764187178148,-0.01622217259870138,0.014693941277852148,0.018249224705615307,0.015316577947658746,0.017207253251348444,-0.0021801834495873747
2023-08-18,0.04647155458788876,0.030305758116451528,-0.009208732407673498,0.009846963968297722,-0.022008937409402317,0.0014866347756367303,0.031154171057449654,0.04387170962014664,0.017776251615921803,0.040730463765620374,-0.007605062727795712,0.028498065483093016,-0.007887710488831018,0.0013350578081108575,0.030641764927440678,0.003330232089672015,-0.03797381021603762,-0.017496578773777804,-0.006618170853112937,-0.021715115547604767,0.0038317952085942944,-0.0009219302656558012,-0.016751372295513794,-0.0031608016079957015,0.030500600690464043,0.02205844389839817,0.005919383352987058,0.006545554870613415,0.030218802727824217,-0.0026031854658994055
2023-08-21,-0.03075683473606577,-0.013950330321836665,-0.01931801818463836,-0.029875638610054236,0.012995154905474296,0.011832547084667754,0.010679602114621442,0.024069932613452007,-0.03966650988733996,-0.04262537410202662,0.03164910383145163,0.007713984405346348,0.0020905051108432763,-0.001203317220094531,-0.013319214819634537,-0.012385240625943941,-0.004972269914371857,0.00044425853969859983,-0.008635702360156754,-0.05043217467494531,0.05647785562243085,0.017107866779255878,-0.01496766065552007,0.015491172603495671,-0.019270703754539344,0.001891478721405463,0.007647550296574848,0.0012987960781452022,-0.028185836283209142,0.018469709346924233
2023-08-22,0.005593655368831905,0.019293199274377136,0.011993477259200467,-0.035431523360484884,0.020636381175151885,-0.010289052175377993,-0.03074764471917725,0.0034707005956730722,0.015906256507997197,0.010482134642700003,-0.005678751858573502,0.011287110348770378,0.016200105358467314,0.008101990754335726,-0.006416203634445115,-0.0027783032302258277,-0.009162090360618925,-0.004174018516534253,-0.011861842458053277,-0.05240855461366231,-0.01720387710977419,0.037469205059052275,-0.015186404672472594,0.031508469857829347,-0.030611988036432825,-0.006586765482641469,0.036375936017837666,0.000777322141737277,0.013402295434979403,0.0031376896535329954
2023-08-23,-0.030650029842348152,0.0030903087305542455,0.001875346735678827,0.01819684260645059,0.008777084051607861,-0.026492400909956294,0.015611360232181608,0.015535583273483295,-0.006301369117294393,-0.03364163854184892,0.02119978953171569,-0.009929554405391432,0.018062177672762775,-0.03264972717243852,0.011579073118028903,0.02323291318027307,0.010613027508634021,-0.03871521249661925,0.022069939783858572,-0.008795148730848827,-0.02164936698625657,-0.0035664382789590676,-0.04099854831344739,-0.026956697770329142,-0.013444378207200154,-0.001027588414516156,-0.00278925684024338,-0.004998007108640218,0.005912332913933881,-0.02941444390428364
2023-08-24,0.01584380737394475,0.012648327194815193,0.011716033218688072,0.0038594486781488462,-0.01624775742485488,0.004569268329864688,0.004631749843935514,0.01559223436134977,0.015696676655550648,-0.0018785791972321152,0.025735868009578965,-0.013885567143475977,-0.011671366642566083,0.0020371916365065704,-0.01726304186769328,-0.030334656449457452,-0.048844843992244175,-0.013012969459142678,-0.022386483856811207,0.01686281741282418,-0.022134702575074067,-0.022777035399319242,0.011669681051683794,-0.03730482287416541,0.02416597126014344,-0.03905121332301055,-0.013599838112160872,0.02447983408818851,-0.014645636176101384,0.002569236980650876
2023-08-25,-0.02899435632414321,-0.008532920458007473,0.022181347058021477,-0.01861241186767968,-0.04507014342020009,0.008038674080630076,-9.897378469432745e-06,-0.00829669268473746,-0.013498010588694478,0.008850767838795863,-0.0010454252429405917,-0.005278114899629517,0.0354084810228748,0.003267227620934815,0.009601144865763795,0.046503494325469304,0.012573736602271821,0.014772397917755975,0.016800480490966833,0.008382890500205662,-0.0345253734152984,-0.02510373900175714,-0.029945261553765663,-0.003727454686283037,-0.007323541198700008,0.021453711248637857,-0.0014301952644898306,0.01050765167732043,-0.008427506397789965,-0.024998343811410095
2023-08-28,-0.007284976189522329,-0.047791046939376865,0.009974336269745775,-0.021618199119242967,-0.027288074346624877,-0.038490919372044956,0.006860600230216525,0.000895723342458659,0.008057056045346936,0.0005531520393346053,0.04154155775455244,0.0017906543759772504,0.02494700580762597,-0.025600736429791396,-0.005766977233331622,-0.014079896739349238,0.0014030291585889433,-0.01237653513369173,-0.0008311147296324493,-0.0025414013572666737,-0.010247507072558951,-0.03103497909808945,-0.006971858667931432,-0.004433069851725431,0.009620221966320891,0.027332192411729364,-0.015386242975396416,0.052626962305230604,0.0017654338155602006,0.014045851644129472
2023-08-29,0.0012429803457852959,0.015127107632554643,-0.03290002628883173,-0.011334882692355096,-0.021171207600488094,0.02783181478123428,-0.01473709108926304,0.0031760160257511875,-0.002086057018621596,-0.01918660390802852,0.011050698077488643,-0.017486810542586897,0.017448597792767563,0.007334879228025702,-0.006456862229743466,0.0004928902719048487,0.02712543617447985,0.004929252783437644,0.012359169997276044,-0.026119299515896716,-9.94704785767107e-05,0.019483362321309657,0.005839587339438724,0.013773914162402775,-0.0002479883616352409,0.019142642669004877,0.0358742574368237,0.00442586221560465,-0.01007125347099084,0.014501633462465755
2023-08-30,0.01573695738235965,0.008814558731882872,0.004601677709134269,0.01683079146145501,-0.012313534944129952,-0.0103988243064233,0.027023336066240276,0.02624344874648409,-0.003514699550775487,0.010880680629463822,-0.03340221093726252,-0.0027097289271850755,-0.013583739239367575,0.02361703567236143,-0.012152559048384365,0.0011845146414905003,0.007772123578596436,0.017469814799070962,-0.03136268032146071,0.020284532808001146,0.020173053100440243,-0.00427692436473478,0.013504036982423967,0.027461511942990808,-0.018150656706083554,0.04815344315944928,0.034534807517789125,0.002916388734056051,-0.0007147037749433126,0.026814297502301056
2023-08-31,-0.02925027507825678,0.006900908422084912,-0.027947431533090882,0.0007801982115644428,-0.04472542054225498,0.02881129959333131,-0.004181849031455628,0.020801081157849226,-0.007661237089712133,-0.0056859561781990265,0.009740121227037532,0.038530894975490226,-0.045087203114825024,0.0039392145792243646,0.02392761997586767,-0.01558834450810303,0.010816278895537825,0.01997878976070781,-0.001893023286139214,-0.03571391466443257,0.004781287499313812,0.0231934333772195,0.02424216026904463,-0.007168736664381304,-0.013108415048305587,-0.012841853619359361,-0.0007195739523519922,0.00911176258007567,0.0394445887011902,0.019156453092804056
2023-09-01,0.06888195673130298,-0.03766920681874977,0.053276803368808384,-0.005477282693135299,-0.028913812580822415,0.003479813675086049,0.017830945814479963,-0.07195023826668699,-0.028822961154663235,0.006259856765381065,0.011329109652890138,0.029953754089794282,-0.005888496635370689,0.001410006382919586,0.00754935040398047,0.020372099087047957,-0.021694557578111787,-0.006122548637209434,0.01120482016472424,0.027409774531301844,0.015187371976824623,0.019092771027722936,0.0018775615090766019,-0.01891600741622327,0.009748760653325939,0.03134818898253873,-0.02126957625645168,0.00596103979679717,0.011175603718766143,-0.0028260008714354793
2023-09-04,0.01961995007031639,-0.012184081272350763,-0.010595037079923913,-0.01732672200913082,0.023349465517728443,0.012750832714613742,0.01079985155113176,-0.0031685094440307387,0.02158795926451617,0.012740137386113565,0.005028387911232032,-0.0015454556714354876,-0.0188389614579924,-0.035062006161178376,-0.00878064384203529,-0.0341126755485757,0.0033029652369953055,-0.015548841881400538,0.013839501558659715,0.003295427526899313,0.011608369282032056,0.005773498667640581,-0.0007485274210997559,-0.0048739909109384635,0.008849183912047776,0.01697745708490529,0.01760808305260884,0.026087952603727683,-0.014674907800501995,-0.030121558121196528
2023-09-05,-0.012607892245809485,0.016473717067599723,-0.01281410863672738,0.015899688242812026,-0.005756584143405565,0.00034466768141656277,0.05253342979433154,0.028771312534527596,0.00859187907746545,0.008569691007789383,-0.005882919747199761,0.012770808212131416,0.03502755034442118,0.0017232616178942453,0.029985046946332816,-0.028049337253372178,0.006671053881505477,0.007390195628188697,-0.035740219109951926,-0.006407911375637979,0.04137720824594344,-0.0030980317290491954,-0.0019568293765583255,-0.01277715271757849,0.002344953217646652,-0.01162105502594755,0.005653082286696279,0.00013950691070191285,0.025552593581872483,-0.00562027572224998
2023-09-06,-0.0053739953282681465,0.018153523860071758,0.0038713106379797617,0.0039799530459683815,-0.0025041832897555075,-0.0124751791737816,0.02121997122289594,0.02465014994524693,-0.004365959406442915,-0.04168058612576486,-0.02762563871474365,0.021525183942022484,-0.029933963722825134,-0.008630652900209418,0.009818033845710979,0.04366735163805238,-0.019258958902942915,0.010487437529479239,-0.0008842181136520368,-0.007987062333251988,-0.00516466380816224,0.03834299222667087,0.000269992500498042,-0.025285705460119656,0.020777742753210985,-0.009292750714845501,-0.008256649890370723,-0.03004698099993657,-0.011637719256517156,0.006017618849076765
2023-09-07,0.01021786333936407,0.013256011825752013,-0.0023913871247418592,-0.015570032527017738,0.0034462466995909863,-0.03104771193738637,0.0027812034016255556,-0.010147409403956554,-0.008669306725742175,-0.0024571780151904114,0.011437183616055743,0.01819128962794128,0.020986505017110094,-0.0009832336430898967,0.014457823412651146,-0.019376782575520408,-0.016427066592372145,-0.023366763321125947,0.002792499464327319,-0.004701180293296235,-0.0052388195306128415,-0.027980728729213183,-0.038032154322004,-0.008929330538947273,0.03512101091066824,-0.014959255690553072,-0.02601241100785347,-0.024356801612554917,-0.005228599609590849,-0.009419318575999895
2023-09-08,0.003035422980842046,0.0017884947968008287,0.030334433270143204,0.000867869807046724,0.035846725518014454,0.0003327694941360649,0.00197449078086145,-0.0332614597536943,0.005566725876409892,0.018570735839612176,0.006509283127582622,0.0049129834269292395,-0.02042748179627476,-0.004946203521727114,-0.00923674004709087,-0.004069959759378112,-0.013348112184989479,0.004400888202122817,-0.04296999057430773,-0.014148281861146195,-0.004123470074058117,-0.011940356765649637,0.02303813389296463,0.0034361461468513867,-0.0175584286907151,0.001466580195513492,-0.028479983753079762,-0.010456127735454573,0.005536340576317555,-0.00889939641692736
2023-09-11,-0.0363446392890945,0.008901737420274976,-0.032514800361223624,0.024829869127194815,0.005542584379935542,-0.03317873895500624,-0.006302284369832768,0.024282382007125593,0.0056943901200309345,-0.00832039267948008,-0.03983437273036485,0.03816266749619525,-0.010966045894941257,-0.00860311002522324,0.04632226200320136,-0.03924143885705539,0.002987182270131586,-0.032261438983117084,0.0006783313640276998,-0.017222182057854262,-0.03768197459334961,0.018871507785859283,-0.02312966193333948,0.041142829771814146,0.011031069447168116,0.03226896553046253,0.026946328764050627,0.035796089927627346,-0.010206612133068371,-0.027206789611895762
2023-09-12,-0.011850240461422582,-0.01928144457886754,-0.044551205999251275,0.0035716110126256897,-0.0031917325951079135,-0.03719947543781275,-0.02154429148483829,-0.004648322063316666,-0.02828284841294263,-0.006968605633178359,0.006986532301998273,0.012994061440804302,0.0004357622685856947,-0.017243853452960825,0.03226330663413754,0.021991059591674137,-0.006732277181104513,0.03146078431852314,-0.00925768164317438,0.008391255873092163,0.03447361612700005,0.007232402208832573,-0.009063504067870662,-0.010547277762876844,-0.017605382877311507,0.04864213986917419,0.017724253717366883,-0.014208252995051188,0.003988258447249028,0.006029895512595864
2023-09-13,-0.008335670241570654,0.018341665620535873,-0.04006172371852549,-0.004822793253552076,0.030334321385532104,-0.01458327327961438,0.024969199760299318,0.011105967055609876,0.04345204292080437,0.048436685129816075,0.02502529854832322,-0.01056644744606657,-0.025373430211023448,-0.012430327628452875,-0.047125522712712684,0.027522581814962595,0.0003593210514876473,-0.002740983994802702,-0.003295428619165199,-0.01156004219378729,-0.013380936763881378,-0.0006610103385361707,0.032592467067253786,-0.0054192375355008185,-0.0059796420662424936,0.015982516509718384,-0.02088274477831143,0.01952621628640317,0.00657669920071904,-0.01278976464473656
2023-09-14,0.00310536173060586,0.0029609854096293146,-0.019075938353485904,0.02303772225196429,-0.015174509270309786,0.03324644052796074,0.02553400404453998,0.0021237785617083844,-0.0014838453740962467,-0.0010857499047795586,-0.003571328415019649,-0.012090911343041234,-0.007689000287441605,-0.009967483896767996,0.00029201134447463594,0.006434838176531211,0.042643497664044745,0.024093566561165188,0.008739436997414666,0.016475645725232007,0.020531388537795982,0.016926731802321616,0.026022113191418318,-0.01185007386484386,0.020082100102185488,-0.0039030482600214142,-0.0046170944319437295,0.019566598830147892,0.01081395764843266,0.003530289183400926
2023-09-15,0.01996451621031173,0.008593205589714036,-0.009918381206909297,0.004346350091629622,-0.007766842887378656,-0.01611542194644256,-0.0034952763966318383,-0.008176410796723887,0.00043847333761070403,0.011222676889713498,0.001502031911572715,0.004968881087291327,0.00812331869135865,-0.008661605417154819,0.0011396142309220132,0.02057738487741423,0.019843205158968723,-0.020477247016640047,0.011957255761585595,-0.015575419086117646,0.016742344161370618,0.028046472382149627,0.011885535154200502,0.026958725897751338,0.04953292704294768,0.026588001601703954,-0.0013648990531061906,-0.013856526731789899,-0.011520511530690702,0.028563886796414563
2023-09-18,0.006695892364689909,0.037003609823497215,0.01793305107009395,0.012731529892010344,0.02128184348756942,0.013919770574417987,0.03914462945819742,-0.019728549330346217,-0.020168966977250253,0.002109419158041718,0.04027098535193201,-0.005653367374557048,-0.025297605744929546,-0.007458233462960763,0.009080273389556123,0.016428683032264014,-0.010209281111902713,-0.014800603000335253,-0.019670001855589727,-0.0018475981876261986,0.010070146920303764,0.008838883842417725,0.012613575171111183,0.00929316575876593,0.014375838491716187,0.027141201053308823,0.013841203189993191,0.026879772983416723,0.04435005717529525,0.014923012785101277
2023-09-19,-0.001027474861424599,0.03844589924398397,0.007876111488670482,0.008334770652878193,0.009604215190101111,-0.0019642321338581847,-0.004278984774853738,0.025044937535101213,-0.002271475344645368,-0.029928456356165065,-0.008227290525683752,0.047359254867165725,-0.005394594525585976,0.0014430478333678361,-0.025650900240834187,-0.006564750172419247,0.018671149615056302,0.02274184594572436,0.013764903636450944,-0.00989010566634254,0.0009964931229229754,0.003442670895686718,-0.017397548341928123,-0.05753918320564838,-0.0021351386885223485,-0.01765050030757418,-0.005742384093422919,-0.023100802786408026,-0.023189778383135885,0.016761713087543036
2023-09-20,0.0019286495237290236,0.02965531022432588,0.01949896873662716,-0.013216241280943503,0.0036712902994909704,-0.021374121185266833,0.005142347567079176,0.002395917090264457,0.04145196139372063,0.02898479174701576,0.010700867277070295,0.05107971903600235,-0.026285943459021213,0.02284739676450735,-0.006527910131783199,0.03428502384423092,-0.034914658629322935,-0.01074727051836609,-0.016281097486604487,-0.01423018356174317,0.012368321424884166,-0.019633798764653886,-0.001992335574800325,-0.003318890095373008,-0.003554978236220235,-0.012605908573014217,-0.018424624656208803,0.014463342419565773,0.012616334727403514,0.006841971843624962
2023-09-21,-0.015393238362394793,0.00014587049664081168,0.0014709643483345762,-0.03443464928503434,-0.018437011916081613,0.024038986691036213,-0.0017628989654873278,0.0013676017763652772,-0.015326745122960657,0.00016197847678418926,-0.004196488727087561,-0.03011981338636305,-0.024018911670482257,0.007758270375482214,-0.006281235297350996,0.008279820267848391,-0.02480844741601127,-0.0238799612947694,0.055969962727176595,0.006189150550539628,0.005459488943830069,0.01666464748620564,-0.005302185888898868,0.0055633935476819005,0.014162291902169735,0.033242769923398884,-0.03167142253127131,0.0015916411705596903,0.015742849283430907,-0.008259405016372796
2023-09-22,0.036690272784009846,-0.003122725723874324,0.011770029274993585,-0.028146121601376174,0.024838508971087192,0.003912597192242711,0.037780161471894204,-0.007424531294979711,0.031263872928045555,0.029724755467393497,0.01332971828974498,0.0007839122149084855,0.0020709101303377194,-0.01723772215836415,0.025633745771618175,-0.0019325364687615798,0.024788093138797308,0.00472316114385372,-8.091257386243775e-06,-0.004591012012049495,-0.006031295393963841,-0.016808447023482276,-0.003520868013180503,0.004377028335698746,0.00026314346323309573,0.024436626240594103,0.030745517035947006,0.029373528488449856,-0.029028615591891824,0.00799483392911546
2023-09-25,-0.001303257071813115,0.011834920090416765,-0.02225164072584314,-0.005610693576106409,-0.031163612969414667,-0.021606877967660032,-0.029538051907426786,-0.039406802761839305,0.01962229492228796,0.021795664130887498,0.005544996518536468,0.008715976529280344,0.014442301635421335,0.01040278247045665,-0.0020189225856428665,0.007895710902419325,0.0089835239198167,0.02305579525743459,0.024285565988420642,0.001226350598553652,0.018644500743619664,-0.007473159208229153,-0.030637705970631434,0.011180160426563111,0.016649310566417008,-0.004644546499366845,0.017747056529733768,0.015345735024076225,0.017288362193641507,0.007258501575271143
2023-09-26,0.018636980522062883,-0.05457343214352958,-0.008935817276228171,0.0008365793891193991,-0.013527271563853735,-0.012167160453211043,-0.018581088704183464,0.015869221540173735,0.029997611642689912,0.0023911779716168755,0.014214009791504991,0.003448565489976722,-0.013975500564963736,0.005226893192487348,0.031080606163883053,-0.0008300171448074939,0.013610690754732886,-0.003643508096585044,-0.0037933602978813506,-0.02241546008600295,-0.035808434858624644,-0.0008517297045904778,-0.0012796814626799334,0.011332686382168677,-0.019223205185906315,0.022958938945811767,0.0026206759408895415,-0.019996685668569946,-0.03592843050898075,-0.009489949957927608
2023-09-27,-0.019461694342741285,-0.01221805630848749,0.02183129835131535,0.010982257700874016,0.02367637276160236,-0.027840968444053985,-0.005067613199741312,-0.009993444354118275,-0.028338008900890034,0.01678644579057227,-0.012633082031353018,0.02941359325270145,0.013873524354764029,-0.009589698533075754,-0.015028121246252822,0.005968114986293612,0.02305708297142245,-0.014127506392254824,-0.017001741069359,-0.029194388588229418,-0.039527918695855875,0.006605421083851581,-0.015279228848652347,0.0023875427834987857,-0.015396428718539837,-0.0006120655984820742,-0.013590670274693498,-0.05136470555901424,0.00330606639666181,0.00216009346415884
2023-09-28,0.010216738617476672,0.0325594349436518,0.045737036817375,-0.011279052047173124,0.009335512551162517,0.014592842225657515,0.026827050539380632,-0.024071258485569534,-0.006246913980108529,0.01608367260642049,0.01878303903570012,-0.014353560881620228,0.000883913254079867,-0.03571413345058115,0.009099496555751114,0.018372936437070924,-0.014213530174729476,-0.02048331599026969,-0.004059650008493037,0.003833349543543065,0.011812723866549253,-0.007215796451974297,0.0043913204913324675,-0.005924344309763006,-0.029228151662505707,-0.009418325915893352,0.006541602013206758,0.014916971853758851,-0.009487873150774666,0.008961482778036736
2023-09-29,0.013282074151774504,-0.028033863028045995,0.0003971427557510363,0.001412146509051218,-0.0006018607241879725,-0.004710674565441173,0.03469666887165425,0.009779619058425159,-0.0007122070334028396,0.024316752280305602,0.017658680441002137,-0.009846728633510646,-0.04672527067789809,-0.005661237108914156,0.007808443445002763,-0.008587403685788465,0.00979817000221425,-0.01307919168937862,-0.027301988458213442,-0.0028444162152327823,-0.010487208011651433,0.004404144169503465,0.022484836614289325,0.01279973967256995,-0.006273788228822156,0.01752136281793378,0.01819585576463004,0.0255433866373636,0.003239426034407487,-0.01652164842749947
2023-10-02,0.0023126768050066937,0.00796730964950055,0.0016538811673044431,-0.042868431942371145,2.744424174583104e-05,-0.008418201187281874,-0.005859853876026304,8.347579235213462e-05,-0.018955305280934028,0.04090301216560049,-0.007741169593496298,-0.002522500885815393,0.0046436825687052015,-0.027121809529850764,0.022915161922022358,-0.001403570369047034,-0.017374870173883113,-0.010305998386287327,0.02087223123135295,-0.004021316037903577,0.007952125378583733,-0.004936377166295128,-0.04522147168431464,-0.026943567542300935,-0.033074815791491956,0.004762882514085903,0.022081668199072133,0.004807157882540749,-0.011164674743512373,-0.03689095496823696
2023-10-03,-0.036079165041907564,-0.027556126244522004,-0.062448461459316464,0.007915977096014874,0.011165346835913664,0.0017080543567801708,-0.00930370519380166,-0.013330497669191014,0.04614785224590299,0.0203272916766256,0.03303437911490156,0.017367622575470906,0.0075189706640906954,0.025880704436882482,0.022702933085217685,0.03488417229871004,-0.018420879411064423,0.019922316348546132,0.01090192009667825,0.002805678894073027,0.0044297883786934686,-0.0016453406096120864,-0.008205796109858308,0.009263903646727514,-0.012653754339073252,-0.05245109529908703,-0.008254421917260255,0.0478533460106397,0.015333886346610204,-0.0006890098419786519
2023-10-04,-0.022131759510446374,-0.003927756043169247,0.002664309002545755,0.008750946841787632,-0.009088212392126111,0.03271006159023408,-0.0022168955178212247,0.01731595162639656,0.021909861604115916,0.008224324104096408,-0.03186966321383105,-0.03339282569738836,0.021097758913872895,-0.024955709983184225,-0.02603472813350009,0.0032189756419346636,-0.04367756826978159,-0.010602606946647565,-0.003626210780024232,-0.04381867643266773,0.011783071064412128,0.008333296360758642,-0.016563545360786497,0.009228633209096972,0.029159095402530904,0.06522231566331886,0.003995438981728493,0.013687037057402441,-0.003046663147001462,0.016709931130558534
2023-10-05,-0.029375206363861893,-0.0143084402081431,0.026048913122703132,0.004466946684091785,-0.045911370623840195,0.0060209969423656255,-0.002983777593069534,0.017621522527047115,-0.012190698951723412,-0.02193793184361113,-0.024727907557990925,0.02846864265549494,-0.00280434518813802,0.0063466074901748415,-0.04614953010598213,0.04864908247549412,-0.02775856926017035,-0.028620945529034325,-0.03252757106983185,-0.009193750850185414,-0.014794007237939851,0.024773480092427993,0.008273512649968812,0.026387443284825587,0.06842795642780557,0.01611965822619632,-0.010553779824403425,0.011710251235464101,0.04606873498447913,-0.025038589933984737
2023-10-06,0.010082382631417974,-0.018464635002072304,0.006893996657110181,0.020721790728811904,-0.01668283807613604,-0.013594963746865625,0.0030256700571202736,0.030226442600095042,0.014233644476302895,0.00996916968953125,0.005648563792547758,-0.01375074534511508,-0.02144273562090169,0.03042146511116321,0.032957387908322554,-0.0047816160097521225,-0.020087825814162946,-0.00948583995481512,-0.00040250456657562873,0.021916933414665933,-0.020496951685046703,-0.01224376913147203,0.005998867435552763,0.013429641420948527,0.024879695601781625,0.04228950548192345,-0.009742409581900537,0.0043753094881414725,-0.018047672312768825,-0.004878262566254686
2023-10-09,0.03702499559164336,0.00806094096134744,-0.044733370263108155,0.0032998100679643145,0.011115271425028266,-0.01154061365386478,-0.008845149824126158,0.019756074083036795,0.012395117028431083,-0.00777043052653136,0.018124159272513145,0.0114639152365076,-0.038127576067790894,-0.004498725042906505,0.0004213782000666854,0.03945814170630024,-0.005866311511446368,-0.0049431083225653615,0.020770204614470107,-0.02780419290114326,0.015423208407172985,0.006193936973089181,0.016322857512433668,0.0014341109867087557,-0.013545952083688088,-0.010268917967559908,0.02078361855378816,0.05574113206705268,0.0002727166953026873,-0.016052368297790585
2023-10-10,0.019233478857258474,0.030173478220027108,0.005609394212252357,-0.023927079600422764,0.005068479227386994,-0.03688408931825026,0.017689942847065255,-0.015133220131717577,0.022690306447501855,-0.004043731937797511,0.012769081533430352,-0.008856170726675161,-0.016767952743008505,-0.01123472008795078,0.004746087721118254,-0.015216345876846513,0.03507796946538082,-0.0022470358905687547,0.006023577338413791,-0.019366266908310777,-0.018501898016542923,0.002847847804525623,-0.02404124403366603,-0.0031257131399933446,-0.021920161216572438,-0.027130598951930873,-0.054175813824892755,-0.011317552868098817,-0.0031711141490550405,-0.021378979678645414
2023-10-11,0.02038196473491125,0.02604765008773285,0.005397799504568155,-0.0053991853312922375,0.03910114633156185,-0.01878709105358958,0.019304714903646745,-0.006246525087140604,-0.022364349905674794,-0.008680923919128135,-0.00787036446182727,-0.01623568617698158,0.006299744524243426,0.015205643318185864,0.012931762674794742,-0.0004135746897400337,-0.009893020753253316,0.019883124724308147,-0.04505559984199294,-0.03325900395970863,-0.001531733058634214,-0.017606986041849678,0.018969666351430214,0.02914876934551424,-0.02329265316995716,-0.037218030829248044,-0.009541264654478564,-0.017908163461414103,0.004590182707892688,-0.006065154243201296
2023-10-12,-0.028586429627960278,0.018309203135268706,-0.0013952874588374184,0.017940202149663995,0.0037843767811110017,-0.02027932465596874,-0.016986364369072502,-0.005219617899947239,-0.025385583623068905,0.010589179056171303,-0.001935504923124705,-0.00945640326875345,-0.0029051387303651575,-0.008597891724170132,0.02343120645099521,-0.009780228376899904,0.028055008426961466,0.009114435850178708,-0.002565016959294761,-0.02798557857527788,-0.012541444529361213,-0.012449035607457928,0.0242574667754731,0.00316046701290823,0.022140371618297527,-0.02145057825692544,-0.013912036212395385,-0.0002027853054063855,0.03618226824493167,0.024546893293466782
2023-10-13,0.0029379695968543592,-0.024412083326420773,0.023725447142414466,-0.001634760096568488,-0.0006869948570151795,-0.012972063250749765,0.029318362541151843,0.023978425923762706,-0.0011136185107064674,-0.01961484024312666,-0.0006955561984165184,0.03192721283711321,-0.022713228463606547,-0.021236700255383652,0.01582320455403133,-0.004697749563705411,-0.006509437171458786,-0.005752752545910342,-0.003501846339932358,-0.028538535039431115,-0.0026640812643074227,0.012383079037082322,-0.0031201686662240017,0.004673917982938472,-0.018137331174847966,0.004874970294890269,0.028286685375144942,-0.0036463707856336522,-0.030670334247908673,-0.013241079648384493
2023-10-16,0.00039609618567325723,-0.021795711813658202,-0.010813186583811038,0.007015410024269682,0.02979146923751049,-0.02221086404556217,-0.009849194204791894,-0.010597135840949562,0.0089190975144163,-0.021314175131762363,0.024756616407210986,0.010951863808954397,0.03398016141754572,-0.003057172832517239,0.023903244655404457,-0.021393978895658087,0.009984317859476604,0.016289454232769725,-0.010063216393253546,0.016302217181617527,-0.018700930770710833,-0.00899923862218655,-0.011556505691578806,0.002134816481555833,0.011802664270112784,-0.009645328921427884,0.005483959625485005,0.00191142853092162,-0.019249076435225058,-0.0064734175901856
2023-10-17,0.0084057000444232,-0.028006904658439826,-0.0002350120768372245,-0.036882167155288796,-0.002250309107077886,0.004376974334732542,0.0034672589176330125,-0.008490329696312934,-0.02284510802342452,0.004744332028676129,-0.018222974141256475,0.048690991004907404,-0.01340827572916352,0.024637542491568607,0.003426471712495232,0.0008389704142613319,-0.013576774943078174,-0.030295208380180853,0.015433235374658821,0.002821951865075058,0.013422698371398745,0.0017965784485082916,0.012066589291995108,0.01293949160910751,0.015757090205489786,0.01847665989335004,0.00023839840114851823,0.012979770439115634,0.0029230198093924816,-0.021104599568210553
2023-10-18,-0.012439428403414091,-0.056153947237668644,0.0001014439628828879,0.030873965383062158,0.030684191087149242,-0.036341890056627406,0.033664329019947786,0.009494819073093057,-0.00023755176947430487,0.037185229701128406,0.030843136862151538,-0.006848502559151486,0.027976686079652813,0.0011147005686136208,0.017359840468142283,-0.019840781505253105,0.005219918961556719,-0.03107859159780125,-0.003104221272526507,-0.014707140079826368,0.015983714461581474,0.0001508907438964372,-0.05561410082390169,-0.026032813371624206,-0.0024802117476277526,-0.034004489024951706,0.02975022585833129,0.004228175365293579,-0.0072109268189895805,-0.0011815998710416116
2023-10-19,0.005860517838928183,-0.033487719739809636,0.01808810592910535,-0.022448261656728762,-0.014307822369267672,0.0028166412750429354,-0.03759980425770949,0.017254346946882267,0.002634474670067515,-0.027918560942725046,-0.014673103823568326,-0.017655468482855975,0.0024767181027810278,0.011495270476796632,-0.0021603807426791573,0.01752474389640895,0.004530785792461405,-0.01904956498973916,-0.030860581394752687,-0.01377179507964148,0.005472673840147309,0.010620870321366457,0.013012742918765875,0.013043679699086434,-0.00261203050690886,-0.004169215932698488,0.004465817491310269,0.0001628672919197185,0.0007943061642858723,-0.00627243703360119
2023-10-20,-0.011080657730214378,-0.02848104096661532,-0.007558189358337766,0.024031074415658268,0.028917985438171742,-0.032670155679087536,0.014491621795884996,-0.008395743374661434,0.016591342714452492,0.003596180375945475,0.03229343920399984,0.0006926846931089746,-0.009929060207750081,-0.029240812351153903,-0.004022853915703947,0.015516860287607803,-0.024570463419323448,0.011770520570720675,0.0067859543039479305,0.01665272768811445,-0.001602152619784758,-0.011217937860220224,0.006420280451705673,-0.031860283503751335,0.027183692211948666,0.006964841239835353,0.019677104249546728,-0.041462772820252194,0.010150926878890422,-0.024123596521295112
2023-10-23,-0.011583182842126725,0.011303291294294039,-0.011655622382173176,0.0005519082824688079,0.015178201932272983,0.007229708272962799,0.011350174446006476,0.00916325992318209,0.02331500842546649,-0.004918684752005317,0.0017796500459205194,-0.03422283881368715,-0.01940013302034981,0.0012311923759187405,0.00729769614328555,0.010690728044411811,0.04780688423991822,0.010082773366178967,-0.00037605768614191424,-0.00262702425868523,0.010798260653454983,0.019651555903265516,-0.01561855872949198,-0.01027817559372517,-0.016911887043580983,0.00816208279536334,-0.019683869215008365,-0.01982239151597124,-0.0006099422660797531,-0.014235165622617034
2023-10-24,0.00940195223073169,0.000712614926579547,-0.02059026413490187,0.0026135640339730436,-0.027496236198381704,0.006433464982493095,-0.0037272178636806527,-0.02441100867659391,-0.006893734923892901,0.026466286386474903,0.016775465392315867,0.025944760542718038,0.01474850202895746,0.01719373926424646,0.03629783222343366,-0.007298614474079141,0.022328769916725187,0.03535370556297907,0.015957707408312725,0.007225877830698522,-0.04003001327209932,0.020496017416969332,-0.013169085278746964,0.0020065799721815753,0.04556660355368523,0.004725616892014746,-0.005906515110573371,0.014099317756498211,-0.03110210443206808,-0.009790833047238639
2023-10-25,-0.022662876306958114,-0.017224289746188778,-0.02876406171809603,0.021330210017104646,0.03191958554993156,0.028601937988174234,-0.009066452246814323,0.01686710921135566,-0.017005683400827813,0.02968363900524679,-0.006357170173316913,-0.025344198483925207,-0.03358966414896674,0.03704384261559406,-0.0028599037837695233,0.02624751987746469,0.0019449820607089175,0.0018301569330047022,0.027388095062985757,-0.0007371203463550481,-0.00481404031273628,-0.0356573235423289,-0.0016097940152106042,-0.0025402053844511253,-0.02256074879778902,0.01467908724849917,0.033698877561770355,-0.0012728031404441054,0.017816424468193957,0.0043999984009641425
2023-10-26,0.024060054043177903,-0.022259637587874897,0.014693200378476576,-0.043273655528888115,-0.009419377800547517,0.01973890248136571,0.007581125620888131,0.012379477638840966,0.026487492039504266,-0.004314150623149446,0.00026828090462709185,0.003818949307832355,0.0033857034452132056,0.01615619705513433,0.030475051276011474,-0.011322294823041123,-0.005147401902058614,-0.01437805373024671,-0.011096362798345619,-0.02131867600233286,0.013690082869776446,0.0037539312120426433,-0.04436042915920016,0.008610150482202017,0.03300763442505957,-0.028547544286443287,0.015339197178616579,-0.006462979468490284,-0.004360032445293064,0.002152709987270689
2023-10-27,0.012138267641075349,-0.011515984327156163,0.027947462468872322,0.020240402042209515,0.016793324754401984,0.018606517977231323,-0.004834388886640892,0.009961017385241992,-0.020849470237551695,0.007945831347834699,-0.005019027775403384,0.012995430710148624,0.008975939075704525,0.022183476761850975,0.028602527068870266,-0.006837635973245682,0.006585767297538568,0.002564747881725003,0.03224165837605919,-0.0072800387064175815,-0.01225437311596261,0.028345394952563576,-0.03237678555845575,-0.0012585189277112606,0.017385955942983634,-0.006412038991625777,0.0022904685833681584,-0.020575346151949517,-0.016301288581270803,-0.007236500069225741
2023-10-30,0.021099609083098284,0.033784613479200476,0.008057032119046122,0.03917404654692915,-0.01140189251940749,-0.02386837328039134,0.003162895679035467,-0.009948574168431874,-0.0034138348402715075,0.023906543814134255,0.003095566703323854,-0.02141558024286234,-0.0013682509270913545,-0.04699789630799841,-0.004058550610557967,0.029986989596501805,0.035258417824912014,0.02073071539996481,0.007578025025706716,0.026236038447357665,-0.007282331050458048,-0.0005134190799731854,0.0325603532942799,0.006710314599042787,0.051498335170750704,-0.03107625442356756,0.014904337831557691,0.0026883304960198797,0.029848219884743538,-0.013907816824819562
2023-10-31,0.005370552495499645,-0.007585011966729541,0.017019735864672463,0.03290764737783754,0.011304814596483312,-0.01971614001684667,-0.003849367230705735,0.0083783518166738,-0.01158574170013366,-0.010163741457330447,0.044900315593153224,0.02932070457831633,0.02562255838458429,0.020412945718721473,0.03909793639568806,0.04272405454254833,-0.007262697081436541,-0.007820463659481525,0.002339565428394723,0.01470806752494739,-0.0033831265652946394,0.008413939239398037,0.004545404072799497,-0.004361063775892443,0.015968779328017692,-0.022329570235047346,-0.0034594779991265825,0.03053635408871907,-0.020349879786138992,-0.0014508685091118756
2023-11-01,0.02272091232349192,-0.017489204284448955,-0.0076688140030204514,-0.005675370676542416,-0.009437081039758566,0.0026842588621140595,0.0011954338647177545,-0.04112649309079098,0.03886757789361168,0.0037384898473257363,-0.0045169330254215875,-0.009794710153490606,0.00868621202609986,-0.018725721421968516,-0.007100759090637733,-0.015255195217413003,0.0009320943850506401,0.003914719118649395,-0.027510116884318068,-0.017914269737554177,0.03685405642486058,0.009624744047981536,0.020043848807478462,0.006501897062163953,0.029031772934682676,0.021707493418033925,-0.004941843787568822,0.009906964144826842,0.008928807605031749,0.0063076962321295
2023-11-02,-0.03222210998022726,-0.0084109358551297,-0.012659718153393344,-0.02614704901554796,0.008902486470729862,-0.008024598890299823,0.007344282635013163,-0.014864959479720092,-0.026529433871688025,-0.014052494300118066,0.00905635072797989,0.0022215676384035104,-0.014730318074936823,-0.02387891808702558,-0.0032561008567230563,0.00020798920849142546,0.013446151432304126,-0.015458165728342068,0.024964000641641032,0.006269699994358843,0.016853884945975756,0.00840432397238449,0.007227056545719196,0.012381412057524093,-0.02492186944454262,0.022259862494277416,-0.00922105901930857,0.003865915466181518,0.03119003843312305,-0.0321396935479926
2023-11-03,0.006777922958352514,0.005324726729972912,-0.01125484655699891,-0.012685032226803242,-0.010458944103509248,0.023278728127774432,-0.014822559360458759,-0.015739239111512603,0.015141523857328401,-0.004040881878203159,0.04292133941813517,0.04425916193928733,-0.0034702006738954847,-0.02112908449654749,-0.024870286670811897,-0.00605287732618337,-0.022280581760946105,0.013657437803085282,0.033293672849022196,0.047859751553120805,-0.01503036947153093,-0.008120397466957084,-0.030871601389671894,-0.024511027435748435,-0.03734216613627771,-0.0005242781068326712,-0.0015446942253777242,-0.025172730721286816,0.03854619502289415,0.0014179305459141368
2023-11-06,-0.013013332904744655,0.007940873554568415,-0.04033312154457638,-0.0341604725694828,0.015994873210642746,-0.027298395446887905,0.013789497275125033,0.012408108560604024,-0.009544946360811074,-0.0036781268410710005,0.005701590975157653,0.024657499123606666,-0.007006096119855823,-0.016524458345746083,0.029270984189908613,-0.032917627522009614,-0.0012977300116170654,0.03918344443628518,-0.016561264925219348,-0.023323803523141073,0.009232959347959193,0.0001742694443787888,-0.001227942266893134,-0.007284467048658654,-0.05378692674263563,-0.04762306639457855,-0.0014455656097006233,-0.028715213393075895,-0.029167088102433306,-0.0063868240764412745
2023-11-07,-0.020461003443668697,0.004473590759225041,-0.0078080735767755306,-0.014323031841469415,0.006275371662354805,-0.02013334938402965,-0.026092219257139036,0.026086442448426426,0.011226294076229175,0.03344631508529156,-0.011709308588211228,-0.04427952156535852,0.018292010426316188,-0.02248928107829687,0.021461051189087383,-0.016264928988298503,-0.014841500591666468,-0.02994650586129435,0.02778682741348113,0.02542250220199215,-0.015855491408989803,-0.0020973691482798432,-0.030527869456178178,-0.02965742536203332,-0.009296201403713783,-0.0034301005012376826,0.009535668172255271,0.0049616283497634205,0.00018656504019461047,-0.006542044665096148
2023-11-08,-0.013483694404845278,0.03643057137334852,-0.0015303420990588,0.016543516499526203,0.027746404208758582,-0.007119473111246687,-0.036385265301830845,0.010105495535835386,0.019170165290896424,0.0005047081673091046,0.019874644004645965,0.018848241402702505,-0.028894482492441243,-0.0034227433338581245,0.007482488094598375,-0.009672999812774741,0.011140886859576845,0.0015713122796787412,0.025714792766468816,0.002226504801343008,0.002065328760010328,0.03355756061479189,-0.01706587705024055,0.046039009360829525,0.008950578911301008,-0.012323451409223338,-0.03759777267961643,-0.0006284003037278201,0.01738498604043479,-0.0361753112779624
2023-11-09,-0.0170092056596698,-0.004871176830202022,-0.006318599657703896,0.01738621787096106,0.01837101219102057,-0.009918455429253242,0.0032240775818886216,0.004657308695229891,-0.0045387954525664635,-0.010648917722220387,0.005594875093072927,-0.00019879458587652787,-0.007358275682809364,-0.009170671891472831,-0.0006514908917091007,0.011333416244949063,0.022454760889130263,0.00041615101265325254,0.04938107556129255,-0.019634417604252972,-0.017868118391509147,-0.0029161541591796796,-0.004853045028163078,0.009398051618083237,0.004223039012350198,-0.01614921860900171,-0.010161651577056572,-0.026121104397995504,0.005455865897668607,0.02381681796218781
2023-11-10,-0.04493528845813173,-0.00553135422952509,-0.020654131534956092,0.02683497922840212,-0.0055246082263871775,-0.00015380812704377,0.0075456647489528725,-0.012107876606743923,0.006867999672833075,-0.009419326892154148,0.015478732415591882,0.012280496715268813,0.006190557540252356,-0.004875517773747416,0.003808952559165769,-0.010826043678296576,-0.024467396837094143,0.030150253604349826,0.02255289507578722,-0.00965254828421724,0.030014376268950423,0.0029688732183855674,-0.003516663544792105,-0.022761961007576496,-0.00041049684516007695,0.0023035337942344243,0.01036550335273904,0.008565383672953404,-0.01088759163508475,0.03676442241691766
2023-11-13,-0.016424011511731444,-0.011875293436663435,-0.0002592685257217806,-0.0005003210818512382,0.016478003493218398,0.0019173383672682035,0.031140519244090833,-0.00869808157705137,-0.013728944425078264,0.015920194748536717,-0.008401310492992826,-0.022817057251283714,-0.0048426057029220945,0.05226379051049695,-0.012114302000594025,0.014714243501353634,-0.006944139530489499,0.006260637140096712,0.0008861982316142963,-0.0071259869762478854,0.017523491185752436,-0.0051203487837385795,0.040415116503675824,0.008644347520964489,0.007287832874975561,0.038353889586275766,0.006172674368043246,-0.019170277174997443,-0.014425751407137475,-0.03344707627295028
2023-11-14,-0.015981291126259664,0.017001291718159242,0.011046877105031416,-0.0023842992009812827,0.02295570807824171,0.028125957057164953,0.025352219141547293,0.007738563295732497,0.0063996662614184095,-0.0212984193059363,-0.009199013705868815,0.022804714666284243,0.019284999527657717,-0.017061809482748068,0.0024711471221503896,-0.009155105968347845,-0.050270792586573895,0.02071821714024667,-0.031124582488522158,0.004698638745577334,0.014225404344371214,-0.02581915611712996,0.02383571546369939,0.011752572666294349,0.010355250745659628,-0.03346842640765997,0.01191720459428154,0.004265556038719718,-0.029548610765996387,-0.028967511987676185
2023-11-15,0.0027315943335961567,-0.00783020705748533,-0.015518484139912978,-0.01834396283730351,-0.008188272209668406,-0.004212161852577564,0.02460278252539542,-0.005063085980524652,-0.026152735490857372,-0.031068688849315372,-0.04565398204401446,0.0027704548114571275,-0.013316479800504596,-0.006467859393096449,-0.012780281998118504,0.01510259107197137,-0.03224954343852722,0.001429378768980117,-0.0015078620902216884,-0.029542734476153167,0.00765803983646876,0.006747749479549636,0.018719217451911026,-0.007872784291954095,0.06219874007284102,-0.01623974645435936,0.006069942010146064,0.018710492849568546,0.019887050814683355,0.02560758090645169
2023-11-16,-0.03543636008279645,0.012745026321325128,-0.03780173289337842,0.041910572655352904,0.04016153919133751,0.004289885744010362,-0.050987152125983294,-0.03145470497483028,-0.002066304006825227,0.011742300623780396,-0.028997946900797867,-0.007214165569737223,0.02269556506705646,-0.029042607464083856,0.002984209573369656,-0.027850126782161862,0.05180413876263803,-0.020124887723770173,-0.015591123678707802,-0.0024897600289601023,-0.04356491344180937,-0.007055938937143586,0.008971480429770171,-0.03550329915075293,0.00936200889709844,-0.008809925025605856,0.0025668551061391234,0.033952906031396606,0.03869162685618653,-0.023925102015202038
2023-11-17,-0.005344720188289053,0.0076022635093257185,0.0057729760731191045,-0.027647498152338017,0.016443386214489857,-0.03054590245813799,0.01882903429719087,-0.006842157131594816,-0.023919608581449703,0.010771128489683097,-0.05113306152366864,0.02167802263244996,-0.010332082964522277,-0.0066947226944731346,0.007943315993143215,-0.03580596701296769,-0.01795653488683125,0.011525861249981426,0.034197498326447265,-0.007577139922437099,-0.013302431877561815,0.013070757644765724,-0.015768450152181455,0.0550571527437974,-0.006795576834013046,0.0030499636733253704,-0.0021571228138443184,0.02088494849665605,-0.021219705822552268,-0.00174430348268602
2023-11-20,0.020672173876734458,0.01018759516120478,-0.012658762595532645,0.006097358164574117,0.012704903915569579,-0.008150773124530405,0.00415617524551832,0.014951389027373273,0.035915579143825656,0.00776400394444274,0.025785842416259485,0.014591942471546463,0.020135146071403095,0.0028671096450343767,-0.0043538114406331254,0.0046878725430153255,-0.006445583731887972,-0.005699944828649349,0.042984636843409425,-0.01777984041441056,0.03993297336801455,-0.03115220040860637,-0.050142561838071455,0.016215486341238306,0.010406756264380809,0.010712501079838134,0.01105830183574434,-0.001012320091304461,0.017761143774331703,-0.026803130830316067
2023-11-21,-0.02806611038324599,0.006598492033497807,-0.016097770693115018,0.028349437905767626,-0.010918689134808235,0.01851821063366705,0.015367792058240926,0.001681601441548812,-0.0164602098907731,0.0044103030298109315,-0.018645015943483053,-0.035628346245655904,-0.00856234043012294,0.03669016802253014,0.0007165655024328047,0.029527917021736964,0.024259435880378093,0.004600503848923247,-0.011629559772777286,-0.011484832679571759,-0.031871078681072175,0.017539740057310033,0.014805622650391351,0.026696395486782907,-0.01531703287182279,-0.01974328779889732,-0.004773628131887624,0.0011236062382831862,0.02703888382594534,0.007550957309271249
2023-11-22,-0.0340909821503781,-0.034016924802302784,0.0068369843117581704,0.007567241899334687,-0.03344536976743015,-0.010472419161689204,0.0009747200976493189,-0.005551366248583902,-0.0011708369171674333,0.0181458010137592,-0.0067007258181215265,0.02718663399497952,0.011201990463010882,0.02593493614374293,-0.034198464145295274,-0.017423349420613805,0.021167771390920208,0.013712369985175261,-0.018998629699163234,0.01054214478968732,0.005843752576761107,-0.005153872429973337,0.029233773142320972,0.019548098067764166,0.009019005320503154,0.017667959766535977,-0.009902088403810088,0.031447826623857984,0.005704799547257977,0.008127288250703656
2023-11-23,-0.011565223802662965,-0.010516091403279818,0.006756486841005717,0.008223669470001426,-0.028761556631931088,0.004730465809653147,0.030725479613757795,-0.009016478707718333,0.02873566561199735,0.009660679265416633,-0.012247937716180622,-0.03063075930501562,-0.018294514990784244,-0.0016317729145214571,0.002522865809847482,0.0005210342340863024,0.0031718165149026336,-0.0075416791840824445,-0.014786049685351015,0.01492863394319988,-0.0041010441845294255,0.012820896116827792,-0.029667146009237574,-0.0022835410999890995,0.031106638628959397,-0.005979774555615359,-0.023027011521948873,0.018533097306930306,0.02318320341320869,-0.014719195616174706
2023-11-24,-0.014930827888979545,0.018634652776887018,-0.014806690878680332,-0.011188947660711915,0.026040567155381156,-0.008420276449262944,0.020303416832268585,-0.027985198117901913,-0.025329497178203302,-0.01487694858684525,-0.021101417174365058,0.018069834566151022,0.0008228129505595241,0.04531057505780713,0.016360842205505426,0.018982826027157312,0.03298018039184502,-0.02499680522676164,0.01297027985903858,0.0698186215694904,0.028889523826905236,-0.00015453828012508889,0.024815813392428894,0.011999595178894564,-0.0013512129105654874,0.013137336908044828,-0.012785782373606301,-0.019004942430980495,0.020627819697266705,-0.01868768079027971
2023-11-27,0.02369100826105777,0.011939455669950496,0.009763280928112041,-0.01502783097384072,0.010113234136030679,0.005886461077710442,0.022746389813405425,0.00805165255020519,0.010399256279518038,0.028668726514370118,0.0017545951400139857,-0.012231772188930762,0.03006728105958315,-0.021108529722154566,0.00038238982478352,0.0011397353431804177,0.01926549248869329,-0.01922749629652539,-0.030153472062951856,0.013174688835512604,0.01882545396734327,-0.0014414133377665126,0.0032600156224246034,-0.00672450584967153,-0.010416478241354662,0.02210255193826019,-0.000888817797991444,-0.007453696780443912,-0.005500582516755639,0.029535113516147078
2023-11-28,-0.01294065253489682,-0.00604731722406051,0.0017772047570649182,0.004866882924054364,-0.016737070605664473,0.015439206351128033,-0.0029478887733173855,-0.016788987530055203,-0.02645511556087407,-0.014486971759037933,-0.02168013726055005,0.007863972645048498,0.020162066218284064,-0.028075826311043352,0.029160270810167168,0.006324839599087936,-0.012125742302402098,0.01303230228978431,0.027268055912231227,-0.02300595041945726,-0.038617608163467154,-0.00491917825340372,0.01509214051607875,-0.024343177409083816,-0.003797791442146749,-0.029479294830105706,0.017089978942509874,-0.00884673427758663,0.018939354942094005,0.0030899581812842414
2023-11-29,0.02536266469407452,0.005033169787247655,0.006937074242122814,-0.03215402390700428,0.004357212727806396,-0.01439229207316961,-0.04773344999440446,0.001673858065588196,-0.025702112622680826,-0.051005762372520705,0.009098437253131652,0.0357482601968648,-0.04050053815011779,0.014045107884583317,-0.016080664175180136,0.016235651662803646,0.04816150190177486,0.009655809861666344,0.0024867671784092596,0.0071455214907806455,0.011281387659869335,-0.012231158876579497,0.003731151516467104,0.03528307936781904,-0.010190386059008294,0.00923488017801333,-0.014404491015297786,0.014265033820712059,-0.008663715449841462,0.014202094167028822
2023-11-30,0.029327413592279524,0.010876492464780164,0.02671560553243245,-0.029257738907076457,-0.01829665861868048,0.03814389146564265,0.018804563206616318,-0.036978864216603936,0.009842023298149651,0.006714788881240438,0.05196521513024739,0.01982512539328807,-0.0030322109843717677,-0.02672041029583706,-0.030885926143984797,0.024054038802506943,-0.01136274684681772,0.0426609233782118,-0.020312392687645526,-0.01787800428019288,-0.012199576074467644,0.037306085291680696,-0.04651845545238267,0.010840751883123029,0.04736457785633514,0.00951788075198638,0.05411931014574357,0.024187544859386824,-0.0031342159363503606,-0.03450354246633503
2023-12-01,0.01111698593494775,0.012020199364196911,-0.009380699348127906,6.755600504962408e-05,0.028402299389859186,-0.021218722574607263,0.029668869810978184,-0.02209639132125387,0.0048502437335513,-0.03726625967610315,0.01715378176522638,0.027657439875400893,-0.0009148538972779806,-0.010264895604081238,-0.018713088783069178,0.00434155134104916,-0.021989710706288364,0.005781165877457751,-0.004711519886129105,0.0020754174407707003,-0.029210142846193835,0.013611374695392755,-0.006776183519829475,-0.04012737402264459,0.0034523773517871974,-0.0007479549926106476,-0.012428126785774448,-0.029236519025101507,-0.019502923283196087,-0.002243663907313918
2023-12-04,-0.024330994216491184,-0.0005368881398261514,-0.0032761883883497063,0.027286709408782667,-0.01855179340030758,0.0013710165891209134,0.015351593806051793,0.026077169749558,-0.008579167799952237,0.017229270939472973,-0.017364318392330824,-0.000902541624802069,-0.0008814492652713837,0.009046990543666422,-0.021770612931523617,-0.013753029782657803,0.04198495388501656,-0.00507958933190428,0.015016634271580146,0.016218265736987005,0.025558240698324613,0.004058079224797632,-0.025087505975897574,-0.00241881263000427,0.011883749572517413,0.004204130273159726,0.00761769591702614,0.01700815642420207,-0.009372751468735134,-0.006297356888238622
2023-12-05,0.02494659590320671,-0.027963478021710165,0.007731835924485025,0.026849985843761037,0.03153242911789971,-0.0025495154313236877,-0.005350004491303617,-0.0008255145012720764,-0.004754841821301499,-0.009047133501153734,0.007501872099941103,-0.01922165880171343,0.01096951375815768,-0.0007595356060686803,0.008482403339277767,-0.01602846092055208,-0.005550369379184468,0.019316552497695,0.021908185664291112,-0.027660700740866996,-0.03277325345800502,0.011479127446293197,0.03215511436593838,0.013178503654434352,-0.013537177264882204,-0.0044687277443106075,-0.0008246562227062269,-0.0033169986632218262,-0.001919456726259729,-0.024070396783543488
2023-12-06,-0.00472459771529851,0.025588955205745802,-0.006983537574359298,-0.021841522368907733,-0.0036719213493680803,-0.005640407155110695,0.0006889163238821103,0.002262190044655374,0.012271242205442578,-0.01216095483511608,-0.017193747541469517,-0.01700674752919035,0.01390809929145177,-0.008710837173934704,0.0023216836769512465,0.017324191240393666,-0.010518374722894673,-0.006648072623855052,0.026682106077122715,-0.028711478067167933,-0.057106578105769745,0.033051078582878465,0.038165375545352105,-0.004163494966372181,-0.03715848261583505,-0.015747532130181548,0.04982841845213086,0.001009586412293699,-0.013135295691962527,0.010631734676529512
2023-12-07,-0.01117944367936539,-0.00066692264609024,0.027276298544396553,-0.016580293837100437,0.00589565493298482,-0.010928993581529758,-0.01437807047936463,0.012757976392308057,-0.0006314122796700797,-0.011433694868693911,-0.0010246817174300099,-0.00793785583170553,-0.010364477563168606,0.001428778500890129,0.0038684622948635073,-0.013568368942201718,0.014661594662037392,0.009021064228927516,0.013956592637106248,-0.011352355120660294,-0.0014441894746374585,0.04004919527876791,-0.022616193631751286,0.015670360113833433,0.0437987371700271,-0.015579272166986157,-0.0026457950191919517,0.011310059285486269,-0.0020833551496304155,0.026955296009528538
2023-12-08,-0.018419480305067164,0.007791034195343792,0.012927077948364597,-0.026442900622466337,0.0015932481272965238,-0.01368786847367004,0.012632281536699807,0.026331567897780007,-0.03050795041550007,0.005643088188780252,0.0012119011890298812,0.00752096717984775,-0.022799456463493645,-0.013255171362500725,-0.033797677333260244,-0.0024854186771191525,-0.011672313998935693,-0.021578343045316868,0.05330879652014194,0.015104118060126867,-0.014801366356849283,0.031521336556134205,0.004842843786260359,-0.011853994339557864,0.021955838802777364,0.006934809118130628,0.003596818774479569,0.008477702785065504,-0.005741450579506946,0.029196958717278867
2023-12-11,0.007744083954728854,0.013322986743359024,0.002131912433804077,0.007249383880294509,0.02956890917091467,0.031776479599019664,0.009716373701033142,-0.00831766467186589,-0.019645966620221708,0.010062874493520082,-0.02463719308746694,-0.019936968969498276,0.026565191469204826,0.020787175944792725,-0.00060657147199181,-0.008436713973159593,-0.01676608134052561,-0.021322158705360816,-0.03150693578251056,-0.0111697252474161,0.01016297685029886,-0.006274820228042353,0.013796981388229306,0.023505112697067048,-0.034453220458038794,0.005934709168422361,-0.038465183144988646,0.013970667814858015,0.010477324177037981,0.016308150807444646
2023-12-12,0.00047834081875373035,-0.010866485878755773,-0.052100649113674395,0.023719292510992303,0.01650724517098844,-0.004807894604676232,-0.008468339392610076,-0.01031774368927674,0.008256557777819503,-0.019177153866271744,0.007913199694998452,-0.03590548148439466,0.023168087466096512,-0.02482267053209845,0.017893015156918986,0.0023456957414627,0.027568010987894038,0.01545506665279456,0.02962456919139136,-0.027090096133249593,-0.00783083185236092,0.008172994162318134,0.0005799224259065912,0.023259160905206303,-0.006997360776721066,0.0005101351105588315,0.023475417740348278,0.011529304965591845,0.03254455158427844,-0.03075513637856725
2023-12-13,0.021377754981469977,-0.007367154425360193,-0.008970729827625963,-0.025907924470518234,0.008450380295823082,0.009821843424767957,-0.02275759042927523,-0.013548444170854379,-0.02878205971691173,-0.020913646626115636,0.02357533854731493,0.03194961514595675,0.00207854599013737,0.028391212938800488,0.026371411403130464,-0.012481473417370974,-0.010209581658802985,-0.015384338879881146,0.001988237852530122,-0.04572450255950298,-0.00025234845964465855,0.012209554207683075,-0.01836688213710415,0.0010150738813882651,0.012251393338707403,0.02229410720892041,0.015781719061325042,-0.028670059383399595,0.006603807100317529,0.018754908809996113
2023-12-14,-0.0003515524205853113,0.006129384046845134,0.026546380456949153,0.03833216097166927,0.02333693885305103,0.007679755018953568,0.0027645954512745875,-0.012508470064965473,-0.02503853732190644,0.00544320597569995,0.011356131639047244,-0.01395001266812002,-0.03369468634886102,-0.0006844614159544928,0.04183704467562565,-0.0004130393822093513,0.019287874094390176,0.006991572452853227,-0.01946654050521674,0.00773622613094875,-0.029173322413504094,-0.0015694753280941249,-0.009441673103057956,0.03156911748583096,-0.014243004878095855,-0.007352075659998124,0.011270768619675962,-0.02359481822058244,-0.035865507146602936,0.021416644438546767
2023-12-15,0.03356330256652336,0.020670907460153914,0.035020816272489555,0.01181684475601088,0.022849059196548425,-0.0030914875562988975,-0.011293040690381836,0.019401196594011294,-0.008743381023512064,-0.0012778375512421554,-0.008512229081322565,-0.012344679948645538,0.0018650145352014976,-0.01372595230438508,0.004401531492801515,-0.03483618363218971,-0.0243359514443079,0.004466803563950086,-0.02737324636908215,-0.006855081282668724,-0.0021935710911905977,0.0008998960716701449,-0.017999717035217147,-0.0155613816697631,-0.022269873509957763,-0.009123274291888127,-0.0037315891678663306,0.012292131188791614,-0.0025894689498016407,0.012677624668779756
2023-12-18,0.015596643416040324,-0.003365434989434657,0.020070984863424596,0.008254669123244913,-0.02690643355032664,0.006877756485830293,0.06359634972469581,0.004460212996882337,0.03124771238570388,0.0029857931003857835,-0.002644569872597035,-0.012536619266725673,-0.0066382879209025995,-0.005111921973884444,-0.028073565168995677,0.04048347918026867,0.010418598795399709,-0.023190221974794967,0.019400184658803155,-0.0065208092513392955,0.006858666079568912,0.03801093941534867,-0.01672067198739726,0.029860142090057502,-0.02993436067020252,0.02887992151226005,-0.009516074541611755,0.009186253743407483,0.026407064780013447,-0.002233358544412775
2023-12-19,-0.021627668162654233,0.01947605000391919,0.016515590964828103,-0.012372266783260802,-0.028271258577933056,0.0202741643947374,0.0016418497489680396,0.004835876857480764,-0.0024697158939853666,0.00916377821518472,-0.0010516540094069615,0.017448954283846817,0.03793545936927807,0.0032644629682522185,-0.0002788572988352761,-0.04205767509652899,-0.029659838853965077,-0.02466837689130093,0.008743243079838457,-0.03143674918965557,0.002115337413957035,0.004754034599065088,-0.03600907562544072,-0.006232754888482245,-0.00505735221316961,-0.028163658668287007,-0.01962194888499887,0.009874939137370671,-0.06455131449181013,0.01748463430449467
2023-12-20,0.00808698190059809,0.011819609726243335,0.0017755094899774455,0.029869285223955745,-0.02989895583182525,0.0370503156939417,0.012021849998236678,0.010100357700671077,-0.013568203359611935,-0.005681487732390773,-0.01071865342857712,0.01748275828133954,0.008469795583315887,-0.0011308938668633491,0.013804829802769042,-0.009124585651346925,0.0019545288185860428,0.012518394429968738,-0.022878613309610947,-0.026741730833867328,0.025837926099344762,-0.011209712796172418,0.0246035350702297,0.010357392823621192,0.014374790555550696,0.003013943439876807,0.017487310788062514,-0.026593870942499164,0.00036573337010298876,0.020399295304823453
2023-12-21,0.044495824663841055,0.03625816614855687,-0.0005547978431364709,0.0042836433291184835,-0.028697983268359234,-0.03657677642443743,-0.03376179457461984,-0.027704502308428518,0.03838581484270443,0.03434750865778549,-0.0034767324290713945,0.010916680874766839,0.020686333912730604,0.013142299911787537,0.0015116600189358379,0.014721617415548144,0.00411811490340974,0.014372073247267237,0.00819038374968601,-0.00818777784785585,0.011566356566725323,-0.011355156231880157,-0.006597432877419148,0.022844959000094596,0.032895623869802194,-0.007705447723019222,-0.01720561975299156,-0.014077111261269804,-0.004950016806036809,-0.012310231602354046
2023-12-22,-0.007504096956430998,-0.015410185323762324,-0.02302704245702777,0.007411538059712927,-0.025099329957909557,-0.004070519777658236,-0.018227659267072493,-0.03163044967652762,0.00043275960326794857,0.02439729808402111,0.03518249701683872,-0.00618774748569514,0.0023075638268580567,-0.014242266754963628,-0.01724207813748406,0.02619429120363071,0.019834149707161786,-0.0003912092773356238,-0.007302926426422629,0.0033259799481975974,-0.001331953846396242,-0.018292445994512307,0.032060105205210555,0.019347168961096655,0.011633033835193103,-0.023481225214303982,0.01231668444537218,0.015786968508149642,-0.0027263766507182935,0.01818832217476503
2023-12-25,-0.010496034269917548,-0.032975462741752136,-0.013308865360860164,-0.02044679180296815,0.02430037741515621,-0.027414209800047454,-0.015846588596831503,-0.0112995416573012,0.020359882171093878,-0.01251962749469562,-0.03915880936596757,0.020825588403271828,0.027486145191362582,0.012191722651952949,-0.010042767091773683,-0.02691538124354517,-0.007158384977042875,-0.005675347187637066,-0.027075111681362236,0.026675691846194366,-0.01936627262879758,-0.014350121045554528,-0.01137737622282545,-0.018383611540124474,0.019805052709265615,-0.03956285663252826,-0.028961289451112576,0.017719209656527637,-0.038736395915094174,0.000742759741471464
2023-12-26,0.001376426578599456,0.018140616972529878,0.019473353649890394,0.019507398347479537,0.0031314197300309947,0.012985497088917795,0.003098521252448012,0.04144857612200174,0.00290002225241251,-0.019255774095457492,0.00826337879158332,0.005874648727503412,0.006203274511206251,-0.0014035218608733952,0.002287299869650166,-0.010595263320328828,0.01960169150921953,0.03086018665821379,0.016982494821253188,0.03228870397165738,0.01708090786748704,0.0028910009914738647,-0.015444085263568929,0.012981400859671888,-0.04279379434465776,-0.015988034169060195,-0.002787017401055632,0.013158882029235597,-0.0015123303307309104,-0.000420413110016809
2023-12-27,-0.021306078916311946,-0.032930459273350414,-0.00623711006405323,-0.01552606891682882,0.0023692279705257824,-0.00416130480114894,0.024809825758797532,-0.016963218162800726,0.0068406182966496455,0.030923926836202403,-0.016781571500363603,-0.03562939403046235,-0.007209895113283142,-0.0266933341341502,0.020628920263679802,-0.0016129634761949643,-0.016467190042748468,0.005765892188089993,0.026993561527311447,0.012024554904755578,0.008222528770516126,-0.046321100669672294,0.016353990415157702,-0.026647577725784813,0.03246658385830752,-0.013955407428528138,-0.029755187520926027,-0.02482187580306417,0.011461499037212325,0.029396422391695754
2023-12-28,-0.006661628304925501,0.008959894343360598,0.010707981487188973,-0.02409144491933753,0.010927825457514542,0.00012582677039778408,0.012376720826526825,0.012622785136305832,0.02361605019422735,-0.013519885449022894,-0.0023749321515733985,0.026942368030830558,-0.010154370400147947,-0.027186128217772332,-0.026323080667013183,-0.03154452716306701,0.014177454151210652,0.02200638372620364,0.015275189788462285,-0.012866949759294663,-0.021892493211814378,0.013112041954670587,-0.0031243696258009828,0.005899539924955383,-0.026411733104383973,-0.021748762882410056,-0.04040099858368137,-0.015694953760318334,-0.058932482622807474,0.025130800253364453
2023-12-29,0.010873019117313976,-0.0038365004067498504,-0.010166258839792877,0.0404230355725457,7.683914108456638e-05,0.014703428271245374,0.005712988910779477,0.01912414518713528,0.008541869466713021,0.00884578475862292,0.043753499055626366,0.026405229607950116,-0.027544349674389356,0.003227138414991046,-0.02435546472111663,0.03846576176412445,0.013352316210983218,0.004549074736019321,-8.521840623065672e-06,-0.003041512323374727,0.041163791998184186,0.02739525393527511,-0.002407199288450131,-0.0007720449608873035,0.021386441971073457,0.022285901723928792,-0.015157981667431625,0.013005755385736723,-0.0053438885613658425,0.021226915956206203
2024-01-01,-0.006129917203993293,-0.013262083198231099,-0.007027683148553008,-0.00598958374947267,0.018515588618025835,0.016944295472554386,0.005962377168674228,0.03230650266941998,-0.009644021946338246,-0.027003024558101624,-0.008073837127536123,0.030070189334884458,-0.022481247675075568,0.019863222720668795,0.01387674911252416,0.004277222420440479,-0.0019682998979531924,0.02604443444306622,-0.0020338832744706704,0.008416488012480688,-0.03617290377623694,0.01749008427029417,0.01513038304411531,-0.005777461562433474,0.020726307775988953,-0.008911204728431767,0.01999416946079198,-0.0004738917750536105,-0.007097487128159324,0.02189750991523895
2024-01-02,0.04083359308147518,0.02974841821980099,-0.0032586534518105996,0.003944810178156954,0.0036075647625454133,0.003302986131280131,0.03323706070908712,0.008209371073311798,-0.01731674822955088,0.02288544837366712,-0.021658954028103323,-0.004269861072802692,0.013990339180186643,-0.00887695542177477,0.008390452903041782,0.008387781175091294,-0.025076296150265413,0.039006618156883215,0.016801707664789473,-0.032875333060382005,0.010150474595410621,0.013453607583530322,-0.031189721494305343,0.02541709119434869,0.014144909987933905,0.025540133779153273,-0.056899466880237295,-0.02241034595939689,-0.025401857058555664,-0.015820053389503364
2024-01-03,-0.012218801768194242,0.008674753570244881,0.009929789839411538,0.013674103575504644,-0.01820158125562963,0.05329574643043847,-0.0226030071008672,0.029611766819826177,0.027574972572672142,0.00202944124984398,0.01673596321107512,0.001020798255944738,0.007600645548322876,0.0007542705969492071,0.016825065833791307,0.014434197629094042,-0.053384292325552224,0.05125789588379464,-0.008989326699901773,0.02794728320867239,0.01520034300556315,0.02489411039957733,-0.0076915637522122545,-0.002295115401369572,0.0016717471470274986,0.015480166606008055,0.015951320606213782,0.01081934437935784,-0.035053526260295044,0.04001127544915797
2024-01-04,0.012149621816531076,-0.029360738368050348,0.01040323971216197,-0.0031932599370261593,0.006570512194160839,-0.04103948838644793,-0.035649001787553744,0.022267357672841732,-0.043819364901474644,-0.01856336126703534,-0.002454943752460145,-0.029292327229623362,-0.021791151252219736,-0.0013666982576523445,0.0007455510200081209,-0.01906146548903333,0.04524858165099225,-0.009756968548481815,-0.012169790056298257,0.030850752865162933,0.011046475102935006,0.007802705306119972,-0.03312476548491143,-0.006405250507887929,0.008827717211665444,-0.005286215060401812,-0.00722777463545798,-0.020848226984950008,-0.011364822828867785,-0.0008139854557982402
2024-01-05,0.012778524968843805,-0.013199605523948792,0.007494860707959471,-0.027283425645224343,0.012738981142826676,-0.014372756161270048,0.014912782172671864,-0.0070099606776194675,-0.001981209510557499,-0.019887021072859536,0.01946754166521252,0.005236533369196685,0.0021684154459326727,-0.026894428431718246,-0.00020174424956442247,-0.04436839392597936,-0.00650999248240157,-0.027407877435847723,-0.0039265491798379775,-0.007204023618784048,0.010279186706777445,0.0005793064683497227,0.01104357083081618,-0.03118281467821936,-0.019402626482696816,0.0061532934227569586,-0.03066684115069663,0.03492242043052911,0.0033795847366375744,0.005471348812471129
2024-01-08,-0.014640141351288818,0.017825844426315986,0.005924981920080088,-0.0012041548522989986,0.025121349362790858,-0.010619757083329231,0.0056084775808276305,0.0008114134508234389,-0.008446048315761026,0.011819584941231243,-0.019321450079358933,0.004046164436155204,-0.004000949553098201,0.01690048961654076,0.013810596070016673,-0.0026392315405496035,-0.012016192208323988,0.012134773997767927,-0.0009147942124069608,-0.0030950973633280905,0.00553581332271089,-0.022896842407277622,0.038658739855751224,-0.026152894063128315,-0.0009209524482715235,0.023877770393529375,0.028474412243532383,-0.0328403950374916,0.023674598522197367,0.026218399693489568
2024-01-09,-0.00398188754948215,-0.0008141649502655668,0.040449533413698224,0.011710135323763174,0.008411694585729193,-0.004728725759417278,0.03171158778810866,-0.02674473615021283,-0.0024855999877752013,-0.038943965551672184,-0.002662549400744682,-0.0008794903246002457,0.009792984919756364,0.028881873874593633,-0.0019322760418408417,0.0012268468861692924,-0.03968760275429111,0.014275467487900675,-0.021302279407468334,-0.0013503140370163176,0.023534392897178034,-0.016914366861453253,-0.006043743191275874,-0.022290625753275544,-0.009419114271251645,-0.012945247890541878,-0.0014233908402665374,-0.01587810114661697,-0.0033641275199095396,0.02277926198925586
2024-01-10,0.0016878228481046254,0.028584827139498434,0.0032935994263100054,0.0006850881943458566,0.01730224451290484,-0.03189552240185702,-0.012357709391891835,0.0009217846293136675,-0.02083739079200892,0.02145818990406379,9.282030444502062e-05,0.0038212868645109833,-0.004201887675585475,0.007221527409446354,0.03418951000281302,0.01664059069375163,0.015974357324373,-0.010201967221814559,0.0195776176621947,0.012250379635456771,-0.016020035021896348,0.007137882027922422,-0.0007172102459320965,-0.015470518308695233,0.015918298857393754,-0.011918205745872846,0.009249143216494192,0.011628741946817272,-0.02079013254148075,0.010375995988603493
2024-01-11,-0.009526391243083594,0.02709900652787995,-0.016863313750747174,-0.0071848095197510195,-0.01001061361280221,0.030624961297439746,-0.014250376132792668,0.0077783773328669575,0.004218666905689287,0.004595882194144568,0.03266277098276166,-0.015174297986657679,0.010735217864353828,-0.03924864928082307,-0.0037451805717349154,0.001787190855275438,0.01655089865218151,-0.011546524721875414,-0.007612694655107383,-0.02583396062166913,-0.00376039531979714,-0.008419807285648229,-0.0013150312792759916,0.034299932907553905,0.011913026695115602,-0.022849313411297388,0.005422425722248646,0.005734135724753809,-0.013124128094653466,0.01805608560529078
2024-01-12,-0.03510137101320218,-0.0011866704524369884,0.0286122907253368,0.011734238454341371,0.00024002098931238461,-0.022837147324272566,-0.007030066450850512,0.010570669834834243,-0.005019651625534927,-0.007875305541903846,0.013599846025666138,-0.024998854443522192,0.010718926897122042,0.02694329548378323,0.021109167677866247,0.003842185040961157,-0.019124673048289815,0.01655991067644811,-0.025395937807749912,0.014533050005118515,-0.033959216079002257,-0.009910089653447881,-0.00974280926095466,0.03244077574649464,-0.04012571403060411,-0.01771709307453802,0.0217696870233295,0.022514518877014177,0.004493058276664357,0.0016716214851483016
2024-01-15,-0.03512239704251408,0.0012689285532721895,0.024165816545700828,0.04709814683853994,0.02114456791390435,0.037184520372216194,-0.016719309076392783,0.01323512159923003,-0.03578940011623131,0.021215802903466162,0.0004161790924394505,-0.009345884847158318,-0.004262708050126637,-0.009774421187789456,0.013681322550780346,0.004726285538900651,0.0008759351923739299,-0.032060501745388395,-0.012747079141854382,-0.023943645945960743,0.029439576388338416,0.016684220357434915,-0.015007138512591235,0.024566788197744507,-0.02292869389342049,0.024383371187030805,-0.008948532716994752,0.026442862838657516,0.03682191178346032,0.025335385579493785
2024-01-16,-0.0023448061799675912,-0.011963754234576452,-0.009248395250596765,0.0361939546609927,0.010904819226212729,0.0044594652948435195,0.008245110266234364,0.00234219242807444,-0.014679146850041937,-0.020221180272228165,0.0027736564164262366,-0.005719611016638521,-0.02366987898111594,0.014566992305116077,-0.009332680327791809,0.0008026228223835161,0.0037589031132164844,0.009236746285192032,0.0077642502492006535,-0.010323865148378148,0.04039725746563012,-0.009822331161835028,0.007588249076391723,-0.014381426900568121,0.04322665381054793,0.009127595181589579,-0.017880265710082877,-0.011370919569538677,0.039408185905150606,0.009032433585407677
2024-01-17,-0.020962860157862855,0.02303851987262457,0.003339175413500727,0.051287543464843294,-0.029913848320783205,-0.02449310573212989,-0.015883071383205216,0.022505978395279454,-0.0009707544801772039,0.0089022657496073,-0.013761615499689461,0.03970659634923717,-0.02012369739390633,0.01000392168254673,-0.004301128405551446,0.030752962619787095,0.0029163208995349995,-0.014941357815591931,0.04074681933137138,-0.01891582729294609,0.01225231434593344,-0.0021783563697535314,0.00992731608088266,0.016058136136930398,0.027165847413833464,-0.009909380271089382,0.006889852852327073,-0.009578820212115811,0.03624333562555166,0.021524183204749216
2024-01-18,-0.006021464787424896,-0.0004970046290968719,0.033346747246770746,0.01079043951187202,0.025249315253365483,0.009600005980294495,-0.00891065502593851,0.018478060911489423,0.009524690156956327,-0.0037196831032047517,-0.007075355421777428,0.025908835804795367,0.020571313740869263,0.007012112511041813,-0.010259395881223219,0.009233528908249067,-0.01598677312950327,-0.006204286673264562,-0.009700677896077438,-0.038630560085559644,-0.009123562730274912,0.014568257871031522,0.006585917123397603,-0.01009251852130677,0.014993848994190805,0.02559939868688383,0.017991379171537814,-0.014090486622137409,0.0003565331901468807,0.04917814413828877
2024-01-19,-0.006360565771537508,0.000652244664730327,-0.0065986891229933495,0.01863252067099642,-0.0017558826200522785,-0.003669162534033218,-0.010267493827856064,-0.014128426577869346,-0.009415102392001272,0.026310434475214025,0.022889674284544394,-0.022992573941854735,-0.004627874674017985,-0.02823212811879841,-0.018843824834387266,-0.019874177231319564,-0.004796587063667195,0.0258138458966474,0.028815283328672336,0.0016174217383791573,0.00444561796264384,0.012489842050298227,0.00013618010406158133,0.0020103144987994644,0.003596393296640699,0.024009606446485168,0.028630210940757916,-0.006256457738942127,0.03295653203944602,0.008820348066390883
2024-01-22,-0.014717433856040615,0.011263074832963115,-0.04120551214370204,0.029103011352844457,0.022718707103744892,0.017446467879826993,0.015548804365933245,-0.05462650330572249,-0.005811730738190812,0.018506432399864974,-0.006086746339564438,0.02417052674381211,-0.004383754751247726,-0.0030862542239957704,-0.012928734645434795,0.03148791640575248,0.022014793313008194,0.026130504707741673,-0.008513086116005349,-0.02597864675309141,0.01284103178583799,0.006565712206329743,0.0030750714091908964,0.008035029000108782,0.008531390738584355,0.01647174328087678,0.01522819146976552,-0.01171581912775284,0.011606218377655155,0.006550550646362169
2024-01-23,-0.018825007438321932,0.019312600162060062,-0.012015355533140573,0.027771118482483252,-0.017172614976037885,0.03290576819838924,-0.013738877529299356,0.003575826545820379,0.008855985634446381,-0.05334556857025901,-0.007860941941289902,-0.021716367342740826,-0.002400476615247696,-0.028062836687230114,0.001737483467301546,0.00505474877886549,-0.028618457652483904,-0.00204004217815374,-0.027426752225099663,0.013293232640954845,-0.013418413308927893,0.015758372445450534,0.0036704485522122098,0.026952558291055032,6.40944414411556e-05,-0.01593116871867414,0.012711791774076624,-0.03584936926618631,-0.006404597448466497,-0.005509457175533361
2024-01-24,0.01498213918859074,0.0008722989829137132,-0.0032067772569852947,-0.019856350003955116,-0.0005358728930249035,-0.0015604170055459542,-0.00416791085184773,0.004421947193451568,0.029329963489722506,-0.009140304170142246,-0.008567491394821141,-0.011018723739638012,-0.008678821656310643,-0.012209444335563622,0.007427203227185958,0.0031424751315985216,-0.0192754604143097,0.001796448466893255,-0.006051171244091853,-0.019498699827522607,-0.020364785701731194,0.00021369163161545708,-0.0019272981251241238,-0.013378941248001956,0.006548621009545084,0.0026790066867281486,0.012618226349847671,0.0066834419304316476,0.015557656877928367,0.0075114421717491974
2024-01-25,0.002197940520277648,0.015561593864494768,-0.005924461735740117,-0.05220408285314277,0.03722256477561226,0.004651214689328198,0.008768227077852424,0.011377874178929211,-0.0016888108082941675,-0.004925736627607768,0.003882754146257744,0.00935492454882389,0.002600706252205825,0.036059771851562256,-0.012456360284804485,0.018035028201082347,-0.003664525762276793,-0.02450228640254933,0.010143335680570211,0.024306726803667866,-0.0016328707454918638,0.0010186581143162864,-0.023329466246099585,-0.004112546706507023,-0.002263131244998311,-0.001907986625133395,-0.019998467557158953,0.0031043394735996484,0.004799709691366397,-0.008864336713856037
2024-01-26,-0.021082815756658234,0.02020858677893856,0.007550658811355358,-0.013161429199185903,-0.02811130746497515,-0.013031107969653679,0.01147186708759329,0.009629122254320468,0.018921698448645198,0.030566202931626717,-0.0019512596726688398,-0.0038870993313112985,-0.021874174445505528,-0.027253512670687204,0.02073479024364667,0.023196789698023555,0.02014542918801063,-0.03344037380819255,-0.022548315724349028,0.008919561862314743,-0.00542057044218214,-0.023439843178275452,0.016577766468669368,-0.002907312453824766,0.025362008668883627,0.030688489309443522,0.020349762005466836,-0.03284760373230517,-0.017827847596313798,-0.0006870153760622215
2024-01-29,0.02937030190762536,-0.003123870943098491,0.0031184554573151883,0.022269446966157746,-0.010138417504239425,0.04308204871157807,0.03703901213173651,-0.025279125236687714,-0.044747514986503215,-0.006780023758671621,-0.0015274090783867023,0.030119935524402452,0.0021094699345850978,0.023337458242002156,-0.019008462290483724,0.01329949699734857,-0.012937875214654972,-0.004196232792275626,0.012718814840518136,0.02289506632253458,-0.029863599695106994,-0.006671350703434793,-0.02968850696255752,0.011359406074180615,-0.030750291748073436,-0.0015827440114464702,0.009735714238462789,-0.00024471351885920427,0.014241577145851227,-0.033104930941051276
2024-01-30,-0.013838491286663425,-0.00366954925826368,0.02460949776625088,0.004828182222705628,0.007542764472945079,-0.021646997742973868,-0.0013475703793530123,0.026185854663705294,0.014879332006502434,0.002091313146714158,0.009979076951900605,-0.006315665630092542,-0.014680413041525767,-0.030525912516077676,-0.034172831242746664,-0.006089889517561715,-0.0017421330805898936,0.014214404658730301,0.020329238976501726,-0.005678098179940559,-0.0236947553483003,0.013480887065448918,0.04151607223510797,0.0353382853236539,0.006898131022819977,0.016198195988847138,-0.014923869606536626,-0.01523449255442216,-0.013223937926213422,0.04207491144086582
2024-01-31,0.0013637692685424677,0.024130707776316915,0.025260324147358654,0.005848420326165955,-0.04058024515910433,0.00011572086204353189,0.01762753230572592,0.03412610023863171,0.017601923376513236,-0.001155399930949181,-0.048639481942417934,0.0215920651915711,-0.008701875280674244,-0.0110487390249792,-0.03255889849917476,-0.03812608280127241,-0.00013994753642131337,-0.016640638792753265,-0.0061279281817480805,0.018830221735396384,0.020923745016725857,-0.014828532700606523,0.030504319600930817,-0.012343866573424473,0.033998285346279265,0.0305151202023542,-0.027062775870773038,-0.010714397349302967,0.015303158663841798,0.018186014862126728
2024-02-01,-0.03918544981341059,0.007393278317444203,-0.01301630694336639,0.02687799374977785,0.010732681470593608,-0.025529916466112006,0.0031680835744680932,0.028576430479556228,-0.015840208913707698,-0.004618330462426263,-0.005631524950799823,-0.0006820090626054873,0.02252254542368178,-0.03503897157810668,-0.02047833235990496,-0.005856471337757212,-0.003931324863562746,-0.032289671207330985,-0.005604469805972865,-0.017603559321919333,0.007799091110795249,0.010830063644425921,0.010313569607644488,0.01615497706374363,0.008763037090276494,0.00761812951370387,0.014668416563706854,0.023843420714516096,0.0008662993615210128,-0.012183809613766677
2024-02-02,0.018968910108489258,-0.027242572384387723,0.017685930331386043,0.008043468057463437,-0.014126181600340557,0.02700570322694206,-0.0024404130922414872,-0.0022335964199856513,-0.007647898841117471,0.006964231658701454,-0.009617896326168558,-0.02588002216638978,0.011309289517797739,-0.010739464460360526,-0.03435630905993062,-0.015918855748071725,-0.0019286951034496228,0.04910012014752777,-0.013238778652756564,-0.01646092256980068,0.007825117349022465,-0.00606190858072459,0.020250540378094557,0.004412242298634293,0.0041032499083761415,0.006549751525394541,0.01785611959191194,-0.00847524286149833,0.016912812119995655,0.04140790686570515
2024-02-05,0.01064316527519879,0.009618554061517556,0.00594002285974112,-0.006358646709159705,0.016481105357183327,0.0013138234765752493,0.0045080099474621915,-0.005651638486560428,0.02406619646212555,-0.02024756209807265,0.0007957679805578502,-0.004724466004715493,0.005504855132718554,-0.0013451985625586287,0.019904391398365587,-0.03426910792608157,0.009027211444949137,0.0034920809435505977,0.025858326093079257,0.011653337190495081,-0.01872283569255878,6.161057941041578e-05,0.023034259572435007,0.00420141398323877,0.01216261154147013,0.017394830883573274,-0.0007022321717969923,0.006721942687911799,-0.05549951563064444,-0.00036036801783516376
2024-02-06,-0.018744439775458657,-0.012390571532953438,0.019469203736877803,-0.012327150213846238,0.0017966982075688384,0.0060730734719934435,-0.028334560511414905,0.003169642027718232,-0.014271712848787255,-0.02298048539720333,-0.012201169236299977,-0.010580084172645195,0.015182163301220549,-0.012183905943032876,0.024607075368191247,-0.019915691678386763,-0.007898936174883398,-0.031466609815106766,0.004668095365598659,-0.05133794391044328,-0.005288933889760223,0.00891229477425764,0.030408174071491205,-0.008056207805004654,-0.019428532048891434,0.032112321867242964,-0.03260946702426812,-0.010983115899995533,0.023196695429857264,0.00034594821771785574
2024-02-07,0.05628080612223075,-0.0038944883278630342,0.017715690340474554,0.024171773177259066,-0.011592696723998616,0.00859155814469313,0.035637349904137784,-0.006493556397541032,0.0006603080519882345,-0.05269325911822358,0.0006743417274837977,0.00847236803687369,-0.031422658331235705,-0.006652815973031702,0.019815882464499623,-0.021297856379011923,-0.010293051356725078,0.008839053445767455,0.04322925743258118,-0.019810219554979563,0.014536796871483697,-0.01514519248777243,0.0075649432275081896,0.006553380390116122,-5.323557623716996e-05,0.013734316988507245,0.0002099608017906461,-0.035281594861658244,-0.018228001250181973,0.03380128259660101
2024-02-08,0.04003381881804083,0.020621568187726303,0.001943469604841584,0.0029325221153433828,0.007152818031883553,0.002229507498096871,-7.828728119133147e-05,0.03260354286107704,-0.02806315384156064,-0.0018346385736554816,-0.021132518222641235,0.00031172409178797944,-0.028679419270637684,-0.009227868619342567,-0.028634256384158417,-0.008107535456062265,0.04023475720892328,0.015818920773962634,-0.0032538718556256764,0.03142467234667594,-0.009057502437644065,-0.042490348485803645,0.004786578817779282,0.0059368861306580215,-0.01933345966353836,0.011609850771278109,0.01568480122352549,0.015476963772372801,-0.0027930431405086996,-0.006660560871337363
2024-02-09,0.012695447707449159,0.006734581068314017,-0.030280961036508458,-0.03787178879300055,-0.055600364650089745,0.012904842380444462,-0.015422456732426917,0.03971460270225731,0.015763533644777675,-0.015042129476686482,0.02345561015242959,0.041900064187803,0.013268769756737181,-0.0246169480781465,-0.004331614708194683,0.007139925313952276,-0.011698004699681252,-0.013833872153026998,0.01060608004456844,0.008199635979489063,-0.015986729227172685,0.04523062068939055,-0.028008442023851377,0.014603546542807832,-0.00903825022995369,0.01619358665526655,0.014664916689244202,-0.007097857871403698,-0.0017695394904553305,0.015217729462241323
2024-02-12,-0.017492728613073622,-0.03128078583177475,-0.024535132838350612,0.018193544556310306,0.019187334182787688,-0.0055023512536555175,-0.016532643967558644,-0.0033784087190925557,-0.0222843191290164,0.044341209652133826,-0.011807021990309917,0.009506968499976875,0.011032086653564501,-0.0016224976870295542,0.02927422851795939,-0.004845796646507463,0.01571423244881469,0.016604612650278766,-0.02044878567062618,-0.007790935036912493,0.02860947644468066,0.025934369302354952,0.022536241489328583,-0.03059091295218319,0.023323664149096306,-0.006888890359271654,0.0027588586785360202,-0.014958531375888482,-0.0007217603728943318,-0.021950780400618937
2024-02-13,-0.03127327122446331,0.007073596400026259,-0.039709013693803745,-0.028167593940165044,-0.020964337259475534,0.01069663423723105,0.019297549032909346,0.026056397407087428,-0.02875421371392181,-0.0073318994128614996,-0.012349878971265126,0.03268659379970715,-0.00686112439447685,0.022262323915755375,0.01665791879724551,-0.014240755771822598,0.04342009631392212,-0.013139664935711993,0.034204075197658404,-0.018151821583416067,0.03273455044105379,0.020306428302625874,-0.028960960082282942,0.01320771114929306,0.023232148260702485,-0.0068367736002794815,-0.016742327485104683,-0.010225471008968803,0.012355800835138327,0.03525004106016663
2024-02-14,-0.014249244487396307,0.015378083620795714,0.03911542679125876,-0.000485444595397386,0.008396180118396858,-0.018143435336505347,-0.01195569776191284,-0.011962185934836536,0.0032982648695080987,-0.009117781120647855,-0.033126159557486365,-0.014964720544556623,0.018662331597622248,0.015411098985824136,-0.0060044064530490725,0.0008187880252088042,0.03154691442144011,0.033420266683018486,-0.018416371482421517,0.020508513402970528,-0.00219916023159879,-0.005773372980456251,-0.03040458798679898,-0.02744241388409165,0.024923252376861535,-0.008611223132026127,-0.015970490824936914,-0.025608369039336956,0.018080886402618613,-0.0033267730334351786
2024-02-15,-0.013771171698394383,-0.02622872663328449,0.011902053563461605,-0.031004326869053314,0.010913846753101442,-0.0010550887190279067,-0.007190703244354974,0.03244091141594599,0.0424143553906913,-0.028800370327517456,0.009090293990153412,-0.004854014976346752,0.011735406558270253,-0.007242320726237497,0.019627708471208448,0.020963036082344514,-0.011638161521744374,0.007514309182586485,0.007648983887831021,-0.00540409913836105,-0.022519581653851435,-0.007665448446964904,0.0013103889313326941,-0.0027888763128072398,-0.006433595671710381,-0.012624701186969463,0.0006705322209823294,0.007591858434468749,-0.03650343135383287,-0.007323300363484801
2024-02-16,-0.007099835817581728,0.01710919544072786,-0.02170662336981319,0.00593637087739754,-0.020175219527009576,0.01906707660106077,0.0013288082956407082,0.004495250800247107,-0.0021177577509171757,-0.0069219535771157265,0.005551083449889488,-0.023407222233134063,-0.022856785722019615,-0.0008184440361853917,-0.014121476347464103,0.020517150798117664,-0.024032284210737883,0.008810396104515261,0.014245135750616384,-0.010140432319436845,-0.00021975676723269983,0.029924026549731367,0.00941035519889611,0.014648642051045905,0.006328150545584113,0.016442099578126947,0.025810963332209964,-0.00764816652188708,-0.05866420465259459,-0.0448420715392909
2024-02-19,-0.0017799612473292491,0.008511496195499617,-0.006452293675540712,0.007161529217647119,-0.009248736514502424,-0.0043653186305561975,0.005930947398229077,0.0008901455269249554,0.036778061680918864,0.01311876675295978,0.027831686353419177,-0.0692707445899132,-0.028375301482607966,-0.004511718732540659,-0.015026241201674662,-0.002526586503191822,0.0048807215404787175,-0.03134251280639887,-0.002348475100466403,-0.023482398267959368,-0.025604809260444592,0.026765906242523306,-0.01545180711612511,0.017188386466008523,0.004659082149806021,-0.004667467418053684,-0.013025827544876483,-0.006417721839046084,0.006288904626965025,-0.04309674019520808
2024-02-20,0.014635141502592777,-0.029020278638027152,-0.028308418723760654,-0.0067622373872817465,-0.021617077267885563,0.018383506891718464,-0.021542716896374565,-0.0022760896059203254,0.0208616313202864,0.042592454830748756,-0.012325525228185611,0.0031089165921724246,-0.021854672805097126,-0.0038817668149595235,-0.030033889171899433,0.035370838692538126,-0.047378309203070124,-0.0006067803399791238,-0.0030115170798256977,-0.021987218568982007,-0.009131894588063462,-0.001613199856773951,0.012863110760385392,0.0015055215484983005,-0.005788294716492194,0.009453022646581518,0.01691863090642394,-0.005374971841724298,0.00901285319456602,0.01822144182646022
2024-02-21,-0.0330346106598621,0.026811748689302594,-0.01967027312995337,-0.02136508423497387,0.04829116933034132,-0.006116835470417496,0.01660687279123444,-0.007222704915037004,0.03759073525691299,0.000999991790606659,0.05360564616290104,0.02905775323616271,-0.005255486426532375,-0.032563995760145154,-0.02287473345713658,0.002503234905337832,-0.01869480199110922,0.019492421071514866,0.019402076995735727,0.020338008245476026,-0.02594515184209946,0.008467945754344236,-0.015507266123164444,0.0038235819712755534,-0.00947340037536907,0.03801261559463988,0.034519254574801844,0.03159036828867052,-0.01782565096766798,-0.017494688040567273
2024-02-22,0.021708572812202908,-0.01583929193563923,0.006370377851146995,0.004678209417552095,0.029204444526101797,0.037076255880136424,-0.001926505661816871,-0.030926856135978342,0.005028676420027358,-0.0010103005752707486,0.0020681684997001714,-0.0019406661439235256,0.02518236997421701,0.018295520391947272,-0.026768791705496665,-0.0009640776505342506,0.0026634672997080215,-0.01859687000021283,0.009072577034939931,-0.007922949597662923,0.04067793331474883,0.0005181711922526561,-0.005068577256442032,0.018863031984795987,-0.015900732127831347,0.02842947524448594,-0.006083571264713463,0.021604959088386444,-0.003050236159015858,0.0034546431790400314
2024-02-23,-0.0028941833022832412,-0.008181643650285364,0.010134352297958666,-0.050098684659016256,0.022665610442535813,-0.006277248272862697,0.023334666078033237,0.011154696417985692,-0.028772841397715136,0.009559514149128411,-0.020557709814213464,-0.011025994111417572,-0.013975644182351454,0.013545640258892913,-0.005466177677306752,-0.028174233191181952,0.030447473449811233,0.013370308853907996,-0.023556553546795374,-0.020057149427799664,-0.010896956661210978,-0.0015684185146426566,-0.02684037104455142,-0.013888149447069953,-0.026922663542013885,-0.008566972050348745,0.0012488136491122551,-0.0033532722639160514,0.0038277309979351556,-0.009679198282111699
2024-02-26,-0.0011738861694427535,-0.016956238738783803,0.0012517449797156551,-0.0543411836516171,0.01221630400318023,0.00572349004304169,-0.0104451725015391,-0.0186747046944361,0.01149681064268851,-0.0100040206273873,0.021105616638866346,0.02821929098752988,0.0017886654723910935,-0.014745758263916619,-0.003514308893577938,0.0010161206028521611,0.008983534832705151,-0.010925627392466638,0.005837176698729193,-0.03431364028678289,-0.006704993762953517,0.00528917359184191,0.004541768188080175,0.01701835176110897,0.0008206752331172535,0.03914229853693318,-0.021549528189587417,0.013980591509059826,0.023149843157615896,0.005923986221635398
2024-02-27,0.006346072030918294,-0.008497032169552245,-0.013686005850126727,-0.0003486222674178026,-0.03783798792899691,0.007538222351691908,0.013680396625159068,-0.014010827949659624,0.03208156755112773,-0.011020166403966998,0.03101212949142792,0.017494665441920333,0.01939974186754799,0.006036103360089842,-0.007518517287663697,-0.014617301274181418,0.045022470872340216,-0.02065081685203599,-0.04572052781283811,-0.04172721064459591,-0.03462478501930861,-0.029351717332595187,-0.013056101589465357,0.015941103631426225,-0.003720662030404682,-0.03301215339509883,-0.00935741026742737,-0.02434785377082436,-0.04984208499714306,-0.01653332524684127
2024-02-28,-0.010287116026095817,-0.013693065488688986,0.014970279221461323,-0.005405917488198608,0.004588470668480713,-0.01828546936814931,0.008650662414843618,-0.02576315440694164,-0.008858834942410694,0.03587110188155935,0.0006698107062053589,0.007037376794889105,0.02315095552888931,-0.021455009279119745,-0.03124550835297714,0.0012856264380236677,-0.0005623120745376405,-0.0005623436024588535,0.010356619907519503,-0.01968074640000224,-0.03151395370537411,0.00477294386250977,-0.02929671962444595,0.017600297347863482,0.001527506265346786,0.0036227822175848912,-0.005305686605024918,-0.037467797408857716,-0.0046028663290475485,-0.007295511253097311
2024-02-29,-0.0008363322379469839,-0.001650992608677371,0.03710834015803632,0.0015129775165629035,0.005778038321145032,-0.009956979663246704,0.03389140440658511,0.009759997065079106,-0.04210362235997742,-9.693229495690871e-05,0.016050708259856772,0.000785716449887501,-0.009200354129670553,-0.029300308261169934,0.00019076081832801423,-0.0007282835380872422,-0.0234533425299378,0.015177406782600034,-0.008909042620912539,-0.01592235370056353,-0.03504832607358467,-0.025628979028706485,-0.008492664441779828,-0.0015908193006687241,-0.024782172991471816,-0.02712858236586653,-0.008408473371211086,0.006683294270930516,0.0030531952863150527,0.005536382762277917
2024-03-01,-0.0066883639977483415,-0.0038755877945643325,0.01077094038957461,0.01735247610173443,0.016297553089081287,0.017773857267035394,-0.001482904227031862,-0.026223103611647255,-0.0013170543945825622,-0.0057977208431379615,0.0011078042729554432,0.01192267398347051,0.022812537846912576,0.05336312767257634,0.007298875790874169,-1.923797248589733e-05,-0.035089685704378044,0.002132951608067805,-0.012277401219035356,0.012393578458924468,-0.025869631418406598,-0.04627829201821651,-0.0016156323266358428,0.017690705770102736,0.010263316733944603,-0.02321866200351682,0.005969545911741531,0.027617768537462655,-0.013809031315099852,-0.009706373080288473
2024-03-04,-0.007837757220695409,-0.050083648447093,0.0027243833141495847,0.001240288193043033,-0.0008192664110239656,0.012360657244284532,-0.003683674336259877,-0.008249085953192214,0.023912202827997293,0.006221966505069006,-0.04828909103226846,0.01521219847745357,-0.009300602436242837,0.014488538957443947,-0.016255158411450116,-0.002664067675141046,-0.02780546121862557,0.02434974340616404,-0.01569287878837982,0.007311861861534163,-0.038260339865128425,-0.04479273479532213,0.008514310947313882,-0.008408123179400963,-0.004115065570510338,-0.009193310591468636,0.04167533271086276,0.005541544190744325,-0.00613536804781443,-0.007775426423999157
2024-03-05,-0.01951346410243131,0.01587218012408481,-0.011848929209702978,0.012154723545695514,0.04020018336086388,-0.02868087025753179,-0.005124224491971691,-0.019009759974400235,0.00907530220739963,0.044339485766574274,-0.0022646298044601268,0.03488393014022277,-0.0022324195127805075,-0.013345506174606225,0.017383797285810295,0.020391216456740333,-0.02615229127402159,0.02308872755104331,-2.6735543925645905e-06,-0.005117512760969966,0.01420506839153692,0.03336766235857514,0.016444535734755496,-0.01856840159054162,0.008816210166543142,0.011429913220004624,0.013713207144991111,-0.006657214424835375,0.01438169589948477,-0.015931714247406116
2024-03-06,-0.004216414583218765,0.024503767725383378,-0.002110084157573229,0.013043767431285309,0.0048234577335408355,-0.030811300124223263,-0.009567418201323008,0.006955073315047222,0.03470641245746661,-0.011275617492496453,-0.002937467642180445,0.052733659477985674,-0.008234879154625367,0.013364710369360986,0.0234199232704009,0.01888118535493659,0.021013794808707405,0.003817052641217217,-0.026678904822892275,0.00946462632759324,0.011337262667726892,-0.0006050879927111169,0.003703699027575382,0.016264235406582343,-0.00022175293488055277,0.015853013106526773,-0.0033600676587339294,0.013580637274723898,-0.04617317628493663,-0.017927995533733358
2024-03-07,-0.006365090561948069,0.013551518370204896,0.03253564708201007,-0.00455816410776194,-0.013078691661615066,-0.010847473074366258,0.025958215488651806,-0.013405589561815921,0.00015151380816343904,0.043163494809689076,0.041829060846278805,-0.012751235634367754,0.0007886673557434742,0.017570463481268717,-0.027593396445305587,-0.00591392696755831,0.0009134179970445866,-0.009009285189811762,-0.02115911588665385,-0.007315386678609726,-0.024790028586514426,-0.01498992428567172,-0.008474556409576431,0.006177700864300038,0.00208403817483591,-0.00684349151681279,-0.02376551573418938,-0.03750666174856162,0.012691233875940537,-0.01569361514027074
2024-03-08,-0.018133621389621393,-0.017896080213599057,0.00015019157627298721,-0.022692070679882503,0.010232826864826728,0.028881993635343862,-0.0035910923885211846,-0.01703423764090531,0.038176409712233524,-0.0035001172215411913,0.031556044990165746,-0.0037742054764639274,0.0022899600642086256,0.022441158671831763,-0.04304743167311646,0.002823947762045148,0.03160549766750476,-0.015430774275965469,0.009848288062947656,-0.012177024813728366,0.007936361710691005,0.013147504383117632,-0.009334015070545227,0.0331636541051035,0.01374636980802602,-0.010876302468640464,-0.016157532015773083,0.006326339057784812,0.0009201539652143687,0.0108196509064291
2024-03-11,-0.004351884548021468,-0.013469592965297652,0.01258398787540102,-0.047349435609249,-0.00783544985443206,-0.019181918791732387,0.00097075009210434,0.0042355031982460765,0.0142662860428328,0.023420214883431135,0.01489944652466716,-0.01818156313198949,-0.003726533194091796,-0.01221552092649755,-0.0010923104221725074,-0.0029871585108391286,-0.0012210065357084344,0.021728219626784784,-0.016328573140552194,0.013672991768956545,-0.011133198791070855,-0.04480573688837239,0.014229266116471545,-0.0020434063881905116,-0.008131216499681725,0.023441811642639372,-0.03896607278631427,0.024029232736188507,0.010865932192740275,0.009592848092419974
2024-03-12,-0.01285780181028743,-0.023326094033330257,0.006492939520521512,0.017313312441163527,-0.04693857319190064,-0.02507621414260133,0.022323190458615652,-0.00966590382141318,-0.015753884922727196,0.005759629839412093,0.016755105414467626,-0.0037466370658203454,0.01340468528418922,-0.006391759839762161,0.02901731788228231,0.0037385283808749454,-0.015488138855396584,-0.01607727497159258,0.01063201970827461,-0.0015054393950602203,-0.004511900636640905,-0.03396070340754168,0.009669949349588317,-0.04006058772939805,0.000573331647949957,-0.029000845917032777,0.03130828850146379,0.03727387911998913,0.014767775868509275,0.006343480694931396
2024-03-13,0.0024004894904258484,-0.010488527791448442,0.00964763783315604,0.009382803397068987,-0.007575638503605911,0.0008045806282119268,0.003843043686359171,-0.02249689875569126,-0.0007876056639593036,0.015291081364490335,-0.012994254528916914,-0.006816463176957061,0.008966744859160793,0.009364997093534338,0.0018699173247288747,0.005505222238540332,-0.0076439364742809015,-0.0037018051622816107,-0.02886751268014308,-0.02183854861733546,0.00036292026976034826,0.026139408965943384,-0.025516491621321125,0.020666743086448367,-0.019919941012078984,0.00702444909579378,0.021166702429014816,0.011423754097946456,0.00549383022421763,0.003814391411729641
2024-03-14,-0.023369423680963584,-0.0016092077788102512,0.0036579968552485037,-0.014493883639579264,-0.0033568970672019347,-0.01405199493163906,-0.004407737455040578,0.027622682895402224,-0.03440433378314829,0.019456078776517532,-0.008858866875133225,-0.017137547598150636,0.01990534648323698,0.07492504549738377,0.008089453737538253,0.012244907125788039,0.020345683762989675,0.00576286303225759,0.0014625963085361964,0.01366023663256395,-0.007491551623838208,-0.01437571939113037,0.018068042662399003,0.013679820041919876,0.007496401776086715,0.023508783862502335,-0.003848052045672572,0.020119752181863244,-0.0018365684237087515,-0.01764837088847711
2024-03-15,0.02524082312026095,-0.025382523335811757,0.011109610665270341,-0.0007957496275489328,0.0010821393055248398,-0.01991559802936648,0.01650666156704588,0.0062649712577618815,0.0012068155335102997,-0.02366903719179653,0.029205058792735897,-0.024616616709822806,0.0009983463741242424,0.03354997575091734,-0.0013852713452857854,0.008679300889825462,0.019008368515676218,0.027375560821503976,-0.030251577587157446,-0.009893959532573795,0.023482368064687644,0.02998813636630477,0.027448690521729897,-0.02325600660540715,-0.0504313084053161,0.029490175385043546,0.016360062217035825,0.032310431362459605,0.02373076672640022,-0.008936665790734565
2024-03-18,0.0023478144393867975,0.006263772470888579,0.03698253077489191,0.0016536208617371879,-0.02867142653676755,0.012700041948047244,0.005358136071272107,-0.006847270696047066,-0.015795238359530506,-0.00422077142563606,-0.013917794865466512,0.01795797646030605,0.01813087288806723,-0.05487465910448284,-0.008745992209510929,0.02067323656864682,-0.019850008734517973,-0.0031209214954103616,-0.014918977317060647,0.033863505497232285,0.029488549504908736,0.012679630191888065,-0.03082185558578833,0.031166829824997706,0.02687236776882225,-0.025928905257765974,-0.011628497043566905,-0.0051299893391577355,-0.03070692234144645,-0.0026117623156840034
2024-03-19,-0.00463711579794131,0.0042472649495476,8.690697843952822e-05,-0.007425510464076241,0.013093847016115934,-0.014663629801926176,0.0016147472512427917,0.007203120240931214,0.0009446622297034531,0.0075897398450622084,0.00029542653321907485,-0.006774631488247837,-0.02310752824058812,-0.0028772005704639256,-0.007593299043232592,-0.002072715160560248,0.007480650254261239,-0.004827760278141975,-0.014902000775295847,0.023513185469118212,0.019392661358652377,0.01851605645152275,0.013511638495137437,0.0037138386814582953,-0.007801712889270011,-0.037333075136155566,0.008651542259833474,-0.03023395568833419,-0.018617161041511746,0.007808928225440942
2024-03-20,0.03815245717914122,-0.0058919452837200665,-0.018578806883330995,-0.019674187931877942,0.003456620046627194,-0.007111199419214916,-0.07658486692370023,0.04248388136635928,0.014597021005456885,-0.0013866091038187984,-0.003172543658318671,-0.0004771966238527291,0.010071077229570671,-0.020011034943790307,-0.01825203861827344,-0.004994079075816586,0.014169800158110776,0.023413537144867456,0.06008152435947864,0.0028775612467540367,-0.007752685910054749,0.0022510044516084876,0.00567080276212214,0.03316664729828052,-0.009258436883607904,-0.0029830860480503413,0.0014514308853865838,0.013260104759218794,-0.02609265136912515,-0.012488914777571573
2024-03-21,-0.020854544093228435,-0.0024382763204233646,-0.012383119856151639,-0.013421068351457047,-0.02597728895510902,0.011437701956062784,-0.013224042683583568,0.028665775769818595,0.023969771864608226,-0.01919176275047203,-0.013903449666794772,-0.010674236155617028,0.040297328474484834,0.012977025664083318,-0.0053193578611156365,0.0024348125254772795,-0.0004455058192128105,0.01353626483828581,0.002000842676668408,-0.004817314606680821,-0.019716836053550766,-0.00792674659477879,-0.018239666754456596,-0.022575080471904332,0.020761436560410042,-0.008464480978105416,0.014211514672156441,-0.047331894828378726,0.02221371921506455,-0.017795289195679857
2024-03-22,0.02047990693678888,0.01031005373244174,-0.012545339842561681,0.020154833011475054,0.036734677570758066,0.007046647179795117,0.001607780679816629,0.016574298369053605,-0.018564981828574738,-0.025619496885316173,-0.015911022778088427,-0.008127850673490537,-0.012250837730924646,0.011718925025286465,-0.013993678686348385,-0.007852760037661412,0.008525793802749659,0.02175117930594248,-0.009520833086618238,0.01263448618292407,0.0026741181171755454,0.027860764553523355,0.05994541573134411,-0.03235917954745764,-0.008241968177526322,-0.027941712296939678,-0.002700058019956706,-0.038219230620305605,-0.0030075714423209413,0.008436330059813181
2024-03-25,-0.00663433626845765,0.007594172647840612,-0.012013387701736598,-0.00947882799408002,0.01689865775677815,0.020977401912652103,-0.02441515827656927,-0.012922231661129633,-0.0003851956906232845,-0.01738199781837285,0.02570608540696009,-0.021681944290280083,-0.010459891975739183,0.013459797404957851,0.011489013714157363,-0.0005592368263593491,-0.016356291923610766,-0.006454009470212673,-0.0020348330845553113,0.033415009166348715,0.005483320642806886,0.016131514416683392,0.018569815725289412,0.0089029621813404,-0.006889062195016208,0.001197057483641095,0.012092728831519399,0.039250307608595145,0.01779138998251141,-0.022812417191239838
2024-03-26,0.0030345703603953133,0.010530618106637132,0.01816780428846968,0.008598085868684631,0.0007775231496162933,-0.002260808939812494,0.020552661302704455,0.008036917383001435,0.02480149317408725,-0.027560750562999142,-0.026826879866552092,-0.0035763206024147206,-0.011380788738619158,-0.024538342896684287,0.005366515412042213,0.021845039411146086,-0.06235692450262694,-0.009616200565519796,0.02713419669794061,0.027915630929348338,0.031116287455325842,-0.004218783449371763,-0.01030002801808859,0.022893241733709963,-0.02119893771486102,-0.010345355901587552,0.036100517702079296,0.022448154947877785,0.00169984204291533,0.010952111555535781
2024-03-27,0.03750573114830758,0.005077693120897863,-0.02545533104999973,0.009485202672582448,-0.010697200113928806,0.03789502553345335,0.021876879652012866,-0.007199001471094013,-0.004553474669740363,0.036180637775333695,0.019099251893944597,0.02705203804284216,0.00027390128646339376,0.005446341491056288,-0.015551122738023828,0.0006377147451606861,0.03954952278323973,0.03271297324912301,-0.02116362700338804,-0.011178921215572301,0.026216160420065908,-0.002272061329677677,-0.024530773125993204,-0.027961482521209547,-0.01711605721239493,0.020355610059145168,0.00586178074821805,0.016903874953380752,0.0021810569499868724,-0.0014202191060174634
2024-03-28,0.010049328195017252,0.0010518767065529249,-0.045311122840643696,0.01228100592526662,0.00885339868938824,-0.006905886331853507,-0.002129989400646813,-0.02145464792215138,-0.05835591172047311,-0.012545949504380479,0.004623823692672844,0.007813733766926336,-0.0328297754134495,-0.003875399830792106,0.003720078290899522,0.033714163986163,0.0069171308173525394,0.0035943136438838187,-0.03122334668864559,0.007112797295129168,0.007737487166158741,0.04446142079791496,0.04973949405537515,-0.02406556960419082,0.002975747086922708,-0.021239018156098348,0.015672908335756366,0.01852224302518325,-0.03227743101400816,-0.01571010638927816
2024-03-29,0.0009897442249769918,-0.020628917249629942,-0.00951875271179989,-0.01444648460675709,0.01180708174682931,0.001321729148491441,-0.018712103649994087,-0.0009594440864810921,0.007958705796097571,-0.001303084546578496,-0.0032205228663003595,0.03730321369211682,0.012953883917237686,-0.008520589580195245,0.017584640130017686,-0.00032297173218400556,0.002679856810382391,-0.007913487298760985,0.01804892771872034,-0.009155770533197055,-0.00025551386643695833,-0.02560237905732952,0.014172648981318817,0.01534144660266216,-0.035966258779425136,0.033309933071502325,-0.024995309300525945,0.013940183906683607,-0.014246096666696796,0.010981972166695594
2024-04-01,0.03451860713731965,0.030669254067453064,0.013210496473093691,-0.005356304852773426,-0.0027086927867978868,-0.011807475567143887,-0.021606990518564212,-0.02811177847371405,-0.003441718447540351,-0.0005926889256751857,0.005794858574994219,0.017407530556990996,0.009276259467968133,0.0012658986015777127,-0.021259012172910523,0.016432355347038043,0.041063896040042805,-0.01948509325261085,0.004385924779214803,-0.015594637653293,0.001218923695665033,0.03417861961750691,0.0029152913346623525,0.03130833128046389,0.00384195194148854,0.006576866495686597,-0.002374715735213291,0.0004974679461110736,0.002173031712108024,0.022553570465057605
2024-04-02,0.0383377761530784,0.001918448378913682,0.022701790829794583,0.013276706675353918,0.015147297816836158,0.0009700385001464209,0.0184865894318171,0.01695502190873134,-0.015310075738787421,0.0339152139933293,-0.01527037416659353,0.024393910938124333,0.002561761338243794,-0.004948487395256217,-0.011218939444548522,-0.04023632986691143,-0.041326879182036064,0.024121935081689777,-0.01545846868964801,0.0031383908758498076,0.010678535369345044,0.006188742882691056,0.01306091034412614,0.01856295973248888,0.014301010460143464,0.02683681443176972,0.005275801442644967,-0.02432572914712838,-0.0037598065631386157,-0.02506171625676997
2024-04-03,-0.01832223940926596,-0.0070832109975717756,-0.017750971173154287,-0.0007965221230423834,-0.0029359578361742708,-0.003356951963018466,-0.019495527959442455,-0.003966482517221518,-0.03660376080403433,0.0051843544902597976,-0.02298383368040421,-0.02544789174424919,-0.03975871209695865,0.007786571760077929,-0.018958574325179296,0.005556494234534793,0.02941902650855258,0.010994153695781167,0.002631743284440662,-0.017264831985528334,0.010046592809905002,-0.013627978632789892,0.0003073532768660148,-0.006997314993347886,0.005422762478992712,0.005482254680589449,0.016120631477872994,0.018960898035845764,0.0026438739465201137,-0.013376552607492261
2024-04-04,0.04469029617118156,0.029032726505910815,0.023012640447815008,0.00898735632193055,-0.003106979236499281,-0.015699828894188382,-0.01857502529020962,0.007492097179460023,-0.005205463348307586,-0.005787889302267484,-0.0038647681159364507,-0.0210068916746481,0.01816638205741029,0.010931420347771571,0.03141249572678924,0.0038322587386410045,-0.011814102806732838,0.0032104380208336832,-0.010856240449634125,-0.014614480506501677,-0.01036027338401651,-0.021346399224092833,0.018192690655900366,0.017758506329756753,0.030033352409014332,0.007326838682863768,0.02891325062161899,-0.021363787253403023,-0.014366190815365262,0.04147631914293939
2024-04-05,0.019327607372755788,-0.008420714770417555,0.005301142646317622,-0.0025332771003538012,-0.007045549139612323,-0.01414770405759514,0.0036569802717677322,-0.016036644280700982,-0.03683180188555354,-0.01759803312248545,0.007872498559297511,-0.020455552033937275,-0.024103416166483746,0.03034424858730823,-0.0498304995827213,-0.04694339467312808,-0.010048280946867997,-0.01949047817447771,0.0015262120945876557,-0.01654641266536896,-0.00887426322752703,0.02072062470378457,0.01386019615010331,0.002763350618671638,-0.015342845632985219,-0.02082821923649987,-0.017528620878960493,-0.008313684298412602,-0.0064936248262806645,0.0016909570190265116
2024-04-08,-0.006047900750670162,-0.01129439906548043,-0.007345846416805509,0.02872126879461613,0.01687659928968632,0.005514632100446177,-0.026105305578838958,0.029724370426629225,0.0020503051669664095,0.035835108617001704,0.029604454265072404,-0.002402296634486483,-0.02234458217204455,0.03505488555136731,-0.025391744677900147,0.012940060236268855,0.011050449363668233,-0.0411095332818331,0.006725162870927743,0.02850960727916134,-0.02865264789380733,0.054508590060221934,-0.015936986779555594,0.00605717325059493,0.011682474170993929,-0.018609949574261802,-0.0067590091247227676,-0.0018628027102780393,-0.00019623761196454987,0.000355238881488726
2024-04-09,-0.02076769565384403,-0.0038092291891455455,0.016142739164894396,-0.001244092446985595,0.0012639095235397267,-0.008445944540542595,-0.023265030550135957,0.0072856027882963175,0.007285405408601303,0.013964024034725176,0.024030826267440138,-0.03105237742325343,0.0024394603317873928,0.019212131524171675,-0.030594885917249636,0.0189184459814452,-0.013717469914015132,0.016078913154839187,0.007376722215431081,0.00048325596327081796,0.01051338695918172,0.012974895211033056,-0.0229342999813966,-0.005640440238928272,0.01749450683399437,-0.015556114182246275,-0.013558283798568209,-0.0025561467402519804,-0.031114182499755935,0.0022134326907056754
2024-04-10,-0.018644764307737382,0.0070240121165182886,0.013483224333243778,0.008478794267925836,-0.01656686994301173,0.01831521247468811,0.006245600383269925,0.02039668160574331,0.02324854329131133,0.016543712435971282,0.004479517292586695,-0.009955411083618429,0.010974373348932623,-0.011958663722409073,-0.004468537397890682,0.02489797854128069,-0.023997190383747348,-0.011358130088684788,-0.0014202634479664727,0.015315572065129719,-0.0010966943652669307,-0.019016404230368805,-0.026413104127574954,0.008554161412264706,-0.02045363964428873,-0.01237065539542574,-0.03109680194724687,0.0416422780852882,0.011454571457294142,-0.010374252758306038
2024-04-11,-0.024211370723719025,-0.02739364915127753,-0.0004926865989041845,0.03178601067394259,0.026755724014069098,-0.012671426991868668,0.021415473065862188,0.020770671958513544,0.013103776808728262,0.018104109111341585,-0.008353488848425794,-0.007396451112020488,0.0012138665927490266,0.008314651690898579,0.032003522693283125,-0.022487685699373882,-0.019473613130376263,0.00026153943462383793,0.006101597384562715,-0.017531408658574072,-0.02961747539556294,-0.003692839734151113,0.03789329647082249,0.0033945265287851677,0.03275810849812589,-0.016491448476178457,-0.03544461664343918,-0.006378754104923224,-0.041420173615548624,-0.011751665261991891
2024-04-12,0.006460234173269147,-0.013454360736161337,0.02125430503972915,0.02042350517623447,-0.07691581258542528,-0.026166550107945143,-0.006957263234384152,0.009635614901276065,0.005880115484208233,-0.02114741962131287,-0.013542242054966734,0.015601994361761337,0.010722763288863131,0.004799640456074652,0.031224298879343075,-0.008064609181867327,-0.011615012723232504,-0.02844692498089229,-0.02579887504901735,-0.0025843756138351328,-0.007700278660336155,-0.01459352600848084,0.039784801728106736,-0.00712646378022453,0.00492801159032361,0.0025143666521825277,-0.007696859295374357,-0.015710189143114294,0.01678290751020821,-0.0076766696781825055
2024-04-15,-0.023937825328352307,-0.003321149814170993,0.006601995226792424,-0.003669387622146505,0.015846978756615393,0.010390797575631047,-0.029433286666909864,-0.03613338225278936,-0.028193121400722464,-0.00793311408410005,0.002894639290314865,0.008438459667515243,-0.0012671880016098878,0.0037338094270200767,-0.03247439438486109,0.005070814638312459,0.027559244806535505,0.011063687059400994,0.0011466656286472999,0.010271891951523714,-0.01412590754961846,0.0042945162161153955,-0.018947027649846893,-0.004180381665591655,-0.015372409535331056,-0.01494823827520724,-0.010894257676710515,0.00020454470260979117,0.005067721924673976,0.01574155104098527
2024-04-16,0.022929198642964162,-0.055597172593588436,0.0035797753790806288,0.010727208154548931,0.02502469278561217,0.022122289400823093,-0.0006320786359167788,0.02668508298673968,0.02602879640998923,0.0016424384951098298,-0.0031719002058792547,-0.029952515736538454,-0.013004077156145105,-0.01987425397099188,0.01738993239690697,0.01964354321855786,0.01101771218238531,-0.02335693588179162,-0.010188552532518687,-0.01388728894906975,-0.011535905334421873,-0.006019270621412525,0.0040421045894491045,0.02445173020088204,-0.01415696060426635,0.01766298818847791,0.0031736528619724516,0.01818908633327122,-0.029842746725715203,0.024867199477034148
2024-04-17,0.003355311158317414,-0.014034297300302402,-0.012392202056803844,0.0068104186841507555,0.038565812285305284,-0.002535881728410382,-0.010392191671002325,0.017395153974927937,-0.0037533029488319575,0.00876172059653194,0.0026427656889947875,-0.009255396078579033,-0.024400768172456854,0.05404886575742524,0.008705171296231185,0.011119711475492827,0.01375580664057143,-0.03002683724974118,-0.021759783494884805,-0.03893240798132944,-0.026684485763374302,0.0023739657128181,0.03565397387226025,0.014125706479374445,-0.036064088528300856,0.010946856003612787,0.04378201152959828,-0.008356118070460276,0.038810469062367285,-0.0015294438893304681
2024-04-18,-0.03370909567213287,-0.021435557926275762,0.0089561827930735,-0.0005695323578747181,0.02316041451424356,-0.006155054106646466,0.013490843299088924,-0.024177321680828808,0.012589286143949694,0.016525348102349093,-0.022805218839116428,-0.046378088746492685,-0.00653813343229962,-0.036107113144508554,0.01848827598919629,-0.0020046009278125187,0.007667092257780611,0.03890234552715342,0.02576166421220724,-0.027929144546718666,-0.014247251802207586,-0.008757561550078747,-0.01687705155891412,0.037669202276995065,0.018074090817290573,0.02848854864395154,-0.03423847673157405,-0.014193390956622125,-0.012330707326069178,0.021040497980152655
2024-04-19,0.020084686350501403,-0.05396086313476674,-0.016230577398709735,0.03147656773193601,-0.01780667202762426,0.0021009752089844336,0.018849137770264944,0.008295820570594825,-0.013596377300413054,0.010265339629323732,-0.018132778555883175,0.04819814139680535,0.0035589752425271032,0.017785561400436155,-0.0008982477076869449,-0.002669215261628622,-0.03960260381065222,-0.003361691732709279,-0.018072005906431512,0.0037642697507783286,-0.003794534335677097,0.001000114067691676,0.03091967669073118,0.011214292323970285,0.0045738150596620645,0.004335438363522899,-0.024630992346282122,0.0016229035673357547,0.012577374745776183,0.00553219071491809
2024-04-22,-0.004042389295655122,-0.0045015078705406796,-0.007398311058150562,-0.04418933025685636,-0.012697645213531304,0.00528877916235314,-0.03456734546939429,0.0033519186509774705,-0.027501241908021185,0.037284022969242075,-0.0034605401741397888,0.004279265099650745,-0.005691018601574093,0.001991048950781979,-0.006435435002743961,-0.029757508826986214,-0.004133412614710791,-0.020944099873824423,-0.003723415258807721,0.027040683133796033,-0.027244846530109685,0.025246889378060713,-0.007801894819720139,-0.042233917692780114,0.011685016391240236,-0.01277048579628637,0.00024592495042033836,0.008387313996971233,0.014667247420655097,0.00744166156014532
2024-04-23,-0.0056024960792344465,0.006716774833302857,0.02327864739075697,0.006517830318326123,0.0017054318643268723,0.006091230879079404,-0.0015870426824682793,-0.0015724740203632696,-0.012934319247932704,0.005308595196654813,-0.02442820002017096,0.008233245869186903,0.0033553186327120376,0.009063224934743968,-0.00817858942821449,0.007870441149270824,0.0014553955562895927,-0.009506632803210381,-0.005858618496194239,0.003286360346858595,-0.01387549133076056,0.018161167475561783,-0.00963382569098139,0.01201511511333062,0.003009917579525624,0.0022735532929729386,0.008941915189625052,0.025576662272602375,-0.03409354373717016,0.012338160787410934
2024-04-24,-0.01350700163684587,-0.0246017702727403,-0.0032971582063410876,0.0114087503820081,0.015456498815772355,0.009015548225218568,-0.037003981035346224,-0.01141380950052306,-0.024697334049268403,-0.019170264636205896,0.017266000527503756,-0.0382805883233278,0.005738680121454462,0.007090723055151919,0.03235125231231459,0.0006316197233473273,0.005431019427366427,-0.0019440654303158112,-0.038617903752174144,-0.016052923279017084,-0.02929945930392203,-0.001741357345365901,-0.013056816169792337,0.01133856123381114,-0.004855338454027885,0.01096339540542269,-0.011593817051553056,-0.0010447621292726899,-0.007969372873374346,0.018311646639448877
2024-04-25,0.005568586123338737,0.0258931770538894,-0.013618079283950538,-0.019584223909053643,0.007956665883329795,0.03565126215321455,0.00013408647320863618,-0.007552578940452956,-0.012499462712528796,-0.02453410250451932,-0.0167556792381012,0.0034790073627524844,0.009997380301416673,-0.002269262721562259,0.004170474377401989,-0.007768202898615894,-0.006137157095358607,-0.027458780948619532,0.019859942283327377,0.007823187583559817,0.025552618315988655,-0.0017445718407697358,0.004651880749492893,-4.5115032508408e-05,0.026158643986846107,0.011013005446658515,0.015076666216917348,-0.027071316561771797,0.012025488330592483,0.04856069212154921
2024-04-26,0.005309184624484355,-0.0051699155168193935,0.021798155353875522,-0.005456672823732391,-0.0064166975450716274,0.018877186638862366,-0.037977690475407784,-0.018565718558577634,-0.009454805109277658,-0.017552688116275635,0.00404362220820718,-0.02241247816385869,0.014342013136818947,-0.015017959574341842,-0.015234144047316002,-0.014473767239363458,-0.0027656624778224464,0.005719339781649514,-0.01572368028749308,-0.03907751264005761,0.018613591001801048,0.02767263312747596,-0.011006571627931493,0.02402023864605164,0.0034528118254373717,-0.00025202784904991066,-0.037443334640009075,-0.0017644790286185002,-0.046988155456375316,-0.0016427216757232265
2024-04-29,0.03116992888751978,-0.029598112802535107,-0.0032943457086930766,-0.007564044475494617,-0.000754758495225471,0.02844834943426197,-0.00513410571163807,-0.004267027633061757,0.0028500562179379295,-0.03856194877797618,-0.025469543080465878,0.021472059807382548,-6.27923730461834e-05,0.007306652457256867,-0.006330456812491835,0.0038938017896506076,0.007110948130395306,-0.016132448331502187,-0.004479767873432929,0.0009021661860318317,-0.02295825675569201,-0.011382338473071248,-0.008852450414282512,0.01066464331737349,0.006044519134252489,0.023921137949898776,0.04135900214902023,0.02723968250715382,-0.014125760613083772,-0.011502017832873591
2024-04-30,0.007588406041763667,-0.010272527187333354,-0.02171073228320359,-0.0035275249711564137,0.013996911651887512,0.017845929717750845,-0.009020680419125222,0.02404751045482458,-0.04199906657381062,0.005213836193387942,-0.00016496739090054974,0.00865601401028909,0.02513315449182309,0.04966034199520347,0.03989002446665611,-0.018257287212554256,0.016417251355150785,0.004731818630853106,0.002111331401037846,-0.023283759991880617,0.013040723096995631,-0.021007304107383103,0.009902188013907142,0.017690163904960973,0.010193591903670245,-0.024721994411228236,-0.020021488393306336,-0.006812669310110177,-0.027692744077187168,-0.04282854688331314
2024-05-01,-0.003271562911605137,0.01792257334377863,-0.006248062208570067,-0.001657404158502294,-0.037699841766645065,0.019502896881319946,-0.027287082853098468,-0.019530126845531372,0.002899255859758007,0.015771209721712028,-0.017262355499420148,0.011529804057869244,-0.014732926109025633,-0.03264952726378664,0.013192193402766905,-0.00047433315519392164,0.0082797666626815,-0.010156424206824614,-0.012569860000877283,-0.026587064769244904,0.008993496220668362,0.024895872946767202,0.008208195419758615,-0.03234478529493328,-0.021112751861842242,-0.01465775668096345,0.011906824341683666,-0.0402739448084144,-0.00308315960647624,0.005158700970704446
2024-05-02,-0.00918907969792606,0.016780042478576784,0.0037558202233396415,-0.019964390587673138,-0.00332415547395322,0.027632989186099906,0.05072496028846535,-0.050793732493362914,0.015631207917899338,0.03500034864109087,-0.02275412021153401,-0.013946608026974965,0.0006281163326139806,0.022283164521406666,0.007871712377707858,0.05110208659009604,0.012719217334871422,0.01955134565997775,0.03162097752293279,-0.011295698930282653,-0.023598610971961143,0.006075625134170509,0.0014566888909052747,0.009033665549198237,0.002630914020936095,-0.0036804499452380993,0.02594984252416637,-0.0029578560713500604,0.028922297215924483,-0.01691848776674586
2024-05-03,0.009544546919582718,-0.018426645052850854,0.01671634713126368,0.001007012746984884,0.03810208013063263,0.02413713324949913,0.0018973659435209365,0.027261222377268097,0.019592606538986587,-0.023660965687735847,0.014562098884642558,0.015488697909929638,0.0077916675423530595,-0.00947456394209221,-0.023191375870835716,0.06203199934296548,-0.011088146262301934,-0.002195889716273275,0.01827717798143593,0.023837675546115964,0.006068434490996375,0.04498112963085195,-0.002052698853678923,0.0031993062723958076,-0.010666497326436352,-0.01077733631956829,0.022389038118193597,0.026721424773006135,-0.0050107991574724195,-0.008220775691905522
2024-05-06,-0.0013968132584717015,0.009691202977713585,0.002028564787886937,-0.003814222003550698,-0.012362338337307963,-0.015888601444375133,0.019713431287251445,-0.011035437126672718,-0.011194476747102831,-0.007055896556645934,0.01845107654651143,0.010909463981243915,0.0028467117400695434,0.006006055814325158,-0.024858066232387798,-0.0053590792136844366,0.0004059193396385943,0.003314007968379503,0.009850887956345667,-0.01515351068131951,-0.01813793634787198,-0.005766936861343836,0.03926910846235029,-0.008812683866408799,0.007843037656503987,-0.024000266950031025,-0.024234110371965205,-0.018211290301003224,-0.03434571572955313,0.0075011950423420366
2024-05-07,0.02559150764211114,-0.007202373391628797,0.03758228330720915,0.040481684341724444,-0.012621631177219374,0.0019292281276625243,-0.008590437876769072,-0.0007677162929254795,0.010668287089396185,-0.019363373443738233,-0.01039463022724196,-0.01989705337296693,-0.0024358939190081714,-0.009635930614762785,-0.017858281359746722,-0.029254864565055574,0.002627001258112956,0.0050080982155785055,-0.008669573573000754,-0.027238111523046265,-0.04332664566566245,0.03743077104563275,-0.007719056386182206,-0.0020653741748889497,0.007195108858478458,0.014127941238287927,0.02647434846401916,0.05012711717059056,-0.019478446654038074,0.0032948383741092735
2024-05-08,0.007354672290267633,-0.01782203595921181,-0.03154121340089682,0.0006678533465435314,0.014507608733667363,-0.021443024064632662,-0.023389534364929587,0.001922865360276267,0.021032497488272517,-0.021794449137194798,0.02388654444816776,-0.016605582218698522,-0.035743901517880296,0.013492717715462331,0.006240538389548386,-0.001872004357685478,0.006240990897161675,0.012742424952013652,0.002447014790786758,-0.006639088229090656,-0.0010453704496005804,0.0003229209624339475,0.04911767819443332,-0.004719375369771558,-0.01700565611081828,-0.019582147284683,-0.02281172196419533,0.010124521332892182,-0.01133300520074435,-0.02118630947406478
2024-05-09,0.00980696955052119,0.025418264973008805,0.03748110719258097,-0.008024716945877293,0.006481791208652623,-0.005053401328179824,-0.04561995617957105,-0.0021092817077875557,0.006556582140688743,-0.01624469241032428,0.008506044071834125,0.0008994566953839061,0.005097873782377317,-0.021697794057799,0.008817160490849917,-0.026182552175424725,0.02239058464205088,-0.01932464576658771,0.017210107790686758,0.016632595386675417,-0.006805575237371327,0.00650393677807643,-0.030328019855700383,0.03350082316363493,-0.017027968176747135,-0.005763431983137147,-0.010239204171848235,-0.011902717575073551,-0.01713418443648924,-0.00958868548375169
2024-05-10,0.00751114351898414,-0.03493235084389699,0.007604860560458059,0.00914575985549757,-0.005797315885829728,-0.008881767637485431,0.026180102712949797,-0.017231937203932096,-0.016738385414200127,0.005608585206719141,0.008191198171657673,-0.0018127251372022264,0.012822180681448725,0.008465012540865824,0.010114574589115114,-0.033100564265450806,0.01556489989573382,-0.019480967188872052,-0.004063649855822321,0.011318183166687514,0.03698529072744356,-0.016396073545953703,-0.02769707737786904,-0.004489009190283755,-0.025341371437825215,0.023082097110716168,0.017065477336264796,0.01541721066681545,0.020405883338055476,0.04965806651856763
2024-05-13,-0.0201706904275149,0.033719246533881364,0.014081066681600632,-0.01988401029078133,-0.015482293394373467,-0.021759584625818392,-0.024301304182598533,0.010835123410764287,0.011928982721777382,-0.028776619467938032,0.020421506927139937,0.007047211462954026,0.004884150142647008,0.00807587194690275,0.03080178663670805,-0.011299557093784473,-0.004055762997297112,-0.0018155899463406385,-0.046452849515021946,-0.0004190970404736735,0.02515142201273859,0.0014892898340890409,0.011647244956882807,0.016339480444672896,0.00586291088754453,-0.0261553747186646,0.0010752418251213705,-0.01590211418920246,0.032243410350310045,0.01207664908244905
2024-05-14,-0.024877036219121407,0.007246040133963057,0.004033690293413681,-0.0031676234011917817,-0.004724945620690424,-0.0026668219436590443,0.027468421690393187,-0.011418752819395389,-0.02666120425407888,0.04433512639574898,0.05708130615857886,-0.029097275503798776,-0.018648353649827438,-0.02328706268904809,-0.009173881814100806,0.012436075604259656,-0.010210406484699978,0.0004221181756738604,-0.010637322435158037,-0.0006288438387059415,-0.026303291887971612,0.02038507850474698,-0.01515387403974589,-0.02057104104217047,-0.057487784865756064,0.009749276931126353,-0.018325375752897145,-0.02108646736355042,-0.004951598390301134,0.022312875015055012
2024-05-15,0.0071966919876196,-0.01737225805945977,-0.04208656097471515,0.005857091098549898,0.011162679648697384,-0.0038966508441833775,0.02955367223969493,-0.01471891419621458,-0.008103669103061194,-0.002032296512004862,-0.016701705223956746,-0.042273960642178414,-0.018118125129474104,0.009218251348371478,-0.01196586191581585,0.003281105330942644,-0.007936331016602285,-0.020888725296854718,-0.019766371074786418,0.030267325097373055,0.003963676019358687,0.003296135312609037,-0.004588903537682801,-0.006650657738695396,0.010499398946245546,0.0062597321269247715,-0.017626294354348794,0.01365057938764974,0.0023130024089901245,-0.04171733923082368
2024-05-16,0.010246001858740035,-0.02903060823642956,-0.0064055381424699565,-0.0031914441499759165,-0.03585125110427304,0.03239942591206141,-0.0019433081360011317,-0.005980506477624669,0.0011503327869385527,-0.011747948124605065,0.006746225678844497,0.01758390326494038,0.021770305933488252,0.002086838807406043,-0.010614413022721472,0.01919833158470861,-0.016188897269974634,0.007224990914600537,0.018297505812206457,-0.005618960734252082,0.04432091810761716,-0.009161623484257454,0.005809836397501233,0.017151127877309033,0.001901172125964435,0.03787843412837429,-0.011388623431316624,0.02557386102566358,0.00682044845934316,-0.0027299271556219143
2024-05-17,-0.0008449328883703528,-0.011911324958044955,-0.004185007691202185,0.017642982262811895,0.012066326588239697,0.010489965262544799,0.01711747092456079,-0.023332735132494932,-0.0048809499692814215,-0.01748891485317664,-0.008070660847057978,0.00023425445113450728,-0.031158904701572836,0.016402708994286665,-0.001688137105425049,0.014741901134600555,0.02539596339327451,0.039086084286866794,-0.010404343809311769,0.021887430221438946,-0.0009266386850534441,0.03542379893452845,-0.0005472658462460677,0.0049248114174145225,0.04249179916725838,-0.06375911431362782,-0.015734973063047355,0.0043562773200010755,-0.013810408892618748,-0.001355408124892123
2024-05-20,0.01880121800519464,0.004847727712895032,-0.007937759048455685,0.011688153127609454,0.01876241978631943,0.004431922460061242,0.014405347183787134,0.0006882214822198952,-0.012056213904640815,0.008010989837574069,-0.031106628820651405,0.009773920069212077,0.04394329536607174,-0.0009634726710499443,-0.03162128421594496,0.02759074061937066,0.019251769515443676,-0.017379777734048384,-0.017415652725585384,0.004642550679857119,0.022696158678116363,0.014519503628974886,0.011740820342226357,0.029024009176367816,-0.0009931245331085204,-0.0411025517983705,-0.01254008858174249,0.009258032665459166,0.008732052182373664,-0.018680658732703644
2024-05-21,-0.023802468225382158,-0.015084503636183029,-0.031729274684389935,-0.010589254701736363,0.03635451663681042,0.018667170412143292,-0.038111230132034844,0.0008097184664531071,0.04659144020290224,0.02167862840990525,0.02105596076163613,-0.029855545835982798,-0.0007476986360801241,0.01663998764335299,-0.03164060039353724,-0.027973304420247255,0.00625650044562466,-0.0016568424988682795,-0.0010327323455198783,0.005466786803083392,-0.01497720239457945,-0.015287816716457596,-0.012060593351861042,-0.04066627263212243,-0.003922333629321646,-0.0008407555851878375,-0.008568131097109969,-0.005831862288468346,-0.013895154128538423,-0.0014397509627331472
2024-05-22,-0.0024259991099333453,0.041834943232289874,0.01547885130198569,0.011824401453754794,-0.01756052153682426,-0.023667701948864278,-0.010861855122309886,0.01895699986817969,-0.0033775592676100383,-0.009456235150785478,0.004675878203262566,-0.0041221309824771585,0.03593075715484983,0.013359560558932143,0.017210966998597827,-0.014791861269991059,-0.016567919955672576,0.014684373075081341,0.010146986459973199,-0.0001146313728993161,-0.014235201830316714,0.03897313179173919,0.03491413820778023,0.024680918495328975,-0.0014422347905984532,0.00814241742170264,0.008924076926947442,0.028282337719034583,-0.009518943776258651,-0.02993097190835259
2024-05-23,-0.01592572014389738,0.0013682103245435462,-0.009713683950076787,-2.760824269356293e-05,-0.0009252470697945381,-0.01337504901849341,0.012340342448330282,-0.0033008214615285886,-7.80757419482094e-05,0.020451337907157335,0.0024969037025216324,0.006061021067128535,0.018117222247938287,-0.010548429060205164,-0.007564495523076593,-0.010468597714800874,0.01286871173983022,-0.006910565157691366,0.022424575481035006,0.015779953997257592,0.00818993962610147,-0.011174035527505647,-0.031474247759729644,-0.0002891386187503315,0.007787931208936507,0.008506580986650624,0.0029788377525217457,0.042889661546582455,-0.0011888697219392577,0.0047521015670957635
2024-05-24,0.01217018704549756,0.024814928659957068,0.022169678731111853,-0.006755828307976844,0.008355141209138339,-0.0040977913982633155,0.014276443967730347,0.006768473156358691,-0.016188247937369497,0.03540554065311137,-0.012276930358234342,-0.03998716269865459,0.00152947130226977,0.007917685969355829,-0.0054149703800260175,-0.03115843453023346,-0.03082411957764004,0.0194571298182839,0.02676647030161881,-0.01938159489355006,0.024941794287690205,0.010965391076241721,0.011541423733100568,0.008747039483521105,0.005863765960177442,0.056477717702138705,-0.014692833055887174,-0.018293633313752472,0.012877788836454516,0.008522171579995314
2024-05-27,-0.013380184556082404,0.002942029450773971,-0.015424602032400354,-0.05052139908425498,-0.009947763566995414,0.04098175854383846,-0.028193023064882455,-0.04374648181354518,0.0043422423247157305,0.020171119459698676,-0.004243048985961873,-0.003157880547153181,0.0068640705405481435,0.008865735860145914,0.010749796612200591,-0.0008161836582637034,0.0005555576915589339,-0.011770621473589891,0.023134301468637885,-0.030622757308029477,0.0207062263323821,-0.020107036314315575,0.0318790043115404,-0.00017040836741733049,-0.025462425297848295,-0.025880929557046052,-0.011119611515148805,-0.05485626312978822,0.01113674799465695,0.005077084575278696
2024-05-28,0.009063565789878807,-0.0020361093810521706,-6.848195516019476e-05,0.00013790287910890004,-0.02228504493824055,0.023810918818390005,0.0001440810221577756,0.012430567857220262,0.016523911281081022,0.026008909458565807,0.0057184086726606055,-0.0097186556082777,-0.000736245371249244,-0.005416563035806062,-0.013226235130197321,0.029005504369104134,0.009272948698322977,0.0029070175110730363,-0.003998427550116886,0.012515971280322247,-0.00037858570212629755,0.01723397994599007,0.006051500317001527,0.010002463342170248,0.0022285372533008318,0.01052073106063717,-0.013418711226734287,0.013377147089151421,0.0016963554365444875,-0.01985133069591516
2024-05-29,0.02453989116008522,-0.010387349579552096,0.00454403566324204,0.008084999123477724,0.007746254101243712,-0.03126700588510053,-0.010203305695532848,0.01295569339516894,0.0020891000126726793,-0.04435728695905398,-0.0021538231619334155,0.0045143966579916425,-0.0330450012216616,-0.03521274719329253,-0.02591024979687269,-0.012914914913997011,-0.017277105209301476,-0.030495037720652984,-0.031184712248477076,0.02507752890861708,-0.015148990094625284,0.012440785355066876,0.01462255688563303,-0.01125719664762157,-0.020322926314052612,0.0215267953022465,0.010373495994647553,-0.014290939768443476,0.009233820132818654,0.024601457622779734
2024-05-30,-0.004625642942222053,0.00690608069282439,0.006900330814448276,-0.012625704591459024,0.00015375076834954062,-0.02369619908174545,-0.00675123634723294,-0.0011900204795139931,-0.013833238657782163,-0.01953147383889468,0.015581708765716254,-0.01727648607947329,0.007549466949038617,-0.03303224953088478,0.0004175760814173295,0.043825115942975834,-0.009587361895963499,0.03230289472811019,0.004244972395812819,0.017301638002053386,0.02203658146845608,-0.008003049136554353,0.005325291247042459,0.005439307004585172,-0.016908432039812803,-0.012557262688554494,0.021471077745555036,-0.016077843216944856,0.001443957983445553,-0.04130848403575225
2024-05-31,-0.03789424815025581,0.001246740650845898,0.021440440674326756,-0.022315445512748416,0.018190162973766463,-0.006499334679594447,0.022898551087278004,-0.008546027740483297,0.005708567964344179,-0.010302023500057093,-0.027644829014378973,-0.007702793456906795,0.00880616403333941,0.030895508834868447,-0.002056541080349981,0.0041289445897085405,0.0007245691642085389,-0.00663564857912824,-0.017710286180803586,-0.032473095459665265,-0.01839753368234482,0.024801397028037252,0.004323277035129985,0.007062596000412405,-0.00955494235605748,-0.036391488393368546,-0.0199787061746788,0.004595300971888226,-0.007737576213084631,-0.013735952355631194
2024-06-03,-0.04070619681495649,0.011934796326798983,0.016569392056281728,-0.017704269528208458,-0.034120872146289095,0.01713976484993946,0.00935867392675697,0.0014743076553812345,0.00545520611850285,-0.009437234601036567,0.01998637539909735,-0.011277328595576815,-0.007528307591827805,0.003132751699896178,-0.022542009544593535,-0.010967739877472606,-0.024885047242501138,-0.005554098379962171,0.02247490252683864,-0.009139426618570343,0.016773735008356435,-0.03141917604323737,-0.0020934764942302578,0.032212520423810925,-0.00799659064756258,0.046240663397480265,-0.004548233189268307,-0.021009230258642365,0.01137639234475529,0.019161281401393736
2024-06-04,0.029326562418572465,-0.029797590631508882,-0.020305204258966234,-0.0050897057187194155,0.018564127936078,0.040115637887386695,-0.029874681474716315,0.0172446340899851,-0.007847208582854513,0.026699123240725705,-0.0009451221792324332,-0.003044347121051165,-0.014809080552712543,-0.0198402148719465,0.010892180982595116,-0.006559939566486884,-0.037043457720870615,-0.018169131430746895,0.0006909805077081476,-0.02691474575142438,0.00856442660717238,-0.02812197185988401,-0.0549711461381703,0.04618894955826671,0.01898026258844506,0.012209896545472112,0.0005630725650010175,0.0025850809598569574,0.027066166555100173,0.021927804254775463
2024-06-05,-0.026128526383508464,-0.030814953887155213,0.0003260989059200823,-0.030670136389734773,-0.01787601122586623,3.841411994105141e-05,0.02687926601164535,0.025325507500294168,-0.003267768809859419,-0.01667756430552942,-0.015651352476645456,-0.010098350615553768,-0.019585521360780542,0.03146692319877998,0.007873976978106555,-0.027907374559558485,-0.012518465608713789,0.00016302601613465032,0.003868201219400459,0.032024575794738865,0.01267460103156468,-0.007306260463633126,0.0019220955857126814,0.016016199929390514,-0.00047372261937835,0.03345428577831288,0.010382068105042783,-0.019914141416952802,0.018854459209377252,0.025870059508506765
2024-06-06,-0.019321066412208675,0.018855119298021993,0.00377186783877062,0.03762150343869728,-0.031629244306858935,-0.017441446791347515,0.008120266300644927,-0.05441010999761013,-0.019390931541929796,-0.014366199710368255,0.003368021830597774,-0.008240286727791556,0.0056227901725915954,0.003973647671899922,-0.003146933105764255,0.008264159751030533,0.007651203528993678,-0.016624333446790582,-0.028165232295373634,0.017015388398258773,-0.01634846043402716,-0.031725764689873155,-0.023290139528891737,-0.03458260492132865,-0.006984758852958742,0.009892981977550957,0.018657755718147265,0.030492297906339092,0.005061032721541653,0.003466693450939283
2024-06-07,0.011655779099655332,-0.00011317559057666735,0.013455912319492084,0.004963120106757734,-0.0017993291828028242,-0.023468024816315915,-0.02565079385727481,-0.013163809442855216,-0.00929536274238792,-0.04161291311765762,-0.008467454987812525,0.004538067442134303,-0.007368451414685389,0.005396090185729575,-0.002570472582404666,-0.021962799545978216,0.02531630222842999,0.04689919763798484,-0.0069959384504403406,0.04021280323201733,-0.023148161652803822,0.028717739195244382,0.019873024443129453,-0.0005877855027398053,-0.01690916408450216,0.0014385938564150515,0.044461400900596595,0.022622639297033287,0.012669451290251637,0.0070038103603386696
2024-06-10,0.003431488539935538,0.007835188216294434,0.02831593692640134,-0.010768438579448293,-0.026353647392406435,-0.0013676494465623204,-0.022127412566888813,-0.04019303598307763,-0.01446756444946339,-0.033960163772893376,-0.0003986505957681036,0.020008131584278725,-0.009538386415056319,0.015606803028808803,-0.01818756870846273,-0.03371663375371033,-0.010884130854101701,-0.002572751119945977,0.03469081812824646,0.029566425235137046,-0.013658211044124109,0.010682687048056859,-0.006268400126203028,-0.02157410633890607,0.04661194600814295,-0.029119664521378427,-0.022427555711499864,-0.0012472431984701104,-0.0023019928241277267,0.005542503722321693
2024-06-11,0.013588801317397611,0.0037805893617800256,0.04314243405202282,-0.02171896900187155,-0.020920017135010068,0.041121766800956305,-0.015586828564269876,0.01063037768965482,0.012251093593231075,-0.006675538072851679,0.0423800217002359,-0.010831686950046342,-0.012140760289105932,0.00864428531655353,-0.011546917208812365,-0.009536674798825015,-0.018746938243063057,-0.03364948316741176,0.013183367259974417,0.037995309862682625,0.020988511429473077,-0.003989157750509112,0.016188486068231204,0.011298420885034365,0.00019184249500564507,-0.0206691648029422,0.015529581028366235,-0.030758833918065272,0.019325210654557317,-0.009888303736716847
2024-06-12,-0.022494523615775378,-0.008504056357788121,0.023895536809946886,-0.05002445840595988,-0.008471290205134279,-0.020538792772636226,-0.004345581909675652,-0.005941956600858607,-0.019779245260284014,0.009790567083505584,0.008834406014588543,-0.010975239584158584,0.025743076783737766,-0.013313990881785158,-0.009498214561612787,0.009406674372274909,-0.03154824714545591,-0.0020857972548778336,-0.01581409253012647,0.015559073144744978,-0.026351498758003356,0.011495332465383907,0.03827366431475172,0.003050790263839865,0.013262815482745181,0.030732408394362858,-0.037892943119417044,-0.015880046418720643,0.0014332573718841175,0.008259506451025531
2024-06-13,0.01493554438488298,0.014029528762065006,-0.005038719133803816,0.023055233649013167,0.002675605845628976,0.022217883458902635,-0.020648985399172547,-0.01633028797434792,-0.02087147818815179,-0.024360806539279155,-0.03263188377428592,0.0024461747900601564,-0.01418674129172032,0.037655117234324686,0.00865859072283187,-0.010502298325531335,-0.026004522314300355,-0.010723182897079873,-0.02560562017734536,0.06435833671661062,-0.01196519332184428,-0.006189570644269565,0.004762151365301054,0.027312039178436054,0.03952592194235545,-0.01771321741135846,-0.004680631916659846,-0.021308376923093147,-0.015579244205176231,-0.03769794456272443
2024-06-14,0.016825352982253433,-0.016942619489841777,0.0011142217184502237,0.04446949446071458,-0.007374430325199456,-0.013765590113192741,-0.03501229338274981,0.00562691758230302,-0.01674988967033218,-0.0019662575516616117,-0.013152032109901428,-0.014396726581569015,0.015054553550344943,0.0020640012652151174,-0.02795326089825514,0.017509479042807388,0.03885829081410272,-0.01613022805443258,0.01613725673605751,-0.010767954507501851,0.002902336758443588,-0.0021716314788745605,0.013507522609945968,0.004062906225916077,0.028103676989327468,-0.023320419401899526,0.018895915835740455,-0.02475620905843752,0.0327734841954387,0.0345324048232081
2024-06-17,0.012788473424862532,-0.005341679072566786,-0.0019031489783273422,0.0066254572760812555,0.004630193934402172,-0.034089649024107764,0.029476551421622345,-0.029199841475172187,0.02234167568326096,-0.019772619017764056,-0.02045255287025219,0.03269989989291339,0.011936141421721695,-0.029819405576887725,0.018725399370486055,-0.021575929782982613,0.028751104365981477,-0.018265352139360994,0.004236953800669704,0.010657132964614452,0.04220001011341481,-0.013729251745348397,-0.002800432814967689,0.008428098555201304,0.0017661405296845152,-0.0022368480304879304,-0.013145551702394821,0.04431151452582638,-0.046226181384515445,-0.032050508929886055
2024-06-18,-0.011408219449359701,0.05237849085241139,0.01984138354912988,-0.0007522688732914046,-0.017535695295857755,-0.018689222528788654,0.02908176219628585,0.002449977604955784,-0.03877177446432462,0.003022588290887959,-0.052198997021751514,-0.021355507427797463,-0.0013976869124932764,-0.005845547561247853,-0.005676692998459693,-0.006303130932052321,0.01618435875397393,-0.008409720587677923,-0.0014445472895577819,-0.023221254322099746,0.025439489987087078,-0.015855010653783013,-0.0007200254766728845,-0.0030704216971491785,0.0237672453383946,-0.006637243551435339,0.018412807084761545,-0.01060322305060118,0.017316509476351275,0.003949773265413079
2024-06-19,-0.01777417352204241,-0.003634894936073786,-0.010069381543040086,0.005503872802135227,-0.004407521434646431,-0.007484838595316016,0.0020041570478325,-0.0093813111126036,0.01908199307755982,-0.001996242371233669,0.007390845623151015,-0.01500689238757604,0.00933004346803418,-0.02180354838958761,-0.015723568144545574,-0.0006290439673645133,0.02230098202844212,-0.006971665153247119,0.01769302893577999,0.017712462355707396,-0.004768530766270566,-0.036333355578509724,0.006378504245773301,0.010736641312006027,-0.013910222676507189,0.026997136821946707,-0.012007357273989052,0.0004304538740896946,0.003731769685949071,-0.011571186534850827
2024-06-20,-0.009646998492305893,8.288167782020129e-05,0.020107355137731146,-0.0016840990032459925,0.03802453819309313,-0.0454152181291031,0.024624258439020795,-0.0015781304284438991,-0.0015546780257214617,0.013365074405150584,-0.02396220995432714,-0.03537532001348793,-0.0058977783661009475,-0.011913901746157432,0.04613268234398483,0.006025536693177403,0.018870432787201144,-0.006714871128033283,-0.03646662747707127,-0.0061065015901264775,-0.003583494899233363,0.0008613595405666803,0.01827410400444474,-0.02039503053878456,-0.00038904698455820725,-0.02707638602284921,-0.001129573255631046,-0.02392218701663738,0.024011950592628267,0.009648365176538937
2024-06-21,-0.0170213491328096,-0.0025754065370647587,-0.010867400693607128,-0.00845326782067673,-0.008602962309344151,0.05175748745937017,-0.03640241549067063,-0.009013249101786181,-0.026583701876684376,0.02958655707166716,-0.003157674654220253,0.03869975176822548,0.027271697000878416,0.0015035388800233222,-0.002606117975003313,-0.014199779116940031,-0.006429168106901248,0.01539007693390594,-0.02355750524731594,0.008637362366913358,0.011446821754986026,0.0010988664664504978,-0.01470833962154175,-0.016867575397124305,0.024136348900737115,0.03286389025496506,0.02243763389254978,-0.010330687401120689,0.0075243708944611725,-0.0005501350400107911
2024-06-24,-0.00037022826004554234,0.017304169685193896,0.004265163741625456,-0.008265019803138481,-0.004720408124255555,0.02773182606604014,0.01797930026525685,0.02238040877452369,0.014225001602430822,0.012743491997933405,-0.04600864732127279,0.006494734480890826,-0.027278733371195147,-0.02497983375947686,-0.027798316361247348,-0.000688904787811847,-0.003356198117790616,0.003611885023645525,-0.02999134266692365,-0.006311607937521122,0.02457811408911596,-0.006276305594542012,-0.031128888864071537,0.00570644482433956,-0.012188338430830892,0.01054573516681256,-0.0059325469133536726,0.01858928715417342,-0.0317847801778602,0.01420179176701193
2024-06-25,-0.005373583834069105,-0.007232848237796372,-0.01379636439740447,0.003431898406015005,0.029173338814206515,-0.013616586005187028,0.0008789675254047421,-0.02289197811843141,0.009961170285865614,-0.01954882226014377,0.03860187131246525,0.02146198687487906,-0.0073596240035249325,0.022488877947156035,0.03288078993929139,-0.03809993009071778,-0.01332260462441578,0.023089515402649367,0.013171207630115901,-0.0061288884734461814,-0.012598253474686589,0.011443311879182795,-0.008198968516794743,0.018480800789427126,-0.012980928701118558,-0.004416948423794315,-0.013150024746040377,-0.002525052235419961,0.05059724490186362,0.026796233993941883
2024-06-26,-0.021264556896327207,0.02006104221442287,0.048668931104632995,0.015310321969709826,0.03342981920576728,-0.014818917355732462,-0.032448894383285694,-0.026853804530546074,0.0018150540106536214,0.01798095959177536,0.0013755455723399963,0.01980050644977942,0.027974568626697102,-0.01209294659608078,0.021312232176087558,-0.009862460371686886,0.002253863412918875,0.027156906683390148,-0.010879257282978321,0.01649081861892959,0.018166515849712798,-0.013726320021253288,-0.005922967282797291,0.006257607037082082,-0.005153021291987823,0.005492174422462057,0.0033011651722312674,-0.003968034341725682,-0.037673377381116945,-0.021795969339857363
2024-06-27,0.0025521086927053297,-0.0035559510706897747,-0.012205099037442584,-0.007379095948691218,0.015959623373336614,-0.02891281136590937,-0.04295674167137012,-0.024833774824459184,0.03864733773845991,-0.02762007345861015,0.010811793669912964,0.016667169098034406,-0.017868542747092916,-0.015744666655464003,-0.0031692090654003428,-0.036931440468493434,0.009058164797234798,0.0201601115290236,0.018324595659007986,0.011238825749174342,0.004695189943714026,-0.007671932954017944,0.010064745982066766,-0.016732005117932276,-0.036760367411706546,0.0022383313907215654,0.05064013978073141,-0.021598420630064796,-0.007643574763750924,-0.027352453629380453
2024-06-28,0.02429924455116975,-0.03024282525065885,0.003405270149819755,0.0234902226374908,-0.02086312006640401,-0.03419919137489226,0.0025385252969786732,-0.034748735957855714,-0.013900057923676263,-0.001252930594965726,-0.012529334414293464,0.043425264482625674,-0.004141634238608217,-0.00440185744118466,-0.01180959495140101,0.0038356956821010116,-0.008433786009035145,-0.03710648199877751,0.04457996211624389,0.018447200665167085,0.032175149753534416,0.022377764095333687,0.0184536923101735,-0.020385713664202602,0.027771835203970027,0.007677832686685783,0.0017817985072602208,-0.0029263370464607734,-0.012109451495024208,0.0003514730820260024
2024-07-01,-0.028911082639657953,-0.013347581347200661,-0.012570535605566499,-0.02153036795302401,-0.008478485080595533,-0.012781429280924692,-0.011367177723586634,-0.008668914918119577,-0.0022452705690094413,-0.013471069027434399,-0.020394979225805798,0.01920209302090936,0.015177055537329044,-0.043585647460482636,-0.01803813978614416,-0.026262306394419784,0.0026715641833900566,-0.03464747256724666,0.03080857893907433,-0.002986029084406002,0.010392413513141982,0.010487172970833732,-0.018694867025482165,-0.01250444190197016,0.011895661979102098,0.006280202166157383,-0.017525958568246992,0.04204495406563089,0.013524213658023577,0.005862560996581441
2024-07-02,0.0015932456216436399,0.012193010741898717,0.007013299865223233,-0.007713503897981009,-0.01837425859907877,-0.019741887566602844,-0.012066566432030704,0.0219988055101898,0.004850535734346001,-0.025060820835288506,-0.03625458912126974,0.005705439022946673,-0.017959111528420474,0.017326344782005558,-0.0035978008084812216,-0.006763254356102695,-0.019335540164195798,0.01761350765793242,-0.006753252756320744,-0.009537194326418127,-0.017436496872777367,-0.03456326108668563,-0.008705201597413956,0.009515010324201637,-0.009238633982564555,-0.005737029685600694,-0.05785276407067883,0.01660074351940449,0.027037099000653847,0.010381866855522831
2024-07-03,-0.0244476859380044,0.0019733258690116324,-0.007728974631772845,0.009933659164943025,-0.019373977000357263,0.014689430569387825,-0.007078788268005691,-0.018152079318744553,0.005224701533801152,0.037294517018697584,-0.00045948135790375744,-0.026247227551002377,0.044234206526108266,-0.014385016644307424,0.0027942792541470448,-0.028845085458635917,0.02060802986895198,-0.03140578174025451,-0.003878457966997524,0.016807411695201717,-0.0047774793343386135,0.018179008257703903,-0.016177505575232586,0.007863314535046129,0.002471337996089938,-0.015323622617212016,-0.0048938610353752065,0.031533088064996107,-0.010010255150883681,-0.004832364733196617
2024-07-04,-0.022280564123583486,0.014222834863444183,-0.02088529405005976,0.012534631207761045,0.026155936958492127,-0.003096749682870408,0.03175132904840322,-0.015067051390138236,-0.019577308395677336,-0.027160804597950627,-0.0036666900464674707,-0.003454715550091677,-0.02966594855914934,0.020937340398548505,-0.01938893279264783,0.005609778332329912,-0.035499468131353296,-0.008080660903641922,-0.028083133609761057,0.02715226721434474,0.001118585580079391,0.0019971804387432404,-0.008716142092640544,0.037839753369214156,-0.0243309227918859,0.007784098352061851,-0.0006340260570034913,-0.020401441013096433,0.022689392821850934,-0.022328904564806174
2024-07-05,-0.018596470680643244,0.003123747516166581,0.020220587591599715,0.03945603708167369,0.003825874695057514,-0.03813035806423204,0.021857890513937266,0.012909235768467761,-0.023118326145668135,-0.016398546901619328,0.020250418210066415,0.03204897661682224,-0.008481668479895265,-0.018149800272324372,0.019112501181485424,0.007610119423097515,0.01253499006498051,-0.01795894526714011,-0.00995912807592363,-0.015525550888410568,-0.0012148632648225142,-0.0388077787547826,-0.03637337004482491,0.013504619100264941,0.004466317871847618,-0.02089061690682525,0.003782993509960404,-0.011771241517118714,-0.0031042091208012368,0.001822631857903644
2024-07-08,0.033576224714541025,-0.024594061772284747,0.005839080082310003,-0.026592227223919282,0.024489104685477443,0.005159586350263595,-0.009279064182043072,-0.026387013678584047,-0.029665123393490787,0.016684615082975914,0.008046662185346411,-0.02751602685181685,0.006731655644032811,-0.001197181273727945,0.00822714476915219,0.014229257720693162,-0.0022436464338467152,-0.02877016971144832,0.005855099114061662,0.006981925970261513,0.0033803657258323137,0.015135539684394395,0.002644250260471081,-0.0007150137433097961,-0.00326456921233509,-0.0037359544846283857,-0.006046171629820941,0.003451702165992134,-0.023582383193538847,0.00607197615472734
2024-07-09,0.00097171605242697,0.0076063985721608225,-0.02446229302701726,0.02192198903840001,0.007175974830508015,0.01079099106051166,-0.02261264692349124,0.0059431255828642894,-0.010684863045304046,-0.0013846830882950879,-0.007439099881011466,-0.0004404621242552244,0.022510874269659118,0.0038515489823234455,0.004562504547613193,-0.010371491346980127,-0.0395708855556836,-0.014014904911180882,0.0036759516094684633,0.025090830311216637,-0.033878209298506684,-0.011833378339561511,0.02898662943339949,-0.018602829918875192,0.008877334313359917,0.0025768174025006694,0.05216765126565515,0.03633083193410446,-0.023246099024086666,-0.022887505661211956
2024-07-10,0.01224644405441655,0.008811985602810655,0.01845424717604172,0.014911564729614826,0.006671550405946789,-0.034206388604171745,-0.019994338182855786,-0.004626008049837883,0.004422242930931985,0.01085686266299762,-0.028419789558761194,-0.024857331854793788,0.006836991261778496,-0.02147514385761817,-0.016386840519018852,0.02220333131477055,0.019319561311110678,0.03917978969384429,-0.02356548314211993,0.0037660032204608097,0.03266906643145171,-0.012015525821276105,-0.010963218256314104,0.012268532583094741,0.015520571938995035,-0.007093742594115327,-0.036512594667144106,-0.020432004872616972,0.00874003383092546,-0.0024371041935912154
2024-07-11,0.011386549806735872,-0.02301592399334635,-0.010335529285489541,-0.0003725881427733882,0.01915913489068729,0.003282320506911578,-0.019351654151828133,-0.008044815968011099,-0.004669516394268158,-0.03476631301887021,0.016944018437173712,-0.006855780586654028,-0.013248066349633303,-0.01877194575182544,-0.038198069559796655,-0.002622913781007083,0.007117064524646479,0.029450534429577842,0.007811285141920685,-0.05205212313146523,-0.027858288554975425,0.003740701093590439,-0.025331282892369446,0.016020731470639416,-0.02971090338218944,-0.0018447183215838064,0.016968989745008076,0.009397286636777072,0.010438732773572223,-0.004232201001769448
2024-07-12,0.01861080915101385,-0.00960915972008425,0.016306893893549203,0.01880354074490876,-0.01957148780592339,0.03258529739971725,0.00035210018509000056,0.0003643456257801168,-0.0009623516028748602,0.020040012282529784,0.036951155769242704,-0.0055444756421078045,-0.019164821988912298,0.03130878431363469,-0.01789622014803032,0.011523664988704819,0.00932763943284971,0.0171640545739593,-0.005515736331401206,-0.01319482596617115,0.0025163546459588348,-0.00841946875451712,0.041797774174136014,-0.016884099801184972,-0.010815501613273446,0.016507167280289604,0.023786704405931995,-0.012121257114989722,0.013920645623719282,-0.006161596853401769
2024-07-15,0.0007145211870906757,0.021273228108947165,0.02502613687037388,0.04459049113688011,-0.0093748853457404,0.003685993968488383,0.02156290716671033,-0.04098276184563869,-0.0034846770687605817,-0.00413076828306958,-0.01901972509613716,0.0006510681772022909,0.001309754213290772,0.03396027520452437,0.018171878743509663,0.0591072779704301,0.011206382450372641,0.020260104757958263,0.006089595898152457,0.023074127659136686,0.04250067885635021,-0.0006339129948697258,-0.007328747377813214,-0.03156802269379339,-0.009024050653853028,-0.011793828648580971,-0.018925440800154746,0.00449434637282528,0.015614789279187942,-0.02625797453715159
2024-07-16,0.030348675691698884,-0.008593753007220647,0.004323293381420665,0.020648165741539052,0.003418529669800966,0.015157299346617909,0.006303956604346271,-0.03661831353479219,0.0021788343768827656,0.0038256079134675524,0.005239943408013999,0.024079452253286095,-0.047696412219921824,0.04795128698670449,0.0004607212054564086,0.012620324297589566,0.006272390289122898,0.01619044729669012,0.030603266835105246,-0.022234666568927183,0.004174349752712574,0.009625537071218455,-0.013375103371679868,-9.021184151745694e-05,-0.04097622706346294,-0.00220204189825056,-0.022271532600729872,0.0015074247988139168,-0.00798486842565154,-0.010784109844395748
2024-07-17,0.014723193290682788,-0.019815189977187484,0.0011958934642823636,-0.011244503438120286,-0.011750680257455093,-0.01505511434011836,0.008001182867326715,0.029481452843571492,0.012206119270676165,0.02777374985340205,0.0012271785781753648,0.002685099830136123,-0.010330327373480008,-0.009327780828935133,-0.014270812232564004,-0.022941772529699405,-0.007226147051302047,0.011151835702089155,-0.026264237272873674,-0.055118815649784186,-0.0023927686230134394,-0.012483472968871446,-0.012097506373121188,0.004804414011527762,-0.03648837692707962,0.003918448049269716,-0.049833091603100996,-0.009672260041973177,-0.004479978483163019,0.014191910385529406
2024-07-18,0.04299425470606069,-0.0035260448919221792,0.04647309074846699,0.01730305144433425,0.02039161146766166,0.00863005333939664,-0.0014101664513563761,-0.0064859590021098925,0.02465202917974395,0.03444216936572291,-0.010401363914322052,0.04319731480949272,0.04209522289822304,-0.009703359447562343,0.052225710656355825,0.0013164351158650312,-0.01705436247475121,-0.007540045394412583,0.0008510795402790412,-0.0142206110172973,0.0027702719112646422,-0.002538882180445213,0.019663897390506543,-0.024339160151154313,-0.023150775563402042,0.03053986334640894,-0.04431157006915561,0.010471870601464206,0.0028453050321162725,-0.011431450038552695
2024-07-19,0.009142623247929652,-0.0025461534199166073,-0.012402521507119327,0.004516517641743251,-0.0059866059089104424,-0.04149037481668987,0.036433595021924184,0.010993179866924213,0.0033727765380189745,-0.001681195738025641,-0.004404834865280138,-0.0061215007370265615,0.015541253538705503,-0.006460152644721058,0.007931264005560336,0.015149568064822089,0.02244539370898135,-0.010136955512260817,-0.0063831214904363585,0.009014142953552828,-0.018946600671768565,0.019050388353550864,0.005706638655627506,0.020480166892860988,-0.007845299531691961,-0.031046043967103837,-0.00356427192640341,-0.005548675264063355,0.022770149712051258,0.016662971290084795
2024-07-22,-0.001002410676012339,0.008798315951572013,-0.020224726177952623,0.007650335985760156,-0.01551410175449876,-0.018150451336034913,-0.007657154606414748,-0.004687535546024295,0.017848581109679608,0.0034528869969234033,0.020635184638176013,0.033403601694894786,0.005625479422577731,-0.0331270794789823,-0.011330565412436279,-0.04052121729626132,0.028324519468071026,0.019519377647213395,-0.0008005155980868772,0.0070045887774121095,-0.004270923760344348,0.007470435447754242,-0.016539142949244814,0.01293951825856437,-0.005248296322687357,-0.0037576979407912244,0.0014994535524739633,0.005719665744639018,0.011458321109266803,-0.01100123868474873
2024-07-23,0.01932187944014632,0.013880218203227051,-0.045432191058791975,-0.010122177234404396,-0.025946567500642823,-0.01979600414525502,-0.03861791749426516,0.023707653986061335,0.00879519190365044,0.012121601604401086,0.00708734767630976,0.01189787572949323,-0.029904805316397443,-0.0034316956392432168,0.007066581450630173,-0.006634141080017614,0.018940841573323278,0.0007524871156941902,0.00034354248780852877,0.02144230871255085,0.04682457787505033,-0.01347846036997899,-0.015808754636669944,-0.019062064770621195,-0.00432079675732009,0.020145799400438466,0.010149262052663042,0.024640193118291163,-0.018320776953424565,0.0036512113745141186
2024-07-24,0.0324484249067763,-0.020026769898473306,0.036331519478943745,0.015877300061302647,-0.008982546488929516,0.015575933496582005,-0.0221025676142106,-0.0022078961908889565,0.011131560807755238,0.012867500793379208,0.010178129236227094,0.0059230797338639925,0.013189899064824567,-0.014551444549640065,-0.0119502493932249,0.006342794897937336,0.014804882011338257,0.003120193877539144,0.008490256594673399,0.013847834796778657,-0.006989572069328967,-0.009289633268242224,0.004568027076219611,0.01784436945473738,0.0034185045382588547,-0.018746097474432337,-0.03593957707735455,-0.02318796784530681,0.025079279368334484,0.021384877830795207
2024-07-25,-0.03522380082201459,-0.008136697229480771,0.02447224575486157,0.0017536209978076037,-0.0022611142860306174,-0.020612994993936345,-0.014583712155193756,-0.008322052286376357,-0.010575407267825807,-0.01179220225838254,-1.0095708354011248e-05,-0.014518324533347931,0.01520109843874242,-0.009976420942672218,-0.00023096446356553893,0.015475597305507186,-0.002173380474870384,0.0033067057016578217,0.00012344211208406087,-0.008078168921257727,0.004207491456802117,0.03151393415495379,0.011979828921826101,0.017904338921577178,-0.00014703703427497005,0.0069378949339156505,0.022912805497745835,-0.011072782425566327,0.013098962626254448,0.04442261974496018
2024-07-26,0.009964663095139914,-0.031135649268905392,0.00539320654639017,-0.011476597676358195,-0.0002280977395082454,0.011566440042142282,-0.023416031523760702,-0.01274248001631971,-0.001228124449836668,-0.03476796265874364,-0.0235078462855116,-0.00443058142402822,0.016668760107013902,-0.032189167922884954,8.923599505760501e-05,-0.02326491218286966,-0.00928270923136265,-0.01031797216074215,-0.00039659795745664456,-0.008720070814406296,-0.049217021662095725,0.0020811513376244096,-0.025469078108737924,0.03723277167498276,-0.0315823061644968,0.018984175324695464,0.006871090450438312,0.001982031269106835,-0.041265243505729604,-0.03351656234461183
2024-07-29,-0.010332053576054835,0.016307336823435246,0.008498034093953041,0.022713017264063443,-0.025468327453799604,0.01196032476573042,-0.0069812198376522005,-0.024900616527976302,0.009446462216749428,-0.0030136421590829148,0.004423913761531812,-0.0028014578130654798,0.033892694685592896,0.03898662330443404,-0.02733479451149866,0.021518026131053913,-0.0008387677869727671,-0.002634312664677453,0.0016276826355772357,0.0004020199101684756,0.032924099256869704,-0.0025243758767867844,0.01838252407373583,-0.012744770922975714,0.01402377159434431,0.02382027925901284,0.023123872657930408,-0.04053143562655056,0.00614347571959698,0.04465518425244231
2024-07-30,-0.03791683566282785,-0.03393037737158518,-0.02250199953317339,-0.015125444687592306,0.007650222284568214,-0.028753359466983236,0.01521197011232598,-0.03457488086386305,-0.007035687489219301,0.002483201639176782,-0.015938564784592543,0.005239007968651071,-0.011719157852750238,0.04033830484620137,0.0009174730484113069,0.02860949109164053,-0.025849585088786355,-0.013017890934053429,0.0066972953852913845,-0.020218313006019156,0.0035088327677521283,-0.023925756768625704,-0.024600440387805015,0.006779608166659037,0.01668082470820989,-0.021017942079960734,0.0036205528755621774,-0.0017529947155482152,-0.0031026753743091354,0.005793523238359008
2024-07-31,-0.029770436491066015,0.016938398231729896,-0.007649704513914455,0.010620250690034201,0.0056973312393842025,0.00017174427771231402,0.012869503643193746,0.011832795742053958,-0.010924511977716826,-0.03159799232031391,0.027334180234763746,-0.0471549834182062,-0.012331517082363607,0.06745718276176293,0.001482611905248027,0.012985845439115793,0.010269086611464185,0.0037038914264877973,-0.013592850677776897,-0.0022468182235527287,0.01799770910377834,-0.03001648498195897,0.0023259731971118918,0.025412949741190922,0.021404923495446416,0.043474617260777004,-0.012567965294165576,0.009082287310222164,-0.016109940905745662,-0.006075802756902933
2024-08-01,0.02383423260179512,0.0029787236150434445,0.01802290064541728,-0.016493513206771403,0.03557649292212106,0.012783764017938288,-0.000991257050513789,-0.030937703721624975,0.017660068348429647,0.0010503788956293361,-0.0056490255107342745,0.007740574099746244,0.027678339287314564,0.018140129860411063,-0.029685636054828646,0.006338110231181727,0.030777997278718692,0.02174830528846882,-0.05426554511755163,-0.016367686587520573,-0.007739199614359458,-0.004937017028738107,0.01752096339338601,-0.02582650484579108,-0.0005508911805754506,-0.014360729007656035,0.02207900026512989,-0.03459990702575465,-0.039375624478339435,-0.033248620067836264
2024-08-02,-0.009067392700372873,0.0045282402418144385,-0.0008839529015795108,0.013456795545816339,-0.012061644537177176,-0.010428098297918997,0.021082935430134304,-0.0031007475991493834,-0.007627219424169548,0.019159569048724727,0.0019625848107606924,-0.0013651315082024188,-0.0024876914620446397,0.03670916563064124,0.04742108700133568,0.0017987565506063907,-0.001609206949650499,-0.0032210069200473363,-0.018143774936683704,0.010033606792498592,-0.029758199803995918,-0.01753305350912552,0.030983954816498203,0.0056933625448038075,0.0088037838857083,0.031513826929998955,-0.013307998428511991,0.012644143901869038,0.007670336374735358,0.00970749193178166
2024-08-05,0.01617099464286247,-0.006962954998120744,-0.03304827769210434,-0.0216222796253719,0.030122377240326337,-0.02399471221230777,-0.004349016481776949,0.01414903620848205,-0.006595154698440711,-0.023000508922340963,-0.00048120231214781255,0.02772865910585639,-0.023636182905352483,0.004677647462945792,0.0023251586311941264,-0.010677314649194216,-0.02713979398970057,0.01876273061511564,-0.020271233307816765,0.036846239341865226,0.01838046010132764,-0.02500314765355283,0.009504461003859994,0.019554731383723396,-0.007899153716083004,0.0059302034335378334,0.005496650485077587,-0.008434581781608289,0.01252361917439671,-0.008647271922904041
2024-08-06,0.02471155403114421,0.00531578533958961,-0.007833795141760327,0.015432590305663884,0.0070987943195482345,-0.015347777182014436,0.00853352054107301,0.005537613101538411,-0.03581623977467103,0.010059275813430807,0.02202420206492063,-0.024252202587647643,-0.03470616224551089,0.04340488146255165,0.021934514122121863,0.0327519649851728,-0.022398106941527784,0.0065090558110025105,0.0020606757768465186,-0.03202013011323468,0.002563394816334572,-0.023890302626524838,-0.020320407862847025,0.013760314557922353,-0.0029999517245185413,0.018068921603776118,0.024884104464744077,0.008529621955079317,0.0006653794286781037,0.030788198125984535
2024-08-07,-0.014635468754180871,-0.030952811116736312,0.016064024688075173,0.021746499876596503,0.005090760842126116,-0.03392395188734291,-0.0083415176090226,-0.039584397955800044,0.0061572050879725865,0.015571467236526602,0.0054052677478913435,-0.008222635396786264,-0.016599311507466352,0.006683136163230822,0.023101287246733108,0.018758770959373575,0.01274185905617779,0.013984421849100941,-0.026386129641234147,-0.029859672995124494,-0.013383039322530018,0.0059128875883574725,-0.020067146800445423,0.013162480480674203,-0.015624163227912052,-0.0009604103474019536,0.008449021546821228,0.005398976384803405,-0.009295940854747185,-0.0033146968465729456
2024-08-08,-0.0023356899631383735,0.007205621773684937,-0.004920570599373128,-0.02858925719457752,0.008567643393496036,-0.013023700577524205,-0.02414368909208381,-0.020288810492263894,0.016184580163935258,0.016021329675079455,-0.004428220086048107,0.008191559167753661,0.011765450685124409,-0.02110832623403178,0.04105864843530751,0.02944332128520005,-0.025226068930656376,-0.00949115799880249,0.0005456209394614599,0.006612342585425952,0.0180695006726813,0.009340586338736065,-0.005500652236785295,-0.006672965644209755,-0.031471002424171675,0.010085042406371042,-0.00529019829549841,0.004553949859288617,-0.004315672893003675,-0.014727427457832757
2024-08-09,-0.02435634519082344,0.005327732666920498,0.006525744957676845,0.015295717040981762,-0.017821801771504452,0.01832140265285412,0.0013278790294878732,-0.01245760773781489,-0.03313534282196921,0.0008015776347643753,-0.0068978514890650055,-0.0067986734724827065,0.017924474854361275,-0.0005023254750360245,0.01685232675953384,0.0004065267043377802,0.01878561621701567,0.005397459475678058,0.007628810563424333,-0.017503110798582435,0.00588840420531958,-0.006717730790488922,0.018842779957481907,0.008355879077466311,0.013501489250465544,0.003102148129458383,-0.007887853361572219,0.020028267226329204,-0.019172864241766056,0.022456993433115434
2024-08-12,-0.003837368720312195,0.005404408856801092,-0.04367301340814733,0.007077316076999611,0.02845021432622951,0.004331623726553045,0.0038616401907295597,0.005330113016328223,-0.01609813410689333,-0.0005868252233963817,0.0005685887223397688,0.010131104898849908,-0.0009394094336409161,0.012105044637002748,-0.014032972865583832,-0.03868696067693896,0.031102181129945228,-0.027705282216293394,0.023894760766756357,0.025240110424257608,0.0035817083898914137,-0.010785854293042114,-0.03155429886996618,0.0007876942834506669,0.025647669060333507,-0.01553626743584931,-0.015766082794467028,-0.022938307428709604,0.002130921433341167,0.02771259230434031
2024-08-13,-0.009762128758444682,0.03656333603163537,0.009706368575526075,0.01601383360844366,0.012700382491306395,-0.01941415743660184,-0.02372574106453163,0.026434495334824584,-0.00788536970064071,0.019527812299228498,0.021599867393878966,-0.02163493260742486,0.009813614407446374,-0.009101375878459043,-0.01109603110606759,0.021431701476958435,-0.04048162153310979,-0.019702565748989983,-0.016011149810730516,0.010145955489519912,0.054430778344826916,-0.05815728874866678,-0.009470191227040339,-0.011259138035966792,-0.018621874819326163,0.028875082074906844,0.00022270189942185124,0.01825658075800084,-0.022255231281743292,0.01703882152490629
2024-08-14,-0.0032326915447094097,0.0054241252545243306,0.037994299997722705,-0.016445764574786668,-0.031404954293719436,-0.03541273755085815,-0.004932500465604558,-0.009816441761058642,0.049013638535615175,-0.0176282700212764,0.0030858480246735336,-0.008042773912684705,0.017178231600557543,-0.0040030624813102485,-0.03327981526489668,0.015223887693683841,0.02506652270191034,0.002690275071528292,0.013237507726370048,0.001530057283631326,0.0014015415206209713,0.005763903696320322,-0.018028293234820556,0.0069258249899213035,-0.030491292960449185,0.0013864941063711322,0.03447805094369547,-0.006886455228312001,-0.030507635278251857,-0.015842923977365125
2024-08-15,0.0028453344782611773,0.007372572944139283,0.013223774448132775,-0.01327509050808087,-0.04529852297390019,0.011536771428612884,-0.00959355531420712,0.01534724042295966,-0.020871753071686164,-0.04320976534732621,-0.0020929786032441405,-0.018238093927640277,-0.03700222850499772,0.023083171132779624,-0.03735947294490789,0.025534455253612698,-0.03359675510587706,-0.006078909440426095,0.003111540766466702,0.04130856017260564,-0.01276721817553867,-0.0002263745705839418,0.03588035087481005,-0.028121066051225677,0.0021572403236175823,0.03131158224636098,-0.018612672674335223,-0.0007821291809312445,-0.012689561194318398,-0.042153092655802325
2024-08-16,-0.02170072858215374,-0.01543521644762389,0.01686757829776521,0.016808355845474562,-0.03883023444169824,-0.015851806801198985,0.014350662036262134,-0.022461280931191117,0.031401013533394154,0.01408000435629742,0.011009083757994245,0.02060482051747473,0.06045269497527251,-0.005186143188631862,0.011210241543749217,-0.0021550279106110092,-0.002300943502916891,0.0042097336790613265,-0.010583482253170975,0.011759324844660277,-0.0002276327377921449,-0.011824802616723022,-0.03556716554189344,0.032187551118100705,0.027190730247830162,0.02650227954192845,-0.014795549891709925,0.025216928432712327,-0.0038554123783766728,-0.027535173777851512
2024-08-19,0.006503375269252673,0.002795450695984842,0.023068648992352052,-0.02639359557780019,-0.004114992198630092,0.006375831759840605,-0.007203779534164042,-0.011774352143359847,-0.01836772588389699,0.004757319349368186,-0.02818443803062334,0.015554607068306756,-0.012872678397099914,-0.007418512841891915,0.0037508471812862693,-0.006526207418483026,-0.006607677389791695,0.02820670626806662,0.03155338378520849,0.003646707296370896,0.03234023508655994,-0.006525473592294874,-0.03296656915324782,-0.010848271899915113,0.0067330921638161486,-0.04845157643598356,-0.003199145523634032,-0.010436711498973128,-0.006529566031507401,-0.003147568245688572
2024-08-20,-0.00012587139314327016,-0.00886884242943511,-0.005054666795476138,0.0003046658990046341,0.02295606925672092,-0.01868759140876643,0.006316820148595414,-0.012871323975744905,-0.003968742259708317,-0.015419192647866052,0.04299730908763139,-0.007002568638596248,-0.022293726158093042,-0.021423747331078546,0.027983270256309725,-0.0137427801127613,0.009252365386363476,0.0020439514486102167,0.026969562122515854,-0.006002345367739122,-0.0004854441624646653,-0.024564325736344948,-0.007581384175195223,-0.0001313735641169921,-0.005591434145713432,-0.002986594603262981,-0.02298124127553583,-0.011542835475025113,-0.0022832820308770012,-0.03949857594419584
2024-08-21,0.013164371048621882,0.022394011822423624,-0.014746852165355291,0.00685036816688634,0.00467008132602775,-3.446065047456727e-05,-0.013785547776578743,0.021292803721640483,0.018205004172448327,-0.015036229681434202,0.0027415743236396312,0.03807719668530759,-0.009719397038460092,0.006267906003888312,0.023540770150236732,0.013755832890805982,0.005805214159478208,-0.01706219250409785,-0.018700945437730356,-0.008620458136399563,-0.013045484416946153,0.029640900321499082,-0.012325807610276839,0.005878574550059774,-0.005862244431960315,0.036199541641385426,-0.003442499908277249,-0.008268693602902508,-0.026995484456201268,-0.03126802388926332
2024-08-22,-0.016907306116264155,-9.602617607197165e-05,-0.003978382667885132,0.01078437078979458,0.02988173270303507,0.011437696103086873,0.02517692811885427,0.020659068605574243,-0.026681737242779988,0.004973813113138512,0.0009616308312477893,-0.0001552754652989025,-0.004767763567504236,0.015461426990408873,0.008138951416624043,-0.0068818272958949345,-0.009343656579258867,-0.014609618909751064,-0.02009236937275677,0.0006508527401910076,-0.04230411105941251,0.019628046265606443,-0.03050211394204579,0.026312704977610346,0.024593243050543716,-0.018633969318263853,-0.0025426030942638125,0.02245882908026126,0.03319697415633007,0.008728502005479161
2024-08-23,0.019350038129741003,0.02880973075862017,0.04279058059300763,0.0037619900212879564,0.021013849482367945,-0.03124163004372036,0.015431867042127657,-0.0052682400045246675,-0.016328128025733513,0.0008016979252313582,-0.010369017015108084,-0.03615569760544751,0.0011933238525233655,0.019394770913065098,-0.0016481511891352975,9.023337406623651e-05,-0.027515416303709125,-0.0066456935715795635,0.028458713766748377,0.0024497164808745297,-0.009101367703889071,0.0047648844301015755,0.019383910931004524,-0.0015366390979532967,-0.009125997247528436,0.01758470648173172,0.008579094253619007,-0.00722015862435155,0.01631251587658163,-0.029808366014914957
2024-08-26,-0.015766453211242818,-0.003042936144608333,-0.028805743464452603,0.012587478107976426,0.02467475685279284,-0.019709491237336733,0.01450296016203461,-0.01653806958419977,0.028956852248959917,-0.020182120278649504,0.03741395165678681,-0.02158838887222963,-0.03723644018924075,0.012700466030957125,-0.026535276861264997,0.01274833421016268,-0.019364503942864833,0.03284576110360803,-0.02733548313632564,0.006459790113449878,0.01951701848117268,-0.010023446563730293,-0.008558232897898378,-0.001409078683366452,0.03255575868586147,-0.014453524578846787,0.0005160029507892933,0.00987147524367732,-0.010949929602087079,0.01163082980089608
2024-08-27,0.012062422207801935,0.01629439083650947,0.018707495786128615,-0.013874537594039452,-0.006591625056005946,0.03724662058514983,0.006773841537201428,-0.029046484102492266,0.0060402699536689424,-0.00821833942087286,0.043360602705107366,-0.0007234407800197227,0.026451148250181952,0.007496914121933442,-0.015837759375162016,-0.001150249990884152,-0.011558479984421603,-0.029652337459930938,0.0077237220972878814,0.02649818228181271,-0.022436244375479884,0.0109071739096057,0.011707258423421537,-0.024483929307633087,-0.01775339748913289,-0.002800233567743645,0.025039834974371532,-0.028569149015322207,-0.00916821493015568,-0.023195796521187684
2024-08-28,0.009384065264056296,0.02542374519645447,-0.017095733973381738,-0.003707654299614176,-0.007514487137509374,0.004390049161921892,-0.020045878969878594,0.015572462812937215,-0.014951759181955116,-0.013370872184660288,0.0018231651723797598,0.034879128347714415,0.028271143581643083,-0.011370362936515143,-0.007774705111796412,-0.008428036132614697,0.03334179431228923,-0.03171922420235773,0.02256784123171741,-0.01619001884718994,-0.01717223732071947,-0.024538639887066904,-0.02285697475943413,-0.020873221196184906,-0.00939608516770357,0.017413925932022015,-0.023254287261702332,-0.007435407466471478,-0.02440947762015578,-0.006390395304297576
2024-08-29,-0.03738813298080368,-0.010740451641294948,-0.031068203470845927,-0.006221290865679894,0.04080108823339341,-0.028066802899190477,0.027518201691404186,0.006617916073059609,-0.013702127662929225,-0.0009108078527845704,0.03494213972544591,-0.034363619972555826,-0.027402899675214927,-0.0008521784238231253,-0.002417045363826168,-0.011345754472711791,0.013455541446495857,-0.018697189504343306,0.013425993982181044,-0.0018155353771586134,0.04033580526622146,-0.01682680187225046,-0.00794516040125438,-0.03846503074395634,-8.049700100350258e-05,-0.030611281937508828,0.003535030780106238,-0.026536194452087047,0.004332848649156766,0.05944589922443893
2024-08-30,-0.020789394837135745,0.009695459118485178,0.004867192389936168,0.002756423036838953,-0.0018800432147030445,0.01800075213750021,0.027021192095446536,-0.019386549626266566,-0.00032871670382707095,-0.027194950761379146,0.04067842259439837,-0.013487110216575853,-0.042853593805739,-0.013279746731659655,0.020858175062884832,-0.03410940848903606,-0.0001161516440231389,-0.012207838764683477,0.00035054338609440345,-0.00708354477345791,0.01849537163558741,-0.014759928423700983,0.0025146180246142184,0.01559337748393688,-0.01272332838023345,-0.026832238500901266,0.0035224977791416057,-0.009298019217703655,-0.019726596698706498,-0.010396873735129188
2024-09-02,-0.007193860821574373,0.007204058810518306,0.06123047641250037,0.01381377733213291,-0.010452892892190426,0.008509259752440788,0.019328788759028614,-0.007244058388649285,-0.005967872470238421,0.0016459211772563538,-0.003922813566912341,-0.00040417998728630155,-0.011139974897147058,0.008318151691712766,-0.022999997134833552,-0.019974677997517287,-0.009098433340689369,0.015651605979987847,-0.0350122631586666,-0.007995017667428172,-0.01057409387734487,0.02285240842487033,-0.014657047160718173,0.007290442944163741,0.021187844507213196,-0.027119449345150697,-0.009271095689817278,0.023641693656200103,0.018833696276318247,-0.006816380763784952
2024-09-03,0.002069799458548694,-0.010361203002514913,0.014781812580388512,0.022605031937440175,-0.029880613489270905,0.021053500923082124,-0.015481645711942675,-0.020635109596756226,0.020666191482576854,0.013515529369213495,0.012186082587731673,0.01086415204528926,-0.00013206463301497365,-0.019938789288955136,-0.02956106531082037,0.002071759946253794,-0.023223386574256186,0.0023914770257490955,-0.04166845684457707,0.025309486287393976,0.0018918402116594854,-0.027969301380719454,-0.005531553404392236,0.008444138528969823,-0.02092955323316871,-0.0005097423603145309,-0.022097287115889964,-0.00564822755060552,0.011389606241406116,0.01819906559821814
2024-09-04,0.016318770576910117,-0.017994048622356144,0.03738452738062414,-0.03252224181496985,0.017935973934827765,0.007585465270926219,-0.0015977042067384965,-0.014261713841169976,0.007440886514917202,0.018525352267844557,0.010209992580743189,-0.0164329003540235,-0.004466334750539057,0.01081009267798281,-0.0061178996788178374,0.016238602163187944,0.012936805791802591,0.01198200422664778,-0.003765792041235799,-0.006320723767498644,-0.006744911044817248,0.02614536317099839,-0.007944382124784578,-0.028147031942598932,0.031169900503477257,-0.03029593848222694,0.00033855778083100735,0.002768455471611369,-0.015580129217928245,0.011843110470633009
2024-09-05,-0.00020086851029961023,-0.0005126996442163844,-0.012584969072864759,0.0016576561894502647,0.02823255282052381,0.004214130842509882,-0.003953046718032072,-0.02887054565607516,0.03343433328943483,-0.011292749728571624,-0.013159070433655289,-0.0356458405081631,0.01227106334398893,-0.00019864720117802398,-0.007919748621792334,0.023016878185205966,-0.012052154409675062,0.0026563908209658476,-0.008380112707657405,0.005099387049341954,-0.015266814596966475,-0.008394445490389403,-0.031447516512036096,0.032301746534134916,0.02603266457402199,-0.00016963695040626874,-0.006178016087152141,0.03552883331996158,0.05371440824452501,0.0053484324088736
2024-09-06,-0.0017394490496314636,0.015644482256611587,-0.012680530747474094,0.014172777619557516,0.009918426627611707,0.042685161716301656,-0.017606606134391394,0.005536554535565966,0.00467165136973293,-0.014579350575699838,0.013154511922605028,-0.02171934229094942,-0.0153611598457728,0.03601058841216637,0.02340747584471143,0.016144208684943206,-0.0039715380004708345,-0.00015492891916053624,0.002749658651277488,-0.023133609088306226,-0.006049319025683025,0.012338491600596491,0.004243838919537931,0.03295023664534224,0.010570434218484432,0.014620352803710226,0.0021062289340224765,-0.002986609638882186,-0.030844213106639325,0.007886206214087615
2024-09-09,-0.010152661320419625,0.00386839344216066,0.023839667320116917,-0.006337269585478628,0.010541611481543194,-0.02032948601564437,0.015787642845492438,0.034564950787331,0.01740762508713995,0.017670434359969563,0.0204223881387681,0.005477115610717606,-0.004612837968866097,-0.012502446038234609,0.019847217398086363,0.009479904637917643,-0.003569725321584251,-0.005710150632053544,-0.0036834488489409433,-0.0021025394642592643,0.026056528326483076,0.01077368163839891,-0.007269333340566416,-0.00023426043187637242,0.020691070956302907,0.01748384064824808,0.004739536567479985,0.008342633673441026,-0.02382285641010651,0.032208147121262895
2024-09-10,0.01874835354270192,-0.009965958598469028,-0.022495315896414955,-0.013618982051031377,-0.006824810149879168,-0.011414034842329107,0.01405218146515677,0.006573850537291974,-0.01319956454543394,0.01080774104120812,0.0013182833539708858,0.004986596396296313,-0.04784408998886235,-0.04133264314700353,-0.014418531897947904,-0.04100223245411182,-0.015046442897566771,0.007417865787593493,-0.004757047947464762,-0.009046849808382178,-0.014088728310205849,-0.011738528592924659,0.011184574186143022,0.018022573682890536,0.0029344425893842157,0.02309001601368093,0.008135121611470553,-0.013338898435126999,-0.00916721900844364,0.00229519857106523
2024-09-11,0.02044358569414898,-0.020047059180552315,0.018249656485977466,0.0029535684845157966,0.01751830275959859,-0.03678076497587778,0.0022168541743459503,-0.00277670206709086,-0.014712266947155928,-0.0020040036479880637,0.0008384014121793509,-0.00766541899864435,0.014648293166909685,0.02662916513378498,0.03778276124843646,-0.0006029342456912645,0.02102251836998618,0.0041307254062860595,-0.00444109496848808,0.01385316947950104,0.023191569033122836,-0.0014010809499970702,0.032960806797135624,0.0062484773649910666,-0.002370940884490798,-0.004745392041577538,0.002453872998654166,0.02172103704197604,0.014379509789922135,-0.0014804199487311654
2024-09-12,0.028280626627814727,-0.004527448731669122,-0.030260256703733723,-0.025389132815644717,0.010459802717878247,-0.01178964508389283,-0.00797363422470191,0.00516565237255437,0.017985161421017862,0.009556125055762414,-0.010949431988612403,0.0007352868988373268,-0.009177662704435544,0.007345500686756423,0.017251163843638503,-0.03164230235034475,-0.011869748716636071,0.02317793219314628,0.015411099743766215,0.05008575623412866,-0.010390785895775023,-0.02887886884381833,0.013545534038515905,0.009640839995706632,0.009062450252149622,0.006846935696341968,0.009124151913919883,0.009588596916201002,0.010074617358063679,0.029842612231454235
2024-09-13,0.020594337111555963,0.04308629910765332,-0.011256763419779239,-0.0050664595370614966,0.04835489137882939,0.024180340846512688,-0.00922110204974916,0.01003754139528662,-0.017296561100202577,-0.012409956911482943,-0.014421637561962108,-0.018458172048019743,-0.0017012371105983711,-0.004991877960795318,-0.012709119844629968,0.017311666777938467,0.0030610077915653924,0.028252975839330546,0.02491473108856639,0.004215606182540227,-0.0003549833556775298,-0.030073722942749286,0.023719574567384896,0.015409630100763773,-0.010481005391508313,-0.016999229802983018,-0.006317004949252101,-0.0022692120344804147,-0.020250609197303312,-0.03499392533910582
2024-09-16,-0.020711803628686146,0.009800333958834742,0.026934208628432734,-0.00236873649963937,-0.01450709699373997,-0.0013210163456614963,0.018166793057053564,-0.01366031935292711,-0.012649230681561093,-0.004937361789007803,0.002211830467909382,-0.007440914817393447,-0.0006796673738041241,0.0025657842484050576,0.0031370461205641634,-0.0015250256290954957,0.03939346861482746,-0.0055937729923410335,0.027264040598236575,-0.0032765581611739476,0.022131465526364857,-0.02702296286423774,0.025021394906921655,-0.05270624550269662,0.002266003983668401,0.02944991896892994,-0.02913351067456936,-0.015314241804405167,0.0050633469513157135,-0.00251796411028496
2024-09-17,0.004200348349697664,0.031338134017670397,0.012821958692337142,-0.00017845869808312504,-0.009303969597610394,0.004953079229242642,0.0230856117321971,-0.008271138277734204,0.023951156829294027,-0.018258301283688008,0.005998533156858192,-0.002034652701421577,-0.004434644202624405,-0.015935648354062207,0.006563399617842839,-0.037674250684057685,0.012038882858293212,-0.022393363292507854,0.028475581831894782,0.039126380537162206,0.0033918529025607183,-0.0022693844413419154,-0.009736807380286714,-0.03813846910896225,0.014670538352951578,0.005081282246702961,-0.006741831082152153,-0.041875171625040626,-0.005272516313497068,0.015442382423966582
2024-09-18,-0.005271065903583973,0.0012699404435840848,-0.006541878182830011,-0.012585974837507365,-0.008944076164798729,0.015010038076725138,-0.012475396671057445,0.010684926200269944,-0.02234735466552966,-0.015134600869012364,-0.006541499091711936,-0.04518341671474586,0.010249209507656168,-0.01628264568701422,0.0023332711209831493,-0.009099604737179736,-0.025248662042949545,-0.01458626234517606,-0.010299962609454568,0.00010025844443273588,0.016933899799038154,0.0023806630761039316,-0.025251865226724884,-0.01587170468426594,-0.004492628953674204,0.033428854714143044,0.0010843493200522307,-0.007826246633802488,0.005714886464795394,-0.023772696111043025
2024-09-19,-0.00887797267461271,0.003065919138195004,0.003275115216404387,0.02408682222134369,0.015729883208728573,0.012988560293884788,0.0022031616028531146,0.00041961735325476025,-0.013401861630426578,-0.029284212087693315,0.006756304198367671,0.01814164114465751,-0.016097735041389016,0.03362289869363321,-0.012030209325214584,0.040322517046353576,0.03936574723833406,0.02691068823573425,0.023914218073828694,0.03530063286040586,-0.014318280800281696,0.005447484345457984,-0.02816489882770583,0.00421125208471224,-0.010742187068756829,-0.031015354179429307,0.01652170918959487,0.012654890533274487,0.02434790817184386,-0.043143732791345694
2024-09-20,0.02213918060555604,0.0202639205029274,-0.004775849137502979,0.002257159257470589,0.0037928711258148435,-0.00774173080807221,0.0065953317258114616,-0.0022118878813635863,0.029205245223337187,0.005695620593868263,-0.027926807734049378,0.00998410258737334,0.010124041844980811,-0.00897518246178775,0.01246682609857626,0.006882648650835732,0.009557742243407273,-0.01221431895143608,0.0037115357528190716,0.023256352066816213,-0.023809212935818776,-0.03884756345688722,-0.007474304067969683,-0.02457674146546866,0.012559580251818995,-0.003084319115568525,-0.013302992337699538,0.004777300293672181,-0.024642000836203173,-0.030740947877569758
2024-09-23,-0.047463534550398874,0.026355478605537584,-0.02615907294364272,-0.030508021423127623,-0.01785344820709481,-0.013453677710226116,0.029915233149726723,-0.006216630842205719,-0.008353260544833636,-0.01137682799991117,-0.0030848183251487218,0.009246550665115323,0.04229530541053341,-0.00477443795426952,0.0024835646742593495,-0.04588590554933373,0.015055078488618505,-0.012694993828127955,0.0053826236069364495,0.011481077345270395,0.00018244321690032584,0.01689022587810374,0.0184975362485387,0.018834843735636254,0.00609837733419952,0.010211171395690385,-0.007286194418683576,-0.0029082967295071846,-0.02833625448307342,0.0052056202331765
2024-09-24,0.005171653770686579,-0.0030230650497505675,-0.01611057520891705,0.025786021262364733,0.019424873900319686,-0.006899992365376379,-0.05136859674944098,-0.030242041789473532,-0.027803327734840684,0.002353082263184441,0.005219971921260942,0.004283351122199449,0.00035554136368707684,0.007833800623878494,-0.016372615646688852,-0.03441338287540156,0.0002637898939833062,-0.02753050055948198,-0.006904196941720376,0.014156342327228075,-0.017367257579549166,-0.001314286315153009,-0.011811071303205828,0.0064017787524207935,0.003068690949000068,-0.018997827897750813,-0.018443157456073184,-0.018525495001277252,0.022883502925386035,-0.015126141231920588
2024-09-25,-0.007204842644802084,0.0032671658833467424,-0.02134359578608388,0.003638707244852904,0.014172503454274404,0.02495669190347483,-0.02639934154801141,-0.02907433461940263,0.015121141149077071,0.02241178343814762,-0.01059776565973654,-0.01959968196510013,0.006503154690803786,0.010790315207296874,0.01979081436992001,0.021953589155739802,-0.0028308896569899547,0.03643618894505433,0.0068720162030735344,0.01780163450375747,0.013776458686208038,0.028680805583893562,0.0063515297338246025,-0.00941984261586878,0.00999344334908176,-0.03711252262000087,-0.013357131166952672,0.00408162739458718,0.033840286020171584,-0.008668416029145434
2024-09-26,-0.004770134911794506,0.02040199863054095,0.02148754636697325,0.006980036090626037,0.027180502090890638,-0.007733431575061197,0.009332746819878435,-0.005747418905553331,0.016389266312720578,0.022868615717665113,0.0003319187705307804,-0.007575692618912361,-0.01895968321661332,-0.00398684865388627,-0.006974830917698689,0.04405383683124033,-0.020700649888301934,0.011100604102786666,-0.011082378675719012,0.03365983910649152,-0.0013893351848288903,-0.00906117555521111,-0.0005138895947278486,-0.02624827958745391,-0.015974480904479605,-0.008752897743862538,-0.042853455347460385,0.008967619211811412,0.009010182399575283,-0.0174361201402776
2024-09-27,0.013607687960985444,0.00207863482078366,-0.03793193463573472,-0.01975005288804288,0.0027795639258773063,-0.02754715346767298,-0.001663781073020518,-0.04748265169197721,-0.00421363026736771,-0.010527753693552386,-0.013663539471065978,0.02246309110431132,-0.027349610412542445,0.012874334709497745,-0.011949918202712342,-0.019332733939223606,0.014600597369725606,-0.0007201788265284129,0.020905653998093437,-0.013827528521450725,-0.004025311093192404,0.02526240137266867,0.032360755573011594,0.03412813093410199,0.006223444856294092,-0.02490207431197856,0.01445388192321001,-0.010406132277373832,-0.0059094544819003276,-0.030926289046269085
2024-09-30,0.0029420275884055195,0.029727548012535177,-0.010232836918902824,0.000496749915802897,0.007315673798997032,-0.019359900997806087,-0.019212065018906706,-0.005314921586609671,-0.011310505600565303,0.045893233593474095,-0.006357106154953951,0.02800353735457026,0.007352827020420231,-0.004361856165696664,0.00019756121121465353,0.03447912574437455,0.0193888016290987,0.045779739840316316,0.003286372124674773,-0.021722006095782467,-0.003060249078663189,0.0025630443877748634,-0.019113776928255014,0.01222580683086324,-0.004574247289344355,-0.055326406442023704,-0.0059514592710148695,-0.018325520254868298,-0.017971102148290185,0.019314859309541826
2024-10-01,-0.008142835680399942,-0.00865328588055463,-0.021945439600664467,-0.013258465610070139,-0.022591810853876695,-0.0184528522158439,-0.018190167479643228,0.011569664027120174,-0.038738863243192125,0.0008461268354017395,0.011223586513552045,-0.017028956960520553,-0.021079104244344914,-0.023699863569471492,0.03216722633521692,-0.03764045449202338,0.0007324796923566386,-0.010312803650390789,0.0038936880106231683,0.03961999226238373,0.02162927438336486,-0.008907251611627701,-0.017560588824617765,-0.05324378784882363,0.025608375714890184,-0.013974298922392778,0.00909928969053449,0.031739592686810134,0.01245751071612594,-0.007090755600504972
2024-10-02,-0.01408458099536074,0.016389038291554654,0.04780829519188472,-0.010115954162144142,0.017162675143626585,0.00808271807367604,-0.008299537718905441,-0.009328888985841924,-0.005717619701196439,-0.0008626242039855916,0.020001734060950405,0.030898469832927034,-0.027265106395969404,-0.013749531545890691,0.020489782756292253,0.027130919943173612,-0.01848927936561931,0.0017345945107897012,-0.004569094886033406,0.016063106989661496,0.00819660329758521,-0.01571796400267493,-0.0016508014018454167,-0.0031626231056003035,-0.021110084332410406,0.03724209211449375,-0.007210742342102174,0.029066033607550463,0.012824824863341956,0.0368199997819028
2024-10-03,-0.021491363503990026,0.014573576424087352,0.029233502217121593,0.003178538904054328,0.017759659353289273,0.0023639695039081306,0.028024277153521147,0.002577733353289882,-0.017827871996076286,-0.016837945134957802,-0.027255300604166883,-0.01717775157822766,-0.008114999215543003,0.007929057910665421,-0.009894240539304862,-0.01692643237287075,-0.02781962130745574,0.029211687084677283,-0.031070280026467556,-0.02699722833985033,0.00749159039103338,0.011612988530891093,-0.017464618272697126,-0.005125832629596353,0.009245897897800224,0.01792623973990836,-0.025218132149412854,-0.006613756934817014,0.05120693714543728,-0.01531224196692616
2024-10-04,-0.005281487358932421,-0.024883164186711722,-0.016214160699007725,0.009845206925580002,-0.040524395475259746,0.028597616694177288,-0.01524844926991099,-0.01677644215688614,0.014921601593706969,-0.025606609722299535,-0.02399997507559254,0.002196949559932777,-0.026341504433790585,0.008816481229906315,0.005007130173694327,-0.012438714778066776,0.015972687979122085,0.022495687409984894,0.04947470175753097,-6.087923076336763e-05,-0.03240970783192384,-0.0016731867095257221,-0.03434445821414935,-0.001134805762307068,-0.04827337525361205,-0.04275159157786397,0.0017725953900614572,-0.022193630505082572,-0.025068244352675285,0.0003128583874428177
2024-10-07,-0.005306251347034944,0.00671797925219795,-0.03705030863691991,-0.010311594951779763,0.009157240943107839,-0.0076646177183545584,-0.004695535738714115,-0.0277105678393629,-0.00669571846556668,-0.017667692052872074,-0.00499642684481371,-0.013301716746020804,-0.0015965588960222198,-0.01574253910346203,-0.013125510271843221,-0.0005761371109830407,0.009926351869808643,0.04092455664718721,0.02574911640132128,-0.0503665383963114,0.010149276377316989,-0.016236648333797336,0.042274784969158354,0.008840937412145438,-0.011788456481159523,0.0321586083807823,-0.013229963059683143,0.002549394906801563,-0.0065412455859735165,0.009613081179015168
2024-10-08,0.04317044797088467,0.004912258217582251,-0.006920974475812851,-0.017987234856287147,-0.00890374576932515,0.005580834031816804,0.0008372303636451867,-0.02846024926666118,-0.004437342395301014,-0.011550387393064517,-0.030765724204282224,-0.0012657759868528534,-0.007366775571945531,-0.02444335417018585,-0.026600028489270296,-0.00029622700009135204,-0.0032533551976928923,0.012422635472799494,0.0015314051267331533,-0.026495416866381124,-0.023344988973726156,0.03951306487422267,0.017676333772153944,0.006891570196671946,0.0027104389126015056,0.003318190260051526,0.04090592902348873,0.012078134730661041,-0.03507352530398976,-0.030552266677690003
2024-10-09,-0.02723281792310723,-0.007388206774173272,0.05437403079387932,-0.029027456784566863,0.016062874056279295,0.0116129167611887,0.008911356547653236,0.008816344681837646,0.025861498415013916,-0.00235760505308372,-0.015932894576066753,-0.008601671169416944,0.01597796494399926,-0.046704521316565384,-0.004038738632307226,0.026127636406991898,-0.018915986347329248,0.026711996197297326,0.0031720985409310165,-0.024899070481509643,0.009290759014523793,-0.03131833248285421,0.011262437756719338,-0.004174245006150107,0.0032833598812150567,-0.005900073818639753,0.025057438410829573,-0.00273526994244055,0.0040008949550972995,-0.009562451158635538
2024-10-10,0.02629344546085651,-0.03831801269322216,-0.015512174139224835,0.001584262798459478,-0.005379092715066965,0.015459288621158869,0.04223370892035781,-0.05500131742311218,0.014830855770044948,0.004563857621163955,-0.00564681374406061,0.022970572303285263,-0.013890714600167354,-0.007816136206723,-0.016296513617049802,-0.0015997247852035754,0.014618391040914962,-0.009999287787129,0.021091357932229778,-0.03899706403865419,-0.016842667612047755,-0.004457818291884354,-0.002699431861873134,0.015320121400113637,0.015802585008451664,-0.004159662761880537,-0.009308349997274023,-0.014545551142978697,-0.0020024167961966797,0.013476197139083903
2024-10-11,-0.004044500301528182,0.039269807809428604,-0.019529227221341167,-0.006875571007271034,-0.02066023237799015,0.035927167012306756,0.010684110739018966,0.017658923737421575,5.8160718214117274e-05,0.011898477077630806,-0.005463335453834369,-0.009967419875578927,0.025018480841862582,0.015384272452968271,0.014725840370691738,-0.011135183170452107,-0.00035929358611636134,0.015488545794303877,-0.0008191743431723037,0.015087675306336363,-0.01068553465411554,0.03595527217821226,0.0013014322736708077,-0.023484144330102007,0.004902322783587922,-0.009924228832400708,-0.0024775877331095235,0.004721008746174008,0.04116978942745378,0.042850907613271434
2024-10-14,0.0094352166034649,0.02814796931013305,0.009485103101454336,0.012674668568491023,-0.00019444532097671554,0.006321874480605734,-0.009832299800358185,0.01208539572449152,-0.004895251318549438,0.035601290378713756,-0.017476089115607156,0.004159520689276209,0.01241890257390984,0.019032558008914204,0.017924276569538725,0.04730281827866275,-0.025320183083152387,-0.0451794082845421,0.015148179694879475,0.02549193186500643,0.004916018134043373,0.005996182208597654,-0.06206237427194495,0.004684827858043551,0.012092538254555592,0.003131191053157617,0.000341127505538404,-0.0010283541805982425,0.03455575541029483,0.0019148791308075334
2024-10-15,-0.022542554136006226,0.029051963315932294,0.01714397022636765,-0.01739859639232457,0.0007792501633499334,-0.021342486387210213,-0.0049315387938297815,0.01894549397147645,0.02173156285991974,-0.020735096726666076,-0.0010753091972678438,-0.014617840705622666,0.02454688151169534,0.024111124908498746,0.004576087043717348,0.026066835263436762,0.03209142337899388,0.027878902575353054,0.010488047612583536,-0.011206264183919332,-0.010726711614927406,-0.00028657071810499576,-0.024721442953575683,-0.008128417394853229,0.005978304782738474,0.0007615732637989896,-0.016205572068248162,0.003825745019397219,0.009289186766482434,-0.022763392348412268
2024-10-16,-0.004733472774190657,-0.0053236959416471255,-0.016565106289997297,-0.01420129613468819,-0.0006268182387053713,-0.029927985926786728,-0.0351960126189598,-0.007483953148792906,0.001355505638474836,0.014064203894106737,0.023469353861510955,0.006808990837402555,-0.00986404326760223,0.015709428396186605,-0.008860760652337188,-0.011064650208722555,0.013925728827392266,0.00545677858443363,-0.024221026324123634,-0.025245691243644813,0.0032087918629396636,-0.012895764422893734,-0.027021478114799213,0.019367479241671103,-0.020382020949142533,-0.009256511791002925,0.0030501191564462856,0.004691012890037516,-0.03886582228408009,-0.041075424537250424
2024-10-17,-0.007574426233256741,-0.03117746961609906,-0.016120717040908922,0.026094798340001977,-0.003107366451395296,-0.007829121706895379,-0.022935611939368827,-0.006741447936178026,0.0008736448732379455,0.02126613439308382,-0.01022288513511944,-0.03695130935778158,-0.041928845179868036,0.0227987409668024,-0.015504743187085163,-0.017665485278955957,0.014033850264196306,0.0008175665050162387,0.019604717284193482,0.03200925045107535,-0.0006772027022179396,-0.02228128487283058,-0.028322028587439776,0.024645893309595903,-0.015858286903044624,0.00011316706278488868,-0.0027044672384219028,-0.014746904451758708,-0.020107027815370812,0.020397950155582087
2024-10-18,0.02463722616251526,-0.024414360273233723,0.001844360865996545,-0.03740823371125513,-0.013843870523622003,-0.0026394262855608127,0.0041645121642496785,-0.008918893581989917,-0.038064588805189675,0.012125283621026066,0.011537695894942999,-0.027213833283576988,0.038215844831301034,0.01368511548391277,-0.02722563647720105,-0.010881856013900185,-0.029625483074375646,0.00852175940185917,-0.013222963659467048,-0.009906083738142054,0.030397526500108032,-0.01235952758621349,-0.0032872789323675367,0.02669540051913076,0.006433410450543982,0.015554300004961814,-0.0016094482200155653,0.04277356835143288,-0.011806945054531056,0.04073284713868991
2024-10-21,-0.0030677853551066515,0.009456264284842772,0.02254540533944088,-0.014085736598527797,-0.02806458732854799,0.010580054456296298,0.01580707619338919,-0.02289516431505707,-0.01530938628196202,-0.013220163001661603,0.006526868608764233,0.02637239241614502,-0.010240260909637216,0.004629494858174208,0.011832057182836031,0.011289425154416145,-0.045873726545811226,0.027851392780414666,-0.04532513626087546,-0.015611607905412122,0.017307414987870178,-0.036226334429768976,-0.001362286428009158,0.024898498632085767,0.006375377838495384,-0.05480225823116653,0.0172003323428682,-0.0185887552921761,-0.012138366368432746,0.007086283331698692
2024-10-22,0.025160626711081234,0.00390604541083456,0.02342214914607528,0.027036037794254307,0.04025473227575673,0.01177039348909983,0.013620756067607704,0.037946247115001726,0.02411541755216988,-0.03887785982355342,0.006367275279383091,-0.005891867135522125,-0.03498148238728398,0.009358034546515263,0.00968551695229372,-0.014656232721873304,0.026043041132198488,-0.0015751753604063704,-0.018806028724865028,0.026344815319333203,-0.021480624901133272,0.008434515746459688,-0.015636668632229365,0.0015498681972087442,-0.022437471374180142,-0.0251821474756925,0.008505541457776522,0.042017199121336425,-0.04138223552445507,-0.008507775741445784
2024-10-23,-0.0247403977412129,-0.006899336509621338,-0.01991605938145457,-0.025342399291299625,0.006854863598548435,0.0011003217110732654,0.040130102524913405,0.0014281552699629697,0.019127740275917394,-0.002283853383748454,0.01442547226956848,-0.03235378661968647,0.0036099410885019026,0.009368649904086545,-0.00825698384491283,-0.007664596399600867,0.021874826319466075,-0.003928898667373021,-0.004759033706342064,-0.01888424930063148,0.017888352343222533,-0.004663972544986172,-0.021801706319523835,-0.012262789469221791,0.003612737809823953,-0.019233728820444804,-0.007110962453589856,-0.014021824097361149,-0.0028566231869946133,-0.0006281594410223598
2024-10-24,-0.00887648124270091,0.051287947752710214,-0.027446759383621185,-0.02707435765597961,-0.015268097309270569,-0.002300728460949948,-0.01606895224654946,0.006297529741126699,-0.020894040832063858,-0.03559542744728497,-0.009978002827238161,0.03776646861301921,0.005123021794147201,-0.01420092407748995,-0.024006741711127176,0.0035661419367473616,-0.007834219649031509,-0.0008527593199966167,-0.008291592172258149,-0.034730142407763,0.018683789953566742,0.011941490942083816,0.03347582326105958,0.009627536447709719,0.036319663444499294,0.03999185579236419,-0.025331592951308272,-0.026203126855918454,0.00929939121821804,0.007458866043263607
2024-10-25,-0.016572251777758784,0.027319186567288784,-0.0034374916504369053,-0.013299981122265768,0.0005550416904617283,-0.03301951841289886,-0.0003113832812875512,0.0036151244299056488,0.03279260537543226,0.01362764205822326,-0.01682547982051513,0.001784647880361444,-0.005821014594910103,-0.0027263123320689794,-0.005324947479859223,0.0063733146959120525,0.014153136467154905,0.013548829209102026,-0.011731310763283386,0.013613334180557941,0.024584545438755264,-0.01054438346371774,-0.030454295458887143,0.014890188561765943,-0.020658361216355732,-0.03270024632757567,0.0024418422518109376,0.017879532169419482,0.011867226318365403,-0.017273898234667597
2024-10-28,-0.011735794781989313,-0.02949751780613322,0.0027852407938259807,0.003112293092466082,-0.02299493763865954,-0.023049833571750767,-0.006928821576071447,0.038979922489067335,-0.0184978551734166,-0.012209477657301111,-0.004251856914215153,-0.00977545162495024,0.02718245518401807,0.012248159403354166,0.041668863507362715,-0.006105180470933086,0.001018665826289346,-0.006138193438528272,0.00743168186630274,-0.007343750076706351,-0.022849576728327825,-0.02737087459525295,0.008795621781819968,0.008087055460601547,0.02200294070876545,-0.002082916311698223,-0.03202283120806205,0.009255684616103252,0.0031924008477416384,-0.0048849552266670045
2024-10-29,0.015553407508649062,-0.013747357619268367,-0.0022611377518984405,0.03194005974818832,0.003805931886349615,0.008862949589696878,0.011311545855162072,-0.0007864231672561994,-0.01657640310091068,-0.008218689354401721,0.042221683528324255,-0.03189076158885504,-0.0048235767392145815,0.0007885184716089992,0.001881380556524923,-0.015160542718415243,0.02090645090115347,0.030293950724066137,-0.02543515798734078,0.00461080375415485,-0.018269448954221782,0.025885132343647907,-0.011697585122466549,0.004525351842716014,-0.010588505599409263,-0.016128634466306982,-0.011398996448283146,-0.020618499269968345,-0.01918254884391534,0.005372151592169214
2024-10-30,0.03894126923924837,-0.02850685010264405,-0.024474702915144413,0.006366280578853973,0.004982670708234913,0.00030767635325937726,0.023550260217991236,-0.007066787954123177,0.001270049700907371,0.022436392106277615,0.012883894123255113,0.010547970558073,0.00038575875057206776,0.007537035517491896,-0.011606857649882162,0.021623091068508588,-0.012227209743823544,-0.019554986558567355,0.029854511678646715,0.020136129377730374,0.012974881595917268,0.009799748718115734,-0.056418769807009016,-0.004986625600403271,-0.02708677192566046,-0.02401313687625451,-0.0016909285512062147,0.03898199413744416,0.01085471258328728,-0.01456053323842526
2024-10-31,0.015906693705346166,-0.0138397924865074,0.01153535385315288,-0.023261360409257338,-0.007334930082771044,-0.038245377676396276,-0.008794192895928551,0.0032384993046858505,-0.01432358609261744,0.013725261247562098,0.00014340172009193774,0.007091773778842106,-0.004632229521748163,0.0013826458056878893,0.024798560965355276,-0.023900250104665552,-0.013191401902404854,-0.0395177517213448,-0.0077051017210953785,-0.014960278119680832,-0.013949499797430081,0.006691799293909249,-0.00021320496365365436,-0.0059318420033872095,0.005939009388280831,0.011414431347043995,-0.016648264719258878,-0.0019522800648834825,0.02934646720526848,0.004244639060237084
2024-11-01,-0.00793226735117273,0.024863865089470024,-0.04224477706033872,-0.004853890896124567,-0.029300045066479496,0.029606513261392988,-0.010839395327868963,-0.013456564961094255,0.00519932411384494,-0.006287722693893143,-0.006137881891411701,-0.029896972731329595,-0.0050578777022215774,-0.02090516024202851,-0.00853406366174463,0.02242841887299823,-0.012787384302677831,0.013793135418385182,0.024411751140614824,0.015969937318082862,-0.015970614385349587,-0.021499319694024573,0.035715996462606446,0.0054568641830957075,0.010436556016686693,-0.011238971037626328,-0.007630898764645398,-0.02669990532707651,-0.03150993122237283,-0.026616873411475873
2024-11-04,-0.016666323204898748,0.022486215612266408,-0.021160386379014875,-0.001554821835450176,-0.015722125365345063,0.026006949148844268,-0.004631312173595358,-0.029623434328121503,0.03336304255866799,0.031428157700765194,0.012194317373091863,-0.01436773615786375,-0.002044659209480104,-0.0211342515832971,0.0005799705283723877,-0.019409343064531914,0.029908627500693927,-6.40705585051962e-05,-0.015309585249669412,-0.009791716393726467,0.0005826262442218285,0.019962325305661426,-0.020351005363988334,-0.02551459038914996,-0.005095543256406168,0.04702580901203138,-0.030809894465807845,0.005375837755365998,-0.007041152511055864,0.018374132249751252
2024-11-05,-0.0009256484027795036,-0.016788785665292516,-0.010589072373227202,0.051120957639694785,-0.03888343161831374,0.035336146267249145,-0.0092009697720059,-0.03338753089996761,-0.021556450299916232,0.006875422054938926,0.008061560746027785,-0.023512095444873825,0.008750252320426368,0.000687105891190199,-0.02289436871404786,0.01587293288759197,0.0077055623558969,-0.0053109674769371415,0.00023550827785189172,0.020720613651470036,-0.021939966837956237,0.03852645085408041,0.036058470923853884,0.020816117684170958,-0.02459816154925533,0.02587132670661199,-0.0054946701315716304,-0.02365576678661029,0.01705825504773069,0.01630751643890784
2024-11-06,0.01881198193828196,-0.03728822267793921,0.012977765420513229,-0.015287148319380193,-0.014807865696929916,0.0165402750412249,-0.015835975121543746,-0.02695650427075587,0.03910376162494515,0.016743727242534576,0.019455925010699395,0.020029481916458588,-0.006426453026644472,-0.017811788767660285,0.010871746681861605,-0.018391039019055595,0.02180579170035226,-0.012894438547946608,-0.03404727582296913,-0.022775460019512882,0.027894606865305007,0.021275840524689053,-0.006474611289359986,0.011064459169765452,0.006475257005613278,0.024516568239832618,-0.01747503293074356,0.0008175782885030125,0.012783236360900896,0.018986965186510267
2024-11-07,-0.04650778952787953,-0.010202518631468125,-0.04749173493992008,0.013407580425892839,0.0034564760635092716,0.007351338577081613,0.008129932944975644,-0.003025245018528612,-0.03405726821705494,0.0013376859384519554,0.016893478379148636,-5.181027256461054e-05,0.029625056875376223,0.003851325878071676,-0.0004012034351223344,-0.03468587487414348,0.0047111957592573545,-0.009680410000716653,-0.027069571852876638,0.03973086915572116,0.04001178503891525,-0.0023960479816843338,-0.027042462760992307,0.024909683819603182,-0.0067851980560560046,0.01660178679747657,0.0014514594777269231,0.011710010419814136,-0.007775201341724958,-0.030104549584084716
2024-11-08,0.044496699407117826,-0.014935723190790286,-0.017305514158108725,0.006704534521179227,-0.03226690194371476,0.0341823224545515,-0.000982411015990948,0.018514792551243504,-0.03524109493761516,-0.0006668658093694499,0.007241799585489244,-0.01995478970713203,0.023105693089126068,-0.02578398833145423,0.03085421261542682,0.02588440161744254,-0.0012701448025555391,-0.0007661680110900002,0.0221776898863224,-0.00265578513974018,-0.035914718174882135,-0.03564541881117317,0.020515027284315472,-0.008291655266476468,-0.003247356648057335,-0.007388476263644434,0.003840830082237936,-0.01565168596287213,0.0020343413381470033,0.01807647902254632
2024-11-11,-0.02909203074664801,-0.02723670206830323,0.0106288397701179,-0.025889799617280187,0.009163959681717819,0.0027048404276653146,-0.022124027304058175,-0.015832270219659526,0.0021787869849075325,0.0027477098693447412,-0.016303759683025464,-0.0032274723606737984,-0.0070457501838011504,0.006906527274268401,0.027836543362733526,0.0021661146338335,-0.010840860469297265,-0.018084476173258965,0.031227680207065137,-0.044109504523797693,-0.013169135334983748,0.041875241458273,-0.01932720504632908,0.006517297786732025,-0.009008619800956814,0.023945270540105996,-0.00978458866150335,-0.02529472020989448,-0.005148546571792645,0.0034086748249349767
2024-11-12,0.006220659791050724,-0.04897403032206593,0.007463722629920595,-0.02324584174532561,0.0111957329750464,-0.027810738081138466,-0.03289632938526568,-0.017576104688553494,0.007555842999304483,-0.02458720638341871,0.0024493821901049864,-0.014061764797492314,0.0005654703307553983,-0.011102651722470923,-0.034576048915958175,-0.014885702374942014,-0.01270690025537362,0.010557725587312635,0.00822697680622332,-0.04239654347371403,-0.025968452290045286,-0.019809692003559455,-0.014404020317228329,-0.02844102853480923,-0.04655335443025375,0.0036475918876171785,0.023299862923810862,0.007187883326748382,-0.015035162899113837,-0.018213416931444924
2024-11-13,0.007080232411729517,-0.00013965784239245262,0.034124029214251186,0.00943309848404488,-0.026948737585070656,-0.014116402958255921,0.009242959888690415,0.05502968457203677,-0.006735644154521662,-0.0264422295802973,0.0032756341457162446,-0.002719747039594345,-0.011268263438836724,0.016169741421647593,-0.010919685912332772,0.020356612501172627,-0.019999415699887835,0.0017802921525438093,0.0023141042994887255,0.005141946631922458,-0.017582543171497256,-0.011536901356306532,-0.040087911141767386,-0.008289210044479637,-0.0161673868714117,-0.012562441288329835,-0.024547774666315608,-0.035104727224786796,0.00847171308300352,0.006971044396162967
2024-11-14,-8.675941923752295e-05,0.01738798589111113,-0.012081249199571941,-0.0547135122646244,0.0071115587816884184,-0.005998618056982103,0.00536795738107453,0.0009501921151933961,0.0281634246039623,-0.005488487833890741,-0.011407192566576992,-0.050630640658590215,0.030666592806191963,0.011810758718370484,0.017651793835222775,-0.027322482718287085,0.0009280493211798948,-0.04534402097154257,-0.0017292393945865757,-0.004856417796231532,0.007494416257828412,0.03388262910668955,-0.023496026572536924,-0.030370422050981685,0.01851608685946183,0.009135049522890158,0.01916506259625069,-0.02586151868575654,0.030508168991665627,0.002355279767654758
2024-11-15,0.01950881922946026,-0.01108111414067128,0.007970352273446401,0.004621970567540509,0.004779036092739411,0.008578543675661816,0.004163427985779572,0.0033861152596583754,-0.03467071650950125,0.013467146207033417,0.0038288702884911505,-0.0027666118224023155,-0.0022066731974287684,0.041099062432731016,0.00590441543656456,0.023749696161125645,-0.0049326684400358735,-0.012592213294769446,-0.018342180950110597,-0.017759120480303345,0.03265443523023972,-0.027611523923272357,-0.012712112293207909,-0.007251420705328712,0.01496172116443857,0.011766525547792582,-0.0003950673909463083,0.019761579551660084,-0.025902509882598516,0.0033498677041466124
2024-11-18,0.003039913138092733,-0.01876579952666671,-0.022926068067361943,-0.003910142003441714,-0.0022780548660141157,-0.00446083768769263,-0.0028273244605638665,-0.01927486799828736,-0.013304601217081049,0.008854617930213748,0.030241040529906442,-0.004306795288964651,0.007939915375071296,-0.034130910709150995,-0.008865186030035091,0.014808616034252549,0.0021248901967071817,0.007775079602273403,-0.01698619753779396,0.021120617553056095,0.023695143893256918,0.019288913743759496,-0.02411032380173356,0.008804486990895904,0.020392962383270093,-0.021863656065123492,-0.012686633204827972,0.023037888325669685,-0.006799288296190961,0.006318104147582651
2024-11-19,0.018806121358860513,-0.030413838774625477,-0.007329621062864922,-0.015860415949092908,0.0007857076256337482,0.035346584970109896,0.004516651871778788,0.04690965431885257,-0.02358373590337146,-0.03860196572816904,0.009014212744057724,-0.018220604803780478,-0.007075803360557764,-0.0053138719369519504,0.0075638450532392225,0.01713573258025022,0.002126264287983112,-0.025634732589987535,0.004900351063289124,0.006070774736247138,0.0033215912988330213,-0.0193974239593729,0.0022002435925896815,0.011851176113693056,0.019493834109601618,0.007648000967785285,0.010786104609355538,0.017189513428557734,0.0024406569148862386,0.036764353089294155
2024-11-20,-0.009849279844526914,-0.02043509809352923,0.010313830706411543,0.012077917593837086,0.017089829221315855,0.009185564899153257,0.025256586725954145,-0.006497789898996575,0.029107217776810627,-0.016396516103687978,-0.003253664861554798,0.0009527501330038016,0.024655409403807043,-0.06038328048006436,-0.03210543418434091,-0.00636536986826735,0.004988622736532561,0.008282045457320827,0.005954290260588295,-0.02422162598785584,0.010255665396340622,-0.0009120447575240078,-0.019741794608038876,0.010918257604140665,-0.0008201359827543545,-0.0023115768282001774,0.006489204272039051,0.018145248168986387,-0.028872444303416938,-0.004296236296796266
2024-11-21,0.0032696025467507427,-0.036557759819780274,0.013907079581154957,-0.0057446435920189155,0.01612993481144565,0.025620604665848066,0.00627070687085609,-0.030949676131101934,0.02409281159453813,-0.015569060101973826,0.02049402590506984,0.0026045876454230715,0.0374771958590275,-0.01948810076539581,0.023965615799182306,0.00017838923954932874,0.004105456552141307,0.010479190872417901,-0.010246360767969833,0.027333119047559185,0.004325393346122825,-0.00747502756322594,-0.008835148564204583,-0.01775752319349077,0.008372732892231028,-0.01215168241167609,0.01806368233158257,0.024829464518899957,0.018991868861406396,-0.003481666548900208
2024-11-22,0.0005152018110919377,-0.0007598064831568197,-0.02081689843085076,0.03539203389367539,-0.008755239359616357,0.02219777543180903,-0.0023150124147571205,-0.003843151657940358,-0.0006408128845665543,-0.0006114944614257131,-0.0055633829106130775,0.012824273251391611,-0.033785014169338434,0.04285903552330706,0.02833687998379842,0.03520784697268973,-0.007572630505776898,0.016358928895662525,-0.0008867700968071099,-0.0035143693602730217,-0.01481614053868936,0.022236007891795376,-0.007647100946038496,-0.010702581614565746,-0.011299538358629251,-0.003796308944180044,-0.0057403930184109385,0.0013961350946680136,0.03275404404273542,0.022008247130652657
2024-11-25,0.03059578651346724,0.022689817340146315,0.00036180264746591567,0.007963573833561437,0.010973305630530278,0.015723694874336655,-0.0008022583776531745,0.014436763776250605,-0.021512885327742995,-0.0012679622123825808,-0.03967116731035108,0.028826823701305626,-0.005409097209295665,0.0008453744500144013,-0.008742284684791076,-0.001307490316518403,-0.007178050123346814,0.011332789984682725,0.0030558624478414917,0.008718791331685571,-0.012749671335939601,0.031981963473626356,0.012562251095043482,-0.020067835102082182,-0.013762616076591745,-0.018548594369707086,0.0013609515126490911,-0.006033041445472218,0.023579501536282493,0.008310593708815367
2024-11-26,-0.01434459585304472,0.0036415600327656342,0.003019879321925474,0.018476471304095413,-0.011596876506256636,-0.009253874494349012,0.018574310113762375,0.0008432373139466817,0.007517431602759376,0.007066883138665943,0.014023804632150359,-0.00656776250480436,0.03793018111172874,0.012262483301040471,0.012673810414397121,-0.0015920782509556716,0.008265531509146941,-0.029818011475551364,-0.0019533136316810394,-0.018064442755545286,0.020930371747327977,0.002716090996889437,0.028054845293513066,-0.006501201697041606,0.01874724210328754,0.007827421935201877,0.022839064479298458,-0.013493250294891837,0.04661515587794602,-0.018111653918713406
2024-11-27,-0.04313164407547711,0.017295731201665845,-0.008534358973158445,0.0343473632443603,0.02352456535747585,-0.02315296050635703,-0.007137323214037492,0.004969013499859513,0.003816508736294679,0.007154809145999385,-0.011780130131875547,-0.003107847108841044,0.01597652549612079,-0.020118346199905456,-0.016150480729901176,0.03273054094151387,-0.00936794813747248,0.014979168164603348,-0.017746606436281273,-0.012397498418085804,-0.020679388193349062,0.005425387194888551,-0.0076760240801273735,-0.014941527296054267,0.00873379252767556,-0.016167793458623403,-7.05639418417328e-05,0.0015835517648142808,-0.01749712751038759,-0.014990921285177074
2024-11-28,0.0017638229007496636,-0.0034248570379729563,-0.00895478272301486,-0.017703626353455654,-0.029799251829603725,0.023971569409427296,0.00552836635654612,0.004690111443989841,-0.015989958157052647,-0.014419051331709563,-0.010621859840462891,-0.0009413865342772943,-0.03047176257829002,0.005047423470492437,-0.003468086585881067,-0.01648026137860229,-0.008762301766811632,0.000746708123024023,-0.006741409878287417,0.0004840211430755196,0.0027872381666642636,-0.011217147919085612,-0.011468142113258676,0.013632074454754617,-0.004473335420509054,0.035614225099728725,0.0011814023169972308,-0.007261769880749872,-0.031074818791157928,0.0005758233963445256
2024-11-29,-0.042654518954617186,-0.004612061649384919,0.01662762804808521,-0.011637696627321219,0.005596177772394565,0.02093512367870029,5.5944683344018135e-05,-0.00016834293119866053,0.012454147261681637,-0.0024514767492952658,0.009941054931092952,0.006653252538574585,0.05679224861040872,-0.035911722531627104,0.012280825540452327,-0.018260719543732404,0.014920636191408133,0.014934378740779249,-0.002797075876493539,-0.020699326413999814,-0.023874839018943203,0.01766108450840459,-0.0024319326286652166,-0.013157745358222962,0.014330134351205311,-0.009670491497588543,-0.004893632982096905,-0.02368745504727621,0.013318156485324714,-0.028106421446116303
2024-12-02,-0.016307567763502333,0.009080115661435455,0.009114961806969801,0.0041707389311920525,-0.026875905133116544,-0.005619477058226392,0.03001251885677908,-0.00760886005207834,0.006827653714833466,0.03342151971989374,0.026519487358266265,0.0019128137892888155,0.01063134889475088,-0.007022534086555766,-0.022390908078359313,-0.0015274466545377576,-0.014499086379383602,0.014127111163806143,-0.011209449193741982,-0.014298071323581504,0.007390673178181079,-0.0021411061330494333,0.013363899615895921,-0.009797578999637452,0.014006981656627344,0.005413053969824231,-0.024347249421913714,-0.008324758533667638,0.0333597472476397,-0.037353020545845154
2024-12-03,-0.0005098656042330672,-0.016314498629075212,0.0017638867468219024,0.023495292840414947,0.0219176988750971,-0.011848371619505884,-0.007037397375167786,-0.012325942994026468,0.006136173657447831,0.004970046047024706,0.017024813566882048,0.011158640291743089,0.01889376160473638,0.018835128092692045,0.004169015482598772,-0.00652231909650432,-0.03336828166647629,0.0385746890155694,0.017964054417380013,0.01261435875122006,-0.008483551781791112,-0.0016311618625157068,0.0024979437827705544,-0.04089574682007947,-0.008196018448980035,-0.003462028671429354,0.022830693297883616,-0.03503555094714871,0.0047045499350797,-0.03005047634745599
2024-12-04,-0.0030873966954505297,-0.012346720934931782,-0.005870951569185154,0.0016817226518173304,-0.0006605433984047393,0.014687438355893517,-0.02281737645963899,0.02205094047205868,0.018703309768674615,0.0035834850570161396,-0.01720158221299552,0.0013000937628599163,0.001706299261132643,0.00898612038886402,0.01756036747756828,-0.0014052173912678973,0.00826985067033713,0.023818918433915835,0.010945608877675228,0.02168029546902956,-0.023363026696358907,0.02027288526064268,-0.00632547405216346,0.00732411534145509,-0.00861531325829598,-0.00640276165993474,-0.011735506413313676,-0.03561318008561596,-0.006313257447480645,-0.02808931981945551
2024-12-05,-0.018270277728490786,0.013709303865594612,-0.01908025266693799,-0.016504282517233845,0.030549580620677207,0.005037650027300412,-0.04262681745111301,-0.012368135248894897,-0.02140977645503538,-0.005092227513041922,-0.04617403216757426,0.0071893001167263396,0.019436761434748605,0.014458697860460787,0.00809108499139527,0.029228647415954705,0.016068903094599126,-0.008369497467368625,0.018277055166824874,-0.016099434325679427,-0.012248135494012633,0.00471443392586338,0.005339572128415548,-0.0034723200995327177,-0.028531826430053416,-0.028202828323736127,0.03135280632251019,0.006660887645811989,0.021999937972787705,-0.011656946483134948
2024-12-06,-0.02475078384982761,0.03731977662301807,0.014837832926888365,-0.014440736390145452,-0.005346441297496665,0.02145801588478438,0.0169269869615139,0.0006593971048420974,0.004824510003094852,-0.0422399776512445,0.0059086901391734985,0.0011084346748285148,-0.04462450425661972,-0.00010528212212089597,0.0010612453323896208,0.0012317496594281487,-0.004654484500430156,-0.02115874682670479,-0.0009112386021460969,-0.0055032275296346325,0.010277779652535545,0.009712084490288962,0.02386625676215464,0.00822635212041987,0.013678663183031004,-0.004838222450189112,0.0274383559314784,-0.0027608891580516936,0.013605312104953929,0.01424720582443375
2024-12-09,0.005486899563176252,-0.02461235416826476,-0.017063665663860854,-0.01724527348615367,0.045136578534397294,-0.017887022506490914,0.01943658987457317,-0.004789310202346384,0.020051761507012274,-0.0016847742010916598,-0.017926979986765623,0.009982369987092211,-0.010777249865048084,0.0023439974987567542,-0.005632462727722566,0.013965484157527379,0.002202103224869417,0.021570206476933407,0.024453626318047924,-0.02863694652380282,-0.025197636801440982,-0.023429520174191275,0.014699910886050684,0.030884965164341416,0.010941536755789523,-0.02205892123648544,-0.00019933186501953616,0.016269651115918028,-0.027412670540363646,-0.023025814064251443
2024-12-10,-0.016472611645824548,0.046948283372200916,0.00223239274300824,-0.023012136451664365,-0.0007437311153287492,-0.008901030441544245,0.012516968142201641,0.04075284653078501,-0.03941743293464136,-0.001441301711032426,-0.020887246306595376,-0.009690841713504669,-0.023906479237611303,-0.01936068423271941,0.03193475393445928,-0.019845377784633467,-0.002721023392096583,0.00023153442577240896,0.0016316207838883588,0.006525462868183234,-2.3644044511069112e-05,0.004825672032450171,0.005527800851645961,0.012969921674766747,-0.024379777150984876,-0.02377135189960335,-0.007986342245815762,0.005085314641164809,-0.0006755057228986026,-0.004113877920796865
2024-12-11,-0.004918582578496191,0.023306733511010213,-0.0024573109023459214,-0.0026639836587524766,-0.016393414632489806,0.012134159957478243,-0.0039107270132849896,0.007643935582414949,0.0038227797822679497,0.018670277041356445,0.013597758879414968,-0.012638588195931447,0.019195208280336357,-0.002416589132736445,0.018701881382564626,0.002702359732322059,0.006925400354053954,0.023781397102849346,-0.011046001019632436,-0.012992505054676615,-0.043189345099530776,-0.03645407226632911,-0.039534570751283506,-0.00760586377992996,-0.01676433186155056,-0.02720673119473847,-0.015617638929367484,0.006324661783373496,-0.026350452784676685,-0.018240814331248228
2024-12-12,0.015591481939860827,0.0007949918799585209,0.03407017627086652,-0.009382384782985621,0.04866212077902134,0.008743134346087316,0.0026089957742530894,-0.0020812080997434372,-0.023112720189233875,-0.02364759884874827,0.001643248165188949,0.05089878937797628,-0.009285003721971457,0.028149202550600827,-0.021814802655733063,-0.031350237492525454,0.026806593896559375,-0.0035410897557261053,-0.008130217863480475,-0.0075994796965574395,0.009070741559817398,-0.02475250096621237,-0.007899405614297259,-0.007611746380757595,-0.007452107947831478,-0.02170568698028139,-0.025790047949549866,-0.006032456032657896,0.0024918818138230875,0.02294557571896977
2024-12-13,0.0046585058814295035,-0.02457539954442724,-0.006806836085273419,0.013122838639948018,-0.03138650331917774,-0.009756876384037615,0.019040171154760994,0.006893451485713121,0.008930751362938187,-0.010116270485360204,0.021292351218307616,0.009288300092995298,-0.0001842401859625526,-0.01263960026315978,-0.01660007765293113,0.012720385111852943,-0.021585785044931163,-0.011828973511686047,-0.005319809085319159,-0.02730958244732129,0.01846175067571723,-0.003480883008443303,-0.0021651855235872183,0.008089534048553585,0.029274703567269765,-0.014900341491893752,0.015173048228344381,0.03184151291967431,-0.007438305559432062,-0.02021553263978237
2024-12-16,-0.015820576570238158,0.007080344335417079,0.001026030545991815,-0.012764182169659596,0.0021815802420716473,0.004947692560151261,0.022817190528835157,-0.016878538244100766,0.020000472669540147,0.0021596592400409446,0.004483062722512587,0.00872086436453252,0.015353776464149744,0.01153847648609287,-0.012258575604714647,0.0003116042331223873,0.01917250579473198,0.004065254952899994,0.03699896148246067,-0.014252275727042,0.03689925314424095,0.003976503583030407,-0.030431919849912604,0.010650326172315833,0.0035696511177210357,-0.005970080143616313,0.0012712154034125122,0.027298204199118103,-0.04151977872570265,-0.009817997912266466
2024-12-17,0.004718138270652746,-0.032430282105222696,0.01763431022836326,0.003742634811200222,-0.003936995875848222,-0.01640162715757702,-0.027223446726381266,0.011279645999992354,-0.0011774618207889159,-0.018628746357199546,-0.02505829692018131,-0.040171403720907994,-0.009465740660665573,-0.00873908444324794,0.03278366961386336,-0.01985994937841073,-0.0010330404153393443,0.016728237569625493,-0.010417822324993244,0.008110393183766832,-0.0092061806646344,-0.016007289230651815,-0.026934997604400435,-0.0045261465523135066,-0.0035139022377075066,-0.02732842569080597,-0.0012982469651473443,0.006951751291788921,-0.011042407285382432,0.008802455971292885
2024-12-18,-0.014590994351090172,0.007733111177603153,0.01578155248620986,0.04308926761754061,-0.028699805676027715,0.013141479564835457,-0.0024322348007251773,-0.044367761767946524,0.01416352352376861,0.03668655311983538,0.02919330192341229,0.01913549438058736,0.02542732320296464,0.021427494016824446,-0.011541213430801806,0.00022115064026180433,0.013759550118572479,0.014001051878611007,0.003244512545879981,-0.018804812052012974,0.03693828514129574,0.013936825340941155,-0.0025317752921952996,0.0030999862720280393,0.028956908090223745,0.0394900871151316,-0.04916516046727493,-0.0149427027098457,0.017612267763454547,0.04055885149402216
2024-12-19,0.008232344364539864,0.007332701733958295,0.0064768958872256175,0.03219108555789747,0.011245219613885377,-0.02025277154675113,-0.010828124969405986,0.028261196454567847,-0.008365278504145321,-0.036411657399590056,-0.029821188712380233,-0.002710856446134981,0.015921223814899365,-0.01140999371285127,0.04047347315850692,-0.0011099136798317416,0.003623380642307749,-0.003261282649469174,0.004961678374460353,-0.0056171692556769934,-0.018565889998524217,0.03109032338789732,-0.009787463713182001,0.0006912654044239446,0.011756779142765449,-0.04452312420086117,0.015469449118657951,0.014325805162218526,-0.0098292891726179,-0.004826773386179181
2024-12-20,-0.01609152582046423,-0.010024085818101014,0.02643927090402861,-0.00648367538332548,-0.015930185306596855,0.0014213819547264125,0.005071514840075611,-0.02341147039628776,0.0012023585005875757,-0.03919521923832195,0.029310176686984567,-0.015685208514132985,0.014911411362062213,0.01894130558178377,-0.010170597467677189,-0.028473710471240338,0.0050600262908073925,0.009946610114923144,0.0016454753964778067,0.0249951841682188,-0.020340846279843446,-0.011452479078027872,0.015138091601873542,0.01647000258487851,-0.003967693016431324,0.005604948126733786,-0.0027545999963770893,0.02088773385186528,0.003194681001238221,0.005245896491131881
2024-12-23,0.011170896651533972,-0.014338926861011365,-0.001380331415507327,-0.013130200018946115,0.023504834417134024,-0.019684164929506892,-0.02224384056641404,0.009931065150789432,0.02237831925222231,0.015098568735013767,0.002011014604450447,0.03180686943639901,-0.0024262714641439067,-0.04450468485929444,-0.020502392345109633,0.035573509346978095,0.018440220749760216,-0.014517702463555032,0.006839684306298998,0.019160201473490502,0.023617956921318826,0.005241191577853584,0.005527343572994077,0.012537888985811419,-0.0039007849310733235,0.025201354652462517,0.017189269400720554,-0.03043556299225206,0.014031316305928418,0.004787848801051133
2024-12-24,0.001602132489608984,-0.0039644034329622616,-0.002469442773401281,0.00985700682207627,0.0017604176748204422,-0.0007263278045781022,0.0003079118651182293,-0.032807947189643055,-0.010361288842275131,0.03298695702341627,-0.004578053767124767,-0.0025687471810818684,-0.0310781617608133,-0.040600508956914146,-0.019007836058151824,-0.002393477138574334,0.01979759858620463,-0.023057772365923476,0.020410927223044772,-0.026421180230512223,-0.0046883897467975,0.0018978814541282163,-0.0024701546982967768,0.016898432910726346,-0.024040597837700045,0.004678609717731347,-0.016096032416436503,-0.014682709404262674,-0.0018220060606315893,0.006292135182383212
2024-12-25,-0.007484362491783406,0.008392783957741713,-0.013736543867406305,-0.01009343549052694,0.0014993121014042854,-0.02640252412066767,0.002338785289513832,-0.004028400709470363,0.046917847619920294,0.0011338551984632302,-0.023669895074684557,0.02936666447007206,-0.013771688178855535,0.01732477829551699,0.02033908634739393,0.002120089874354413,0.024156109233800804,-0.011272644906841134,0.010753467006732251,0.03353070403807369,0.001827629901987931,-0.028036698830295765,0.0008865578060046951,-0.022176916463569684,0.016629268589801554,-0.03044850879503509,-0.009220566190820616,0.0034556952222987,0.024497195437651588,0.03000604684995204
2024-12-26,-0.006536857289634863,0.005256007246856814,0.008897632809101514,0.009028377878062415,0.009608943999863697,0.026950806455610814,-0.020975365115050968,0.020097140062406194,0.0005479484363591254,-0.02455713960376707,0.014701933566165913,0.014413621243210665,-0.015534492478978387,-0.04358102072661109,0.006966400578182449,-0.04306893589594542,0.0060208621323511085,0.012305115362714657,0.03758659591646462,0.004141252477028208,-0.0029304503191251376,-0.001775069170221773,-0.010648049740685032,-0.031229789419041865,0.0033290603596833634,0.007744433553604823,0.009943655430266828,0.01807887148695704,-0.005038132471669032,-0.00909077361409626
2024-12-27,-0.011109718764010984,-0.02414080711623714,-0.029412123223973758,-0.03938869408568054,-0.0022633452731173715,-0.025833051516820336,0.006943048183739422,-0.005545465321897933,-0.010596081693859534,0.02055038314263885,0.013061079311347413,0.04649842040910042,0.0031735100837930433,-0.009307948015053531,0.03515041820164843,-0.006044366029293812,-0.0248812070547221,-0.02436844112170203,-0.0014080104901319527,-0.021256993041346723,0.006802724945180719,-0.03956700772614482,0.013177439724244967,-0.028010050599162832,0.0018077136229921501,-0.009030170480057846,-0.015949461126916992,-0.012562221014701813,-0.004224582974436856,-0.013686189033931281
2024-12-30,-0.013711071240066871,0.01839513492114344,0.013969487351389193,0.011476093876870257,0.0004444305104003755,0.011419911695405887,0.004076719763465595,0.033257074788247735,0.009682153398068173,-0.013177665085498341,0.025244719795885648,0.013426240396831763,-0.022571828895815663,0.010320859737703839,0.02806695431522149,-0.008671538584583438,0.045098952582984415,0.001016402289477089,0.02185343835177333,-0.01769511719433231,-0.02349440218762099,-0.0037328038851476442,-0.007931342071663168,-0.007137663603878593,-0.018327811370314376,0.007142357439282218,-0.003115956601281503,-0.01688030405314704,0.008335082806133313,0.0038110522617350565
2024-12-31,0.004301477909008713,0.0076179401412579065,-0.021321972628240635,0.009152300107047144,-0.0020992769196980054,0.012541313579028261,0.021925847005414903,0.008463681576897319,-0.0034217873462678732,0.03456468673374695,-0.008721950403612719,-0.02357088524871251,-0.002960654976910063,-0.008768289477704354,0.007183082775441259,0.01880500973363927,0.0006255258539381611,-0.0035465566800220723,0.019872316447864972,-0.003927387273291993,0.027312327467793263,-0.012107983431157624,0.010949978593918223,0.04156858496001816,0.03520003331330713,0.0017748133580089216,-0.0030196688882490872,0.008870595843434134,0.06987825693907741,0.00875941598416854
